:0200000400C139
:20000000FAC116DA01020300030001030001000100000100000001000200000041000100E0
:20002000020200010A0A0A0A020404040A0A0A0A0A020404050588150403020098150403E5
:200040000100A015040301007F4F004F7F00F7FFFFFFFFFF000000000500110003001C001F
:2000600002002A00FAC150D3FAC19ED300000000000000000000000000000000FAC1ECD3D0
:20008000FAC1F8CFFAC1AACFFAC146D0FAC11CD7FAC1CCD6CB000000000000000000000003
:2000A000FAC188CD0000000000000000000000000000000000000000000000000000000030
:2000C000000000000000000000000000000000000000000000000000000000000000000020
:2000E000000000000000000000000000000000000000000000000000000000000000000000
:200100000000000000000000000000000000000000000000000000000000000000000000DF
:200120000000000003000A0054014A0103000A0054014A0103000A00B900B40003000A00DE
:20014000730078000000000000000000FAC18AB4FAC114B5FAC180B5000000000000000047
:200160000000000000000000FAC15AC3FAC1C6C30000000000000100020003000400010058
:20018000000008000400000006000700000008000000050000000000000000000000000039
:2001A00007000000000000000000000000000000000000000000000000000000FAC158D84D
:2001C0000140DECB00000240E0CB00000140E2CB00000240E4CB00000140E6CB0000014036
:2001E000E7CB00000140E8CB00000140E9CB00000140EACB000001406ECB000001406FCB79
:20020000000002401CCB000001401ECB0000024020CB0000024022CB0000014035CC0000ED
:200220000240B6CB00000140B8CB01000140B9CB01000440BACBFFFFFFFF5000800306CE04
:2002400000000000000000000000000000000000000000000000000000000000000000009E
:2002600000000000000000000000000000000000000000000000000000000000000000007E
:200280000000000000000000000000000000000004405ACC010000000000094022CC064076
:2002A00048CC044050CC2440C6CB138080033ECF1940ECCB31808003DCCE4B4024CBE789DA
:2002C000800300C00D4006CC3F8080039CCE2F4070CB0880800362CF024062CC5F80800358
:2002E000A6CD034056CC024066CC6340C0CA2F8080030ECF084036CC008080036BCF0C40A3
:2003000014CC078080036CCF074040CC0F80800352CF09402CCCF9808003ACCC2540A0CBAD
:20032000AD818003E8C94F80800306CE014069CC4580800356CE1581800396CB03405ACC70
:2003400003405ECC0000F003EF03EF03EE03ED03ED03EC03EB03EB03EA03E903E803E8030E
:20036000E703E603E503E403E303E203E103E003DF03DE03DD03DC03DB03DA03D903D80355
:20038000D703D503D403D303D103D003CF03CD03CC03CA03C803C703C503C403C203C0036D
:2003A000BE03BC03BB03B903B703B503B303B003AE03AC03AA03A803A503A303A0039E031E
:2003C0009B0399039603930391038E038B038803850382037F037C037903750372036F038D
:2003E0006B036803640361035D035903560352034E034A03460342033E033A0336033103D8
:200400002D032803240320031B03160312030D0308030403FF02FA02F502F002EB02E6020E
:20042000E102DC02D702D102CC02C702C202BC02B702B202AC02A702A2029C029702910204
:200440008C02860280027B02750270026A0264025F02590254024E02480243023D02370263
:2004600032022C02270221021B02160210020B0205020002FA01F401EF01E901E401DF01E2
:20048000D901D401CE01C901C401BE01B901B401AF01A901A4019F019A01950190018B0134
:2004A000860181017C01770173016E016901640160015B01570152014E0149014501400104
:2004C0003C01380134012F012B01270123011F011B011701130110010C0108010401010133
:2004E000FD00FA00F600F300EF00EC00EA00E900E400DF00DB00D800D500D200CF00CC00B6
:20050000C900C600C400C100BE00BB00B900B600B300B100AE00AC00A900A700A400A2008B
:20052000A0009D009B00990097009500920090008E008C008A0088008600840082008100C3
:200540007F007D007B007900780076007400730071006F006E006C006B006900680066007A
:2005600065006300620061005F005E005D005B005A005900570056005500540053005100CE
:2005800050004F004E004D004C004B004A00490048004700460045004400430042004100D3
:2005A00040003F003E003E003D003C003B003A003A0039003800370036003600350034009B
:2005C00034003300320032003100300030002F002E002E002D002D002C002B002B002A002E
:2005E0002A002900290028002800270027002600260025002500240024002300230022009B
:2006000022002200210021002000200020001F001F001E001E001E001D001D001D001C00E9
:200620001C001C001B001B001B001A001A001A001900190019001800180018001800170021
:20064000170017001700160016001600150015001500150014001400140014001400130048
:200660001300130013001200F103F103F003F003EF03EE03EE03ED03ED03EC03EB03EB03E2
:20068000EA03E903E803E803E703E603E503E403E303E203E103E003DF03DE03DD03DC03F5
:2006A000DB03DA03D903D703D603D503D303D203D103CF03CE03CC03CB03C903C703C603FA
:2006C000C403C203C003BF03BD03BB03B903B703B503B303B003AE03AC03AA03A703A50395
:2006E000A203A0039D039B0398039503920390038D038A038703840380037D037A037703F1
:20070000730370036C036903650362035E035A03560352034F034B03470342033E033A032F
:20072000360331032D032903240320031B03160312030D0308030303FE02F902F402EF0257
:20074000EA02E502E002DB02D502D002CB02C502C002BB02B502B002AA02A5029F029A0252
:2007600094028E02890283027D02770272026C02660261025B0255024F024A0244023E02C7
:20078000380232022D02270221021B02160210020A020502FF01F901F401EE01E901E3016A
:2007A000DD01D801D201CD01C701C201BD01B701B201AD01A801A2019D01980193018E01D9
:2007C000890184017F017A01750170016B01660162015D01590154014F014B0147014201BE
:2007E0003E013901350131012D012801240120011C011901150111010D01090105010201FB
:20080000FE00FA00F700F400F000EC00E900E600E300DF00DC00D900D600D300D000CD008D
:20082000CA00C700C400C200BF00BC00B900B600B400B100AF00AC00A900A700A500A20060
:20084000A0009E009C00990097009500930090008E008C008A00880086008400830081009C
:200860007F007D007B007900780076007400730071006F006E006C006B0069006700660058
:2008800065006300620060005F005E005C005B005A005900570056005500530052005100AF
:2008A00050004F004E004C004B004B004A00490048004700460044004300420042004100B5
:2008C00040003F003E003E003D003C003B003A003900380038003700370036003500350078
:2008E0003400330032003200310030002F002F002E002E002D002C002C002B002B002A000D
:200900002A0029002900280028002700270026002600250025002400240023002300220077
:2009200022002200210021002000200020001F001F001E001E001E001D001D001D001C00C6
:200940001C001C001B001B001B001A001A001A0019001900190019001800180018001700FD
:20096000170017001700160016001600160015001500150015001400140014001400140022
:2009800013001300130013001300E603E603E503E403E303E203E103E003DF03DE03DD0322
:2009A000DC03DB03DA03D903D803D703D603D403D303D203D103CF03CE03CC03CB03CA03D0
:2009C000C803C703C503C403C203C003BF03BD03BB03B903B803B603B403B203B003AE032B
:2009E000AC03AA03A803A603A303A1039F039D039A0398039503930390038E038B03880318
:200A00008603830380037D037B037803750372036F036C036903650362035F035C035803A8
:200A2000550351034E034A034703430340033C033803350331032D032903250321031D03EB
:200A40001903150311030D03090304030003FC02F702F302EF02EA02E602E102DC02D802DC
:200A6000D302CE02CA02C502C002BB02B702B202AD02A802A3029E029902940290028B0264
:200A8000860281027C02770272026D02680263025E02590254024F024A02450240023B022E
:200AA000360231022C02270222021D02180213020E02090204020002FB01F601F101EC010D
:200AC000E701E201DD01D801D301CF01CA01C501C001BC01B701B201AE01A901A501A001D6
:200AE0009C01970193018E018A01860181017D017901740170016C016801640160015C0133
:200B00005801540150014C014801450141013D013A01360132012F012B0128012401210109
:200B20001D011A011601130110010D010901060103010001FD00FA00F700F400F100EE005B
:200B4000EB00E800E500E300E000DD00DA00D800D500D300D000CE00CB00C900C600C40027
:200B6000C100BF00BD00BA00B800B600B400B100AF00AD00AB00A900A700A500A300A1006B
:200B80009F009D009B009900980096009400920090008F008D008B008A008800860085003D
:200BA0008300820080007E007D007B007A0078007700760074007300710070006F006D00B7
:200BC0006C006B006900680067006600640063006200610060005F005E005C005B005A00E8
:200BE00059005800570056005500540053005200510050004F004E004D004C004B004B00DC
:200C00004A004900480047004600460045004400430042004200410040003F003F003E0099
:200C20003D003D003C003B003B003A0039003900380037003700360036003500340034002D
:200C400033003300320032003100300030002F002F002E002E002E002D002D002C002C009F
:200C60002B002B002A002A00290029002900280028002700270027002600260025002500F4
:200C8000250024002400240023002300230022002200220021002100210020002000200031
:200CA0001F001F001F001E001E001E0010010000000000000000160004031101000000003D
:200CC000000000001200040322010000000000000000120004032E01000000000000000090
:200CE00012000403270100000000000000001200040331010000000000000000120004034F
:200D00003E01000000000000000016000403280100000000000000001600040385010000AB
:200D200000000000000016000403140100000000000000001600040319010000000000004A
:200D40000000160004030000AC0C04030B00460D04030100040004033330323030333338B3
:200D60003241412020202020302E312E3420202020202020202020202020202020202020CE
:200D800030302E30312E3031202020202020202020202020202020202020202020202020D5
:200DA0003330323030333338324141202020202030302E30312E30322020202020202020CD
:200DC00020202020202020205A4A30202020202020205750544320202020202013F000005E
:200DE0000A00040300000000000000000000000010000000580D040389F000000A000403DC
:200E000000000000000000000000000018000000680D0403F0F000000A000403000000004D
:200E20000000000000000000010000001C000403F1F000000A00040300000000000000009C
:200E4000000000000400000000000000F2F000000A0004030000000000000000000000009B
:200E6000010000001D000403F3F000000A0004030000000000000000000000000400040051
:200E80000000000060F100000A000403000000000000000000000000010000001E000403CA
:200EA00080F100000A00040300000000000000000000000020000000800D040384F1000087
:200EC0000A000403000000000000000000000000130008000000000087F100000A0004035D
:200EE00000000000000000000000000010000000A00D040389F100000A00040300000000A3
:200F0000000000000000000018000000B00D04038AF100000A000403000000000000000069
:200F2000000000000A000000C80D04038CF100000A0004030000000000000000000000003D
:200F400024001B000000000090F102000A000403000000000A0004030000000011003F005D
:200F60000000000097F100000A0004030000000000000000000000000A000000D20D0403E8
:200F80000302080004030000000000000000C000FFEFC0000000C100FF0FC2000000C4007A
:200FA000FF7FC4000000E000FF0FE00000F60000FFFD000000C80000FFDF0000637C777BB8
:200FC000F26B6FC53001672BFED7AB76CA82C97DFA5947F0ADD4A2AF9CA472C0B7FD9326FA
:200FE000363FF7CC34A5E5F171D8311504C723C31896059A071280E2EB27B27509832C1AF7
:201000001B6E5AA0523BD6B329E32F8453D100ED20FCB15B6ACBBE394A4C58CFD0EFAAFBF2
:20102000434D338545F9027F503C9FA851A3408F929D38F5BCB6DA2110FFF3D2CD0C13EC9E
:201040005F974417C4A77E3D645D197360814FDC222A908846EEB814DE5E0BDBE0323A0AE4
:201060004906245CC2D3AC629195E479E7C8376D8DD54EA96C56F4EA657AAE08BA78252E15
:201080001CA6B4C6E8DD741F4BBD8B8A703EB5664803F60E613557B986C11D9EE1F898115D
:2010A00069D98E949B1E87E9CE5528DF8CA1890DBFE6426841992D0FB054BB16C6F8EEF6DA
:2010C000FFD6DE916002CE56E7B54DEC8F1F89FAEFB28EFB41B35F452353E49B75E13D4CAA
:2010E0006C7EF5836851D1F9E2AB622A0895469D30370A2F0E241BDFCD4E7FEA121D583467
:2011000036DCB45BA476B77D52DD5E13A6B900C140E379B6D48D67729498B085BBC54FEDF7
:20112000869A66118AE904FEA078254BA25D80053F2170F16377AF4220E5FDBF811826C3C8
:20114000BE35882E9355FC7AC8BA32E6C0199EA344543B0B8CC76B28A7BC16ADDB64741423
:20116000920C48B89FBD43C43931D3F2D58B6EDA01B19C49D8ACF3CFCAF447106FF04A5CA0
:2011800038577397CBA1E83E96610D0FE07C71CC9006F71CC26AAE6917993A27D9EB2B226A
:2011A000D2A907332D3C15C987AA50A50359091A65D784D082295A1E7BA86D2CA584998DD0
:2011C0000DBDB1545003A97D1962E69A459D408715EBC90BEC67FDEABFF7965BC21CAE6A78
:2011E0005A41024F5CF434089373533F0C52655E28A10FB509369B3D2669CD9F1B9E742EC4
:201200002DB2EEFBF64D61CE7B3E7197F568002C601FC8EDBE46D94BDED4E84A6B2AE5167A
:20122000C5D75594CF100681F044BAE3F3FEC08AADBC4804DFC17563301A0E6D4C14352F01
:20124000E1A2CC3957F28247ACE72B95A098D17F667EAB83CA29D33C79E21D763B564E1E1A
:20126000DB0A6CE45D6EEFA6A8A4378B324359B78C64D2E0B4FA0725AF8EE918D5886F724E
:2012800024F1C751237C9C21DDDC86859042C4AAD8050112A35FF9D0915827B93813B3330C
:2012A000BB7089A7B622922049FF787A8FF88017DA31C6B8C3B07711CBFCD63A00C1814014
:2012C00001C0804101C0804100C1814001C0804100C1814000C1814001C0804101C08041FE
:2012E00000C1814000C1814001C0804100C1814001C0804101C0804100C1814001C08041DE
:2013000000C1814000C1814001C0804100C1814001C0804101C0804100C1814000C18140BD
:2013200001C0804101C0804100C1814001C0804100C1814000C1814001C0804101C080419D
:2013400000C1814000C1814001C0804100C1814001C0804101C0804100C1814000C181407D
:2013600001C0804101C0804100C1814001C0804100C1814000C1814001C0804100C181405D
:2013800001C0804101C0804100C1814001C0804100C1814000C1814001C0804101C080413D
:2013A00000C1814000C1814001C0804100C1814001C0804101C0804100C1814000C0C1011D
:2013C000C30302C2C60607C705C5C404CC0C0DCD0FCFCE0E0ACACB0BC90908C8D81819D9BD
:2013E0001BDBDA1A1EDEDF1FDD1D1CDC14D4D515D71716D6D21213D311D1D010F03031F19D
:2014000033F3F23236F6F737F53534F43CFCFD3DFF3F3EFEFA3A3BFB39F9F83828E8E929FC
:20142000EB2B2AEAEE2E2FEF2DEDEC2CE42425E527E7E62622E2E323E12120E0A06061A1DC
:2014400063A3A26266A6A767A56564A46CACAD6DAF6F6EAEAA6A6BAB69A9A86878B8B9793C
:20146000BB7B7ABABE7E7FBF7DBDBC7CB47475B577B7B67672B2B373B17170B0509091511C
:201480009353529296565797559594549C5C5D9D5F9F9E5E5A9A9B5B99595898884849897C
:2014A0004B8B8A4A4E8E8F4F8D4D4C8C4484854587474686824243834181804064D1950014
:2014C00064D295004BD395004BD4950019D4950011D595000041D0006AEF07006BEF07000B
:2014E0006BEF07006CEF07006CEF07006DEF07006CEF07000B0002000F000F000B000600C6
:2015000013000E0FE000140FE000140FE000140FE0000E0FE000120FE000100FE0000C00A9
:2015200001000200040010000800004020002000200020002000200020004E6F6E65426F2B
:201540006F74000000000000000030312E30302E30304D414E485549000000000000000069
:201560000000232310170000012323413123101720202048312E30305554455F374B57006E
:2015800000000000000000000080C000FFEFC0000000C100FF0FC2000000C400FF57C400EE
:2015A0000058C400FF7FC400F32D76D9EE593B103F5E139C71703A17F802699FDA9E6DA3C4
:2015C000C99B05B9EA7BD2F8400000000000000000000000000000000080FFFFFF8000007D
:2015E00000000502030405060708090A0B0C0D0E0F10111213146400C8005802E803640040
:20160000C800F4015802E803E004CB00BB70E6FB4E00E00AE6F8080BE6F98003CA0000DADE
:20162000D7408003F78E3C0BE118D7708003F7F83D0BF68E320BF68E180BF78E3E0BD760DD
:201640008003F68E400BF68E440BF68E460BF78EA3CBF68EA4CBF78EA6CBF78EA7CBE10CD0
:20166000E005C0C45C14C454A8CB09C149C28DF9E6F40080F6F4ACCBE7F88000F7F8AECB29
:20168000E6F40080F6F4B0CBE7F88000F7F8B2CBD7508003F78E500BF78E520BE6FA060E60
:2016A000E6FB8003E6F95000E008CA00428BCB00CB00E6F4E809E6F58003D7708003F6F4A5
:2016C000000BF6F5020BF68E040BF68E060BCB00E6F4700AE6F58003D7708003F6F4F80AAC
:2016E000F6F5FA0AF68EFC0AF68EFE0ACB00E006E10AD7508003E4A6E809E4A6700A86F6A4
:2017000087008DF6BBD6BBE4CB00E6F4F80AE6F58003CB00E6F4000BE6F58003CB00F04879
:20172000C088DC5AD4590200A849DC45C4840400D7408003F2F6320B3D0DBBECDC7AB84997
:20174000C4590200D4590200A849DC45C4B40400E004CB0048613D02E024CB00E014CB0088
:2017600048903D0BE014D7508003F6F4320BF78E540BF048C088CA00C819CB00F018E104BD
:20178000D7500403F2F5500DF2F44E0DF0A4F0B50D1BC046F0765C3720765C17DC5BD45AC8
:2017A0000400D44A0200F0840087F095DC45A9A841A23D09DC49F488010049813D02E11846
:2017C000CB00E108CB000941DC4BF4AA060041A4EDE0E108CB00ECFDF018E104E106D7502B
:2017E0000403F2F5500DF2F44E0DF0C4F0D50D3DC049F0895C3820895C18DC5DD45C0400FA
:20180000D44C02000048DC45A9A441A23D2DF0895C3820895C18DC5DD47C0400D46C0200AA
:201820000068DC57D4560400D4460200F0A4F0B570453D02E1180D1FE1060D0EC066F04A0F
:201840000046DC4BA9A4D7408003F3F83C0B418A3D02E1180D100961C066F04A0046DC4BAB
:20186000A9843DECE1080D070941DC4DF4AC060041A4EDBEE108FCFDCB00ECFDF018E104E9
:20188000E106D7500403F2F5500DF2F44E0DF0C4F0D50D40C049F0895C3820895C18DC5D7C
:2018A000D45C0400D44C02000048DC45A9A441A23D30F0895C3820895C18DC5DD47C040015
:2018C000D46C02000068DC57D4560C00D4460A00F0A4F0B570453D02E1180D22E1060D1078
:2018E000C0665C16F04A0046F05BDC45A854D7408003F2F41A0B40453D02E1180D1109617E
:20190000C0665C16F04A0046DC4BA8443DE9E1080D070941DC4DF4AC060041A4EDBBE108EA
:20192000FCFDCB00ECFDF018D7500403F2F5500DF2F44E0DF0C4F0D5E104E1060D3DC049A7
:20194000F0895C3820895C18DC5DD45C0400D44C02000048DC45A9A441A23D2DF0895C38BE
:2019600020895C18DC5DD47C0400D46C02000068DC57D4560800D4460600F0A4F0B57045A0
:201980003D02E1180D1FE1060D0EC066F04A0046DC4BA9A4D7408003F3F83D0B418A3D02F0
:2019A000E1180D100961C066F04A0046DC4BA9843DECE1080D070941DC4DF4AC060041A489
:2019C000EDBEE108FCFDCB00ECFDF0D8D7408003C2F8E809CA007C1749813D53D740800368
:2019E000C2F8E809BB9F49803D17D7408003F2F41A0B48413D0BF04DC08AE6F97F00D74053
:201A00008003C2F8E809BB6BE1180D50E009E008CA009A1BE1080D4AD7408003C2F8E80947
:201A2000CA00D61749803D0BF04DC08AE6F93300D7408003C2F8E809BB52E1180D37D7409F
:201A40008003C2F8E809CA007A1849803D0BF04DC08AE6F91100D7408003C2F8E809BB3F35
:201A6000E1180D24D7408003F78E500BF04DC088CA00C233F1A8D7408003F68E420BF18AFF
:201A80000D15D7408003F2F41A0B48413D0BF04DC08AE6F91100D7408003C2F8E809BB1F18
:201AA000E1180D04E009E008BB78E108FCFDCB00E004E005F0A4F0B4CA000A17DC45C48416
:201AC0000400E006DC45C4640600E118D7608003F7F8500BF78E510BF78E540BCB00ECFD57
:201AE000F028E004E005F0C4F0D4CA000A17F0C4F0D5F04AC086DC45C46C0400F04947F8DC
:201B000078002D04D7408003F68E320BE006DC4DC46C0400E7F27F00DC4DD48C0400F04861
:201B20000841DC6DC44C0400D45C0200A84C0048DC45B924DC4DD48C0400F0480841DC6D3C
:201B4000C44C0400D45C0200A84C0048DC45B944F019DC4DD48C0400F0480841DC6DC44C75
:201B60000400D45C0200A84C0048DC45B924DC4DD48C0400BB9DF04947F878002D05D740D7
:201B80008003F68E320B0D07E014D7508003F6F4320BF7F8540BFCFDCB0048903D0FD750CB
:201BA0008003F78E500BF3F8540B3D08F048C084D7508003F6F4320BF68E320BCB00ECFD71
:201BC000ECFEECFFF03806F0F8FFE004E005F0E4F0F4B840C4500200D7500403F2F5560D14
:201BE000F2F4540DC4400400C4500600CA000A17F0E4F0F5CA001417B840C4500200E006EF
:201C0000DC4FC46E0400D4900200A880DC59D4580200A848DC45F4840100F0D466FD7F0042
:201C2000DC49D448040048422D09C06AE6F91300E6F81000CA00DE1AEA00AE1DE007D45013
:201C40000600D44004000047DC45A9A4F04D41A82D0280278DF448733D09C06AE6F9120018
:201C6000E6F81000CA00DE1AEA00AE1DF04D49823D17D7408003F3F83D0B49832D09C06AAA
:201C8000E6F92200E6F81000CA00DE1AEA00AE1DD7408003F78E530BCA00CED7EA00AE1D3D
:201CA000F05DD7408003F3F83D0B418A2D07F04DD7508003F7F83D0BF78E3C0BD4700200DB
:201CC000A860DC57D4560200A846DC45F48401008AF46970D7408003F2F41A0B48422D63FF
:201CE000E7F25000DC4FD48E0400F0480841DC6FC44E0400D45E0200A84E0048DC45B924D8
:201D0000F01DDC4FD48E0400F0480841DC6FC44E0400D45E0200A84E0048DC45B924E102F0
:201D2000DC4FD48E0400F0480841DC6FC44E0400D45E0200A84E0048DC45B924E7F23200B5
:201D4000DC4FD48E0400F0480841DC6FC44E0400D45E0200A84E0048DC45B924E112DC4F82
:201D6000D48E0400F0480841DC6FC44E0400D45E0200A84E0048DC45B924E7F2F400DC4FB3
:201D8000D48E0400F0480841DC6FC44E0400D45E0200A84E0048DC45B924DC4FD48E0400FA
:201DA000CA00B01A0D04E009E008CA009A1B06F00800FCFFFCFEFCFDCB00ECFDECFEECFFB9
:201DC000F0382804E004E005F0E4F0F4B840C4500200CA000A17F0E4F0F5CA001417B8408F
:201DE000C4500200E006DC4FC46E0400D4900200A880DC59D4580200A848DC45F4E40100AB
:201E0000F0D766FD7F00DC49D448040048422D08C06AE6F91300E6F81100CA00DE1A0D44F7
:201E2000F04D49812D0C49822D0A49832D08C06AE6F91200E6F81100CA00DE1A0D358AF7D0
:201E40002570E7F25100DC4FD48E0400F0480841DC6FC44E0400D45E0200A84E0048DC45BD
:201E6000B924F01DDC4FD48E0400F0480841DC6FC44E0400D45E0200A84E0048DC45B92495
:201E8000DC4FD48E0400CA00B01A0D04E009E008CA009A1BE128D7408003F7F8530BE118D3
:201EA000D7408003F7F8520B0804FCFFFCFEFCFDCB00CA001417DC55D4540200A844DC451A
:201EC000F48401008AF40F70D7408003F2F41A0B48422D09F048C08AE6F91000E6F81400C4
:201EE000CA00DE1ACB00E009E008CA009A1BCB00F048C08AE6F91000E6F81900CA00DE1A10
:201F0000CB00ECFDECFEECFFF03806F0F0FFE00EE00DE004B8D0C4400200C4400400C440D2
:201F20000600C4400800C4400A00C4400C00C4400E00CA000A17B840C4500200CA00141771
:201F4000F0A4F0B5E006D4500200A840DC45C4640400DC5BD47A0200A86ADC47F4860100D0
:201F6000C0885C88DC47F4860200C08F00F8DC4BD44A040048432D09C06AE6F91300E6F84B
:201F80002200CA00DE1AEA009422E00EF04EC087F0475C3420475C24D7400403D454DC0D6D
:201FA000405F3D1DF0475C3420475C24D7400403D444DE0D2D19F0475C3420475C24D7404E
:201FC0000403D444DE0D48423D010D0EC06AE6F93100E6F82200CA00DE1AEA00942208E18F
:201FE000F04E47F80F008DD2F04E47F80F003D15D7408003F2F41A0B48413D09C06AE6F99B
:202000003100E6F82200CA00DE1AEA009422E009E008CA009A1BEA009422F04EC087F06761
:202020005C3620675C26D7500403D496E20DD486E00DC4800400C490060070892D2FE00D53
:202040000D10F04DC086D4500600D44004000046DC45A9A4D7408003F3F83D0B418A2D0B1A
:2020600008D1F04DC086D4500600D44004000046DC45A9843DE6F04DC086D4500600D4404A
:2020800004000046DC45A9843D09C06AE6F93100E6F82200CA00DE1AEA009422F0675C36DD
:2020A00020675C26D7500403D496E60DD486E40DC4800800C4900A0070892D2FE00D0D1038
:2020C000F04DC086D4500A00D44008000046DC45A9A4D7408003F3F83C0B418A2D0B08D1D7
:2020E000F04DC086D4500A00D44008000046DC45A9843DE6F04DC086D4500A00D44008008F
:202100000046DC45A9843D09C06AE6F93300E6F82200CA00DE1AEA009422E7F26200D470C8
:202120000200A860DC47D4860400F0480841DC47C4460400D4700200A860DC57D4560200B5
:20214000A8460048DC45B924F04F66F400FF7C84F128D4700200A860DC47D4860400F04893
:202160000841DC47C4460400D4700200A860DC57D4560200A8460048DC45B924F04F66F46B
:20218000FF00F128D4700200A860DC47D4860400F0480841DC47C4460400D4700200A86058
:2021A000DC57D4560200A8460048DC45B924F04EC085F0455C3420455C24D7400403D44429
:2021C000DE0D3D1FF04EC085F0455C3420455C24D7500403D474F60DD464F40D70672D11C4
:2021E000F04EC085F0655C3620655C26D7500403D456F60DD446F40DC4400C00C4500E00C6
:202200000D13F04EC085F0455C3420455C24D7400403D464F20DE6F4060EE6F5800300468A
:20222000C4400C00C4500E00E00D0D1FF04DC086D4500E00D4400C000046DC45A924D47006
:202240000200A860DC47D4860400F0480841DC47C4460400D4700200A860DC57D456020094
:20226000A8460048DC45B92408D1F04EC085F0455C3420455C24D7400403F4A4F00DF04D34
:2022800041A8EDD4D4500200A840DC45D4840400CA00B01A06F01000FCFFFCFEFCFDCB00B6
:2022A000ECFDECFEECFFF03806F0F2FFE004C4400600C4400800C4400A00C4400C00CA006F
:2022C0000A17C4400600C4500800CA001417C4400A00C4500C00E006D4500800D440060068
:2022E000DC45C4640400D4500C00D4400A00DC45D444040046F408002D09C06AE6F9130072
:20230000E6F82300CA00DE1AEA000225D4700C00D4600A00DC57D4560200A846DC45F48475
:20232000010047F824002D09C06AE6F93100E6F82300CA00DE1AEA000225D4700C00D46071
:202340000A00DC57D4560200A846DC45F4840200C084F0F45C8FE00ED4700C00D4600A00FC
:20236000DC57D4560200A846DC45F4840300C084F054E00400EE10F5D4700C00D4600A0087
:20238000DC57D4560200A846DC45F4840400C0845C84E00500E410F5D4700C00D4600A00D3
:2023A000DC57D4560200A846DC45F4840500C084E00500E410F5D4700C00D4600A00DC575F
:2023C000D4560200A846DC45F4840600C0885C88D4700C00D4600A00DC57D4560200A8463D
:2023E000DC45F4840700C084F0740078C4700400F047E005004E105F28413850B840C4500F
:20240000020046F74000FD08C06AE6F93100E6F82300CA00DE1A0D75E00DF04DC0895C39B1
:20242000D7500403D4498C0FD4598E0F204E305FED0CD7500403D449900FD459920FA86036
:20244000D4700200204630579D0408D1F04D49868DE4F04D49863D08C06AE6F93100E6F8E9
:202460002300CA00DE1A0D4DE7F26300D4700800D4600600DC47D4860400F0480841DC4736
:20248000C4460400D4700800D4600600DC57D4560200A8460048DC45B924F04EF05F004444
:2024A0001055004410557C24F0A4F0B5E00D0D1ADC4B992AD4700800D4600600DC47D48634
:2024C0000400F0480841DC47C4460400D4700800D4600600DC57D4560200A8460048DC450A
:2024E000B92408D1F04DC085D440040040548DE0D4500800D4400600DC45D4840400CA00FE
:20250000B01A06F00E00FCFFFCFEFCFDCB00ECFDECFEF03806F0F4FFE00EE00DE004B8D009
:20252000C4400200C4400400C4400600C4400800C4400A00CA000A17F084F095CA00141790
:20254000B840C4500200E006DC49C4680400D4B00200A8A0DC5BD45A0200A84ADC45F48472
:202560000100C0885C88DC5BD45A0200A84ADC45F4840200C0870078E00EF04EC085F045D5
:202580005C3420455C24D7400403D454DC0D40573D22F04EC085F0455C3420455C24D7405D
:2025A0000403D444DE0D48412D1BF04EC085F0455C3420455C24D7400403D444DE0D484268
:2025C0003D010D0EC06AE6F93100E6F82E00CA00DE1AEA00902708E1F04E47F80F008DCD2A
:2025E000F04E47F80F003D09C06AE6F93100E6F82E00CA00DE1AEA009027F04EC087F047A4
:202600005C3420475C24D7400403F484F00DC0860863D4500200A840DC45D444040040462E
:202620002D09C06AE6F91300E6F82E00CA00DE1AEA009027F0675C3620675C26D7500403B9
:20264000D496EA0DD486E80DC4800400C490060070892D2EE00D0D10F04DC086D45006001D
:20266000D44004000046DC45A9A4D7408003F3F83D0B418A2D0B08D1F04DC086D450060038
:20268000D44004000046DC45A9843DE6F04DC086D4500600D44004000046DC45A9843D08CD
:2026A000C06AE6F93100E6F82E00CA00DE1A0D70F04EC085F0655C3620655C26D7500403F6
:2026C000D496EE0DD486EC0DC4800800C4900A0070892D2EE00D0D10F04DC086D4500A0089
:2026E000D44008000046DC45A9A4D7408003F3F83C0B418A2D0B08D1F04DC086D4500A00B1
:20270000D44008000046DC45A9843DE6F04DC086D4500A00D44008000046DC45A9843D0840
:20272000C06AE6F93300E6F82E00CA00DE1A0D30F04ED7408003F7F8560BE00D0D12F04DE1
:20274000C089D4700200A860DC57D4560200A8460049DC45F4A40300D7408003E4A9570B07
:2027600008D1F04EC085F0455C3420455C24D7400403F4A4F00DF04D41A8EDE1F78EA2CBBA
:20278000E7F88100F7F8A1CBE7F82E00F7F8A0CB06F00C00FCFEFCFDCB00ECFDECFEECFF99
:2027A0002806E00DE108B980E004C4D00200C4400400E005F0E4F0F4CA000A17F0E4F0F519
:2027C000F3F8A1CB47F881003D10E7F88000F7F8A1CBE6F81027CA002C8BE00AE6F9780004
:2027E000E6F82E00CA00DE1A0D5CF3F8A1CB47F880003D57248FB6CBF2F4B6CB48428D51F5
:20280000E024F6F4B6CBD7408003F3F8560BF0D4C085F0455C3420455C24D7400403D4645A
:20282000F20DE6F4060EE6F580030046C4400200C4500400E108B9800D10A920C028D740E2
:202840008003F4E8570BD4500400D44002000048DC45B9E4A9800981B980F04DC085F045D0
:202860005C3420455C24D7400403F4A4F00DA98041A8EDE3F04DC086F0565C3520565C25FD
:20288000D7400403F485F00DC08BD4A00400D4900200D7400403D485F20DCA00768CF78EB4
:2028A000A1CBF3F8A1CB3D52E006DC4FC46E0400E7F26E00DC4FD48E0400F0480841DC6FDB
:2028C000C44E0400D45E0200A84E0048DC45B924F04DC085F0455C3420455C24D740040328
:2028E000D444DC0D7C8466F4FF00F128DC4FD48E0400F0480841DC6FC44E0400D45E0200BE
:20290000A84E0048DC45B924F04DC085F0455C3420455C24D7400403D444DC0D66F4FF00D7
:20292000F128DC4FD48E0400F0480841DC6FC44E0400D45E0200A84E0048DC45B924DC4F70
:20294000D48E0400CA00B01AF78FA1CB0806FCFFFCFEFCFDCB00ECFDECFEECFFF0D806F048
:20296000E4FFE108B980E00FE6F46C00E6F50403E0260060E6F71000CA00D6C1E118E4802A
:202980001200E004C4401400C4401600C4401800C4401A00CA000A17C4401400C4501600A8
:2029A000CA001417C4401800C4501A00DC45D434040048322D0D46F312002D0AF04DC08AEE
:2029C000E6F91300E6F82700CA00DE1AEA005E2DD7408003F3F83D0B49832D0AF04DC08A72
:2029E000E6F97F00E6F82700CA00DE1AEA005E2DD4701A00D4601800DC57D4560200A84646
:202A0000DC45F4840100F0F449803D0AF04DC08AE6F91200E6F82700CA00DE1AEA005E2D74
:202A2000E00E0D10F04EC086D7400403F4E60D00F04F41E82D0EC0E5C084284140453D014A
:202A40000D0808E1F04EC084D7400403F4840D003DE9F04EC084D7400403F4840D003D0AC1
:202A6000F04DC08AE6F91200E6F82700CA00DE1AEA005E2DD7408003F2F4400B4840FD0A48
:202A8000F04DC08AE6F93700E6F82700CA00DE1AEA005E2D9AFF6F0048322D0AF04DC08A1D
:202AA000E6F91300E6F82700CA00DE1AEA005E2DE7F26700A9A0F18A0981B980C0A8D47075
:202AC0001600D4601400DC57D4560200A8460048DC45B924F01FA9A0F18A0981B980C0A807
:202AE000D4701600D4601400DC57D4560200A8460048DC45B924D7408003F3FA3C0BF04F94
:202B000041A83D0EE00EE10AF04EC084D7408003E4A41D0B08E1F04E47F810008DF50D0DCA
:202B2000F04FC08AE6F81D0BE6F98003CA0066BAF04FD7408003F7F81C0BE00EF04EC0845B
:202B4000D7408003F4241D0BA9A0F18A0981B980C0A8D4701600D4601400DC57D4560200AB
:202B6000A8460048DC45B92408E1F04E47F810008DE5EA00442DD4501A00D4401800DC4553
:202B8000D444040046F412002D0ED7408003F78E1C0BF04DC08AE6F91300E6F82700CA0004
:202BA000DE1AEA005E2DE118E4801200E00EF04EC084D7408003F4841D0B2D04E108E48011
:202BC00012000D0508E1F04E47F810008DF0F04FC0852851D7408003C2F41C0B40453D03A5
:202BE000E108E4801200F480120049813D0ED7408003F78E1C0BF04DC08AE6F92400E6F82D
:202C00002700CA00DE1AEA005E2DD7408003C2FC1C0BE6FA1D0BE6FB8003E0280080E009FA
:202C200006F8000016F9000000881099008810997C28CA0044BCE00EE10AF04EC084D74045
:202C40008003E4A41D0B08E1F04E47F810008DF5E118E4801200E00EF04EC089D4701A0007
:202C6000D4601800DC57D4560200A8460049DC45F4A40200E0210010001949A92D04E10881
:202C8000E48012000D0508E1F04E47F810008DE4F480120049813D2AF04F2981D74080038B
:202CA000F7F83C0BE7F26700A9A0F18A0981B980C0A8D4701600D4601400DC57D4560200AE
:202CC000A8460048DC45B924F01FA9A0F18A0981B980C0A8D4701600D4601400DC57D456C3
:202CE0000200A8460048DC45B9240D2CD7408003F2F4460BF0540851D7408003F6F5460B21
:202D000048538D13D7408003F68E460BE6F46400D7408003F6F4400BF04DC08AE6F9360060
:202D2000E6F82700CA00DE1A0D08F04DC08AE6F93500E6F82700CA00DE1AD7408003F78E36
:202D40001C0B0D0DA980C086D4501600D4401400DC45C4640400A980C088CA00B01A06F019
:202D60001C00FCFFFCFEFCFDCB00ECFDECFEECFFF0382804E004E005F0E4F0F4B840C450DF
:202D80000200CA000A17F0E4F0F5CA001417B840C4500200E006DC4FC46E0400D4900200DD
:202DA000A880DC59D4580200A848DC45F4840100F0D466FD7F00DC49D448040048432D0853
:202DC000C06AE6F91300E6F82800CA00DE1A0D77D4700200A860DC57D4560200A846DC45CF
:202DE000F4A4020049A12D0A49A32D08C06AE6F93100E6F82800CA00DE1A0D61F04D498081
:202E00002D0C49812D0A49832D08C06AE6F91200E6F82800CA00DE1A0D52D7408003F3F8B0
:202E20003D0B49832D08C06AE6F97F00E6F82800CA00DE1A0D44F04D49803D04E118F7F879
:202E400098CB0D02F78E98CBD4700200A860DC57D4560200A846DC45F48401008AF42B70CA
:202E6000D7408003F2F41A0B48422D25E7F26800DC4FD48E0400F0480841DC6FC44E04001D
:202E8000D45E0200A84E0048DC45B924F01DDC4FD48E0400F0480841DC6FC44E0400D45E10
:202EA0000200A84E0048DC45B924DC4FD48E0400CA00B01A0D04E009E008CA009A1B080442
:202EC000FCFFFCFEFCFDCB00ECFDECFEECFFF0D806F0ECFFE108B980E106E004C4400600DB
:202EE000C4400800C4400A00C4400C00E005F0E4F0F4C4401000C4501200CA000A17F0E412
:202F0000F0F5CA001417C4401000C4501200E006DC4FC46E0400D4901200D4801000DC5947
:202F2000D4580200A848DC45F484010067F87F00E4800200DC49D448040048449D0AF04DE0
:202F4000C08AE6F91300E6F83100CA00DE1AEA00AA32F480020049812D0AF04DC08AE6F9C1
:202F60001200E6F83100CA00DE1AEA00AA32D4701200D4601000DC57D4560200A846DC45A0
:202F8000F4840200C0885C88D4701200D4601000DC57D4560200A846DC45F4840300C084C4
:202FA0000048C4400400E108B980A9E0C0E5F0455C2420455C24D7400403D454800FD440EE
:202FC000040040543D1EC0E5F0455C2420455C24D7400403F4848A0FC086D4501200D44000
:202FE0001000DC45D4440400284440462D10F04DC08AE6F91300E6F83100CA00DE1AEA0021
:20300000AA32A980F1A809A1B9A049A18DCEA98049813D0AF04DC08AE6F93100E6F83100EA
:20302000CA00DE1AEA00AA32A9E0C0E5F0655C2620655C26D7500403D496840FD486820FE6
:20304000C4800600C490080070892D2DE1060D0FC066D4500800D44006000046DC45A9A454
:20306000D7408003F3F83D0B418A2D0A0961C066D4500800D44006000046DC45A9843DE8F2
:20308000C066D4500800D44006000046DC45A9843D0AF04DC08AE6F93100E6F83100CA0079
:2030A000DE1AEA00AA32C0E5F0655C2620655C26D7500403D496880FD486860FC4800A0063
:2030C000C4900C0070892D2DE1060D0FC066D4500C00D4400A000046DC45A9A4D740800378
:2030E000F3F83C0B418A2D0A0961C066D4500C00D4400A000046DC45A9843DE8C066D450BB
:203100000C00D4400A000046DC45A9843D0AF04DC08AE6F93300E6F83100CA00DE1AEA0056
:20312000AA32D4501200D4401000DC45D444040028443D0AE00BE009E00AD4800400CA0089
:20314000D235E4800E000D17D4501200D4401000DC45D4B4040028B4D4501200D440100095
:20316000DC55D4A40200A8940894D4800400CA00D235E4800E00F4600E0047F678003D02DB
:20318000EA00AA3247F6FF003D0AF04DC08AE6F93100E6F83100CA00DE1AEA00AA3247F67B
:2031A00022003D09F04DC08AE6F92200E6F83100CA00DE1A0D7A47F613003D09F04DC08AAA
:2031C000E6F91300E6F83100CA00DE1A0D6ED4701200D4601000DC57D4560200A846DC45A9
:2031E000F48401008AF45D70E7F27100DC4FD48E0400F0480841DC6FC44E0400D45E02001A
:20320000A84E0048DC45B924F4200200DC4FD48E0400F0480841DC6FC44E0400D45E0200B5
:20322000A84E0048DC45B924D440040066F400FF7C84F128DC4FD48E0400F0480841DC6F6B
:20324000C44E0400D45E0200A84E0048DC45B924D440040066F4FF00F128DC4FD48E0400CD
:20326000F0480841DC6FC44E0400D45E0200A84E0048DC45B924F4200E00DC4FD48E040049
:20328000F0480841DC6FC44E0400D45E0200A84E0048DC45B924DC4FD48E0400CA00B01AB7
:2032A0000D04E009E008CA009A1B06F01400FCFFFCFEFCFDCB00ECFEECFFF038E004E00524
:2032C000F0E4F0F4CA000A17F0E4F0F5CA001417F084F095E006DC4FC46E0400DC45D45414
:2032E0000200DC49A844DC45F4E40100DC49D448040048422D08C06AE6F91300E6F83E0085
:20330000CA00DE1A0D3CF18E67F87F002D08C06AE6F91200E6F83E00CA00DE1A0D308AF759
:203320000670D7408003F2F41A0B48423D05E009E008CA009A1B0D23E7F27E00DC4FD48E42
:203340000400F0480841DC6FC44E0400D45E0200A84E0048DC45B924DC4FD48E0400F0484E
:203360000841DC6FC44E0400D45E0200A84E0048DC45B9E4DC4FD48E0400CA00B01AFCFF53
:20338000FCFECB00CA001417DC55D4540200A844DC45F48401008AF40F70D7408003F2F415
:2033A0001A0B48422D09F048C08AE6F91000E6F88500CA00DE1ACB00E009E008CA009A1B77
:2033C000CB00ECFDF0D8D7408003F3F8E80907F8EF002D1D29832D3E29852D4107F8F7009A
:2033E0002D1B29852D2329812D2629862D1A29832D2707F8F3002D2907F8B9002D3507F833
:2034000075003D36F04DC088CA00BE1B0D33F04DC088CA00BA1D0D2EF04DC088CA00021F8B
:203420000D29F04DC088CA000E250D24F04DC088CA0056290D1FF04DC088CA006A2D0D1A9C
:20344000F04DC088CA00C82E0D15F04DC088CA00B6320D10F04DC088CA00B21E0D0BF04D3D
:20346000C088CA00F01E0D06F04DC088BB8B0D02E1180D05D7408003F68E440BE108FCFDE5
:20348000CB00CA000A17CA001417D7408003F2F5400B4850FD052851D7408003F6F5400BD2
:2034A000D7408003F2F5440B46F588139D050851D7408003F6F5440BD7408003F2F4440BC8
:2034C00046F43200FD0DD7408003F3F83D0B4981FD07E118D7508003F7F83D0BF78E3C0B35
:2034E000D7408003F2F4440B46F4E803FD11F78EA3CBF68EA4CBF78EA6CBF78EA7CBE10C0A
:20350000E005C0C45C14C454A8CB09C149C28DF9D7408003F3F84A0B4980FD09D7408003A9
:20352000F3F84A0B2981D7408003F7F84A0BD7408003F3F84A0B3D0ED7408003F3F84B0BC3
:2035400049813D08D7608003F68E320BF78E4B0BF78E4A0BD7408003F3FA4C0B49A0FD1355
:2035600029A1D7408003F7FA4C0B49A03D0CD7408003F3F84D0B49813D06D7408003F78E64
:203580004D0BCA0094A8D7408003F3F84F0B49813D14D7408003F3FA4E0B49A0FD0529A13E
:2035A000D7408003F7FA4E0BD7408003F3F84E0B3D04D7408003F78E4F0BD7408003F3F80A
:2035C000520B2D06E6F8204ECA002C8BCA00CED7CB00E10C06F8FDFD3D0F709A3D03F04B9E
:2035E00049802D03E7FC13000D09F2F4C8CB2D02E11C0D01E10C0D02E7FCFF00F18CCB00ED
:20360000CB00F3FAA1CB47FA81002D0347FA80003D0AF3F8A0CB07F8D2FF3D03CA009A279B
:20362000CB00F78FA1CBCB00E10CE005C0C45C14D7408003C4540E0F09C149C38DF7F68E8F
:20364000CACAF78ECECAF78ED3CAF78ED4CAF78EC0CAF68E10CBF78EE8CAF78EC5CA8FD359
:20366000F78E02CBF78EFFCAF78EDBCAF78EDCCAF78E03CBF78EDDCAF78EEDCAF78EF7CA54
:20368000D7708003F68E2E0FF68E300FF68E320FF68E340FD7508003F68E360FF68E380F12
:2036A000F68EFACAF68EF8CAE10CE005C0C85C18D7608003C4581E0FC458260FC458160F19
:2036C00009C149C28DF2F78E15CBF68E16CBF68E1ACBD7408003F2F40E0F1EF4D74080031A
:2036E000F6F40E0FF78EC7CAF78ECFCAF78EEFCAF78EC6CAF78ED0CAF78EEECAD740800346
:20370000F2F40E0FBEF4D7408003F6F40E0FF78EC9CAF78ED1CAF78EF0CAF78EC8CAF78E40
:20372000D2CAF78EF1CACB00CB00D7408003F2F40E0F8AF42300F2F428CB46F436018D13EF
:20374000E01474F4CACA258FCECAF3F8CECA49838D3DD7408003F2F40E0F7841D740800324
:20376000F6F40E0FCB00F3F8CECA4980FD2FE6F4FEFF64F4CACA058FCECACB00F2F428CB6C
:2037800046F4DC00ED1AE6F4FEFF64F4CACA258FECCAF3F8ECCA49838D19258FEDCAF3F876
:2037A000EDCA4983ED13D7408003F2F40E0F0EF4D7408003F6F40E0FCB00F3F8ECCA498011
:2037C000FD05E01474F4CACA058FECCACB00F3F873CB49813D47F78EC6CAF78ED0CAF78EB2
:2037E000EECAF3F8C7CA3D1FF2F428CB46F422018D13258FCFCAF3F8CFCA49838D79E118C7
:20380000F7F8C7CAD7408003F2F40E0F7842D7408003F6F40E0FCB00F3F8CFCA4980FD68B3
:20382000058FCFCACB00F2F428CB46F41801ED13258FEFCAF3F8EFCA47F80A008D59F78E9F
:20384000C7CAD7408003F2F40E0F1EF4D7408003F6F40E0FCB00F3F8EFCA4980FD49058F75
:20386000EFCACB00F78EC7CAF78ECFCAF78EEFCAF3F8C6CA3D1FF2F428CB46F436018D1391
:20388000258FD0CAF3F8D0CA49838D32E118F7F8C6CAD7408003F2F40E0F7842D740800361
:2038A000F6F40E0FCB00F3F8D0CA4980FD21058FD0CACB00F2F428CB46F42C01ED13258FDD
:2038C000EECAF3F8EECA47F80A008D12F78EC6CAD7408003F2F40E0F1EF4D7408003F6F45D
:2038E0000E0FCB00F3F8EECA4980FD02058FEECACB00F3F873CB49813D47F3F8C9CA3D2507
:20390000F78EC8CAF78ED2CAF78EF1CAF2F426CB46F422018D13258FD1CAF3F8D1CA4983BA
:203920008D79E118F7F8C9CAD7408003F2F40E0FBFF4D7408003F6F40E0FCB00F3F8D1CAC4
:203940004980FD68058FD1CACB00F2F426CB46F41801ED13258FF0CAF3F8F0CA47F80A00B9
:203960008D59F78EC9CAD7408003F2F40E0FBEF4D7408003F6F40E0FCB00F3F8F0CA498020
:20398000FD49058FF0CACB00F78EC9CAF78ED1CAF78EF0CAF3F8C8CA3D1FF2F426CB46F467
:2039A00036018D13258FD2CAF3F8D2CA49838D32E118F7F8C8CAD7408003F2F40E0FBFF404
:2039C000D7408003F6F40E0FCB00F3F8D2CA4980FD21058FD2CACB00F2F426CB46F42C01D4
:2039E000ED13258FF1CAF3F8F1CA47F80A008D12F78EC8CAD7408003F2F40E0FBEF4D7404D
:203A00008003F6F40E0FCB00F3F8F1CA4980FD02058FF1CACB00F3F873CB49813D4FD74033
:203A20008003F2F40E0F8AF42450F2F42ECB46F454018D14E6F4200074F4CACA258FD3CAB8
:203A4000F3F8D3CA49838D43D7408003F2F40E0F5FF4D7408003F6F40E0FCB00F3F8D3CA5E
:203A60004980FD35E6F4DFFF64F4CACA058FD3CACB00F2F42ECB46F44A01ED15E6F4DFFF8D
:203A800064F4CACA258FF2CAF3F8F2CA47F80A008D1ED7408003F2F40E0F5EF4D7408003A6
:203AA000F6F40E0FCB00F3F8F2CA4980FD10E6F4200074F4CACA058FF2CACB00D74080030C
:203AC000F2F40E0F5EF4D7408003F6F40E0FCB00F3F873CB49813D4FD7408003F2F40E0F09
:203AE0008AF42460F2F430CB46F45E018D14E6F4400074F4CACA258FD4CAF3F8D4CA4983EC
:203B00008D4BD7408003F2F40E0F6FF4D7408003F6F40E0FCB00F3F8D4CA4980FD3DE6F4FB
:203B2000BFFF64F4CACA058FD4CACB00F2F430CB46F45401ED15E6F4BFFF64F4CACA258F34
:203B4000F3CAF3F8F3CA47F80A008D26D7408003F2F40E0F6EF4D7408003F6F40E0FCB0099
:203B6000F3F8F3CA4980FD18E6F4400074F4CACA058FF3CACB00E6F4BFFF64F4CACAF78E84
:203B8000D4CAD7408003F2F40E0F6EF4D7408003F6F40E0FF78EF3CACB00D7408003F2F45A
:203BA0000E0F8AF42320F2F432CB46F4901F8D13E04474F4CACA258FD5CAF3F8D5CA4983F2
:203BC0008D38D7408003F2F40E0F7844D7408003F6F40E0FCB00F3F8D5CA4980FD2AE6F407
:203BE000FBFF64F4CACA058FD5CACB00F2F432CB46F4401FED15E6F4FBFF64F4CACA258FEF
:203C0000F4CAF3F8F4CA47F80A008D13D7408003F2F40E0F2EF4D7408003F6F40E0FCB0029
:203C2000F3F8F4CA4980FD05E04474F4CACA058FF4CACB00F3F873CB3D0AD7408003F2F4E3
:203C40000E0F3EF4D7408003F6F40E0F0D4CD7408003F2F40E0F8AF42330F2F432CB46F490
:203C6000800CED13E08474F4CACA258FD6CAF3F8D6CA49838D38D7408003F2F40E0F3FF418
:203C8000D7408003F6F40E0F0D2EF3F8D6CA4980FD2AE6F4F7FF64F4CACA058FD6CA0D23AD
:203CA000F2F432CB46F4D00C8D15E6F4F7FF64F4CACA258FF5CAF3F8F5CA47F80A008D13A7
:203CC000D7408003F2F40E0F3EF4D7408003F6F40E0F0D09F3F8F5CA4980FD05E08474F41D
:203CE000CACA058FF5CAF2F432CB46F420039D05E7F8FE0065F8C5CACB00E11875F8C5CA72
:203D0000CB00D7408003F2F40E0F8AF42940F2F436CB46F4800D8D19E6F4100074F4CACA1A
:203D2000258FD7CAF3F8D7CA47F80A008D43D7408003F2F40E0F4FF4D7408003F6F40E0F08
:203D4000258FF7CAF78EF6CACB00F3F8D7CA4980FD31E6F4EFFF64F4CACA058FD7CACB00A7
:203D6000F3F8F7CA49839D26F2F436CB46F4800CED17E6F4EFFF64F4CACA258FF6CAF3F844
:203D8000F6CA47F832008D16D7408003F2F40E0F4EF4D7408003F6F40E0FF78ED7CACB00DE
:203DA000F3F8F6CA4980FD06E6F4100074F4CACA058FF6CACB00D7408003F2F40E0F8AF46C
:203DC0002B80F3F838CB47F8B9008D1BE6F4000174F4CACA258FD8CAF3F8D8CA49838D4057
:203DE000D7408003F2F40E0F8FF4D7508003F6F40E0FF2F40E0F9EF4D7408003F6F40E0FBC
:203E0000CB00F3F8D8CA4980FD2BE6F4FFFE64F4CACA058FD8CACB00F3F838CB47F8B400B4
:203E2000ED15E6F4FFFE64F4CACA258FFCCAF3F8FCCA47F80A008D14D7408003F2F40E0F0B
:203E40008EF4D7408003F6F40E0FCB00F3F8FCCA4980FD06E6F4000174F4CACA058FFCCAC6
:203E6000CB00D7408003F2F40E0F8AF42B90F3F838CB47F87300ED1BE6F4000274F4CACA21
:203E8000258FD9CAF3F8D9CA49838D40D7408003F2F40E0F9FF4D7508003F6F40E0FF2F4DD
:203EA0000E0F8EF4D7408003F6F40E0FCB00F3F8D9CA4980FD2BE6F4FFFD64F4CACA058F22
:203EC000D9CACB00F3F838CB47F878008D15E6F4FFFD64F4CACA258FFDCAF3F8FDCA47F8FF
:203EE0000A008D14D7408003F2F40E0F9EF4D7408003F6F40E0FCB00F3F8FDCA4980FD06FE
:203F0000E6F4000274F4CACA058FFDCACB00D7408003F2F4120F8AF41D60F3F839CB47F8D9
:203F2000A5008D11258FDBCAF3F8DBCA47F80D008D2DD7408003F2F4120F6FF4D7408003B1
:203F4000F6F4120F0D23F3F8DBCA4980FD1F058FDBCA0D1CF3F839CB47F8A000ED11258FCF
:203F6000FFCAF3F8FFCA47F80A008D10D7408003F2F4120F6EF4D7408003F6F4120F0D0623
:203F8000F3F8FFCA4980FD02058FFFCAF2F4CACA8AF41FA0F3F839CB47F8B400FD13258FEB
:203FA00001CBF3F801CB47F80A008D2CE6F4000474F4CACAF3F888CB49813D24E118F7F851
:203FC00087CBCB00F3F801CB4980FD1C058F01CBCB00F3F839CB47F8B200ED0E258F00CBA6
:203FE000F3F800CB47F80A008D0DE6F4FFFB64F4CACAF78E87CBCB00F3F800CB4980FD0248
:20400000058F00CBCB00D7408003F2F4120F8AF42550F3F839CB47F85500ED15E6F400087B
:2040200074F4CACA258FDCCAF3F8DCCA47F80A008D4DD7408003F2F4120F5FF4D7408003E8
:20404000F6F4120FCB00F3F8DCCA4980FD3FE6F4FFF764F4CACA058FDCCACB00F3FA39CB42
:2040600047FA59008D19E6F4FFF764F4CACA258F02CBF3F802CB47F80A008D18D740800383
:20408000F2F4120F5EF4D7408003F6F4120FF78E87CBF68E1CCB0D0AF3F802CB4980FD0645
:2040A000E6F4000874F4CACA058F02CB47FA46009D0D248F1CCBF2F41CCB4846FD07F3F8AC
:2040C00088CB49813D03E118F7F887CBCB00D7408003F2F40E0F8AF424F0F2F434CB46F430
:2040E000C000ED14258FDDCAE6F4002074F4CACAF3F8DDCA49838D39D7408003F2F40E0FED
:20410000FFF4D7408003F6F40E0FCB00F3F8DDCA4980FD2BE6F4FFDF64F4CACA058FDDCADE
:20412000CB00F2F434CB46F450028D15258F03CBE6F4FFDF64F4CACAF3F803CB47F80A0079
:204140008D14D7408003F2F40E0FFEF4D7408003F6F40E0FCB00F3F803CB4980FD06E6F464
:20416000002074F4CACA058F03CBCB00F2F4CCCA8AF41600F2F428CB46F422018D0A258F65
:20418000E4CAF3F8E4CA49838D22E01474F4CCCACB00F3F8E4CA4980FD1A058FE4CACB001A
:2041A000F2F428CB46F41801ED0C258F0ACBF3F80ACB47F80A008D0BE6F4FEFF64F4CCCAEB
:2041C000CB00F3F80ACB4980FD02058F0ACBCB00F2F4CCCA8AF41610F2F42ECB46F45401CA
:2041E0008D0A258FE5CAF3F8E5CA49838D22E02474F4CCCACB00F3F8E5CA4980FD1A058FD5
:20420000E5CACB00F2F42ECB46F44A01ED0C258F0BCBF3F80BCB47F80A008D0BE6F4FDFFC5
:2042200064F4CCCACB00F3F80BCB4980FD02058F0BCBCB00F2F4CCCA8AF41620F2F430CBF6
:2042400046F45E018D0A258FE6CAF3F8E6CA49838D22E04474F4CCCACB00F3F8E6CA498063
:20426000FD1A058FE6CACB00F2F430CB46F45401ED0C258F0CCBF3F80CCB47F80A008D0B81
:20428000E6F4FBFF64F4CCCACB00F3F80CCB4980FD02058F0CCBCB00F3F83BCB3D0AD74082
:2042A0008003F2F40E0FEFF4D7408003F6F40E0FCB00D7408003F2F40E0FEEF4D740800310
:2042C000F6F40E0FCB00F2F4CCCA8AF41730F2F436CB46F4800D8D0B258FE7CAF3F8E7CA84
:2042E00047F80A008D22E08474F4CCCACB00F3F8E7CA4980FD1A058FE7CACB00F2F436CB26
:2043000046F4800CED0C258F0DCBF3F80DCB47F832008D0BE6F4F7FF64F4CCCACB00F3F812
:204320000DCB4980FD02058F0DCBCB00D7400300F2F4843F7CA49AF41B00F3F815CB498383
:204340002D17D7408003F2F4120F7841D7408003F6F4120F258F18CBF3F818CB47F8640012
:204360008D188ED3E014F6F416CBF78E18CB0D11D7408003F2F4120F0EF4D7408003F6F4CB
:20438000120F8FD3F2F416CB2D04F68E16CB258F15CBF3F815CB49833D34D7408003F2F421
:2043A0000E0F8AF42E90D7408003F2F4120F3FF4D7508003F6F4120FF2F4120F7841D74044
:2043C0008003F6F4120FF3F8C3CA67F8FC007981F7F8C3CAF3F8C3CA67F8F3007984F7F850
:2043E000C3CAF3F8C3CA67F8CF0077F81000F7F8C3CAF3F8C3CA67F83F0077F84000F7F8DB
:20440000C3CACB00E10CE10AC0A45C14D444CACB2D05E11CE118F7F81ECB0D0309A149A246
:204420008DF349C0EA306845E6F53200F3F81ECB2D02E6F5960042F520CBFD07248F20CBE7
:20444000F68EF8CAF68EFACACB00F78E1ECBF2F436CB46F480008D2EF2F4FACA46F40A004B
:20446000FD03E0A424F4FACAF2F4F8CA48439D03248FF8CACB00F3F8C1CA67F8FC007981FE
:20448000F7F8C1CAF3F8C1CA67F8F3007984F7F8C1CAF3F8C1CA67F8CF0077F81000F7F851
:2044A000C1CAF3F8C1CA67F83F0077F84000F7F8C1CACB00F2F4F8CA46F40A00FD03E0A4F9
:2044C00024F4F8CAF2F4FACA46F414009D03248FFACACB00F3F8C1CA698349823D02E12AB1
:2044E0000D01E10A69A3F3F8C1CA67F8FC00718AF7F8C1CAF3F8C1CAC0847C246983498260
:204500003D02E12A0D01E10A69A35C25F3F8C1CA67F8F300718AF7F8C1CAF3F8C1CAC084D4
:204520007C44698349823D02E12A0D01E10A69A35C45F3F8C1CA67F8CF00718AF7F8C1CAFB
:20454000F3F8C1CAC0847C64698349823D02E12A0D01E10A69A35C65F3F8C1CA67F83F00E6
:20456000718AF7F8C1CACB00F68E20CBF2F4FACA46F40A00FD03E0A424F4FACAF2F4F8CA96
:2045800046F40A00FD03E0A424F4F8CACB00E10CE10AC0A45C14D444CACB46F420039D0259
:2045A000E11C0D0309A149A28DF449C03D64F2F432CB46F4D00CFD5FD7400300F2F4843F16
:2045C0007CA48AF40200E0140D01E00448402D53F2F422CB46F464009D09248F22CBD7506F
:2045E0008003F68E260FF68E1E0F0D47F2F436CB46F43000ED42D7408003F2F5260F46F509
:204600000A00FD0626F50A00D7408003F6F5260FD7408003F2F41E0FF0540851D7408003CA
:20462000F6F51E0F46F564008D28E6F46400D7408003F6F41E0FF3F8C1CA67F8FC00798253
:20464000F7F8C1CAF3F8C1CA67F8F30077F80800F7F8C1CAF3F8C1CA67F8CF0077F82000F4
:20466000F7F8C1CAF3F8C1CA67F83F0077F88000F7F8C1CA0D02F68E22CBD7408003F2F443
:20468000120F8AF40220EA00E647F2F436CB46F48000EA80E647D7408003F2F4260FF05411
:2046A0000851D7508003F6F5260FF68E1E0F46F51400EA80E647E6F41400D7408003F6F4CE
:2046C000260FF3F8C1CA698349813D02E11A0D01E10A69A3F3F8C1CA67F8FC00718AF7F87F
:2046E000C1CAF3F8C1CAC0847C24698349813D02E11A0D01E10A69A35C25F3F8C1CA67F88A
:20470000F300718AF7F8C1CAF3F8C1CAC0847C44698349813D02E11A0D01E10A69A35C4521
:20472000F3F8C1CA67F8CF00718AF7F8C1CAF3F8C1CAC0847C64698349813D02E11A0D01C8
:20474000E10A69A35C65F3F8C1CA67F83F00718AF7F8C1CAF3F8C3CA698349813D02E11AB0
:204760000D01E10A69A3F3F8C3CA67F8FC00718AF7F8C3CAF3F8C3CAC0847C2469834981D8
:204780003D02E11A0D01E10A69A35C25F3F8C3CA67F8F300718AF7F8C3CAF3F8C3CAC0845C
:2047A0007C44698349813D02E11A0D01E10A69A35C45F3F8C3CA67F8CF00718AF7F8C3CA86
:2047C000F3F8C3CAC0847C64698349813D02E11A0D01E10A69A35C65F3F8C3CA67F83F0071
:2047E000718AF7F8C3CACB00F3F8C1CA698349812D15F3F8C1CAC0847C24698349812D0EBE
:20480000F3F8C1CAC0847C44698349812D07F3F8C1CAC0847C64698349813D02E0150D01A2
:20482000E00568515C15D7408003F2F4120F1EF47045D7408003F6F4120FF3F8C1CA6983FA
:2048400049822D15F3F8C1CAC0847C24698349822D0EF3F8C1CAC0847C44698349822D079A
:20486000F3F8C1CAC0847C64698349823D02E0150D01E00568515C25D7408003F2F4120FE5
:204880002EF47045D7508003F6F4120FF2F5120F7C2568515C45D7408003F2F4120F4EF4A6
:2048A0007045D7408003F6F4120FF3F8C3CA698349812D15F3F8C3CAC0847C24698349811C
:2048C0002D0EF3F8C3CAC0847C44698349812D07F3F8C3CAC0847C64698349813D02E015B1
:2048E0000D01E00568515C35D7408003F2F4120F3EF47045D7408003F6F4120FCB00CA00B9
:204900002A37CA00CE37CA00F238CA00163ACA00D03ACA009842CA00E847CB00CA009A3B7E
:20492000CA00343CCA00023DCA00B63DCA00623ECA000E3FCA000640D7408003F2F4120F45
:204940008AF40650D7408003F2F4120F9AF40A60D7408003F2F40E0FAFF4D7408003F6F426
:204960000E0F0D09D7408003F2F40E0FAEF4D7408003F6F40E0FCA00CE40CB00CA006C410A
:20498000CA00D041CA003442CA00C642CA000444CA008E45CA002C43CA00144CCB00F2F467
:2049A00032CB46F4800C8D08CA005AB949802D04F68E10CB258FC0CACB00E10CE005C0C40A
:2049C0005C14C454CACB09C149C28DF9F2F410CB46F40A008D30F2F436CB46F480008D254A
:2049E000F3F8C1CA67F8FC007981F7F8C1CAF3F8C1CA67F8F3007984F7F8C1CAF3F8C1CABD
:204A000067F8CF0077F81000F7F8C1CAF3F8C1CA67F83F0077F84000F7F8C1CAF68E10CBD3
:204A2000258FC0CAF78E12CBCB00F68E10CB258FC0CAF78E12CBCB00F3F812CB4982EA9034
:204A40000E4CE00AF04A43F812CB2D06E005C0845C14C454CACB0D49E6FBF401F2FC32CB30
:204A600046FCD00CED03E6FB20030D3A46FC0816ED37E6F82C01E009F05C26F5D00CE6F448
:204A80002C011B45F2F90CFEF2F80EFEE6F63809E007F048F059CA000EC1F084F095E6F4AD
:204AA0002003E00520483059F084F09526F420033850FD04E6F82003E0090D09F048F059BD
:204AC00026F4F40138509D03E6F8F401E009F048F05926F4E8033850FD02E6FBE803F0B862
:204AE000F04AC0845C14C4B4CACB08A1F04A49828DA9F3FA12CBE0144C45F7F8F0CBF2F4F8
:204B000010CB46F40A00EA80124CF2F436CB46F43000ED55F3F812CB3D0FF3F8C1CA67F832
:204B2000FC007982F7F8C1CAF3F8C3CA67F8FC007982F7F8C3CA0D3EF3F812CB49813D118F
:204B4000F3F8C1CA67F8F30077F80800F7F8C1CAF3F8C3CA67F8F30077F80800F7F8C3CADF
:204B60000D29F3F812CB49823D11F3F8C1CA67F8CF0077F82000F7F8C1CAF3F8C3CA67F89A
:204B8000CF0077F82000F7F8C3CA0D14F3F812CB49833D10F3F8C1CA67F83F0077F8800036
:204BA000F7F8C1CAF3F8C3CA67F83F0077F88000F7F8C3CA258F12CBF68E10CB0D04F68E75
:204BC00010CB258F12CBF3F812CB4981FD22F3F8C1CA698349822D15F3F8C1CAC0847C24EF
:204BE000698349822D0EF3F8C1CAC0847C44698349822D07F3F8C1CAC0847C64698349820D
:204C00003D03F78FC0CACB00F78FC0CACB00F78FC0CACB00ECFDF2F432CB46F4D00C8D3024
:204C2000D7400300F2F4843F8AF42AA0248F10CBF3F8C0CA29812D0C29828D0D2D0F098574
:204C40002D1029812D3029813D18CA009E490D2BCA00BA490D28258FC0CA0D25F78FC0CAA6
:204C60000D22E00DE005F04DC0845C14C454CACB08D1F04D49828DF70D16F78EC0CA0D13DE
:204C8000E00DE005F04DC0845C14C454CACB08D1F04D49828DF7F3F8C5CA8AF40400F68EBF
:204CA00010CBF78EC0CAFCFDCB008FD3CB006EA0E6F425E5F6F440FE8ED36FA0CB00E6F4EA
:204CC000FF00F6F424CBE6F4C800F6F428CBF6F426CBF6F42ECBF6F430CBF68E32CBF68ED5
:204CE00036CBF78E3BCBE006E005F0465C14D7408003C454780086F657028DF7F68E58CB8D
:204D0000F68E5ACBD7400403F2F4D604F6F466CBF6F468CBE6F4A000F6F46ACBE6F46400FD
:204D2000F6F46CCBCB00F3F862CC49879D06E6F4FF00F6F424CBF78E6ECBF3F86ECB3D0327
:204D4000CA00AE4E0D38F3F86ECB49813D03CA0038500D31F3F86ECB49823D03CA00C2517E
:204D60000D2AF3F86ECB49833D03CA0032530D23F3F86ECB49843D03CA00AA540D1CF3F840
:204D80006ECB49853D03CA004A560D15F3F86ECB49863D03CA003A5C0D0EF3F86ECB49879E
:204DA0003D03CA008A5D0D07F3F86ECB47F808003D02CA00B65C258F6ECBF3F86ECB47F818
:204DC0000800FD02F78E6ECBF2F62ACBF046084242F42CCB8D05F2F42CCB084240469D297F
:204DE000F3F83CCB3D26F2F42CCB084240469D0EF3F83DCB49813D04E05404F43ECB0D02C4
:204E0000F68E3ECBE118F7F83DCB0D0BF3F83DCB3D04E05404F43ECB0D02F68E3ECBF78E73
:204E20003DCBF2F43ECB46F43075FD03E118F7F83CCBF3F83CCB2D0AF3F83DCB2D07F2F477
:204E40002CCBF6F426CBF6F628CBCB00F6F626CBF2F42CCBF6F428CBCB00248F58CBF2F4B8
:204E600058CB46F458028D02F68E58CBD7408003F2F5AE0DF2F458CB5C14D7408003C454DE
:204E80002805248F5ACBF2F45ACB46F480258D02F68E5ACBD7408003F2F5B40DF2F45ACB9E
:204EA0007C445C14D7408003C4547800CB00ECFDECFEECFF2802F2F424CB9AF42B10F2F85D
:204EC00068CBCA00A656F054F6F42CCBE6F4FDFF64F424CBD7408003F2F4100F9EF4D7404F
:204EE0008003F6F4100FE6F4FFFD64F464CBF6F544CBE00DF2F568CBF04DC0845C14D740C0
:204F00008003C454000008D1F04D47F80A008DF2EA002E50F2F668CBF086F076E01DF04D7F
:204F2000C08A5C1AD7408003D4BA000040B8FD01F08B40B79D01F07B006BD7408003C4BA95
:204F4000FEFF08D1F04D47F80A008DE9F2F468CBD7408003F6F41200F0462048F064206757
:204F6000F0967C39F0495C2420495C242049F0E4E00FF06F7C3E7C3F5CD670E6F089CA0089
:204F8000A656F0A4F2F544CBE6F413001B54F2F90CFEF2F80EFEE6F62D001BA6F2F70CFE87
:204FA000F2F60EFEF0E600E8F0F710F9F04E66F43F00F05F685026F420003850FD0AF04E6A
:204FC000F05FF06F7C647C655CA670460841B8400D07F04EF05FF06F7C645CA67046B840D9
:204FE000A840F6F444CBD7408003F2F4100F9AF40590E6F4C800F6F42CCB0D0DF2F464CB5C
:205000009AF40590F6FA2CCBF6FA44CB0D04F2F444CBF6F42CCBD7408003F2F5100F66F5A5
:205020000002F2F464CB9EF47045F6F464CB0802FCFFFCFEFCFDCB00ECFDECFEECFF28024E
:20504000F2F424CB9AF42B00F2F866CBCA001E58F054F6F42ACBE6F4FEFF64F424CBD7400F
:205060008003F2F4100F8EF4D7408003F6F4100FE6F4FFFE64F464CBF6F546CBE00DF2F555
:2050800066CBF04DC0845C14D7408003C454140008D1F04D47F80A008DF2EA00B851F2F66F
:2050A00066CBF086F076E01DF04DC08A5C1AD7408003D4BA140040B8FD01F08B40B79D01A7
:2050C000F07B006BD7408003C4BA120008D1F04D47F80A008DE9F2F466CBD7408003F6F460
:2050E0002600F0462048F0642067F0967C39F0495C2420495C242049F0E4E00FF06F7C3EEF
:205100007C3F5CD670E6F089CA001E58F0A4F2F546CBE6F413001B54F2F90CFEF2F80EFEC0
:20512000E6F62D001BA6F2F70CFEF2F60EFEF0E600E8F0F710F9F04E66F43F00F05F685032
:2051400026F420003850FD0AF04EF05FF06F7C647C655CA670460841B8400D07F04EF05F3F
:20516000F06F7C645CA67046B840A840F6F446CBD7408003F2F4100F9AF40580E6F4C80009
:20518000F6F42ACB0D0DF2F464CB9AF40580F6FA2ACBF6FA46CB0D04F2F446CBF6F42ACB21
:2051A000D7408003F2F5100F66F50001F2F464CB8EF47045F6F464CB0802FCFFFCFEFCFD96
:2051C000CB00ECFDECFEF2F424CB9AF42F30D7408003F2F8A80DCA007E59F054F6F42ECB6E
:2051E000E6F4F7FF64F424CBD7408003F2F4100FAEF4D7408003F6F4100FE6F4FFFB64F488
:2052000064CBF6F548CBE00DD7408003F2F5A80DF04DC0845C14D7408003C454280008D19A
:20522000F04D47F80A008DF0EA002C53D7408003F2F6A80DF086F076E01DF04DC08A5C1AF5
:20524000D7408003D4BA280040B8FD01F08B40B79D01F07B006BD7408003C4BA260008D10B
:20526000F04D47F80A008DE9D7408003F2F4A80DD7408003F6F43A00F0462048F0642067C6
:20528000F0467C34F084CA007E59F0A4F2F448CBE00500441055F064F075E6F43E001BA468
:2052A000F2F90CFEF2F80EFE00861095F04866F43F00F059685026F420003850FD0AF04805
:2052C000F059F0697C647C655CA670460841F0E40D07F048F059F0697C645CA67046F0E43C
:2052E000F6FE48CBD7408003F2F4100F9AF405A0E6F4C800F6F42ECB0D0DF2F464CB9AF493
:2053000005A0F6FA2ECBF6FA48CB0D04F2F448CBF6F42ECBD7408003F2F5100F66F5000410
:20532000F2F464CBAEF47045F6F464CBFCFEFCFDCB00ECFDECFEF2F424CB9AF42F20D7408E
:205340008003F2F8B20DCA00DC5AF054F6F430CBE6F4FBFF64F424CBD7408003F2F4100F3E
:20536000BEF4D7408003F6F4100FE6F4FFF764F464CBF6F54ACBE00DD7408003F2F5B20D54
:20538000F04DC0845C14D7408003C4543C0008D1F04D47F80A008DF0EA00A454D7408003D6
:2053A000F2F6B20DF086F076E01DF04DC08A5C1AD7408003D4BA3C0040B8FD01F08B40B7A4
:2053C0009D01F07B006BD7408003C4BA3A0008D1F04D47F80A008DE9D7408003F2F4B20DF3
:2053E000D7408003F6F44E00F0462048F0642067F0467C34F084CA00DC5AF0A4F2F54ACB78
:20540000E6F413001B54F2F90CFEF2F80EFEE6F62D001BA6F2F70CFEF2F60EFEF046004816
:20542000F0571059F084F09566F43F00685026F420003850FD0AF048F059F0697C647C650E
:205440005CA670460841F0E40D07F048F059F0697C645CA67046F0E4F6FE4ACBD74080037A
:20546000F2F4100F9AF405B0E6F4C800F6F430CB0D0DF2F464CB9AF405B0F6FA30CBF6FA10
:205480004ACB0D04F2F44ACBF6F430CBD7408003F2F5100F66F50008F2F464CBBEF4704587
:2054A000F6F464CBFCFEFCFDCB00E00AE008E009E006F0465C14D7408003D4442805E0050A
:2054C0000084109586F657028DF4E6F65802E007F048F059CA000EC1F084F095E6F6C90177
:2054E000E007CA00F6C0F084F095F0657C587C595CB67086F2FC4CCBF04C06F44006F06471
:20550000E007F048F05920463057ED0AF04806F44006F0591850F02CE003204C30579D0285
:20552000E00B0D5DF01C06F12003F061E007F048F05920413057ED08F04806F42003F059BC
:205540001850204230539D02E04B0D49F2F44CCB06F4E001F064E007F048F059204630575D
:20556000ED0AF04806F4E001F0591850F2F64CCB204630579D02E08B0D32F2F44CCB06F444
:205580004001F064E007F048F05920463057ED0AF04806F44001F0591850F2F64CCB2046A1
:2055A00030579D03E6FB1C000D1AF2F44CCB06F4A000F064E007F048F05920463057ED0A69
:2055C000F04806F4A000F0591850F2F64CCB204630579D03E6FB1E000D02E6FB1F00F04B73
:2055E000C08CE6F42000204CF064E007F048F059CA00F6C0F084F095F2F54CCB1B5CF2F568
:205600000CFEF2F40EFE00841095F04866F41F00F059685026F4100038508D02E01A0D016A
:20562000E00AF048F059F0697C545CB6704600A4F6FA34CB46FA40009D01E00AF6FA32CB86
:20564000F2F434CBF6F44CCBCB00E008E009E00AE006F0465C14D7408003D4447800E00543
:205660000084109586F657028DF4E6F65802E007F048F059CA000EC1F084F095E6F6664CED
:20568000E007CA00F6C0F084F095F0657CB85C567086F0A846FA49009D01E00AF6FA36CBDF
:2056A000F6FA4ECBCB00D7408003F2F4100F9AF42C9046F814008D2446F8DF03ED21258F48
:2056C0005DCBF3F85DCB47F81E008D1CF78E5DCBD7408003F2F4100F9EF4D7508003F6F417
:2056E000100FF2F4100F3EF4D7508003F6F4100FF2F4100F2EF4D7408003F6F4100F0D02C8
:20570000F78E5DCBE6F7C8000D7946F8E803FD0AE6F4FBFF64F464CBE08474F464CBE6F74E
:20572000C8000D3846F80A009D0AE04474F464CBE6F4F7FF64F464CBE6F7C8000D2BE6F4A4
:20574000FBFF64F464CBE6F4F7FF64F464CBD7400403F2F5460340589D02E0070D1BD740C6
:205760000403F2F566064058FD03E6F790010D12E006F0465C14D7400403D45446034058F7
:20578000FD0386F68F018DF546F69001FD02E6F69001F076F2F464CB8AF40420F2F464CB10
:2057A0009AF42A30258F5DCBF3F85DCB47F81E008D25F78E5DCBD7408003F2F4100F9FF424
:2057C000D7408003F6F4100FF2F464CB9AF40A20D7408003F2F4100F3FF4D7408003F6F403
:2057E000100F0D0CD7408003F2F4100F7844D7408003F6F4100F0D02F78E5DCBD74080031D
:20580000F2F5100F6854D7408003F2F4100F2EF47045D7408003F6F4100FF047CB00D74094
:205820008003F2F4100F9AF42C8046F814008D2446F8DF03ED21258F5CCBF3F85CCB47F849
:205840001E008D1CF78E5CCBD7408003F2F4100F8EF4D7508003F6F4100FF2F4100F1EF4EA
:20586000D7508003F6F4100FF2F4100F0EF4D7408003F6F4100F0D02F78E5CCBE6F7C8006B
:205880000D6D46F8E803FD0AE6F4FEFF64F464CBE02474F464CBE6F7C8000D3846F80A0033
:2058A0009D0AE01474F464CBE6F4FDFF64F464CBE6F7C8000D2BE6F4FEFF64F464CBE6F444
:2058C000FDFF64F464CBD7400403F2F5460340589D02E0070D1BD7400403F2F566064058A8
:2058E000FD03E6F790010D12E006F0465C14D7400403D45446034058FD0386F68F018DF5DA
:2059000046F69001FD02E6F69001F076F2F464CB8AF40400F2F464CB9AF41E10258F5CCBA5
:20592000F3F85CCB47F81E008D19F78E5CCBD7408003F2F4100F8FF4D7408003F6F4100FE1
:20594000F2F464CB9AF40400E01474F464CB0D06E02474F464CB0D02F78E5CCBD740800312
:20596000F2F5100F6851D7408003F2F4100F0EF47045D7408003F6F4100FF047CB00D74056
:205980008003F2F4100F9AF42CA046F814008D2446F8DF03ED21258F5ECBF3F85ECB47F8C4
:2059A0001E008D1CF78E5ECBD7408003F2F4100FAEF4D7508003F6F4100FF2F4100F5EF427
:2059C000D7508003F6F4100FF2F4100F4EF4D7408003F6F4100F0D02F78E5ECBE6F7C800C8
:2059E0000D7B46F8E803FD0BE6F4EFFF64F464CBE6F4200074F464CBE6F7C8000D3946F8E5
:205A00000A009D0BE6F4100074F464CBE6F4DFFF64F464CBE6F7C8000D2BE6F4EFFF64F417
:205A200064CBE6F4DFFF64F464CBD7400403F2F58A0940589D02E0070D1BD7400403F2F515
:205A4000AA0C4058FD03E6F790010D12E006F0465C14D7400403D4548A094058FD0386F6F2
:205A60008F018DF546F69001FD02E6F69001F076F2F464CB8AF40440F2F464CB9AF42A5081
:205A8000258F5ECBF3F85ECB47F81E008D25F78E5ECBD7408003F2F4100FAFF4D74080037C
:205AA000F6F4100FF2F464CB9AF40A40D7408003F2F4100F5FF4D7408003F6F4100F0D0C42
:205AC000D7408003F2F4100F4FF4D7408003F6F4100F0D02F78E5ECBF047CB00D7408003E8
:205AE000F2F4100F9AF42CB046F814008D2446F8DF03ED21258F5FCBF3F85FCB47F81E00B6
:205B00008D1CF78E5FCBD7408003F2F4100FBEF4D7508003F6F4100FF2F4100F7EF4D7508B
:205B20008003F6F4100FF2F4100F6EF4D7408003F6F4100F0D02F78E5FCBE6F7C8000D7BE4
:205B400046F8E803FD0BE6F4BFFF64F464CBE6F4800074F464CBE6F7C8000D3946F80A00D1
:205B60009D0BE6F4400074F464CBE6F47FFF64F464CBE6F7C8000D2BE6F4BFFF64F464CBF1
:205B8000E6F47FFF64F464CBD7400403F2F5680640589D02E0070D1BD7400403F2F58809D7
:205BA0004058FD03E6F790010D12E006F0465C14D7400403D45468064058FD0386F68F01DC
:205BC0008DF546F69001FD02E6F69001F076F2F464CB8AF40460F2F464CB9AF42A70258FBC
:205BE0005FCBF3F85FCB47F81E008D25F78E5FCBD7408003F2F4100FBFF4D7408003F6F4D2
:205C0000100FF2F464CB9AF40A60D7408003F2F4100F7FF4D7408003F6F4100F0D0CD74073
:205C20008003F2F4100F6FF4D7408003F6F4100F0D02F78E5FCBF047CB00E00AD740800392
:205C4000F2F8A60DE009E6F64500E007F048F05ACA00F6C0F084F095F0657C887C895C867B
:205C60007086E076E007F048F059CA00F6C0F084F095F2F450CBE00500841095F048684701
:205C8000F0596850284438508D01E01AF048F059F0697C345CD6704600A446FAFF00FD0332
:205CA000F78F38CB0D03F04AF7F838CBC2F438CBF6F450CBCB00E00AF2F86ACBE009E0764E
:205CC000E007F048F05ACA00F6C0F084F095F2F452CBE00500841095F0486847F0596850E9
:205CE000284438508D01E01AF048F059F0697C345CD6704600A446FAFF00FD03F78F39CB49
:205D00000D03F04AF7F839CBC2F439CBF6F452CBCB00E00AF2F86CCBE009E6F64500E007BE
:205D2000F048F05ACA00F6C0F084F095F0657C887C895C867086E076E007F048F059CA00AA
:205D4000F6C0F084F095F2F454CBE00500841095F0486847F0596850284438508D01E01A1D
:205D6000F048F059F0697C345CD6704600A446FAFF00FD03F78F3ACB0D03F04AF7F83ACB05
:205D8000C2F43ACBF6F454CBCB00F3F83BCB49813D17F2F56CCB46F5AA00ED0346F55500E2
:205DA0009D0C258F6FCBF3F86FCB4983FD27E138F7F86FCBF78E3BCBCB00F78E6FCBCB0015
:205DC000F2F56CCB46F5AA009D1046F55500FD0DF3F86FCB4980FD02058F6FCBF3F86FCB99
:205DE0003D0DE118F7F83BCBCB00258F6FCBF3F86FCB4983FD03E138F7F86FCBCB00F68E30
:205E00002ECCE118F7F82CCCF78E2DCCE102E10AC028D7508003E4A8AC0CE4A8B30CE00556
:205E2000F0485C14D7408003C4548A0DF0985C3900985C19D7508003C459C20CC459C40CC5
:205E4000E10CD7408003E4C9C60CE10CD7408003E4C9CF0CE10CD7408003E4C9D00CE00637
:205E6000D7408003C469D20CE10AD7508003E4A8980DE4A8BA0C092149278DC9CB00F04872
:205E800049813D04E118F7F82CCCCB00F78E2CCCF78E32CCCB00E10EC0E9F0695C26D750E7
:205EA0000403D4460215D456041500441055004410557C24DC45A884F0495C14D740040361
:205EC000D4441E1560482D06E11AD7408003E4A9AC0C0D05E10AD7408003E4A9AC0C09E1FC
:205EE00049E78DDAE10EE11AC0E4D7408003E4A4B30C09E149E78DF8CB00E10CC0C55C154F
:205F0000D7408003D4458A0D0841D7408003C4458A0D09C149C78DF2CB00E6F4D615E6F5F0
:205F20000403F0A4F0B5E1040D6109414945ED65DC5BA84AD45A020066F5FF002048305900
:205F40003D54F048F05926F4FFFF36F5FF003D4BE102E11AC02CD7408003E4ACAC0CE10ACE
:205F6000D7508003E4ACAC0CE4ACB30CE006F03C5C33003C5C13D7608003C463C20CC463BE
:205F8000C40CE4C3C60CE10CD7408003E4C3CA0CE10CD7408003E4C3CB0CE10CD740800328
:205FA000E4C3CC0CE10CD7408003E4C3CD0CE10CD7408003E4C3CE0CE10CD7408003E4C325
:205FC000CF0CE10CD7408003E4C3D00CE006D7408003C463D20CE10AD7408003E4AC980D9D
:205FE000092149278DB6E108CB0008A4DC5BA84AD45A020028403850ED98E118CB00ECFDE9
:20600000ECFEECFFE00EE00FF3F832CC49859D02258F32CCD7408003F3F83D0B49813D07EB
:20602000F3F832CC49858D03E118F7F82CCCF3F82CCC49813D30E00DF04DC0865C26D75006
:206040000403D426BC14D436BE14C084D7408003F484AC0CF0E4F04DC084D7408003F4841E
:20606000B30CF0F4C08CF04DC084D7408003F484BA0CC08BF04EC08AF082F093CA005E6781
:20608000F05EF04DC084D7408003E4A4BA0C08D1F04D49878DD1FCFFFCFEFCFDCB00ECFD63
:2060A000ECFEF2F42ECC9AF40210EA002262E00DF05DF04DC0875C27D7408003E4A7400D55
:2060C000E10AD7408003E4A7410DE10AD7408003E4A7420DE10AD7408003E4A7430D08D1CA
:2060E000F04D49878DE5E00DF04DC085F0655C3600655C16D7508003D446C20CD456C40C68
:206100007045EA201862F04DC085F0455C3400455C14D7508003D484C20CD494C40CCA0078
:20612000666AF0E449879D73F04DC087F0875C3800875C18D7408003F488C60C9AF40E309D
:20614000D7408003F428CF0C47F2FF009D0CF1820981D7408003E488CF0C0D05E10CD740D9
:206160008003E4C8CF0CD7408003F448C60C8AF20710F18467F8DF00D7408003E488C60C4F
:20618000D7408003F488C60C9AF40620E10CD7408003E4C8D00C0D1CD7408003F468D00C59
:2061A00047F6FF009D06F1860981D7408003E488D00CD7408003F488D00C49838D09E10CDC
:2061C000D7608003E4C8C60CE4C8D00CE4C8CF0CD7408003F4A8C60C67FA4D00F04EC08440
:2061E0005C24D7508003E4A4410DF4A8CF0CF04EC0845C24D7508003E4A4420DF4A8D00C2D
:20620000F04EC0845C24D7408003E4A4430D08D1F04D4987EA80E860F78E31CCE02474F484
:206220002ECCFCFEFCFDCB00ECFDECFEE00DF05DF04DC0875C27D7408003E4A75C0DE10A19
:20624000D7408003E4A75D0DE10AD7408003E4A75E0DE10AD7408003E4A75F0D08D1F04DA2
:2062600049878DE5E00DF04DC085F0655C3600655C16D7508003D446C20CD456C40C70456E
:20628000EA20A263F04DC085F0455C3400455C14D7508003D484C20CD494C40CCA00666A51
:2062A000F0E449879D79F04DC087F0875C3800875C18D7408003F428C60C9AF11D309AF1AF
:2062C0001B20D7408003F448CF0C47F4FF009D0AF1A409A1F04EC0845C24D7408003E4A48E
:2062E0005E0D0D12E7FAFF00F04EC0845C24D7408003E4A45E0D0D08E10AF04EC0845C24A3
:20630000D7408003E4A45E0D9AF11220E10CD7408003E4C8D00CE10AF04EC0895C29D760F6
:206320008003E4A95F0DF4A8C60CE4A95D0D0D34D7408003F468D00C47F6FF009D0AF1A6EF
:2063400009A1F04EC0845C24D7408003E4A45F0D0D09E7FAFF00F04EC0845C24D740800371
:20636000E4A45F0DF04EC08B5C2BD7408003F48B5F0D49818D11F1A267FAF700D7408003A7
:20638000E4AB5D0DE10AD7408003E4AB5F0DE10AD7408003E4AB5E0D08D1F04D4987EA80B5
:2063A0006662FCFEFCFDCB00ECFDF2F42ECC9AF43220E6F4F7FF64F42ECCF3F431CC494718
:2063C0009D23C048F0485C2406F48000F128C0465C26E6F4400DE6F580030046F064F0759E
:2063E000088148879D05E08DE12805F831CC0D03E04D258F31CCF04DC08BF0A7F096C028B8
:20640000CA00EA8BE1080D08E6F4FBFF64F42ECCE08474F42ECCE118FCFDCB00F2F42ECCB6
:206420008AF40310E04474F42ECCCA009E60BBBCF1A849A13D04E6F4FDFF64F42ECCF18A9F
:20644000CB00F3F82DCC3D04E118F7F82DCC0D02CA00FE5FCA002862CA007A83CB00E1026C
:20646000E10EC0E9F0A95C3A00A95C1AD7508003D44AC20CD45AC40C70453D02F182CB0070
:20648000D7408003F44AC60C67F44D00F184604849802D01092109E149E78DE3F182CB00A4
:2064A000ECFDE00BE104C045F0655C3600655C16D7508003D4C6C20CD4D6C40CF04C704DDB
:2064C0003D02F04B0D41C045F0455C3400455C14D7408003F464C60C67F64D00C045F065AD
:2064E0005C3600655C16D7508003D4C6C20CD4D6C40CF186604849802D23F04DE005F12834
:2065000067F2FF00F0690891DC4AB926F04CF05DF06D7C847C855C867046F12867F2FF003C
:20652000F0690891DC4AB926F01C67F2FF00F0690891DC4AB926F0690891DC4AB96608B416
:20654000094149478DB0F04BFCFDCB00E004CB00E00CE106E104C045F0455C3400455C143F
:20656000D7508003D464C20CD474C40CF048F05920463057EA30A866C045F0455C340045AE
:206580005C14D7408003F484C60CF16867F64D00F049E005F12867F2FF00F06A08A1DC4BEB
:2065A000B926F048F059F0697C847C855C867046F12867F2FF00F06A08A1DC4BB926F01807
:2065C00067F2FF00F06A08A1DC4BB926F06A08A1DC4BB966E112F06A08A1DC4BB926C04510
:2065E000F0455C3400455C14D7408003F424CA0CF06A08A1DC4BB926C045F0455C34004581
:206600005C14D7408003F424CD0CF06A08A1DC4BB926C045F0455C3400455C14D74080035D
:20662000F424CE0CF06A08A1DC4BB926C045F0455C3400455C14D7408003F424CF0CF06AF9
:2066400008A1DC4BB926C045F0455C3400455C14D7408003F424D00CF06A08A1DC4BB92675
:20666000C045F0455C3400455C14D7408003D444D20C7C8466F4FF00F128F06A08A1DC4B6F
:20668000B926C045F0455C3400455C14D7408003D444D20C66F4FF00F128F06A08A1DC4B70
:2066A000B92606FC0C000D0409414947EA805665F04CCB00E00CE106E104C0465C26D7506F
:2066C0000403D4A6BC14D4B6BE14E106E102C025F0455C3400455C14D7508003D464C20C34
:2066E000D474C40CF04AF05B204630573D0DC025F0455C3400455C14D7408003F484C60C83
:20670000F16867F64D000D03092149278DE0F04BE005F12867F2FF00F0680881DC49B926E9
:20672000F04AF05BF06B7C847C855C867046F12867F2FF00F0680881DC49B926F01A67F227
:20674000FF00F0680881DC49B926F0680881DC49B96608C4094149478DB0F04CCB00ECFD5D
:20676000ECFEECFFF0DC88B088A0F0E8F0F92802E004B840CA00286AB840F04D49803D15A5
:20678000A860F076FEF7F0875C3800875C18D7608003C4E8C20CC4F8C40CF488C60C77F813
:2067A0004000D7408003E488C60CA8609AF604F0F4800200EA20526946F6FFFF3D02EA0097
:2067C0005269FEF6B860F480020049813D5FA870F0875C3800875C18D7508003C4E8C20CD4
:2067E000C4F8C40CE10CD7508003E4C8CE0CF488C60C7981D7408003E488C60CF480040058
:206800003D0CD7408003F4A8CA0C47FAFF009D0509A1D7408003E4A8CA0CD7408003F48786
:20682000980D0981D7408003E487980D49838D55E13AD7408003E4A7980DF0675C16D7400C
:206840008003D4468A0D0841D7408003C4468A0D46F40A008D42D7408003D458D20C46F58E
:2068600060EA9D050851D7408003C458D20CD7408003F488C60C7984D7408003E488C60C82
:20688000E005D7408003C4568A0D0D27A870F0575C3500575C15D7408003F485C60C67F898
:2068A000FE00D7408003E485C60CF0575C15D7408003D4658A0D4860FD052861D740800316
:2068C000C4658A0DD7408003F4A7980D49A0FD0529A1D7408003E4A7980DF04D49813D2338
:2068E000A890F0895C3800895C18D7408003D448D20C4845FD0DE006D7508003C468D20C91
:20690000F488C60C77F80800D7408003E488C60CD7408003F488C60C67F8BF00D74080033A
:20692000E488C60C0D16A8508AF513F0F065FEF6B860F0465C3600645C16D7408003F4A649
:20694000CE0C47FAFF009D0509A1D7408003E4A6CE0C0806FCFFFCFEFCFDCB0006F0F0FF27
:20696000E6F4002CE6F51103F0A4F0B5E10C0D16DC5BA82AD43A0200F042F053204830595A
:206980003D0409C149C39D160D07F04270433D04B880C49002000D0E06FA1000F04AF05BB5
:2069A0004AF5F40E4AF5F41F7C2526F4007336F5C4008DDE06F01000CB00E6F4002CE6F50A
:2069C0001103F0A4F0B50D1126FA1200DC5BA84AD45A0200204830593D08F04AF05B4AF5C7
:2069E000F40E4AF5F41F7C25CB00F04AF05B26F4002036F511039DE8E6F4FFFFE6F5FFFFA3
:206A0000CB00E10EC0E65C26D7500403D446BC14D456BE14204830593D02E004CB0009E1B7
:206A200049E78DF0E004CB00E10EC0EAF0BA5C3B00BA5C1BD7508003D42BC20CD43BC40C99
:206A4000F042F053204830593D02C0E4CB00F04270433D03C0E4FFF4CB0009E149E78DE50F
:206A6000E6F4FFFFCB00E10EC0E65C26D7500403D446BC14D456BE14204830593D02F18E99
:206A8000CB0009E149E78DF0E7F8FF00CB00ECFDF048F05900441055004410557C24F0C4DB
:206AA000F0D5F04AF05B00441055004410557C24F084F095E104DC499928F06C08C1DC4D88
:206AC000B926094147F412008DF6FCFDCB00ECFD06F0F8FFE10EE10CC0E5F0400045B9C4B0
:206AE00009E147FE08008DF8F3F8A1CB47F881003D08F78E33CCF78E34CCE7F88000F7F827
:206B0000A1CBF3F433CC49478D04F3F834CC49819D38C048F0485C2406F48800F128F040ED
:206B2000E00506F4000016F5000000441055004410557C24F064F075088148879D05E08D59
:206B4000E12805F833CC0D03E04D258F33CCF3F833CC49878D08258F34CCF3F834CC498188
:206B6000ED02F78E33CCF04DC08BF0A7F096C028CA00EA8B49803D03E7F8FF000D03E108F6
:206B80000D01E11806F00800FCFDCB00DC4BA9CADC49B9C8DC4BF4CA0100DC49E4C8010034
:206BA000DC4BF4CA0200DC49E4C80200DC4BF4CA0300DC49E4C80300DC4BF4CA0400DC4951
:206BC000E4C80400DC4BF4CA0500DC49E4C80500DC4BF4CA0600DC49E4C80600DC4BF4CA9E
:206BE0000700DC49E4C80700DC4BF4CA0800DC49E4C80800DC4BF4CA0900DC49E4C8090028
:206C0000DC4BF4CA0A00DC49E4C80A00DC4BF4CA0B00DC49E4C80B00DC4BF4CA0C00DC49C8
:206C2000E4C80C00DC4BF4CA0D00DC49E4C80D00DC4BF4CA0E00DC49E4C80E00DC4BF4CA15
:206C40000F00DC49E4C80F00CB000D06DC4B992AF0680881DC49B926F05C28C149A03DF647
:206C6000CB00DC4BA9AADC49A988518ADC49B988DC4BF4AA0100DC49F4880100518ADC49D0
:206C8000E4880100DC4BF4AA0200DC49F4880200518ADC49E4880200DC4BF4AA0300DC49C2
:206CA000F4880300518ADC49E4880300DC4BF4AA0400DC49F4880400518ADC49E488040008
:206CC000DC4BF4AA0500DC49F4880500518ADC49E4880500DC4BF4AA0600DC49F488060061
:206CE000518ADC49E4880600DC4BF4AA0700DC49F4880700518ADC49E4880700DC4BF4AA76
:206D00000800DC49F4880800518ADC49E4880800DC4BF4AA0900DC49F4880900518ADC49D6
:206D2000E4880900DC4BF4AA0A00DC49F4880A00518ADC49E4880A00DC4BF4AA0B00DC49F9
:206D4000F4880B00518ADC49E4880B00DC4BF4AA0C00DC49F4880C00518ADC49E4880C003F
:206D6000DC4BF4AA0D00DC49F4880D00518ADC49E4880D00DC4BF4AA0E00DC49F4880E0098
:206D8000518ADC49E4880E00DC4BF4AA0F00DC49F4880F00518ADC49E4880F00CB0088C067
:206DA000D4500200A840DC45A9E4DC4BA9CA51CEDC49B9C8D4500200A840DC45F4E40100B0
:206DC000DC4BF4CA010051CEDC49E4C80100D4500200A840DC45F4E40200DC4BF4CA0200EC
:206DE00051CEDC49E4C80200D4500200A840DC45F4E40300DC4BF4CA030051CEDC49E4C8BF
:206E00000300D4500200A840DC45F4E40400DC4BF4CA040051CEDC49E4C80400D450020061
:206E2000A840DC45F4E40500DC4BF4CA050051CEDC49E4C80500D4500200A840DC45F4E486
:206E40000600DC4BF4CA060051CEDC49E4C80600D4500200A840DC45F4E40700DC4BF4CA58
:206E6000070051CEDC49E4C80700D4500200A840DC45F4E40800DC4BF4CA080051CEDC49D4
:206E8000E4C80800D4500200A840DC45F4E40900DC4BF4CA090051CEDC49E4C80900D45023
:206EA0000200A840DC45F4E40A00DC4BF4CA0A0051CEDC49E4C80A00D4500200A840DC45CD
:206EC000F4E40B00DC4BF4CA0B0051CEDC49E4C80B00D4500200A840DC45F4E40C00DC4BAA
:206EE000F4CA0C0051CEDC49E4C80C00D4500200A840DC45F4E40D00DC4BF4CA0D0051CEA7
:206F0000DC49E4C80D00D4500200A840DC45F4E40E00DC4BF4CA0E0051CEDC49E4C80E008D
:206F2000D4500200A840DC45F4E40F00DC4BF4CA0F0051CEDC49E4C80F000802CB00F04A39
:206F4000F05BF068F079CA00626CCB00DC49A988C084D7400403F4C4BC0FDC59B9C8F48855
:206F60000400C084D7400403F4C4BC0FDC59E4C80400F4880800C084D7400403F4C4BC0FDA
:206F8000DC59E4C80800F4880C00C084D7400403F4C4BC0FDC69E4C80C00F4A80100F48885
:206FA0000500C084D7400403F4C4BC0FDC59E4C80100F4880900C084D7400403F4C4BC0F9B
:206FC000DC59E4C80500F4880D00C084D7400403F4C4BC0FDC49E4C80900C0A4D740040301
:206FE000F4C4BC0FDC69E4C80D00F4A80200F4880A00C084D7400403F4C4BC0FDC49E4C836
:207000000200C0A4D7400403F4C4BC0FDC69E4C80A00F4A80600F4880E00C084D7400403E0
:20702000F4C4BC0FDC49E4C80600C0A4D7400403F4C4BC0FDC69E4C80E00F4A80F00F488CB
:207040000B00C084D7400403F4C4BC0FDC59E4C80F00F4880700C084D7400403F4C4BC0FE8
:20706000DC59E4C80B00F4880300C084D7400403F4C4BC0FDC49E4C80700C0A4D740040366
:20708000F4C4BC0FDC49E4C80300CB00F028F03906F0F0FFF0B9F0A8F080E00906F8000010
:2070A00016F9000000881099008810997C28CA008C6BF4800500C084D7400403F4A4BC11BA
:2070C000A980C084D7400403F484BC10518AC086F4800A00C084D7400403F484BC0FC08558
:2070E0005056F4800F00C084D7400403F484BC0FC0845045F1C8DC43B9C2F4800500C084D9
:20710000D7400403F4A4BC10A980C084D7400403F484BC0F518AC086F4800A00C084D74025
:207120000403F484BC11C0855056F4800F00C084D7400403F484BC0FC0845045F1C8DC433F
:20714000E4C20100F4800500C084D7400403F4A4BC0FA980C084D7400403F484BC0F518AA1
:20716000C086F4800A00C084D7400403F484BC10C0855056F4800F00C084D7400403F4845D
:20718000BC11C0845045F1C8DC43E4C20200F4800500C084D7400403F4A4BC0FA980C0841E
:2071A000D7400403F484BC11518AC086F4800A00C084D7400403F484BC0FC0855056F480C9
:2071C0000F00C084D7400403F484BC10C0845045F1C8DC43E4C20300F4800900C084D740C8
:2071E0000403F4A4BC11F4800400C084D7400403F484BC10518AC086F4800E00C084D74007
:207200000403F484BC0FC0855056F4800300C084D7400403F484BC0FC0845045F1C8DC436C
:20722000E4C20400F4800900C084D7400403F4A4BC10F4800400C084D7400403F484BC0F44
:20724000518AC086F4800E00C084D7400403F484BC11C0855056F4800300C084D740040320
:20726000F484BC0FC0845045F1C8DC43E4C20500F4800900C084D7400403F4A4BC0FF480B9
:207280000400C084D7400403F484BC0F518AC086F4800E00C084D7400403F484BC10C085B7
:2072A0005056F4800300C084D7400403F484BC11C0845045F1C8DC43E4C20600F480090030
:2072C000C084D7400403F4A4BC0FF4800400C084D7400403F484BC11518AC086F4800E0027
:2072E000C084D7400403F484BC0FC0855056F4800300C084D7400403F484BC10C084504508
:20730000F1C8DC43E4C20700F4800D00C084D7400403F4A4BC11F4800800C084D7400403C2
:20732000F484BC10518AC086F4800200C084D7400403F484BC0FC0855056F4800700C08423
:20734000D7400403F484BC0FC0845045F1C8DC43E4C20800F4800D00C084D7400403F4A4F2
:20736000BC10F4800800C084D7400403F484BC0F518AC086F4800200C084D7400403F484AF
:20738000BC11C0855056F4800700C084D7400403F484BC0FC0845045F1C8DC43E4C20900B5
:2073A000F4800D00C084D7400403F4A4BC0FF4800800C084D7400403F484BC0F518AC08645
:2073C000F4800200C084D7400403F484BC10C0855056F4800700C084D7400403F484BC1184
:2073E000C0845045F1C8DC43E4C20A00F4800D00C084D7400403F4A4BC0FF4800800C08426
:20740000D7400403F484BC11518AC086F4800200C084D7400403F484BC0FC0855056F4806E
:207420000700C084D7400403F484BC10C0845045F1C8DC43E4C20B00F4800100C084D7406D
:207440000403F4A4BC11F4800C00C084D7400403F484BC10518AC086F4800600C084D740A4
:207460000403F484BC0FC0855056F4800B00C084D7400403F484BC0FC0845045F1C8DC4302
:20748000E4C20C00F4800100C084D7400403F4A4BC10F4800C00C084D7400403F484BC0FDA
:2074A000518AC086F4800600C084D7400403F484BC11C0855056F4800B00C084D7400403BE
:2074C000F484BC0FC0845045F1C8DC43E4C20D00F4800100C084D7400403F4A4BC0FF48057
:2074E0000C00C084D7400403F484BC0F518AC086F4800600C084D7400403F484BC10C08555
:207500005056F4800B00C084D7400403F484BC11C0845045F1C8DC43E4C20E00F4800100C5
:20752000C084D7400403F4A4BC0FF4800C00C084D7400403F484BC11518AC086F4800600C4
:20754000C084D7400403F484BC0FC0855056F4800B00C084D7400403F484BC10C08450459D
:20756000F1C8DC43E4C20F0006F01000CB00ECFDECFEECFFF02BF03CF0DAF04A07F8F000B5
:207580002D0F07F8F8002D0C07F8F8002D090D00E10CDC43E4C2F000E7F8FF00EA0058770C
:2075A000F04DC08CF0B9F0A8F093F082CA004A6CF04DC08406F41C005C24F0F4C0847C448D
:2075C000F1C829C1DC43E4C2F000F01DE01CEA004E77C026F0420046DC43F484FCFFF0B407
:2075E000C026F0420046DC43F484FDFFF0A4C026F0420046DC43F484FEFFF094C026F04278
:207600000046DC43F484FFFFF084F04DC085C024F6F40EFE5B55F2F40CFEF2F60EFE4840A3
:207620003D31F04BF0EBF04AC084D7400403F484BC0FF0B450BCF049C084D7400403F48424
:20764000BC0FF0A4F048C084D7400403F484BC0FF094F04EC084D7400403F484BC0FF08413
:20766000F04CC0847C746981C085F0455C3500545C3520545C252054F04CC0845C145045D2
:20768000F0C40D2CF04D47F81800FD28C085C024F6F40EFE5B55F2F40CFEF2F60EFE46F457
:2076A00010003D1CF04BC084D7400403F484BC0FF0B4F04AC084D7400403F484BC0FF0A46A
:2076C000F049C084D7400403F484BC0FF094F048C084D7400403F484BC0FF084F0E120ED19
:2076E000F04EC086F0420046DC43A9E4507BC026F0420046DC43B9E4F04EC086F042004601
:20770000DC43F4E40100507AC026F0420046DC43E4E40100F04EC086F0420046DC43F4E46E
:2077200002005079C026F0420046DC43E4E40200F04EC086F0420046DC43F4E40300507879
:20774000C026F0420046DC43E4E403000924F05F412AEA80D275E108FCFFFCFEFCFDCB00A7
:20776000ECFEECFF88C0F0EAF0FB06F0F0FFD4701200D4601000DC47F486F0002D64887092
:20778000F0C6F0B9F0A8E0280080E00906F8000016F9000000881099008810997C28CA00A4
:2077A0009E6D0802E1120D22F080E00906F8000016F9000000881099008810997C28CA005C
:2077C0008C70C0245C44D4B01200D4A0100000A4F080E00906F8000016F9000000881099D4
:2077E000008810997C28CA003E6F0921D4B01200D4A01000DC4BF4AAF00041A2EDD5F0802F
:20780000E00906F8000016F9000000881099008810997C28CA004C6FC0265C4600A688B081
:20782000F0CAE02A00A0E00B06FA000016FB000000AA10BB00AA10BB7C2AF09FF08ECA0081
:207840009E6D08020D03E7F8FF000D01E10806F01200FCFFFCFECB00ECFEECFF88C0F0EA6F
:20786000F0FB889088800D2CD4B00200A8A0D4900A00D4800800CA00626CD4500E00D4404E
:207880000C008850F0C4D4B00C00D4A00A00D4900C00D4800A00CA006077080249802D02D1
:2078A000E1180D1DD4B00A00D4A00800F09FF08ECA008C6BA84006F41000B84006FE1000CF
:2078C000D4600400D4700600F0462841F0573850C4400400C450060070673DC6E1080806C5
:2078E000FCFFFCFECB00F78E73CBF68E74CBF68E76CBF78E7ACBE10CE10AC0C4D7408003BD
:20790000E4A46C0F09C147FC08008DF7E128F7F87BCBF7F87CCBF68E7ECBE6F49001F6F435
:2079200080CBF78E82CBF68F84CBF78E86CBF68E8ACBF78E87CBF78E88CBF68E66CCF78EBD
:2079400068CCF68E1ECCE118F7F898CBCB00F048C082F0B27C1BF01BF1825048C086F072FE
:207960007C275076F0A27C4AF05A5057F04568415C64F1E8F0927C39F059512AC02650A607
:207980007C52502A9120F04268415C74F1C8F048718EC085C0C47045CB00248F8ACBF3F817
:2079A00014CC9AF40900E7F8FE0065F814CCBB5249802D02F68E8ACBF2F68ACB46F6A00F30
:2079C000FD0DE118F7F886CBD7408003F2F4100FEFF4D7408003F6F4100F0D0EF3F868CC05
:2079E0003D0BF78E86CBD7408003F2F4100FEEF4D7408003F6F4100FF3F868CC49813D031C
:207A0000E118F7F886CBF3F886CB49813D02248F1ECCF2F51ECC46F5F401FD016EDB46F5C8
:207A2000E803FD04E6F4E803F6F41ECC46F68813FD10E6F48813F6F48ACBE118F7F886CBF0
:207A4000D7408003F2F4100FEFF4D7408003F6F4100FCB00ECFDECFEE00DE00EF3FC1DCCB0
:207A600047FC0C002D0947FC2E002D0647FC2F002D0347FC2D003D3FF3F898CB49813D3BBF
:207A8000E08CE01BE6F96C0FE6FA8003C0C8BB6B49802D2FE01DF68E8ACBF78E86CBF3F858
:207AA00087CB3D5DF3F81DCC07F8D3002D0D29828D122D1807F823003D52E6F86C0FE6F982
:207AC0008003CA005A810D4BE6F86C0FE6F98003CA005E820D44E6F86C0FE6F98003CA00EB
:207AE00090820D3DE6F86C0FE6F98003CA00B2820D36E00D0D34F3F81DCC47F83C003D2F45
:207B0000E08CE00BE6F96C0FE6FA8003C2F81DCCBB2A49802D24E01DF68E8ACBF78E86CB03
:207B2000F3F887CB3D1BE10AC0A4D7408003F4846C0F3D0508E109A147FA08008DF5F04EF6
:207B400047F808003D04E118F7F868CC0D08E6F86C0FE6F98003CA0090D20D01E00DF04D4D
:207B6000FCFEFCFDCB00ECFEECFFF0E9F0FAE00348B13D05F048C088CA004E79C083E10E4E
:207B80000D08C0E6F04E0046DC4FA984C084003409E1F05C41EA8DF50D0326F30001083190
:207BA00046F3FF00EDFAF0439140C083C2F51CCC40532D02E1080D01E118FCFFFCFECB004E
:207BC000DC49A9A8F18A6981F7F873CBC0A47C14F1C869C149C02D04E148F7F87BCB0D031E
:207BE000E138F7F87BCBDC49F4880100C087F04706F40A005C14F6F48ECBDC49F4880200BD
:207C0000F1C867FC0F00DC49F4A80300F18A67F8FF00C08749A02D1DE128F7F87CCBF0579C
:207C20005C2520575C3500575C15F6F576CBF68E84CB46F568108D05E6F46810F6F476CB32
:207C40000D27F2F476CB46F432009D22F68E76CB0D1F49C03D06F68E76CBE158F7F87BCB2E
:207C60000D1749C13D0AE138F7F87CCBE6F4D606F6F476CBF68E84CB0D0B49C23D09E1380A
:207C8000F7F87CCBE6F4AC0DF6F476CBF68E84CBE128F7F88DCBCB00ECFD06F0F6FFE00747
:207CA00048813D0DF3FA1DCC47FA25003D03E6F725000D0547FA26003D02E6F7A600E00D0B
:207CC000E7FCFF00F04DC085F0400045B9C408D1F04D47F808008DF6F3F81DCC07F8DA00C1
:207CE000EA200E800981EA300681E10CE102D7408003F2F4120F8AF41230D7408003F2F410
:207D0000120F8AF40C40D7408003F2F40E0F8AF40640D7408003F2F4120F9AF40110E112E4
:207D2000D7408003F2F40E0F8AF451E0D7408003F2F4120F8AF44B60D7408003F2F4120F8C
:207D40008AF44550D7408003F2F40E0F8AF43FB0D7408003F2F4100F8AF43980D740800396
:207D6000F2F4100F8AF43390D7408003F2F40E0F8AF42D10D7408003F2F4100F8AF427B071
:207D8000D7408003F2F40E0F8AF42160D7408003F2F4100F8AF41BA0D7408003F2F40E0FD2
:207DA0008AF41550D7408003F2F4100F8AF40FE0D7408003F2F40E0F8AF40920D7408003F6
:207DC000F2F40E0F8AF40330F3F856CC2D01E122E10CE7FC4000D7408003F2F40E0F7CE4A4
:207DE0009AF40300E6F420000D01E004F1A8E7F84000F1C871CAD7408003F2F4120F7C3409
:207E00009AF40300E6F410000D01E00471C8D7408003F2F4120F7C449AF40200E0840D0159
:207E2000E00471C8C0245C1471C8F2F8D0CB2D02E0140D01E00471C8B9C0F2F428CB7C14E3
:207E400026F40A00E4800100F2F426CB7C1426F40A00E4800200E10CD7408003F2F40E0F1E
:207E60007C649AF40300E6F480000D01E004F1A8E108F1C871CAD7408003F2F4100F7CB400
:207E80009AF40300E6F440000D01E00471C8D7408003F2F40E0F7C149AF40300E6F4200054
:207EA0000D01E00471C8D7408003F2F4100F7C949AF40300E6F410000D01E00471C8D7402B
:207EC0008003F2F40E0F7CB49AF40200E0840D01E00471C8D7408003F2F4100F7C849AF4A0
:207EE0000200E0440D01E00471C8D7408003F2F4120F7C649AF40200E0240D01E00471C8F1
:207F0000D7408003F2F4120F7C549AF40200E0140D01E00471C8E4C00300E10CF3F856CCA0
:207F20002D03E6F480000D01E004F1A8E108F1C871CAD7408003F2F4120F7C149AF403008D
:207F4000E6F440000D01E00471C8D7408003F2F40E0F7C449AF40300E6F420000D01E00402
:207F600071C8F3F873CB49813D0CD7408003F2F40E0F7C349AF40300E6F410000D01E004D2
:207F800071C8D7408003F2F40E0F7C249AF40200E0840D01E00471C8D7408003F2F4100FAD
:207FA0007CE49AF40200E0440D01E00471C8D7408003F2F40E0F7C549AF40200E0240D0173
:207FC000E00471C8D7408003F2F4100F7CA49AF40200E0140D01E00471C8E4C00400F2F488
:207FE00032CB7C64E4800500F2F536CBF0455C2400455C147C74E4800600E6F46400F6F863
:208000000EFE5B44F2F40EFEE48007000D7CD7408003F2F4120F8AF46930D7408003F2F497
:20802000120F8AF46340D7408003F2F40E0F8AF45D40D7408003F2F4120F8AF45710D740A9
:208040008003F2F40E0F8AF451E0D7408003F2F4120F8AF44B60D7408003F2F4120F8AF402
:208060004550D7408003F2F40E0F8AF43FB0D7408003F2F4100F8AF43980D7408003F2F40B
:20808000100F8AF43390D7408003F2F40E0F8AF42D10D7408003F2F4100F8AF427B0D7401D
:2080A0008003F2F40E0F8AF42160D7408003F2F4100F8AF41BA0D7408003F2F40E0F8AF448
:2080C0001550D7408003F2F4100F8AF40FE0D7408003F2F40E0F8AF40920D7408003F2F46B
:2080E0000E0F8AF40330F3F856CC2D07F480070077F88000E48007000D06F480070067F8AF
:208100007F00E4800700E00DF04DC084F0100014A981C084007408D1F04D47F808008DF433
:208120000D0326F70001087146F7FF00EDFAF0479140E4800800E00DF04DC084F01000147F
:20814000A981C088CA000EB408D1F04D47F809008DF306F00A00FCFDCB00DC49A9A8F18A8E
:208160006981F7F873CBC0A47C14F1A869A149A02D04E148F7F87BCB0D03E138F7F87BCB7B
:20818000DC49F4880100C085DC49F4C8020067FC0F00DC49F488030067F8FF00C0874870A2
:2081A0002D21E128F7F87CCBF0475C2720745C3700745C17F6F776CBF68E84CB46F76810B4
:2081C0008D05E6F46810F6F476CB0D07F2F476CB46F432009D02F68E76CBE6F42201F6F49E
:2081E0008ECB0D3948502D10E128F7F87CCBE6F46810F6F476CBF68E84CBF04506F40A0043
:208200005C14F6F48ECB0D2749C03D06F68E76CBE158F7F87BCB0D1F49C13D0EE138F7F86F
:208220007CCBE6F4D606F6F476CBF68E84CBE6F42201F6F48ECB0D0F49C23D0DE138F7F88A
:208240007CCBE6F4AC0DF6F476CBF68E84CBE6F42201F6F48ECBE128F7F88DCBCB00DC49C6
:20826000F4880200C0865C86DC49F4880100C0840046F6F49CCBDC49F4880400C0865C860E
:20828000DC49F4880300C0840046F6F49ECBCB00DC49F4A802009AF50B5067FA1F00C0A6FF
:2082A0005C86DC49F4880100C0840046F6F49ACBCB00DC49F4E801009AF74C00C0E6F046DB
:2082C0007C146981D7408003F7F8620FF0567C25F18A6981D7408003F7F8630FDC49F48842
:2082E0000200D7408003F7F8640FDC49F4880300D7408003F7F8650FDC49F4880700C084F3
:208300007C4467F80F00D7408003F7F8660F7C36F18C67F81F00D7408003F7F8670FDC4960
:20832000F488040067F81F00D7408003F7F8680FDC49F488050067F83F00D7408003F7F872
:20834000690FDC49F488060067F83F00D7408003F7F86A0FCB00F78E38CCF78E37CCF78EFD
:2083600039CCE118F7F83BCCF78E3CCCF78E3DCCF78E3ECCCA00DC85CB00ECFDECFEECFFAB
:208380002804F3FAA1CB47FA81002D0347FA80003D5BF3F8A0CB47F814003D1FCA00CE6A06
:2083A000F0E449813D0AE6F8FFFFE6F9FF00CA001A5FF78EA1CBEA00D285F04E47F8FF002D
:2083C000EA30D285E6F8FFFFE6F9FF00CA001A5FE118F7F8A1CBEA00D285F3F8A0CB47F805
:2083E00022003D19E6F9570BE6FA8003E6F81100CA003288F0E449813D04F78EA1CBEA0034
:20840000D285F04E47F8FF00EA30D285E118F7F8A1CBEA00D285F3F8A0CB47F82E00EA30A6
:20842000D285CA009287F0E449813D04F78EA1CBEA00D285F04E47F8FF00EA30D285E1180B
:20844000F7F8A1CBEA00D285F3F83CCC4981EA306685F3FA3ECC49A79D5CF0D5F045C0879D
:208460005C27D7408003F4875C0DB980D7408003F4875D0DE4800100D7408003F4875E0D5E
:20848000E4800200D7408003F4875F0DE4800300F04DC0845C2406F48800F0F4F3F83BCC35
:2084A0003D0206FF4000E04BF090E00A06F9000016FA0000009910AA009910AA7C29F04F0A
:2084C000C088CA00EA8BF04DC0875C27D7408003F4A75C0DD7408003E4A7400DD740800364
:2084E000F4A75D0DD7408003E4A7410DD7408003F4A75E0DD7408003E4A7420DD740800356
:20850000F4A75F0DD7408003E4A7430D258F3ECC0D60258F3DCCF3FC3DCCB9C0E7F8FF00A8
:20852000218CE4800100E6FF8000F3F83BCC3D06E6FFC000E118F7F83BCC0D02F78E3BCC60
:20854000E02BF090E00A06F9000016FA0000009910AA009910AA7C29F04FC088CA00EA8B86
:20856000F78E3CCC0D36E00DF04DC0875C27D7408003F4A7400DD7408003F4875C0D418A6C
:208580003D1ED7408003F4A7410DD7408003F4875D0D418A3D14D7408003F4A7420DD740C7
:2085A0008003F4875E0D418A3D0AD7408003F4A7430DD7408003F4875F0D418A2D06F78EB7
:2085C0003ECCE118F7F83CCC0D0408D1F04D49878DCB0804FCFFFCFEFCFDCB00ECFDECFEBA
:2085E000ECFF2802F0A0E00B06FA000016FB000000AA10BB00AA10BB7C2AE029E6F8C000A3
:20860000CA00428BF4800100C085A9C0C0C4004546F4FF003D03F0F6E01E0D01E00EF0A0EE
:20862000E00B06FA000016FB000000AA10BB00AA10BB7C2AE029E6F88000CA00428BF4803C
:208640000100C085A9C0C0C4004546F4FF003D24F0D6F04E49813D18F04DC0850851F04FCB
:20866000C08440453D09F04FF7F83DCCE118F7F83BCCE028BB270D21F04DF7F83DCCF78EF3
:208680003BCCE018BB1F0D19F04DF7F83DCCF78E3BCCE018BB170D11F04E49813D09F04FA5
:2086A000F7F83DCCE118F7F83BCCE028BB0B0D05F78E3DCCE118F7F83BCC0802FCFFFCFE77
:2086C000FCFDCB00E7FC8800F04849823D02E7FCC800E6F4400DE6F58003F0B5F0A4E6F9E1
:2086E0001C00C0C8CA00428B49813D51E104E102C0295C29D7408003F469400D41623D4449
:20870000D7408003F489410D67F84D002D3DC06CF04C5C24D7500403D464BC14D474BE14A6
:20872000C04AF0BA5C3B00BA5C1BD7508003C46BC20CC47BC40CD7408003F489410D67F843
:208740004D00C08466F40800F1C8D7408003E4CBC60CF04C5C14D7400403D4642C15D740F8
:208760008003C46BC80CD7408003F4C9420DD7408003E4CBCF0CD7408003F4C9430DD740EB
:208780008003E4CBD00C0941092149278DB1E108CB0006F0F8FFF3F8A1CB47F881003D06AE
:2087A000F78E3ACCE7F88000F7F8A1CBF3F8A1CB47F880003D3AD7408003F3F2560B43F2D2
:2087C0003ACCFD31F3F43ACC07F42000E10E0D12C2F43ACCD7408003F4C4570BC0E5F0400A
:2087E0000045B9C4258F3ACC43F23ACCED0209E10D0409E147FE08008DEBC0EBF090E00A14
:2088000006F9000016FA0000009910AA009910AA7C29C048CA00EA8B49803D03E7F8FF00D0
:208820000D05E1080D03E1180D01E11806F00800CB00F049F05AF0BAF0A9F048C089E6F83F
:208840002000CA00428BF1A849A13D02E118CB00E7F8FF00CB00E6F4C000D7500300F6F484
:208860004229F6F444291FDB2FDBE028CA002C8B1EDBE028CA002C8B2EDBE028CA002C8B95
:20888000CB00E6F4C000D7500300F6F44229F6F444291EDB2EDBE028CA002C8B2FDB1FDB0E
:2088A000E028CA002C8BCB00ECFDE004D7400300F6F44229E09D2FDBE028CA002C8BD74001
:2088C0000300F2F4943F9AF40810E6F4C000D7400300F6F442291EDB0D0428D1F04D498024
:2088E000EDEABBCFFCFDCB002EDBE6F4C000D7500300F6F44229F6F444291EDBE028CA000F
:208900002C8B2FDBE028CA002C8B2EDBCB002EDBE6F4C000D7500300F6F44229F6F44429C0
:208920001FDBE028CA002C8B2FDBE028CA002C8B2EDBCB00ECFDE00DD7400300F6FD4229FF
:20894000E6F4C000D7400300F6F444291FDBE018CA002C8B2FDBE018CA002C8B0D0A08D126
:20896000F04D47F8FA00FD05BB8CE118F7F836CC0D0AD7400300F2F4943F8AF4F0102EDBDD
:20898000F78E36CCE108FCFDCB00ECFDECFEF0D8E6F4C000D7500300F6F44229F6F4442998
:2089A0002EDBE00EF04D67F88000C084BC74F1A8C0A568515C15D7400300F2F4B63F1EF401
:2089C0007045D7400300F6F4B63FF04DC0845C14F0D4E028CA002C8B2FDBE028CA002C8B18
:2089E0002EDBE028CA002C8B08E1F04E47F808008DD9FCFEFCFDCB00ECFDECFEECFFF0D8CD
:208A00002802E00ED7400300F6FE4229E6F4C000D7400300F6F44429E00F2EDBE028CA00F0
:208A20002C8B2FDBE028CA002C8B5C1ED7400300F2F4943F7C146841B980A9802D0108E1ED
:208A4000E018BB7408F1F04F47F808008DE6F04D49803D03CA000E890D02CA00E888F04ECF
:208A60000802FCFFFCFEFCFDCB00ECFDECFEF0D8E00ECA005688E6F8A000BB87CA003489BB
:208A8000F08D7C88BB82CA003489F08D66F8FF00CA008A89CA003489CA005688E6F8A1002C
:208AA000CA008A89CA003489E008BBA6F0E4CA008288F04EFCFEFCFDCB000D05E6F58813DD
:208AC00028514850EDFDF058288148503DF7CB00ECFDECFEF0E9F0D8CA005688E6F8A00079
:208AE000CA008A89CA003489F08D7C88CA008A89CA003489F08D66F8FF00CA008A89CA00AC
:208B00003489F04EC088CA008A89CA003489CA008288E6F86400BBD1FCFEFCFDCB00E6F672
:208B2000324BF056286148503DFCCB000D07E10ACC0009A147FA0F008DFB28814880EDF7AB
:208B4000CB00ECFDECFEECFFF0EAF0FB8890F0D8CA005688E6F8A000CA008A89CA0034895D
:208B600049802D02E1080D3CF08D7C88CA008A89CA00348949802D02E1080D32F08D66F8EB
:208B8000FF00CA008A89CA00348949802D02E1080D27CA005688E6F8A100CA008A89CA008F
:208BA000348949802D02E1080D1BE00D0D08E018CA00F889F08E08E1DC4FB98808D1A980D5
:208BC000C0852851F04DC0844045CDF1E008CA00F889F08E08E1DC4FB988CA008288E11840
:208BE0000802FCFFFCFEFCFDCB00ECFDECFEECFF88B0F0E9F0FAF0D8CA005688E6F8A0000B
:208C0000CA008A89CA00348949802D02E1080D2EF08D7C88CA008A89CA00348949802D02F7
:208C2000E1080D24F08D66F8FF00CA008A89CA00348949802D02E1080D19E00D0D0CDC4FA4
:208C4000998EC088CA008A89CA00348949802D02E1080D0C08D1A9A0F04D418A8DF0CA00D6
:208C60008288E6F86400CA00BA8AE1180802FCFFFCFEFCFDCB00ECFDECFEECFF88B0F0E90F
:208C8000F0FAF0D82802E004B8400D3CA8402D04F04D66F41F003D27CA008288E6F864008A
:208CA000CA00BA8ACA005688E6F8A000CA008A89CA00348949802D02E1080D30F08D7C887D
:208CC000CA008A89CA00348949802D02E1080D26F08D66F8FF00CA008A89CA003489498015
:208CE0002D02E1080D1BDC4F998EC088CA008A89CA00348949802D02E1080D1008D1A84077
:208D00000841B840D4500200A84040458DBFCA008288E6F86400CA00BA8AE1180804FCFF0F
:208D2000FCFEFCFDCB0006F0ECFFE6F4E215E6F50403F060E6F71400CA00D6C1E6FB14004A
:208D4000F090E00A06F9000016FA0000009910AA009910AA7C29E6F82000CA00EA8BE6FA32
:208D6000560BE6FB8003E6F91400E6F82000CA00428BE6F95500E6F8C000CA00D08AE6F8D2
:208D8000C000CA006A8AF1A809A106F01400CB00F68EC6CBF78ECECBF78ED8CBE11875F87C
:208DA000D8CBF68ED4CBF78ED2CBCB00F2FA8ECB46FA0A008D06F08A26F80A00F07A087159
:208DC0000D04E6F81400E6F71F0042F728CBED02E10A0D1D42F828CB8D0FF2FA76CB3D022F
:208DE000E10A0D1546FAD6063D02E11A0D1046FAAC0D3D0DE12A0D0BF2F976CB46F9AC0D69
:208E00003D02E11A0D0446F9D6063D01E10A49A03D02E0060D0B49A13D03E6F6F4010D068F
:208E200049A23D03E6F6E8030D01E006F046CB00BB06BB56CA000890CA00F693CB00F2F413
:208E400070CB28462D1728422D1F28422D1808453D20F3F87CCB49823D05CA00E491F6F4AE
:208E6000C6CB0D26F3F87CCB49833D22BB9FF6F4C6CB0D1ECA00E491F6F4C6CB0D19CA0027
:208E8000E491F6F4C6CB0D14CA000891F6F4C6CB0D0FF2F470CB48432D0B46F408002D086C
:208EA000F68EC6CBF68EDCCBF68ECACBF68ECCCBF2F470CB48473D03E12875F8D8CBF3F84A
:208EC000D8CB9AF40810CA00B8B649802D04E7F8FD0065F8D8CBF2F470CBF6F4D6CBCB00C4
:208EE000ECFDECFEECFFF2F8C8CB42F8C6CB9D64F3FC7CCB49C23D37F2F428CB46F4AA00F9
:208F0000ED1BE00DF04DC0845C14D7400403D444F6154048ED0408D1F04D49838DF3F04D12
:208F200049848D01E03DF04DC085F4852400F0F4F4852800F0E40D09F3F8D8CB9AF40310FC
:208F4000E01FE01E0D02E05FE0FEF04E05F8DECB0D05248FC8CBF04F25F8DECBF04F43F82D
:208F6000DECB8DF70D4D49C33D4BE00DF04DC0845C14D7400403D444FE154048ED0408D15D
:208F8000F04D49848DF3F04D49858D01E04DF04DC085F4852C00F0F4F4853100F0E405F8FB
:208FA000DECB0D05248FC8CBF04F25F8DECBF04F43F8DECB8DF70D2442F8C6CBFD21CA0020
:208FC0006E9149802D02E0AE0D0CF2F470CB48473D02E05E0D06F2F4C6CB3D02E0AE0D0161
:208FE000E02EF04EC085F04502F4C6CB42F4C8CB9D0324F5C8CB0D04F2F4C6CBF6F4C8CB0A
:20900000FCFFFCFEFCFDCB00ECFDECFEECFF2806E108B980E00EE10CE00DF04DC084F4A4A8
:20902000200001CA08D1F04D49828DF7C0C5F2F4C8CB1B45F2FF0EFEF3F8D8CB9AF4040065
:20904000CA007494F7F8CECBCA002294F7F8CECBE00DE006F04DC0855C15E024004000455F
:20906000B86408D1F04D49828DF5E00DF04DC084F484220043F8CECB3D03F04DB9800D04CE
:2090800008D1F04D49828DF2E00D40EF9D26A9E0007D49E28D0129E2C0E4F4E42200C0E881
:2090A000F4282000C02BF04F204EF6F40EFE5BBBF2F60EFEF0985C19E0240040F0A400A95E
:2090C000B86AA84A46F4E803FD03E6F6E803B86AA85A1B5BF2F40EFE00E408D1F04D49823F
:2090E0008DD4E00DF04DC0875C17E02100100017A851C457CACB08D1F04D49828DF30806EB
:20910000FCFFFCFEFCFDCB00F2F4D6CB46F408002D02F68EE0CBF2F4E0CB46F4D0079D131D
:20912000F2F432CB46F450009D02E0060D09F2F5C6CB46F56400ED03E6F664000D01F0657D
:20914000248FE0CB0D05E6F4D007F6F4E0CBE00648602D02E11A0D01E10A69A1F3F872CB76
:2091600067F8FE00718AF7F872CBF046CB00F3F83BCB3D02E108CB00E118CB0046F90A0079
:209180008D06F0B926FB0A00F0A908A10D04E6FB1400E6FA1F00408A8D02E0070D21408BE8
:2091A000ED06F2F476CBF07406F732000D19F2F676CB46F668108D08F05A2058E6F4D200FC
:2091C0001B54F2F70EFE0D0CE6F41400F6F60EFE5B44F2F60EFEF04A20481B46F2F70EFEA1
:2091E000F047CB00F3F873CB49813D1BF2F476CB4840FD14F2F98ECBF2F828CBBBBFF034A3
:20920000E6F91801F2F828CBBBB9F06440349D02F0430D01F046F6F4DACB0D05F68EDACB5D
:209220000D02F68EDACBF2F5DACB46F5204E9D02F0250D02E6F2204E42F2E4CB2D02F78E21
:20924000E7CBF6F2E4CB46F232009D07F68EDCCBF78EE8CBE00CEA00D693258FE8CBF3F8C3
:20926000E8CB47F80A00EA80D293F78EE8CBF2F8D0CB4028FD03F06220680D02F06820623B
:2092800046F6D007FD02E6F6D00746F6F401FD02F78EE7CB46F63200EAF0CC93F0767C57C2
:2092A00046F73200FD02E6F732004028FD2BF0167C31F3F8E6CB49812D05E118F7F8E6CBBD
:2092C000258FE7CB48103D03258FE2CB0D02F78EE2CBF3F8E2CB47F83200BD03E011F78EAF
:2092E000E2CB04F1DCCBF2F4DCCB46F400FAFD04E6F400FAF6F4DCCBF2F4DCCB7C64F0C4DD
:2093000000C70D2DF0167C31F78EE6CB48103D03058FE2CB0D02F78EE2CBD2F4E2CB46F49C
:20932000CEFFDD03E011F78EE2CB42F1DCCB9D0324F1DCCB0D02F68EDCCBF2F4DCCB46F426
:2093400090019D04E6F49001F6F4DCCBF2F4DCCBF0C47C6C40C7FD0220C70D01E00CE10CE2
:20936000C0C95C19D7508003D459400FC4593E0F09C147FC09008DF4D7608003F6F8500FC1
:20938000F2F4500FF2F83E0F4084FD03F07820740D02F0742078F05746F5F401FD02E6F535
:2093A000F401F0657C664084FD0200C60D0540C6FD0220C60D01E00C46FCE803FD03E6FCF2
:2093C000E8030D0948C59D07E05C0D05F2FCC6CB0D02F2FCC6CB46FCE8038D02E6FCE803F7
:2093E000F2F4DCCB46F400FA8D04E6F400FAF6F4DCCBF04CCB00F2F832CBE009F2F636CBF6
:20940000E007F048F059CA00F6C0F0657CB45C567046F05446F578009D01E005F6F5D0CB77
:20942000CB00F2F4C8CB4840FD02E11E0D01E10EF3FCCECBF3F8E9CB49813D1549E03D13A9
:20944000E10A0D0FC0A4F484220043F8CECB3D0809A149A28D0129A2C0A4F4C422000D03B2
:2094600009A149A28DEF49C28D01E10CF7FEE9CBF18CCB00E10CD7408003F2F5B40D48509D
:20948000FD066851F1CAE7F8FE0065F8D8CB258FEACBF3F8EACB47F80A008D04E7F8FE00B8
:2094A00065F8D8CBF18CCB00D7400300F2F4943F9AF40480E138F7F87BCBCB00E158F7F83E
:2094C0007BCBCB00D1802FDDE6F40001D7400300F6F4262A48839D01E0382883F0489140BA
:2094E000D7400300F6F4302AE6F40002D7400300F6F4262AD7400300F2F4BC308AF406303E
:20950000D7400300F2F42C2A8AF4F4C0D7400300F2F4BC308AF40230E094CB00E004CB0039
:20952000D7400300F2F5BC3166F5FF0340583D02E004CB00F6F8BCF1D7400300F2F4BC30D3
:209540009AF41470D7400300F2F4BC309AF40E70D7400300F2F4BC309AF40870D7400300F5
:20956000F2F4BC309AF40270E044CB00D180FFDED7400300F2F4BC308AF41470D7400300F4
:20958000F2F4BC308AF40E70D7400300F2F4BC308AF40870D7400300F2F4BC308AF402703F
:2095A000E044CB00E004CB00D7400300F2F5B8317C8566F53F0040583D02E004CB00F058BA
:2095C0005C85D7400300F2F4B83166F4FF407045F6F4B8F1D7400300F2F4BC309AF40E60F8
:2095E000D7400300F2F4BC309AF40860D7400300F2F4BC309AF40260E074CB00D180FFDC62
:20960000D7400300F2F4BC308AF40E60D7400300F2F4BC308AF40860D7400300F2F4BC30B4
:209620008AF40260E074CB00E004CB00D7400300F2F5BA317C8566F50F0040583D02E0046A
:20964000CB00F0585C85D7400300F2F4BA3166F4FF707045F6F4BAF1D7400300F2F4BC302C
:209660009AF40E50D7400300F2F4BC309AF40850D7400300F2F4BC309AF40250E064CB0051
:20968000D180FFDDD7400300F2F4BC308AF40E50D7400300F2F4BC308AF40850D7400300F9
:2096A000F2F4BC308AF40250E064CB00E004CB00ECFDF048BBBBF0D448D02D010D0FF08914
:2096C000CA00A895F0D448D02D010D08F08ACA00A898F0D448D02D010D01E004FCFDCB0020
:2096E000E0A5E6F6B20CE6F40001D7400300F6F4262AE6F6AF0CE6F450F3D7400300F6F464
:20970000302AE6F40002D7400300F6F4262AD7400300F2F4B4318AF40600D7400300F2F456
:209720002C2A8AF4F4C0D7400300F2F4B4318AF40200E014CB00E044F6F4E2F0E6F68A0235
:20974000E6F40001D7400300F6F4262AE6F68702E6F478FDD7400300F6F4302AE6F40002EC
:20976000D7400300F6F4262AD7400300F2F4B4318AF40CB0D7400300F2F4BC308AF406F016
:20978000D7400300F2F42C2A8AF4EEC0D7400300F2F4B4318AF408B0D7400300F2F4BC3040
:2097A0009AF402F0E004CB00285148503D9AE024CB002802D7400300F2F4BC308AF40230FD
:2097C000E0A40D22E034F6F4E2F0D1805EDD6EA5E6F40020F6F4E0F0D1806FDDE6F48000BC
:2097E000F6F48EFEF2F490FE7EF4F6F490FEF2F4BCF0B840A84066F4000C3D03A8408AF417
:209800000230E0A40D01E0040802CB00ECFDECFEECFFF0E8F0F92804E044C4400200E6F41C
:209820000001D7400300F6F4262ADC4FA84E2D28D7400300F2F42C2A8AF4FAC0DC4FA88E6E
:209840002881BB32B840DC4FD4DE0200E6F40001D7400300F6F4262A48D39D01E03D28D39B
:20986000F04D9140D7400300F6F4302AE6F40002D7400300F6F4262AA8502D02F0450D0FD4
:2098800008E4D44002002841C440020048403DCDD7400300F2F42C2A8AF4FAC0E004080447
:2098A000FCFFFCFEFCFDCB00D7400300F2F5BE3166F5FF0340583D02E004CB00F6F8BEF17F
:2098C000D7400300F2F4BC309AF40E80D7400300F2F4BC309AF40880D7400300F2F4BC3092
:2098E0009AF40280E054CB00D180FFDFD7400300F2F4BC308AF40E80D7400300F2F4BC3046
:209900008AF40880D7400300F2F4BC308AF40280E054CB00E004CB00ECFDD18066DAF3FE3C
:20992000E008CA002095F0D448D02D02EA00CE9AD7400300F2F4B8317841D7500300F6F4AD
:20994000B831F2F4BC309AF40E00D7400300F2F4BC309AF40800D7400300F2F4BC309AF4B4
:209960000200E0850D01E005F0D548D02D03F04DEA00CE9AF2F4B8F17844F6F4B8F1E6F538
:209980006200E6F40001D7400300F6F4262AE6F55F00E6F4A0FFD7400300F6F4302AE6F44B
:2099A0000002D7400300F6F4262AD7400300F2F42C2A8AF4FAC0E0CAE6F92000E038CA0038
:2099C000B096F0D448D02D02EA00CE9AE6F41000F6F4E2F0E6F52100E6F40001D74003004D
:2099E000F6F4262AE6F51E00E6F4E1FFD7400300F6F4302AE6F40002D7400300F6F4262AEC
:209A0000D7400300F2F42C2A8AF4FAC0CA00E096F0D448D02D010D5BD7400300F2F4B8311D
:209A20000EF4D7500300F6F4B831F2F4BC308AF40E00D7400300F2F4BC308AF40800D74040
:209A40000300F2F4BC308AF40200E0850D01E005F0D548D02D02F04D0D3AD18066DDF5FF41
:209A6000D7400300F2F4BC309AF40E20D7400300F2F4BC309AF40820D7400300F2F4BC30B0
:209A80009AF40220E0350D01E005F0D548D02D02F04D0D1DE6F42000F6F4E2F0E6F8040102
:209AA000CA00C494F0D448D02D010D11CA00B297F0D448D02D010D0BE6F85400E6F904030F
:209AC000CA000C98F0D448D02D010D01E004FCFDCB002802D7400300F2F4002AF6F422CC2C
:209AE000D7400300F2F42C2AF6F424CCD7400300F2F42E2AF6F426CCD7400300F2F4062AD2
:209B0000F6F428CCD7400300F2F4322AF6F42ACCE034D7500300F6F4002AF2F4002AB840D1
:209B2000E6F40005D7500300F6F4262AF2F42C2A1AF4030FD7500300F6F42C2AF2F42E2ADE
:209B400066F4E3F37842D7500300F6F42E2AF2F4062A66F4CFFFD7400300F6F4062AE6F463
:209B6000FFFFD7400300F6F4322AE6F40040D7400300F6F4262A0802CB002802E6F400053B
:209B8000D7400300F6F4262AF2F424CCD7400300F6F42C2AF2F426CCD7400300F6F42E2A0D
:209BA000F2F428CCD7400300F6F4062AF2F42ACCD7400300F6F4322AE6F40040D740030027
:209BC000F6F4262AF2F422CC76F48288D7500300F6F4002AF2F4002AB8400802CB00E014F4
:209BE0004C4874F408CCF048C0875C17D7408003C4979C0EE005D7408003C457BC0ECB00D5
:209C0000E0144C48914064F408CCCB00E10CC0C85C18D7408003D4989C0E4890FD11D7405E
:209C20000403D4487001F6F40EFE5B99F2F50CFEF2FA0EFE0852D7408003C458BC0E0D05D1
:209C4000E005D7408003C458BC0E09C147FC10008DDECB00BE88F68E08CCF68E06CCBF8811
:209C6000CB00CA00A8A2E0A9E018BBB9E6F96400E028BBB5E6F96400E038BBB1E6F964004B
:209C8000E048BBADE0A9E058BBAAE0A9E068BBA7E059E078BBA4E019E088BBA1E0A9E0982D
:209CA000BB9EE6F9C800E0A8BB9AE6F91400E0B8BB96E6F96400E0C8BB92E6F96400E0D8B8
:209CC000BB8EE6F96400E0E8BB8AE6F93200E0F8BB86E008BB95BB9ACB00CB00CA00E0BC38
:209CE000CB00CA00FE48CB00CA001C49CB00CA007C49CB00CA00ACB6CB00CA00308ECB0020
:209D0000CA00264DCB00CA009A79CB00CA00BCCBCB00CB00CA000236CB00CA00C8A1CB00E1
:209D2000A758A7A7CB00CA008234CB00CA006EA2CB00E6F4C6DFF6F442FEF2F408CC9AF42A
:209D40001400D7408003F2F4BC0E2841D7408003F6F4BC0E48403D09D7508003F2F49C0EE6
:209D6000F6F4BC0EE01474F406CCF2F408CC9AF41410D7408003F2F4BE0E2841D740800346
:209D8000F6F4BE0E48403D09D7508003F2F49E0EF6F4BE0EE02474F406CCF2F408CC9AF4C7
:209DA0001420D7408003F2F4C00E2841D7408003F6F4C00E48403D09D7508003F2F4A00E5A
:209DC000F6F4C00EE04474F406CCF2F408CC9AF41430D7408003F2F4C20E2841D74080038E
:209DE000F6F4C20E48403D09D7508003F2F4A20EF6F4C20EE08474F406CCF2F408CC9AF4FB
:209E00001540D7408003F2F4C40E2841D7408003F6F4C40E48403D0AD7508003F2F4A40ECB
:209E2000F6F4C40EE6F4100074F406CCF2F408CC9AF41550D7408003F2F4C60E2841D740C1
:209E40008003F6F4C60E48403D0AD7508003F2F4A60EF6F4C60EE6F4200074F406CCF2F4D6
:209E600008CC9AF41560D7408003F2F4C80E2841D7408003F6F4C80E48403D0AD750800379
:209E8000F2F4A80EF6F4C80EE6F4400074F406CCF2F408CC9AF41570D7408003F2F4CA0EED
:209EA0002841D7408003F6F4CA0E48403D0AD7508003F2F4AA0EF6F4CA0EE6F4800074F442
:209EC00006CCF2F408CC9AF41580D7408003F2F4CC0E2841D7408003F6F4CC0E48403D0AE3
:209EE000D7508003F2F4AC0EF6F4CC0EE6F4000174F406CCF2F408CC9AF41590D7408003B8
:209F0000F2F4CE0E2841D7408003F6F4CE0E48403D0AD7508003F2F4AE0EF6F4CE0EE6F4FB
:209F2000000274F406CCF2F408CC9AF415A0D7408003F2F4D00E2841D7408003F6F4D00EBF
:209F400048403D0AD7508003F2F4B00EF6F4D00EE6F4000474F406CCF2F408CC9AF415B0F7
:209F6000D7408003F2F4D20E2841D7408003F6F4D20E48403D0AD7508003F2F4B20EF6F4AB
:209F8000D20EE6F4000874F406CCF2F408CC9AF415C0D7408003F2F4D40E2841D740800343
:209FA000F6F4D40E48403D0AD7508003F2F4B40EF6F4D40EE6F4001074F406CCF2F408CC0A
:209FC0009AF415D0D7408003F2F4D60E2841D7408003F6F4D60E48403D0AD7508003F2F47A
:209FE000B60EF6F4D60EE6F4002074F406CCF2F408CC9AF415E0D7408003F2F4D80E28418F
:20A00000D7408003F6F4D80E48403D0AD7508003F2F4B80EF6F4D80EE6F4004074F406CC8D
:20A02000F2F408CC9AF415F0D7408003F2F4DA0E2841D7408003F6F4DA0E48403D0AD750A0
:20A040008003F2F4BA0EF6F4DA0EE6F4008074F406CCCB000D56F2F406CC9AF40700E6F414
:20A06000FEFF64F406CCCA00DA9C0D20F2F406CC9AF40710E6F4FDFF64F406CCCA00DC9CAD
:20A080000D15F2F406CC9AF40720E6F4FBFF64F406CCCA00E29C0D0AF2F406CC9AF4063058
:20A0A000E6F4F7FF64F406CCCA00E89CF2F406CC9AF40740E6F4EFFF64F406CCCA00EE9C85
:20A0C0000D20F2F406CC9AF40750E6F4DFFF64F406CCCA00F49C0D15F2F406CC9AF40760AB
:20A0E000E6F4BFFF64F406CCCA00FA9C0D0AF2F406CC9AF40670E6F47FFF64F406CCCA001F
:20A10000009DF2F406CC66F4FF003DA5CB000D56F2F406CC9AF40780E6F4FFFE64F406CCB3
:20A12000CA00069D0D20F2F406CC9AF40790E6F4FFFD64F406CCCA000C9D0D15F2F406CC5B
:20A140009AF407A0E6F4FFFB64F406CCCA00129D0D0AF2F406CC9AF406B0E6F4FFF764F418
:20A1600006CCCA00149DF2F406CC9AF407C0E6F4FFEF64F406CCCA001A9D0D20F2F406CC2D
:20A180009AF407D0E6F4FFDF64F406CCCA00209D0D15F2F406CC9AF407E0E6F4FFBF64F4B2
:20A1A00006CCCA00269D0D0AF2F406CC9AF406F0E6F4FF7F64F406CCCA002C9DF2F406CC20
:20A1C00066F400FF3DA5CB00258F0ECCF3F80ECC47F80A008D26E1A825F80ECC258F0FCC1B
:20A1E000F3F80FCC47F83C008D06E7F83C0025F80FCC258F10CCF3F810CC47F83C008D0613
:20A20000E7F83C0025F810CC258F11CCF3F811CC47F818008D06E7F8180025F811CC248F43
:20A2200012CCCB00E10AD7400300F2F4BA319AF40110E11AD7400300F2F4B8319AF401602D
:20A24000E11AD7500300F2F44A3FF2F4BC3066F4080246F408002D01E11AD7400300F2F4C9
:20A26000B431684148412D01E11AF18ACB00248F66CCF2F466CC46F46400FD07E6F464007B
:20A28000F6F466CCE118F7F888CB248FD4CBF2F4D4CB46F45000FD07E6F45000F6F4D4CB4F
:20A2A000E118F7F8D2CBCB00CA0034C8CA00BE4CCA00BABCCA000C16CA002836CA00A0B640
:20A2C000CA00908DCA00E678CA0068C4CA0014CACA0036D7CA00FE5D6FDBCB00F78E69CC06
:20A2E000F78E6ACCD7408003F68E880EE004D7708003F6F48A0EF6F48C0EF6F48E0EF6F4CB
:20A30000900ECB00ECFDECFEECFFF0E8F0F92806E004B840E10CE00DC4400200C440040063
:20A32000DC49F4A80200C0A47C44F1C867FC0F00DC49A9E847FE77003D1AE014D7508003A4
:20A34000F6F41A0BF3F84F0B49812D06D7408003F2F4320B48413D4149C02D0249C13D3D2C
:20A36000D7508003F78E4F0BF68E320B0D3647FE7E003D12E024D7508003F6F41A0BF3F896
:20A380004F0B4981EA207EA6D7408003F2F4320B48413D23EA007EA647FE7F003D06E0349C
:20A3A000D7408003F6F41A0B0D18D7408003F3F84F0B49812D07D7408003F2F4320B4841AC
:20A3C000EA307EA649C2EA207EA6D7508003F78E4F0BF68E320BEA007EA629C12D4B29C162
:20A3E000EA2040A509C2EA307EA6D7508003F78E4D0BF78E4F0B67FA0F00C0A4B8404840AB
:20A40000EA207EA6A8404846FD02EA007EA6A8B0E0290090E00A06F9000016FA0000009908
:20A4200010AA009910AA7C29E008CA001E174840EA307EA6E00D0D13F04DC089F04E0049A3
:20A44000DC4FF4240300D4700400D4600200DC57D4560200A8460049DC45B92408D1F04D8E
:20A46000C085A84040548DE8E009E008CA006017EA007EA6D7608003F78E4D0BF78E4F0B10
:20A48000F2F41A0B4841EA307EA6DC4FF48E020067F80F00C0865C86DC4FF48E0300C084B1
:20A4A000F0540056B8504857EA807EA6A8B0E0290090E00A06F9000016FA0000009910AA90
:20A4C000009910AA7C29E008CA001E174840EA307EA6D4500400D4400200D7508003F6F405
:20A4E0008E0EF6F5900EE02DF04DC089F04E0049DC4FF4240200D4700400D4600200DC5727
:20A50000D4560200A8460049DC45E424FEFF08D1F04D49878DE9E056D4500400D4400200E2
:20A52000DC45C4640600E118D7408003F7F84F0BE7F86400D7408003F7F84E0BEA007EA6BD
:20A54000D7408003F78E4D0BDC4FF42E020067F20F00D7508003F2F7900EF2F68E0EC460F4
:20A560000200C47004007067EA2070A6D4500400D4400200DC45D4540600E064F6F50EFEE2
:20A580005B44F2F50EFE085166F50F00C02440453D6FD7408003F3F84F0B49813D69E01D05
:20A5A0000D20F04DC086F04E0046DC4FF4240200D4B00400D4A00200DC6BD48A0600D45A4B
:20A5C0000200A84A0048DC45B924D4700400D4600200DC47D44606000841DC47C446060004
:20A5E00008D1F04D49879D15DC4FF4AE010041A8FD10D4500400D4400200DC45D464040064
:20A60000D4500400D4400200DC45D444060040468DC8D4500400D4400200DC45D464040047
:20A62000D4500400D4400200DC45D444060040468D09D7408003F78E4F0BE009E008CA006D
:20A6400060170D1DDC4FF48E010049873D0CE118D7408003F7F84F0BE7F86400D7408003D9
:20A66000F7F84E0B0D0CD7408003F78E4F0B0D07E004D7508003F6F48E0EF6F4900E080642
:20A68000FCFFFCFEFCFDCB00ECFDECFEECFF06F0F6FFE00DD7408003F3F8500B4981EA30A7
:20A6A00088A8CA000A17F0E4F0F5DC45D45404004856ED37D7408003F78E4B0BF18AE48063
:20A6C0000200E00D0D0EF04DC087DC5FD45E0200A84E0047DC45A9C4E03400400047B9C49A
:20A6E00008D1DC4FD45E0400F04DC08440458DEBDC4FD44E04000841E4800100F080E0094A
:20A7000006F8000016F9000000881099008810997C28CA00C2D1E009E008CA009A1BEA008F
:20A7200088A8DC4FD44E06003D3CDC4FD44E04007C8466F40F0006F41000E4800200DC4FC8
:20A74000D44E0400E4800300E00DF04DC087DC5FD45E0200A84E0047DC45A9C4E04400405D
:20A760000047B9C408D1F04D49858DEFE178E4800100E056DC4FC46E0600F080E00906F807
:20A78000000016F9000000881099008810997C28CA00C2D1D7508003F6FE8A0EF6FF8C0E82
:20A7A0000D69D7508003F2FF8C0EF2FE8A0EF04E704F2D60D7408003F2F4320B48413D5AFF
:20A7C000D7408003F78E4B0BDC4FD45E0600E064F6F50EFE5B44F2F40EFE084166F40F0023
:20A7E00006F42000E4800200E00D0D17DC6FD48E0600D45E0200A84E0048DC45A9C4F04DD8
:20A80000C085E03400400045B9C4DC4FD44E06000841DC4FC44E060008D1F04D49869D0775
:20A82000DC5FD46E0400D44E060040468DDFF04D0981E4800100F080E00906F8000016F9EB
:20A84000000000881099008810997C28CA00C2D1DC5FD46E0400D44E060040468D0BE009E5
:20A86000E008CA009A1BE004D7508003F6F48A0EF6F48C0EE118D7408003F7F84B0BE1F82C
:20A88000D7408003F7F84A0B06F00A00FCFFFCFEFCFDCB002804D4900200A880CA0004A3F6
:20A8A0000804CB00ECFEECFFF0E8F0F9E6FB1000E00A06F8F100CA0090D5E006DC5FC46EDF
:20A8C0001201C46E1401E6FBF000E00AF09FF08ECA0090D5FCFFFCFECB00F04AF05BF0C929
:20A8E000F0B8E6FA1000F095F084CA006E75CB00ECFEECFF88C088B088A0F0E8F0F906F01B
:20A90000ECFFDC59D4881201D49E1401F048F05928403850EAF000ABE6F41000E0052048F4
:20A920003059D4601800D4701A00204630579D06E6F41000E005204830590D04D440180057
:20A94000D4501A00B840C4500200A840F0C4D4B01600D4A01400F048F08E0084F09F06F826
:20A960000101CA005AD5A880D4900200F06E06F61201DC5F9846A85600481059DC7FC446B4
:20A98000FEFFB856D44E1201D45E140126F410003850EA803CABA860D4700200D4401800B3
:20A9A000D4501A00204630573D02EA003CABE008E009F0A8F02E0028F03FDC5FF42201012B
:20A9C000F482F1005182DC4FE482F10008811890F048F05926F410003850CDEB88F0F0CE69
:20A9E000F04E06F4F100F05FF0BFF0A4F09FF084CA0060770802A880D4900200F068D440F4
:20AA000014000048C4401400D4401800D4501A0020483059C4401800C4501A000D71E008B7
:20AA2000E009F0A8D4501600D44014000048DC45A924F06E0068DC4FF486F1005182DC4FA3
:20AA4000E486F10008811890F048F05926F410003850CDE7E6FC1000F0AE06FAF100F0BF53
:20AA6000E0480080E00906F8000016F9000000881099008810997C28CA005AD588F0F0CE03
:20AA8000E06A00A0E00B06FA000016FB000000AA10BB00AA10BB7C2AE0680080E00906F891
:20AAA000000016F9000000881099008810997C28CA0060770802E6FC1000E04A00A0E00B2F
:20AAC00006FA000016FB000000AA10BB00AA10BB7C2AF08E06F8F100F09FCA005AD5D440CC
:20AAE000140006F41000C4401400D4401800D4501A0026F410003850C4401800C4501A00BA
:20AB0000D4601800D4701A00F046F05726F410003850ED85F0C6D4B01600D4A01400F08E94
:20AB200006F80101F09FCA005AD5D4601800D4701A00DC5FC46E1201C47E140106F01A00FC
:20AB4000FCFFFCFECB00ECFEECFFF0EAF0FB8890888006F0E0FFE6FB1000E00AF080E00972
:20AB600006F8000016F9000000881099008810997C28CA0090D588F0F0CEE02A00A0E00BC8
:20AB800006FA000016FB000000AA10BB00AA10BB7C2AE0280080E00906F8000016F9000096
:20ABA00000881099008810997C28CA0060770802A9809AF42770E008E009F0480841F059FB
:20ABC000F0100014A981C0867C76F0A8F010F0B100B8A98BC0845C147046F1E8B9EB08816A
:20ABE0001890F048F05926F40F003850CDE6F4800F00C0845C14E4800F0057F88700E480E4
:20AC00000F000D22E008E009F0480841F059F0100014A981C0867C76F0A8F010F0B100B8F4
:20AC2000A98BC0845C147046F1E8B9EB08811890F048F05926F40F003850CDE6F4800F0060
:20AC4000C0845C14E4800F00DC5FD44E1201D45E140126F4100038503D18E008E009F0A8A6
:20AC6000F0100018F06E0068DC4FF48601015989DC4FE486010108811890F048F05926F40A
:20AC800010003850CDECEA009AADA9809AF42770E008E009F0480841F059F0100014A9810B
:20ACA000C0867C76F0A8F010F0B100B8A98BC0845C147046F1E8B9EB08811890F048F0599E
:20ACC00026F40F003850CDE6F4800F00C0845C14E4800F0057F88700E4800F000D22E00806
:20ACE000E009F0480841F059F0100014A981C0867C76F0A8F010F0B100B8A98BC0845C1452
:20AD00007046F1E8B9EB08811890F048F05926F40F003850CDE6F4800F00C0845C14E4804F
:20AD20000F00E7F28000DC4FD44E1201F064F04E0046DC4FE4240101E1020D09DC4FD44EF8
:20AD40001201F064F04E0046DC4FE4240101F06E06F61201DC5F9846A85608411850DC5F63
:20AD6000C446FEFFB85626F4100038508DE7E008E009F0A8F0100018F06E0068DC4FF486AC
:20AD800001015989DC4FE486010108811890F048F05926F410003850CDECE008E009F0A8B2
:20ADA000F02E0028F03FDC5FF4220101F482F1005182DC4FE482F10008811890F048F0595D
:20ADC00026F410003850CDEBE6FC1000F0AE06FAF100F0BFE6F810000080E00906F8000084
:20ADE00016F9000000881099008810997C28CA005AD588F0F0CED4B02400D4A02200E6F8F3
:20AE000012000080E00906F8000016F9000000881099008810997C28CA0060770802E6FB18
:20AE20001000E00AF080E00906F8000016F9000000881099008810997C28CA0090D506F087
:20AE40002400FCFFFCFECB00ECFDECFEECFF88C006F07CFFE00EE6FFC100F068F079B8800A
:20AE6000C4900200E00DF04866F47F00F0596850D4608400D47086000046105726F48000B4
:20AE80003850FD03E118EA00AAAFA840D450020066F4F0FFF024F035E00D0D09DC03998261
:20AEA000F05DC0A6E04500500056B98508D1F068F07966F60F006870F04DC084E00520462D
:20AEC00030578DEC0D15DC0BA98AF06D08D1C0C6E04500500056B98508A10821D440840007
:20AEE000D450860028413850C4408400C4508600D4408400D450860028403850EDE49AFDFB
:20AF00000800E10CF05D08D1C0A5E04400400045B9C4288036F9C4009D03E00EE6FFC100BC
:20AF2000A840D4500200F08466F880FFF095B880C4500200E6F65000F04E76F4AA00DC0F76
:20AF4000B864E6F6AA00DC05B868CA0008B3F04DC0877C17E00D0D15F04DC086E0510010DF
:20AF60000016A981C0855C85E04100100016A981C088008508D2F04E76F4F200DC0FB88492
:20AF800028714870EDE9E6F6A000F04E76F4AA00DC0FB864E6F6AA00F04E76F45A00DC0F42
:20AFA000B864F08EF09FCA00B8B206F08600FCFFFCFEFCFDCB00E1020D08DC099988C0251C
:20AFC000F06A0065DC0BB9860921F05C412A8DF5E108CB00ECFDECFEECFF06F07AFFE1085F
:20AFE000B980E00EE6FFC400C4800200C4900400E6F4A400E6F50403E0660060E6F7800080
:20B00000CA00D6C1E00DF068F07966F67F006870F04CC084E0050046105726F4800038503A
:20B02000FD02E1180D78D4400200D450040066F480FFF024F035E00D0D09DC039982F05DF9
:20B04000C0A6E06500500056B98508D1F068F07966F67F006870F04DC084E00520463057C1
:20B060008DEC0D0BDC0BA98AF06D08D1C0C6E06500500056B98508A128C1F04C4980EDF2CA
:20B08000D4400200D4500400F08466F880FFF095C4800200C4500400E6F65000F04E76F46A
:20B0A000AA00DC0FB864E6F6AA00DC05B868CA0008B3F04DC0847C14B980E00D0D17F04D3B
:20B0C000C086E07100100016A981C0855C85E06100100016A981C087007508D2F04E76F494
:20B0E000F200DC0FB874A9802981B980A9804980EDE6E6F6A000F04E76F4AA00DC0FB864A1
:20B10000E6F6AA00F04E76F45A00DC0FB864F08EF09FCA00B8B206F08600FCFFFCFEFCFDF5
:20B12000CB00ECFEECFFF048F05926F4008036F5C0008D06F048F059284036F5C0008D0471
:20B14000E00EE6FFC0000D37F048F05926F400F036F5C0008D07F048F05926F4008036F5C8
:20B16000C0008D05E6FE0080E6FFC0000D24F048F05926F4001036F5C2008D06F048F05997
:20B18000284036F5C1008D04E00EE6FFC1000D13F048F05926F4008036F5C4008D06F04841
:20B1A000F059284036F5C4008D04E00EE6FFC4000D02E1180D1866F880FF66F9FF00E6F683
:20B1C0008000F04E76F4AA00DC0FB864E6F6AA00F04E76F45400DC0FB864E036DC09B868F2
:20B1E000F08EF09FBB69FCFFFCFECB00ECFEECFFF048F05926F4008036F5C0008D06F048B8
:20B20000F059284036F5C0008D04E00EE6FFC0000D37F048F05926F400F036F5C0008D0720
:20B22000F048F05926F4008036F5C0008D05E6FE0080E6FFC0000D24F048F05926F4001091
:20B2400036F5C2008D06F048F059284036F5C1008D04E00EE6FFC1000D13F048F05926F4B9
:20B26000008036F5C4008D06F048F059284036F5C4008D04E00EE6FFC4000D02E1180D199E
:20B2800066F800F066F9FF00E6F68000F04E76F4AA00DC0FB864E6F6AA00F04E76F45400CB
:20B2A000DC0FB864E6F63300DC09B868F08EF09FBB03FCFFFCFECB00D700FF00F2F506FF26
:20B2C000F04568433DF9D710FF00F2F708FFF2FA0AFFF04768432D07E6F6F500F04876F404
:20B2E000AA00DC09B864F04766F430003D029AFA0940E6F6F000F04876F4AA00DC09B864AD
:20B30000E014CB00E004CB00D700FF00F2F506FFF04568433DF9E004CB00E004D7408100BC
:20B32000F6F41002E6F4B983D7408100F6F40402E6F4003DD7408100F6F41C02E6F463007F
:20B34000D7408100F6F41E02E024D7408100F6F42002E6F40001D7408100F6F41402E0242C
:20B36000D7408100F6F41602E6F40201D7408100F6F43002E6F40707D7408100F6F4320204
:20B38000E6F40005D7408100F6F43C02E004D7408100F6F43E02E6F4E107D7408100F6F424
:20B3A0004002E004D7508100F6F44202F2F44402DFF4D7408100F6F44402E6F47000F6F496
:20B3C00026F1E6F47500F6F428F1E6F47600F6F42AF1E004D7408100F6F41003E6F400C498
:20B3E000D7408100F6F41203E6F40278D7408100F6F41002E6F42000D7400300F6F45C294B
:20B40000E6F4A000D7400300F6F45E29CB00D7408100F6F88002F2F448CC48413DFCF68E14
:20B4200048CCCB00D7408100F2F45C02CB00E10AD7408100F2F444029AF40AC0E11AD7406D
:20B440008100F2F44802CFF4D7408100F6F44802F18ACB00F6F84ACCF6F94CCCF04AF7F832
:20B460004ECCE10A0D0EF2F74CCCF2F64ACCE02404F44ACCDC47A846D7408100F6F4800385
:20B4800009A143FA4ECC8DEFCB00C6030300ECF4D7408100F2F444029AF40CD0E014F6F4AC
:20B4A00048CCD7408100F2F44802DFF4D7408100F6F44802D7408100F2F444029AF409C0F6
:20B4C000D7408100F2F44802CFF4D7408100F6F44802D7408100F2F418039AF40980D7404E
:20B4E0008100F2F41C038FF4D7408100F6F41C03D7408100F2F418039AF40990D74081004A
:20B50000F2F41C039FF4D7408100F6F41C03FCF4FC03FB88C6030300EC00C6871000EC0679
:20B52000EC07ECF1ECF2ECF3ECF4ECF5ECF6ECF7ECF8ECF9ECFAECFBECFCD7408100F2F4FC
:20B5400044029AF40BE0CA0092C4D7408100F2F44802EFF4D7408100F6F44802FCFCFCFBA6
:20B56000FCFAFCF9FCF8FCF7FCF6FCF5FCF4FCF3FCF2FCF1FC07FC06FC87FC00FC03FB8856
:20B58000C6030300EC00C6871000EC06EC07ECF1ECF2ECF3ECF4ECF5ECF6ECF7ECF8ECF9C8
:20B5A000ECFAECFBECFCD7408100F2F444029AF40B20CA0026C6D7408100F2F4480278441F
:20B5C000D7408100F6F44802D7408100F2F444029AF409B0D7408100F2F44802BFF4D74002
:20B5E0008100F6F44802D7408100F2F444029AF40940D7408100F2F448024FF4D740810058
:20B60000F6F44802D7408100F2F444029AF40950D7408100F2F448025FF4D7408100F6F4AE
:20B620004802D7408100F2F444029AF40960D7408100F2F448026FF4D7408100F6F448020E
:20B64000D7408100F2F444029AF40970D7408100F2F448027FF4D7408100F6F44802D74001
:20B660008100F2F444029AF40980D7408100F2F448028FF4D7408100F6F44802FCFCFCFB00
:20B68000FCFAFCF9FCF8FCF7FCF6FCF5FCF4FCF3FCF2FCF1FC07FC06FC87FC00FC03FB8835
:20B6A000E014F6F470CBF78E72CBCB00BB20CA0072B9CA0074B9CB00F3F873CB2D14F2F402
:20B6C00074CB2D11F3FC7BCB49C22D0D49C52D0B49C62D09F3F882CB49813D07F2F484CB6D
:20B6E00046F40A00FD02E118CB00E108CB00F2F470CB284146F40A00EA9052B95C2406F4C2
:20B7000004B79C04EA002CB7EA0034B7EA004AB7EA00D4B7EA002AB8EA009AB8EA00FCB826
:20B72000EA000AB9EA001AB9EA0028B9E024F6F470CBCB00CA005AB94980EA2058B9E0340B
:20B74000F6F470CBF78EC0CACB00F3FAC0CA47FAFE003D38F3F8C1CA69834981EA2058B978
:20B76000F3F8C1CAC0847C2469834981EA2058B9F3F8C1CAC0847C4469834981EA2058B953
:20B78000F3F8C3CA69834981EA2058B9F3F8C3CAC0847C2469834981EA2058B9F3F8C3CABB
:20B7A000C0847C4469834981EA2058B9F3F8C3CAC0847C64698349813D01CB00E044F6F44B
:20B7C00070CBCB0047FAFF00EA3058B9E044F6F470CBCB00F3FA7BCB49A63D04E0A4F6F413
:20B7E00070CBCB0049A13D04E014F6F470CBCB0049A43D04E084F6F470CBCB00F3F873CB89
:20B80000EA2058B949A2EA2058B949A5EA2058B949A6EA2058B9F3F8C5CA8AF40200EA0010
:20B8200058B9E054F6F470CBCB00CA0076B949802D04E074F6F470CBCB00F3F886CB2D0A29
:20B84000F2F48ACB46F4C800EAF058B9E094F6F470CBCB00F3F873CB2D0EF3FC7BCB49C1B9
:20B860002D0A49C22D0849C52D0649C62D04F3F8C5CA8AF40400E044F6F470CBCB0049C4B3
:20B880003D04E084F6F470CBCB00CA00B2B949802D63E064F6F470CBCB00BB6D49802D042F
:20B8A000E074F6F470CBCB00F3F886CB2D09F2F48ACB46F4C800FD50E094F6F470CBCB00E4
:20B8C000F3F873CB2D0AF3FC7BCB49C12D0649C22D0449C52D0249C63D04E044F6F470CB84
:20B8E000CB0049C43D04E084F6F470CBCB00BB6149803D32E054F6F470CBCB00BB3C4980A3
:20B900003D2BE044F6F470CBCB00F3F87BCB49842D23E044F6F470CBCB00F3F886CB3D1CB4
:20B92000E044F6F470CBCB00BB2649802D04E074F6F470CBCB00F3FA7BCB49A43D04E0840F
:20B94000F6F470CBCB0049A62D07E044F6F470CBCB00E014F6F470CBCB00F3F873CB4981E9
:20B960003D06F2F476CB4840FD02E118CB00E108CB00CB00CB00E10CF3F87BCB49863D0599
:20B98000C0C45C14D4744E000D02E6F7FFFFC0C95C19D7408003D4590E0FD4494800604547
:20B9A00060472D02E118CB0009C149C38DE5E108CB00E108CB00CB002802F0487C84B980D7
:20B9C000F048E4800100E6F6FEFFE10AC0A4F0100014A981C0845C845064E10E9AF60EF00F
:20B9E0009AF60670F0465C14F06456F608840D07F0465C14F06456F625800D015C1609E106
:20BA000047FE08008DEB09A149A28DE0F0460802CB00F2F442FEF084CA004AD9CA0020D90A
:20BA2000CB00ECFDECFEECFFF0E8F0F9D7408003F3F83C0B49813D02E00D0D02BBEAF0D482
:20BA4000F04D7C8466F4FF00F1C8DC4FB9CEF04D66F4FF00F1C8DC4FE4CE0100F04DFCFF80
:20BA6000FCFEFCFDCB00ECFDECFEECFFF0DAF0E8F0F906F0F6FFE108E4800800BBCAB84002
:20BA8000BBC8C4400200BBC5C4400400BBC2F064F05DC0A5F0450046C4400600A8603D1236
:20BAA000D44002003D0FD44004003D0CD44006002D010D08F4800800F1A809A1E4A008001B
:20BAC00049A58DDC7C86F04666F4FF00F128F06E08E1DC4FB926A84066F4FF00F128F06E5C
:20BAE00008E1DC4FB926D44002007C8466F4FF00F128F06E08E1DC4FB926D440020066F40A
:20BB0000FF00F128F06E08E1DC4FB926D44004007C8466F4FF00F128F06E08E1DC4FB926E1
:20BB2000D440040066F4FF00F128F06E08E1DC4FB926D44006007C8466F4FF00F128F06E40
:20BB400008E1DC4FB926D440060066F4FF00F128F06E08E1DC4FB926E108E4800800CA00F6
:20BB600012BAB840CA0012BAC4400200CA0012BAC4400400CA0012BAC4400600A8603D12D0
:20BB8000D44002003D0FD44004003D0CD44006002D010D08F4800800F1A809A1E4A008003A
:20BBA00049A58DDD7C86F04666F4FF00F128F06E08E1DC4FB926A84066F4FF00F128F06E7A
:20BBC00008E1DC4FB926D44002007C8466F4FF00F128F06E08E1DC4FB926D440020066F429
:20BBE000FF00F128F06E08E1DC4FB926D44004007C8466F4FF00F128F06E08E1DC4FB92601
:20BC0000D440040066F4FF00F128F06E08E1DC4FB926D44006007C8466F4FF00F128F06E5F
:20BC200008E1DC4FB926D440060066F4FF00F128F06E08E1DC4FB92606F00A00FCFFFCFE3F
:20BC4000FCFDCB00ECFEECFFF0EAF0FB88908880D4700200A86070672D2CF04E704F3D01AD
:20BC60000D28F04C07F8EF002D1407F810003D21D4500200A84088508840E6FBA815E6FC89
:20BC80000403E6FA1000F09FF08ECA00B4D808040D10D4500200A84088508840E6FBB815C5
:20BCA000E6FC0403E6FA1000F09FF08ECA00B4D808040804FCFFFCFECB00E0A4F6F404CC32
:20BCC000F6F4F2CBE7F86400F7F802CCE6F4CF67F6F4F6CBF68EF4CB6F90F78EF0CBCB00B5
:20BCE000BB05BB32BB3ECA0088BECB00CB002E965ED3F232FACBF23AFECBCB001E964ED385
:20BD0000F231FCCBF23900CCCB003E966ED3F233FECBF23B02CCCB004E968ED3F23400CC77
:20BD2000F23C04CCCB00E11875F8EFCBCB00E12875F8EFCBCB00E14875F8EFCBCB00E188D0
:20BD400075F8EFCBCB00CB00E6F46400F6F404CCE6F469C9F6F4F6CBE6F89736CA00B2BE92
:20BD6000CB00ECFDECFEECFF2804F2FFF6CB7C1FE00DF04DC0845C14D4E4CACB48E03D141D
:20BD8000E005F04DC0845C14C454FACBF04DC0845C14C454FECBF04DC088CA00CCBEF04D08
:20BDA000C088CA0020BF0D4C46FEE8038D14E005F04DC0845C14C454FACBF04DC0845C14C5
:20BDC000C454FECBF04DC088CA00CCBEF04DC088CA0044BF0D35F04DC0851B5FF2F50EFE26
:20BDE00002F5F8CB0851C0845C14C454FACBF08EE009B8E0C4900200F2F6F6CBE007F04E7C
:20BE0000F059CA00F6C0F0A4F0B5B840C4500200E6F6E803F6F40EFEF6F50CFE7B66F2FE8F
:20BE20000EFEF04DC0845C14D464FACB00E640E69D0202FEF8CBF04DC0845C14C4E4FECB38
:20BE400008D1F04D49828D95D7400300F2F4743E42F4F8CBED02E008BB39D7400300F2F469
:20BE6000723E42F4F8CBED02E018BB30D7400300F2F4763E42F4F8CBED02E028BB270804B5
:20BE8000FCFFFCFEFCFDCB00ECFDECFEE01EE00DF04DC0845C14D444CACB3D03F04DC088C8
:20BEA000BB3F5C1E08D1F04D49828DF2FCFEFCFDCB00D7400300F2F5543040582D06F6F8B2
:20BEC00054F0F6F850F0F6F8F8CBCB00F04849803D0BC0865C16D446FACBF6F464FED4462E
:20BEE000FECBF6F474FECB00F04849813D0BC0865C16D446FACBF6F462FED446FECBF6F45A
:20BF000072FECB00F04849823D0AC0865C16D446FACBF6F466FED446FECBF6F476FECB00AB
:20BF2000F04849803D032E965ED3CB00F04849813D031E964ED3CB00F04849823D023E9608
:20BF40006ED3CB00F04849803D032F965FD3CB00F04849813D021F964FD3CB00CA0092C0D3
:20BF6000514546FAFF002D0648A03D1246F9FF002D0D0D1346F780003D0946F9FF002D0379
:20BF800048902D040D0F46F580002D0CEA00B8C046F9FF002D0448903D07EA00F0C046F5C6
:20BFA00080003DF4EA00C0C0009A26F97E001B57F2F80EFE1B46F2F10CFEF2F30EFE1B4726
:20BFC000F2F30CFEF2F40EFE1B56F2F50CFE02F40EFE105300411058F178F189F19AF1AB06
:20BFE000AAF504702891003310441055EA00CCC0F0355C134A88F2107C833A88F53726F3A5
:20C000007F009D03E004E005CB00F1BAF1A9F198E10826F31F002D14FD04E6F4FFFFF05420
:20C02000CB0046F3F8FF9D0A06F30800F189F19A7C850DF77C144AF5F40F7C1580033DFA36
:20C040009AF20300814018508150CB009AF603F08140185081507C762B352D0BF1C62D069B
:20C06000F0344C564C46A1C06C36705307FC9E000D092B342D0D4C43813006F38E00F1C6D4
:20C08000F054E0045C76F189F19A7C857EF57056CB00F0955C194A88F2107C893A88F537DB
:20C0A000E003E10BF0A75C1A4A88F2187C8A3A88F737E008E10FCB00E6F4FFFFF0540D17EF
:20C0C000E004E6F5807F4AF2F50F0D119AF304F0084119A09D0108914890BD0A46F9FF00AD
:20C0E000DDEF66F57F005C794AF2F90F7059CB00E004E0050DFC1B56F2F50EFE1B7402F531
:20C100000EFE1B4602F50CFEF2F40EFECB0048703D20F6F50EFEE60600007B66F2F10CFE2E
:20C12000F2F50EFEF6F40EFEF6F10CFE7B66F2F60CFEF2F40EFEE007CB00F0152012F6F48D
:20C140000EFEF6F10CFE7B22F2F10EFE7C11FFF10D132B17F0274C21E0F32031F0167C113C
:20C160006C13702140529DE9F6F40EFEF6F50CFE7B22F2F10EFE7C116C131B61F2F30CFEA9
:20C18000F2F20EFE1B7102F30EFE204230539D03281100461057F064F075F041E005CB001D
:20C1A000E0089AF504F0E0388140185081509AF705F07A8FF800816018708170CA000EC188
:20C1C0009AF803108160187081709AF80300814018508150CB00DC459964B96608612871C7
:20C1E0003DFACB00E004D7408100F6F4100AE6F4B983D7408100F6F4040AE6F4003DD740E9
:20C200008100F6F41C0AE6F46300D7408100F6F41E0AE024D7408100F6F4200AE6F400011B
:20C22000D7408100F6F4140AE024D7408100F6F4160AE6F40201D7408100F6F4300AE6F445
:20C240000707D7408100F6F4320AE6F40005D7408100F6F43C0AE004D7408100F6F43E0ABD
:20C26000E6F4E107D7408100F6F4400AE004D7508100F6F4420AF2F4440ADFF4D7408100CF
:20C28000F6F4440AE6F47300F6F434F1E6F47700F6F436F1E004D7408100F6F4100BE6F44D
:20C2A0000004D7408100F6F4120BE6F40240D7408100F6F4100AE6F42000D7400300F6F425
:20C2C0004029E6F49000D7400300F6F45A28CB00D7408100F2F4480ACFF4D7508100F6F415
:20C2E000480AF6F8800AD7408100F2F4440A9AF4FAC0CB00D7408100F2F45C0ACB00E10AFB
:20C30000D7408100F2F4440A9AF40AC0E11AD7408100F2F4480ACFF4D7408100F6F4480A97
:20C32000F18ACB00F6F850CCF6F952CCF04AF7F854CCE10A0D0EF2F752CCF2F650CCE02442
:20C3400004F450CCDC47A846D7408100F6F4800B09A143FA54CC8DEFCB00C6030300EC00A5
:20C36000C6871000EC06EC07ECF1ECF2ECF3ECF4ECF5ECF6ECF7ECF8ECF9ECFAECFBECFCDD
:20C38000D7408100F2F4440A9AF40BE0CA0064D7D7408100F2F4480AEFF4D7408100F6F41E
:20C3A000480AFCFCFCFBFCFAFCF9FCF8FCF7FCF6FCF5FCF4FCF3FCF2FCF1FC07FC06FC8745
:20C3C000FC00FC03FB88C6030300ECF4D7408100F2F4440A9AF40940D7408100F2F4480AC0
:20C3E0004FF4D7408100F6F4480AD7408100F2F4440A9AF40950D7408100F2F4480A5FF450
:20C40000D7408100F6F4480AD7408100F2F4440A9AF40960D7408100F2F4480A6FF4D7403B
:20C420008100F6F4480AD7408100F2F4440A9AF40970D7408100F2F4480A7FF4D740810091
:20C44000F6F4480AD7408100F2F4440A9AF40980D7408100F2F4480A8FF4D7408100F6F4E8
:20C46000480AFCF4FC03FB88F78E14CCF78E1ACCF78E1BCCCB00E1020D08DC499988C0846F
:20C48000D7408100F6F480030921F05A412A8DF5CB00D7408100F2F45C02F1E8D74081001E
:20C4A000F2F45C02F1E8F68E1ECCF3F287CBEA3024C6F3F41ACC3D0B47FE5500EA3024C603
:20C4C00047FE55003D04E118F7F81ACCCB0049413D77F1AE67FA3F00F7FA1DCC47FA0C0044
:20C4E0002D0FF3F81DCC47F82E002D0AF3F81DCC47F82F002D05F3F81DCC47F82D003D0A8D
:20C50000F3F898CB49813D06E188F7F819CC75F814CC0D50F3F81DCC47F825002D05F3F884
:20C520001DCC47F826003D1BF3F898CB49813D17E188F7F819CCE7F8F70065F814CCF68E15
:20C540008ACBF78E86CBF78E20CC49203D05E6F4E703F6F448FE6FA4F78E1ACCCB00F3F86C
:20C560001DCC47F83C003D06E188F7F819CC75F814CC0D20F3F81DCC47F83D003D18E1884F
:20C58000F7F819CCE7F8F70065F814CCF68E8ACBF78E86CBE118F7F820CC49203D05E6F4AC
:20C5A000E703F6F448FE6FA4F78E1ACCCB00F78E1ACCCB00F78E1BCCE128F7F81ACCCB00CD
:20C5C00049423D1DF3F819CC43F81BCCFD18F3FA1BCC258F1BCCC0A4D7408003E4E46C0FBF
:20C5E000F3F819CC43F81BCC3D0AF3F814CC9AF40630F78E1BCCE138F7F81ACCCB004943C2
:20C600003D07F7FE1CCCE11875F814CCF78E1ACCF3F81ACC4983FD06F78E1ACCF78E1BCCD1
:20C62000F78E1BCCCB00F78E18CCE7F8FD0065F814CCCB00F3F820CC3D04E018CA00987C88
:20C64000CB00F3F820CC49813D02CA0088A6CB00CB00F02AF03BF0A8F0B9E1020D2FC02C10
:20C66000F06C5C36F2F53800F2F436000046DC559864A874F04AF05B204630578D1EF08A6B
:20C680000082F09B109328813890F06C5C36F2F53800F2F436000046DC55D4640400D47455
:20C6A000060020863097ED0926FBC000F04AF05BF06B7C745C967046CB00092143F23A0054
:20C6C0008DCEE6F4FFFFCB00F02AF03BF0A8F0B9E1020D2FC02CF06C5C36F2F53E00F2F4D2
:20C6E0003C000046DC559864A874F04AF05B204630578D1EF08A0082F09B109328813890B7
:20C70000F06C5C36F2F53E00F2F43C000046DC55D4640400D474060020863097ED0926FB5F
:20C72000C000F04AF05BF06B7C745C967046CB00092143F240008DCEE6F4FFFFCB00ECFE6F
:20C74000ECFFF2F73800F2F63600DC57D4E60800D4F60A000D0BF08EF09FCA00ECB1498091
:20C760002D02E1180D1206FE001018F0F2F53800F2F43600DC55D4640C00D4740E00F04E12
:20C78000F05F20463057FDE7E108FCFFFCFECB00ECFEECFFF2F73800F2F63600DC5798E60B
:20C7A000A8F60D21E6F48000E0058850F0C4F2F73800F2F63600DC579846A856F0A4F0B55B
:20C7C000F2F63600DC57D4460800D4560A00F084F095CA0048AE080249802D02E1180D12DF
:20C7E00006FE800018F0F2F53800F2F43600DC55D4640400D4740600F04EF05F204630573D
:20C80000FDD1E108FCFFFCFECB00E00AE6FBE000E6F80010E009E102F06AF07B08A118B006
:20C82000DC07B92628813890F048F05928403850EDF3CB00F78E63CCF78E64CCE102E10E6E
:20C84000E006C0E55C15C0245C440045D7408003C464A60D09E147FE08008DF30921492153
:20C860008DEEE6F4D300D7400300F6F4E820E004D7400300F6F41422BB0CD7400300F2F49F
:20C88000EC209FF4D7400300F6F4EC20F78E62CCCB00E6F4B60DE6F58003F084F0954AF934
:20C8A000F80E4AF9F81F7C29F049E00566F4FF006850C084D7600300F6F4802CF6F8422CD4
:20C8C000F2F4C03E66F400FF06F42800F6F4C0FECB00F78E63CCBB0FBBDCE6F4FF00D74081
:20C8E0000300F6F48020F3F862CC47F8FF009D02258F62CCCB0006F0B8FFE104E10CC04584
:20C90000F0400045B9C4094147F408008DF8E106E104C06C5C1CC04B5C4BF04B004CD74053
:20C920008003D444B60D7CC466F40F00F094F04B004CD7408003D484B60D7C2866F8FF032C
:20C94000F049C084F0100014A98149849D16F049C084F0100014A981C0865C46F049C0857B
:20C960005C150056E08400400045B884F049C084F0500054A9850981B985094149448DC997
:20C98000096147F608008DC4E106C06C5C1CE0810010001CA8A1E0810010001CA861E007B9
:20C9A000E1040D0FC0445C44004CE08100100014A881007840A89D01F0A84068FD01F06844
:20C9C0000941F049C084F010001449498DEB0D05E0810010001C0879094149448DF9207A5B
:20C9E0002076F0677C16C2F464CC5C44004CD7408003C464A60D096147F608008DC6258FBB
:20CA000064CCF3F864CC49818D02F78E64CC06F04800CB00F78E56CCF68E58CCCB00E7F4BF
:20CA2000FF00E7F2FF000D0FDC4999A851A4C0A4D7400403F484BC12F1485142C0A4D74099
:20CA40000403F424BC13F05A28A148503DEDC0255C85C0447045CB00E00BD7408003F3F859
:20CA6000540F49863D33D7408003C2F4550FE005E006CA004CC0E6F6AAF1E6F78240CA00DF
:20CA80005CBFCA00F0BFF6F466CBD7408003C2F4560FE005E006CA004CC0E6F6AAF1E6F73D
:20CAA0008240CA005CBFCA00F0BFF6F468CBD7408003C2F4570F5C14F6F46ACBD74080035A
:20CAC000C2F4580FF6F46CCBE00B0D01E01BF04BCB00ECFDD7408003F3F8520F49823D1730
:20CAE000C2FA44CCE6F8520FE6F98003BB9848403D0CD7408003F3F8530F07F8F0FF3D0390
:20CB0000BBABF0D40D0DE01D0D0BE01D0D09E6FB1000E00AE6F8520FE6F98003CA0000DA89
:20CB2000C2FB44CCE00AE6F8520FE6F98003CA0000DAF78E44CCF04DFCFDCB00ECFD06F084
:20CB4000F4FFE128B980E7F81000E4800100E168E4800200E108E4800300E4800400F048AD
:20CB6000E4800500E7F85500E4800600E4800700E4800800E09AF080E00906F8000016F9F7
:20CB8000000000881099008810997C28CA001ECAE4800900E4900A00E00DF04DC084F01084
:20CBA0000014A981C088CA00D0C208D1F04D47F80B008DF306F00C00FCFDCB00248F58CC16
:20CBC000F3F847CC2D07F78E47CCBB8349803D02F68E58CCF2F458CC46F4C800FD08E6F4B2
:20CBE000C800F6F458CCE118F7F856CCCB00F78E56CCCB002802E034D7500300F6F40C209A
:20CC0000F2F40C20B840E6F45300D7400300F6F41020E024D7400300F6F41820E6F430035C
:20CC2000D7400300F6F41420E044D7600300F6F42020F6F42220F6F42820D7500300F6F4C2
:20CC40002C20F6F42E20E6F43001D7400300F6F4C020E6F40001D7400300F6F4C220E6F4C6
:20CC60001000D7400300F6F4B020E004D7600300F6F4B220F6F4B420F6F4B620D76003003E
:20CC8000F6F4B820F6F4BA20F6F4BC20D7600300F6F4BE20F6F49820F6F49A20D7600300C6
:20CCA000F6F49C20F6F49E20F6F40822D7400300F6F40A22E6F41000D7500300F6F4A8201C
:20CCC000F6F4AC20E004D7400300F6F4AE20E6F46000F6F470FFE6F42872F6F4C0FEE6F45F
:20CCE00040E0D7400300F6F4402CE004D7500300F6F4422CF2F4802C66F400FFD740030039
:20CD0000F6F4802CE6F49801D7400300F6F48420E6F4640ED7400300F6F48620E6F4540539
:20CD2000D7400300F6F48820E6F4A80AD7400300F6F48A20E004D7600300F6F40020F6F4FB
:20CD40000220F6F40420D7500300F6F4E020F6F4F020E6F41100D7400300F6F4EC20E6F4C0
:20CD6000D300F6F48AFEE004F6F44EFED7500300F6F4FE29F2F4102076F40003D74003007C
:20CD8000F6F410200802CB00C6030300ECF4D7400300F2F4A02066F4000146F400013D065F
:20CDA000E6F40001D7400300F6F4A220FCF4FC03FB88CB00BB01CB00F3F838CBD740800386
:20CDC000F7F8DC0EF2F528CBF0457C8466F4FF00D7408003F7F8DD0E66F5FF00F18AD740B2
:20CDE0008003F7F8DE0EF2F52ECBF0457C8466F4FF00D7408003F7F8DF0E66F5FF00F18A1C
:20CE0000D7408003F7F8E00EF2F530CBF0457C8466F4FF00D7408003F7F8E10E66F5FF0059
:20CE2000F18AD7408003F7F8E20EF2F532CBE0A41B54F2F50CFEF2F40EFEF0657C445CC60D
:20CE40007046F0647C8466F4FF00D7408003F7F8E30EF04666F4FF00D7408003F7F8E40EEB
:20CE6000F2F536CBF0455C2400455C14F0647C76F0467C8466F4FF00D7408003F7F8E50E0F
:20CE8000F04666F4FF00D7408003F7F8E60EF3FCC2CA69C3F2F470CB5C4466F4700071C81B
:20CEA000D7408003F2F40E0F9AF402A077FC8000D7408003F7FCE70EC2F4C1CA7C2467F8F0
:20CEC0003F00D7408003F7F8E80EF3F8C3CAD7408003F7F8E90ED7408003F2F40E0F7C84FF
:20CEE00066F4FF00D7408003F7F8EA0ED7408003F2F40E0F66F4FF00D7608003F7F8EB0EC0
:20CF0000F78EEC0EF78EED0EE0A4F207CACB5B44F2F40EFED7408003F7F8EE0EE0A4F2076D
:20CF2000CCCB5B44F2F40EFED7508003F7F8EF0EF78EF00ED7408003F3F8100FD740800372
:20CF4000F7F8F10ECB002802E034F6F41CFEF2F41CFEB840E004F6F442FFE6F4C6DFF6F466
:20CF600042FEE6F48700F6F440FFE6F4960CF6F440FEE004F6F444FFE6F48EF9F6F444FEA5
:20CF8000E6F47400F6F460FFE6F47C00F6F462FFE6F40001F6F4C8FEE6F47800F6F464FF2F
:20CFA0006FA06FA26FA10802CB00C6030300EC00C6871000EC06EC07ECF1ECF2ECF3ECF4F8
:20CFC000ECF5ECF6ECF7ECF8ECF9ECFAECFBECFCCA00329DFCFCFCFBFCFAFCF9FCF8FCF7D3
:20CFE000FCF6FCF5FCF4FCF3FCF2FCF1FC07FC06FC87FC00FC03FB88C6030300EC00C68789
:20D000001000EC06EC07ECF1ECF2ECF3ECF4ECF5ECF6ECF7ECF8ECF9ECFAECFBECFCCA00B3
:20D020000036FCFCFCFBFCFAFCF9FCF8FCF7FCF6FCF5FCF4FCF3FCF2FCF1FC07FC06FC87D4
:20D04000FC00FC03FB88C6030300EC00C6871000EC06EC07ECF1ECF2ECF3ECF4ECF5ECF61B
:20D06000ECF7ECF8ECF9ECFAECFBECFCE6F48EF9F6F444FECA005A4EFCFCFCFBFCFAFCF976
:20D08000FCF8FCF7FCF6FCF5FCF4FCF3FCF2FCF1FC07FC06FC87FC00FC03FB88BE88BB1DE8
:20D0A000BB66E6F4FFFFF6F484FECA0058D9CA0046CFCA0092D6CA00DCD2CA00F4CBCA0034
:20D0C00042D8CA00BCD9CA008ED9CA00E6D9E004F6F42EFFBB1EBF88CB00E6F4AAAAF6F41F
:20D0E000C0F0E6F45455F6F4C0F0D7400300F2F5C23066F5FF00F0459140F05466F5FF0072
:20D10000F04576F40096F6F4C0F0E004F6F4C0F0CB00E6F4AAAAF6F4C0F0E6F45455F6F4C2
:20D12000C0F0D7400300F2F5C23066F5FF00F0459140F05466F5FF00F04576F40096F6F42F
:20D14000C0F0E6F40018F6F4C0F0D7400300F2F4C230F05466F5FF00F0459140F05466F55E
:20D16000FF00F04576F4008EF6F4C0F0CB00D18066DAF3FED7400300F2F4BC306844484478
:20D180003D15CA00D29ACA001899F05448502D02CC000DFED7400300F2F4BC3066F409104B
:20D1A00046F409103D02CC00CB00CC00CB00CA009CD0CA00629CCA000EA1CA0054A00DFB72
:20D1C000CB0006F0E4FFE11EE7F87700B980E6FA77000D0DC0EBF048004BDC49F444010020
:20D1E000F040F014001BB941C04400A409E1DC49F4A8010041AE9DEEE7FCFF000D09F1AE81
:20D20000F1EA09E1C0A5F0400045B9C406FAFF0047FE08008DF40D0326FA000108A146FA0B
:20D22000FF00EDFAF04A9140E4800800D7408100F2F41C03FFF4D7408100F6F41C03E10E71
:20D24000C0E8F0100018A981C086F0585C15E0A400400045B86409E147FE09008DF1D740F3
:20D260008100F2F444029AF4FA00E09AE0A80080E00906F8000016F9000000881099008848
:20D2800010997C28CA0054B4E01406F01C00CB0006F0F6FFDC499988B980E178E480010076
:20D2A000E1020D08DC4999C8C025E02400400045B9C40921F4A00100412A8DF4F080E00901
:20D2C00006F8000016F9000000881099008810997C28CA0004A306F00A00CB002802E034C1
:20D2E000F6F424FEF2F424FEB840E034F6F420FFE6F49636F6F450F0F6F454F0E6F45005D8
:20D30000F6F422FFE6F44004F6F426FFE6F400C0F6F428FFE6F42000F6F42AFFE6F40080C3
:20D32000F6F428FEE6F4B000D7500300F6F44828F6F44A28E6F47100F6F4D2F1E6F472002F
:20D34000F6F4D4F1E6F44400F6F4DEF10802CB00C6030300EC00C6871000EC06EC07ECF19B
:20D36000ECF2ECF3ECF4ECF5ECF6ECF7ECF8ECF9ECFAECFBECFCCA00FCBCFCFCFCFBFCFA85
:20D38000FCF9FCF8FCF7FCF6FCF5FCF4FCF3FCF2FCF1FC07FC06FC87FC00FC03FB88C60345
:20D3A0000300EC00C6871000EC06EC07ECF1ECF2ECF3ECF4ECF5ECF6ECF7ECF8ECF9ECFA6D
:20D3C000ECFBECFCCA00EEBCFCFCFCFBFCFAFCF9FCF8FCF7FCF6FCF5FCF4FCF3FCF2FCF1AC
:20D3E000FC07FC06FC87FC00FC03FB88FB88E004D7408100F6F41000E6F40883D740810031
:20D40000F6F40400E6F40025D7408100F6F41C00E6F41800D7408100F6F41E00E014D750D4
:20D420008100F6F42000F6F42400E004D7508100F6F41400F6F41600E6F40303D740810051
:20D44000F6F43000E6F43F07D7408100F6F43200E6F40005D7408100F6F43C00E004D76026
:20D460008100F6F43E00F6F44000F6F44200E044D7408100F6F41000E6F4D000D750030023
:20D48000F6F44229F6F44429CB00D7408100F2F43C008AF4FA70D7408100F2F44800DFF4DA
:20D4A000D7408100F6F44800F0585C8566F50007F04966F4FF007045D7408100F6F48000CE
:20D4C000CB00D7408100F2F444008AF406F0D7408100F2F444009AF4F4E0D7408100F2F4A9
:20D4E000480076F400C0D7508100F6F44800F2F45C00CB00E6F66D4EE6F7C641F2F45ACC4C
:20D50000F2F55CCCCA00F6C006F439301850F6F45ACCF6F55CCCE6F6FFFFE6F7FF7FCA008F
:20D520000EC1F046F057CB00F6F85ACCF6F95CCCCB00ECFDF0CAF0DBF0A8F0B9BBDBF06C3D
:20D54000206AF07D307B08611870CA00A0C1F046F057004A105BFCFDCB000D06DC4B992A1A
:20D56000F0680881DC49B926F05C28C148503DF6CB00F06C286100860D06DC4B992AF0683B
:20D580002881DC49B926F05C28C148503DF6CB000D05F01AF0680881DC49B926F05B28B1EE
:20D5A00048503DF7CB00F04847F80A009D0307F83000CB00F04847F810009D04C08406F453
:20D5C0003700CB00E7F83F00CB00CB00ECFDECFEECFFE00EE00FE00CE00DF04849813D05DD
:20D5E000E6F2005EE6F3C4000D04E6F2005FE6F3C400F0A206FAF000F0B3E102DC0BA84A92
:20D600002D03F0EAF0FB0D0626FA1000092147F210008DF4F04E704F3D03DC03A8420D3596
:20D62000E00CE00DF0A206FA1000F0B3E112F04A26F41000DC0BA8640861DC0BA84A4046BA
:20D640002D11F04A26F41000DC0BA8443D11F08A2882F09BF06206F68000F07320863093BE
:20D660008D010D0606FA1000092147F210008DDFF04A26F41000F05BF0C4F0DB20E430F5C3
:20D680002D02E0040D02DC0DA84CFCFFFCFEFCFDCB00E014F6F446FFE6F48CBFF6F446FE5C
:20D6A000E6F48100F6F448FFE6F4E703F6F448FEF2A346FFE004F6F44AFEE6F45800F6F4DE
:20D6C00066FFE6F45400F6F468FFCB00C6030300EC00C6871000EC06EC07ECF1ECF2ECF307
:20D6E000ECF4ECF5ECF6ECF7ECF8ECF9ECFAECFBECFCCA0034C66EA4FCFCFCFBFCFAFCF976
:20D70000FCF8FCF7FCF6FCF5FCF4FCF3FCF2FCF1FC07FC06FC87FC00FC03FB88C6030300B3
:20D72000ECF4F78E46CCE118F7F847CC6EA39EA3FCF4FC03FB88F78E40CCF78E46CCF78E06
:20D7400047CCF78E44CCCB00E1020D08DC499988C084D7408100F6F4800B0921F05A412AE8
:20D760008DF5CB00D7408100F2F45C0AF1E8D7408100F2F45C0AF1E8F3F844CC47F80D009B
:20D780008D07F78E44CCF78E46CCF78E47CCCB00F3F846CC3D0DE118F7F846CCF78E47CC8D
:20D7A000F78E44CCE6F48CBFF6F446FE6FA30D04E6F48CBFF6F446FEF3FA44CC258F44CC4A
:20D7C000C0A4D7408003E4E4520FCB00CB00D7408003F3F8530B3D04E6F888BBBB140D0C5F
:20D7E000D7408003F3F8530B49813D04E6F855AABB0A0D02E008BB07D7408003F78E520B64
:20D80000B748B7B7CB00E6F4AAAAF6F4C0F0E6F45455F6F4C0F0D7400300F2F5C23066F59D
:20D82000FF00F0459140F05466F5FF00F04576F40096F6F4C0F0E004F6F4C0F0F6F8D0FE3C
:20D84000CB00E6F46200F6F49EF1E004F6F4D8FFE014F6F4D8FFCB00C6030300EC00C6871E
:20D860001000EC06EC07ECF1ECF2ECF3ECF4ECF5ECF6ECF7ECF8ECF9ECFAECFBECFCD740FE
:20D880000300F2F4D83F9AF403101EECCA00D2C8FCFCFCFBFCFAFCF9FCF8FCF7FCF6FCF5D5
:20D8A000FCF4FCF3FCF2FCF1FC07FC06FC87FC00FC03FB88ECFDECFEECFFF0EBF0FCF0DA59
:20D8C00088908880E6F8960BE6F98003CA00A4A8F0BFF0AEE6F8960BE6F98003CA00DAA8B7
:20D8E000F04D66F4FF00E0058850F0C4D4B00400D4A00200E6F8960BE6F98003CA00F0A8E0
:20D900000802E6FA960BE6FB8003D4900600D4800400CA0046AB0804FCFFFCFEFCFDCB00D6
:20D92000F2F45ECCF2F560CCE6F66D4EE6F7C641CA00F6C006F439301850F6F45ECCF6F5FF
:20D9400060CCF2F45ECCFEF4CB00F0482841F6F45ECCF68E60CCCB00E6F48000D74003002A
:20D96000F6F45028E6F4C000F6F4B6FFE6F44000D7500300F6F44229F6F44429E6F48000C2
:20D98000D7500300F6F44C29F6F44E29CB002802E034D7508100F6F40C00F2F40C00B8400C
:20D9A000CA00EED3E034D7508100F6F40C02F2F40C02B840CA001AB30802CB00F2F418FED4
:20D9C0004FF4F6F418FEE6F4F0EFF6F4C8F0F2F4C6F04FF4F6F4C6F0F2F43CF076F4FCFFB3
:20D9E000F6F43CF0CB002802E034D7508100F6F40C0AF2F40C0AB840CA00E4C10802CB0028
:20DA0000F048F0590D0528B1F06ADC49B9C8088148B03DF9CB00A55AA5A5E60B80F8E60A76
:20DA20000CF6E60980F8E6860000E6F0C100F6F012FFE6F088BBF6F0D0FEE6F000F0F6F00A
:20DA4000B8F0E6000403E6010503E6020603E60800FCB54AB5B51A880203E6F0A0CA1A8875
:20DA60000303E6F0C0CA1A880003E6F080CAE6F9C100E6F89A02F01870192D29E005DC09B0
:20DA800098282D25F032DC099848AAF21BE0AAF20EF0F0347C330EF306F300FDE0154C54FD
:20DAA0009150685BB853084128213DF30DE7DC099838DC44B9A30831184076F300C02821CD
:20DAC0007DF80DDCB9A4084128217DFC0DD7E6F9C100E6F8C001E6030300DC09A8282D3D52
:20DAE00008821890AAF22AF0F04266F2FF3F3D05E004DC09A82808821890DC09A83808821A
:20DB000018908AF406E0F6F306FEDC09A83808821890DC09A9A808811890B9A308318AF49B
:20DB200006E08AF304E00603010076F300C028213DF09AF8D000088118900DCDC0435C1316
:20DB400076F300FDE014F1A54C458AF203709140684B0D01784BB8430DBEFAC1AED1E6F02A
:20DB600000F0A0003DFECB00E6F00010A0003DFECB00F2F1BCF166F1FF0340012D0CF6F03A
:20DB8000BCF1F2F1BCF08AF1FC70D180FFDEF2F1BCF09AF1FC70CB00F2F1BEF166F1FF03F8
:20DBA00040012D0CF6F0BEF1F2F1BCF08AF1FC80D180FFDFF2F1BCF09AF1FC80CB00F2F15D
:20DBC000BAF1501066F1000F48103D03F6F0BAF1CB00D180E6710300F6F0BAF1F2F1BCF015
:20DBE0008AF1FC50D180FFDDF2F1BCF09AF1FC50CB00F2F1B8F1501066F1003F48103D03E6
:20DC0000F6F0B8F1CB00D180E6710300F6F0B8F1F2F1BCF08AF1FC60D180FFDCF2F1BCF04F
:20DC20009AF1FC60CB00000000000000000000000000000000000000000000000000000032
:20DC4000E9AC9CF235B8889F1A89B71FFB9B2592E841A9FD6DC57D60EB4797967A2E0907D2
:00000001FF
