:020000040800F2
:209000001845002081D1000831300108EDD100080000000000000000000000000000000049
:20902000000000000000000000000000EDD10008000000000000000051C2000895C20008F0
:209040005D2401086D240108912B0108A12B0108B51001088534010895340108A53401080E
:20906000A13501088D2E0108B52E0108A9230108D5230108311C0108551C0108791C01081D
:209080009D1C0108A1310108B1310108C1310108D1310108B12B010805300108D92F01080E
:2090A0003D130108D1120108C11C0108911E0108B91E0108E11E0108091F01085D1F01082F
:2090C000002243088B4274D303098B425FD3030A8B4244D3030B8B4228D3030C8B420DD381
:2090E000FF22090212BA030C8B4202D31212090265D0030B8B4219D300E0090AC30B8B420E
:2091000001D3CB03C01A5241830B8B4201D38B03C01A5241430B8B4201D34B03C01A52416C
:20912000030B8B4201D30B03C01A5241C30A8B4201D3CB02C01A5241830A8B4201D38B02A2
:20914000C01A5241430A8B4201D34B02C01A5241030A8B4201D30B02C01A5241CDD2C30967
:209160008B4201D3CB01C01A524183098B4201D38B01C01A524143098B4201D34B01C01ADC
:20918000524103098B4201D30B01C01A5241C3088B4201D3CB00C01A524183088B4201D346
:2091A0008B00C01A524143088B4201D34B00C01A5241411A00D20146524110467047FFE719
:2091C00001B5002000F0F0F802BDC0460029F7D076E7704703460B437FD4002243088B42F4
:2091E00074D303098B425FD3030A8B4244D3030B8B4228D3030C8B420DD3FF22090212BAA2
:20920000030C8B4202D31212090265D0030B8B4219D300E0090AC30B8B4201D3CB03C01A68
:209220005241830B8B4201D38B03C01A5241430B8B4201D34B03C01A5241030B8B4201D318
:209240000B03C01A5241C30A8B4201D3CB02C01A5241830A8B4201D38B02C01A5241430A76
:209260008B4201D34B02C01A5241030A8B4201D30B02C01A5241CDD2C3098B4201D3CB0193
:20928000C01A524183098B4201D38B01C01A524143098B4201D34B01C01A524103098B42BC
:2092A00001D30B01C01A5241C3088B4201D3CB00C01A524183088B4201D38B00C01A524199
:2092C00043088B4201D34B00C01A5241411A00D201465241104670475DE0CA0F00D0494265
:2092E000031000D34042534000229C4603098B422DD3030A8B4212D3FC22890112BA030A56
:209300008B420CD3890192118B4208D3890192118B4204D389013AD0921100E08909C30986
:209320008B4201D3CB01C01A524183098B4201D38B01C01A524143098B4201D34B01C01A1A
:20934000524103098B4201D30B01C01A5241C3088B4201D3CB00C01A524183088B4201D384
:209360008B00C01A5241D9D243088B4201D34B00C01A5241411A00D20146634652415B108B
:20938000104601D34042002B00D54942704763465B1000D3404201B5002000F005F802BDF4
:2093A0000029F8D016E770477047C0469E2110B5C905041C01F0AAFB002803D1201C00F01B
:2093C000FFFB10BD9E21201CC90500F073FA00F0F7FB80231B069C466044F2E770B5002254
:2093E0000C4B04000D0001F057FB002804D12000290001F05BFA70BD064B0022200029004D
:2094000000F000FF01F052FA80231B069C466044F1E7C0460000E04170B501F0B5FA0022F0
:209420000B4B0D00040000F073FCFFF7D7FF060001F072FA0022074B00F06AFC02000B0060
:209440002000290000F0DEFEFFF7C8FF310070BD0000F03D0000F041F0B5564644465F460E
:209460004D46F0B444024600C70F83B08846650A360EBA463DD0FF2E22D00023EC008025BF
:2094800099469B46ED0425437F3E43465C025800DB0F640A000E984636D0FF2830D08023A3
:2094A0000021E400DB041C437F38301A0190484642460843724E800030587A401300874614
:2094C000002D44D108239946063B9B46DDE70122FF2000241A406402C305640AD2071C43C6
:2094E0001443200003B03CBC90469946A246AB46F0BD002D20D104239946033B9B46C4E721
:20950000002C17D1022102E0002C0AD10121321A01924A4643460A435A48920082587B40FB
:209520009746200001F0FCFA431F76309C4040420021BAE70321B8E7280001F0F1FA431FF6
:209540009D4000237630464299469B469DE70C239946093B9B4698E780240022E403FF201B
:20956000B9E70024C2468B465A465346022AAED0032A7DD0012A31D1012200201A40002403
:20958000A9E70122101A1B2856DD1A4000200024A1E78023DB031D424BD18023DB032B4367
:2095A0005C02640A3A00FF2095E76D016001854230D2019A0024013A01921B220127290057
:2095C00064006D00002901DBA84201D82D1A3C43013A002AF3D16A1E95412C4301987F30EE
:2095E0000028CEDD620704D00F222240042A00D00434220103D5244A019814408030FE2866
:2096000000DD64E70122A401640AC0B21A4062E72C00A9E72D1A1A220124CFE76B02BCD5BF
:2096200000248023DB031C436402640A4246FF2051E71C42B3D1F4E721002022C140101A28
:209640008440621E94410C43620704D00F222240042A00D00434620104D5012201201A40C2
:20966000002438E70122A401640A1A40002032E78023DB031C436402640A5246FF202AE762
:209680002843010868430108FFFFFFF7F0B557464E4645464300E0B446028846760A1F0EB3
:2096A000C40F002F47D0FF2F25D0002380259A469946F600ED042E437F3F434642465D0261
:2096C000D20F5B006D0A1B0E904640D0FF2B39D080220020ED00D20415437F3BFB18424663
:2096E0005746591C62408C4607430F2F5CD86F49BF00C9598F46002E45D108239A46063B2A
:209700009946DAE7424602282DD0032800D1C3E0012800D0A2E0002500260240D4B2760255
:20972000ED05760A2E43E407264330001CBC90469946A246F0BD002E1AD104239A46033B42
:209740009946BAE72A00511E8A41901CC6E70120002DC3D0280001F0E3F9431F76309D4011
:2097600043420020BAE70124FF2514400026D6E7300001F0D5F9431F9E40002376304742A2
:209780009A46994699E70C239A46093B994694E780260024F603FF25C1E735004846B2E7F2
:2097A000350022004846AEE72904090C0800370C3604360C2C0C7943704367437443060C0C
:2097C00064183619B14203D980214902884647440004000C310409188D01681E8541890ED3
:2097E0002943350CED19AD010D43290104D5012369081D4063460D4319007F31002925DDD6
:20980000680704D00F202840042800D00435280103D5274980330D401900FE29A3DC0124E4
:20982000AD016E0A1440CDB279E78020C003064207D0054205D128434602760A4446FF254F
:209840006DE706437602760AFF2568E70124611A1B2905DD14400025002660E76346CBE7F9
:209860002E002023CE40591A8D406B1E9D412E43730704D00F233340042B00D004367301B1
:2098800004D5012401251440002648E70124B601760A1440002542E780260124F6032E43C8
:2098A0007602760A1440FF2539E7C046A8430108FFFFFFF7F8B54A024E0043024400240E28
:2098C000C50F9B09360EC90F9209FF2E00D183E001204140A01BA9425CD0002800DC95E00B
:2098E000002E1CD1002A00D081E05A0704D00F221A40042A00D004335A013BD50134FF2C32
:2099000000D191E001209B015B0AE4B205405B02E4055B0AED0723432B431800F8BDFF2C9D
:20992000E3D08021C9040A431B2800DD90E016002021C640081A8240511E8A4132439B1A84
:209940005A0115D59B019E09300001F0E9F80538864084426CDC041B330020200134E34082
:20996000041BA640721E964100243343BDE70D005A07BCD1DF0801231D40FF2C33D1002F7C
:2099800000D190E08022D20313003B435B025B0AFF24BCE700284FDD002E2ED0FF2CA4D0D7
:2099A0008025ED042A431B2800DD97E016002025C640281A8240501E824132439B185A01F4
:2099C000D5D50134FF2C6DD001227B481A405B08034013430D0088E7002A00D07AE777E7CF
:2099E000031EC5D100257B025B0AE4B28FE701380028A4D0FF2C97D177E7002A00D174E781
:209A000001380028DAD0FF2CCDD16EE7002821D1601CC0B2012858DD80279E1AFF043740DE
:209A20002FD0D61A0D008FE701231D4000236EE7624B241A334058E7002851D1601CC6B2E0
:209A4000012E33DDFF282DD09B185B0804004CE7012274E7002C1AD0FF2E1FD08024E4041A
:209A6000404223431B2800DD96E01D002024C540201A8340581E83412B43D31A34000D002F
:209A80005EE7002E00D05FE700250024ABE7002B44D0C0430028F0D0FF2EE3D11300FF2421
:209AA0000D0022E70D00FF24002330E7002C5DD1002B7DD0002A00D117E79B185A0100D479
:209AC00056E73E4A040013400FE7002C1ED1002B2FD1002A65D013000D0006E701226DE74B
:209AE000002C1FD1002B59D0C04300280BD0FF2E4FD01B285EDC1D002024C540201A8340C4
:209B0000581E83412B439B18340058E7002B1CD1002A49D013000D00FF24E6E613003400C6
:209B20000D00E2E6FF2E34D08024E40440422343DFE7002A00D1D8E68027981AFF04074089
:209B400000D14DE7D31A0D00CFE6FF24002A00D1CBE68020DB08C003034204D0D208024205
:209B600001D113000D00DB00FF24BEE6002B10D0FF24002A00D1B8E68020DB08C0030342FF
:209B800003D0D208024200D11300DB000D00FF24ABE61300FF24A8E601236EE713003400D0
:209BA000A3E6002700251EE780270025FF03E9E613009AE60123A6E7FFFFFF7DFFFFFFFB78
:209BC0004302590A4300C20F1B0E00207E2B0EDD9D2B0DDC802000040143952B0BDC9620F6
:209BE000C31AD9400B005842002A00D118007047034BD018FBE7963B99400B00F3E7C04653
:209C0000FFFFFF7F70B5002830D0C317C5185D40C40F280000F084FF9E231B1A962B0DDC19
:209C20009622D21A95406A02520AD8B25202C005520AE40702432243100070BD992B19DC59
:209C40009922D21A9540124A2A40690704D00F210D40042D00D00432510103D50C4B1A40EF
:209C60009F231B1A9201520AD8B2DFE7002400200022DBE705222E00121AB921D6402A00EB
:209C8000C91A8A40551EAA4135001543DBE7C046FFFFFFFB70B5041E28D000F041FF9E233C
:209CA0001B1A962B0ADC9622D21A94406202520AD8B25202520AC005104370BD992B18DC59
:209CC0009922D21A9440114A2240610704D00F210C40042C00D00432510103D50B4B1A4084
:209CE0009F231B1A9201520AD8B2E2E700200022DFE705222500121AB921D5402200C91AB7
:209D00008A40541EA2412C001443DCE7FFFFFFFBF0B55F4656464D464446F0B40D03994650
:209D20004E002B0B87B00700924680469B46760DCC0F002E69D06D4B9E4235D05B4680223D
:209D4000DD001204430F13432B439B46C3009846674B00279C460023664401934A461503B4
:209D60005000D20F53462D0B400D914600D176E05E4A90426CD080225B0F120413435C4AC2
:209D8000ED0094461D4353460022DB00604449463618701C6140029017430F2F00D9AFE0C6
:209DA0005448BF00C759BF465B461F4300D088E000239B469846023308270193CEE74946CA
:209DC000022A6AD0032A00D109E2012A00D0BBE111400022002300259046CCB200212D033D
:209DE0000A0D12052D0B1543434A1B0515401D436D00E4076D0825434046290007B03CBCB0
:209E000090469946A246AB46F0BD034352D05B46002B00D18AE1584600F082FE03000B3B40
:209E20001C2B00DD7BE11D22D31A3A0001005D46DA4008398D4013008F402B439B46B84641
:209E40002E4B00279C46002360444642019385E752462A432CD100250023022297E75246AD
:209E60002A4321D0002D00D154E1280000F058FE03000B3B1C2B00DD46E11D21CB1A514695
:209E80000200D9405346083A954093400D431B4A944660444042002279E7012400220C405A
:209EA000124B0025904699E70025002301226EE703226CE700239B469846013304270193BD
:209EC0004CE703230C27019348E700238025984600242D03054B81E75D464346019A6FE764
:209EE0005D4643462100019A6AE7C046FF07000001FCFFFFE8430108FFFF0F80F30300006B
:209F00004246120C91461A0C9446424617044A461B041B0C5A43604690464A46424310000D
:209F2000039262461C003F0C7A437C4342440192220C9246019A5244904506D98246802095
:209F400040028046C24450460390100C049048462404240C1204121905922A0C2D042D0CBC
:209F600068432C00824648467C4350438146200C8046574357444744BA4503D9802040022C
:209F80008046C144380C3F04B84648442404240C01900498A044404404905846000C8146F3
:209FA00058460404200C8246070048465F434C464343604660436446834650464443380C9B
:209FC0008446E4186444A34203D980235B029C46E34448463F04230C3F0C2404E41957463C
:209FE00068436F4384464D46504655434243380C814662444A445B44944503D9802040027F
:20A000008446654403983F04834604983F0C8446E344C345804140428246100484460198C4
:20A02000674484466744A344BC46A345A4419946D44464428742BF41D4458041E144A046FF
:20A0400099459B417F424042C8440743120CBA18A045A4415F423B0064422343D718434693
:20A060007D19DB0D6D021D435B465A02059B1A43531E9A415B46DB0D1A4343465B0213432B
:20A08000EA0107D501225C0813402343EA07029E13436D08574AB218002A4BDD580709D068
:20A0A0000F201840042805D0181D98429B415B42ED180300E80104D54F4A15408022D20064
:20A0C000B2184E48824200DDE7E60124DB08680718436D02530580462D0B5B0D0C407DE604
:20A0E000802259461203114208D0154206D115432D0398462D0B4C46414B6FE65D461543A5
:20A100002D032D0B3E4B69E603005546283B9D400023BCE6504600F003FD2030A8E60300F5
:20A12000283B9F400023BB46984689E600F0F8FC203073E60124A61A382E07DD00220C4042
:20A1400000230025904649E6029EA3E71F2E20DC20222C001800921BF040944093400443EE
:20A16000581E83411C43F540630709D00F232340042B05D023001C1D9C4292415242AD18CF
:20A180002B021FD5012400220C4001230025904624E61F202C004042821AD440202E1CD00B
:20A1A0004022961BB5402B43581E83410720234318400025002809D00F2200251A401C0018
:20A1C000042AD8D1230068076D022D0B0124DB08034398460C40002300E60025E3E780225D
:20A1E0000124120315432D0398462D0B0C40044BF4E5C046FF030000FFFFFFFEFE0700000B
:20A20000FF070000F0B557464E464546E0B40E001100F20F9246C500420F1803370374006C
:20A22000400A4E0F7F0A3043CF4E17435A00640D520DDB0FC900B24200D1E5E001267340C3
:20A24000A61AB446534500D1AFE0002E00DC0DE1002A3AD103000B4300D0E4E06B0709D0EF
:20A260000F232B40042B05D02B1DAB42AD416D427F191D003B0200D488E0BB4B01349C4224
:20A2800000D110E13A00B94B51461A4001235007ED08520264050543120B640D0B4000215E
:20A2A000280012030D0D120B64052D0515436208AF4CDB072C401443640064081C432100DD
:20A2C0001CBC90469946A246F0BDA74B9C42C5D080231B0418436346382B00DDFDE01F2BCA
:20A2E00000DD30E1624620239B1A02009A40664690460A009940F24046464B1E9941324319
:20A30000114363460200DA40691A8D429B410D00BA1A5B42D71A3B0235D57A02530A984689
:20A320004346002B00D1C4E0404600F0F9FB0300083B1F2B00DDC5E020222900D21A474694
:20A34000D1409F400A009D403A439C4200DDC0E01C1B631C1F2B00DDE4E020211400280030
:20A36000C91AD8408C408D400443DA40681E854117002543002471E7424663461A4300D142
:20A380004CE2674645466B0700D069E7012351467807ED08FA080B40054373498C4238D06F
:20A3A00012036405120B640D79E7002E00DC9AE0002A47D06C4A944200D14FE78022120421
:20A3C00010436246382A00DC08E10143481E81410022C9B24919D219A942BF410D007F424C
:20A3E000BF183A0200D442E15F4A0134944200D14EE101205D4A69083A4028400843D5075D
:20A40000054357089A4629E706000E4300D017E714E72900114300D1F9E1802109030A4363
:20A420001203120B3BE701235B429846C4446346002B72D1691A8D429B413F1A5B42FF1ACD
:20A440000D0068E702000A4300D107E7012252429046C4446246002A00D0E6E06918A94229
:20A46000B6413F187642F7190D00BAE7002E00D080E0621C5205520D012A00DCF9E06A1A22
:20A4800091464D45B6413A1A7642921B9046120200D499E04D1BA9428941C71B49427A1A4E
:20A4A00090469A463CE752460123002513400022F5E6280000F034FB20300300083B1F2B6B
:20A4C00000DC39E72A002838824000259C4200DC3EE7264FE41A1740C0E60143481E814154
:20A4E0000022C9B210E7002E00D0F1E0621C94465205520D012A00DCA0E01B4A944500D155
:20A50000C5E06918A94292413F185242D2194908D5070D4357086446A0E6134B9C4200D069
:20A52000D9E69BE611001F3CE1400C00202B00D180E04021CB1A9A4015436A1E95410027C9
:20A54000254300241FE763460200203BDA406346202B71D0402366469B1B98400143481ECD
:20A56000814111430022CFE6FF070000FFFF7FFFFFFF0F80002C48D0CA4CA24200D1A2E04E
:20A580007442A1468024240427434C46382C00DDDBE01F2C00DD44E14E462024A41B3E0038
:20A5A000A640A246B0464C462E00E640B4464646644626435446A5406C1EA54134002C43C6
:20A5C0004D46EF400D1B28E04A4643464D461A4300D0A5E6002300240025DEE61F2A5ADC76
:20A5E00066462022921B060096409146B04662460E00D640424616434A4691404A1E9141CF
:20A60000020060463143C240E4E63C002C435AD0F443A146002C52D14D1BA9428941C71B11
:20A6200049427F1A14009A4675E69E4A944200D0C7E613E600227FE700208FE7002C00D059
:20A64000C8E03B002B4300D10FE103000B4300D104E66918A9429B413F185B42DF193B026B
:20A6600000D41AE1904B0D001F406446F6E59A4689E63A002A43002C5CD1002A75D102007E
:20A680000A4300D1CAE007000D009A46E6E564460022002581E662460600203AD640624615
:20A6A000B046202A00D1B7E040226646921B904001434246481E8141114300228AE6794CC8
:20A6C000A24200D061E707000D0014009A46C5E5002C41D13C002C4378D0F443A146002C51
:20A6E00020D0704CA24271D04C46382C00DDB2E01F2C00DDBCE02026341BA2463C0056460B
:20A70000B4404E46A0462C00F440A446444666463443A4465446A54064466E1EB5412543D7
:20A720004C46E7406D188D4289413F184942CF19140056E6002A2FD102000A4300D184E07A
:20A7400007000D009A46574C88E53D436F1EBD41ECB200270D1B60E7524CA24236D0744278
:20A7600080263604A1463743BEE702000A4300D174E56A1A90464545B6413A1A7642921BE6
:20A780009446120200D4F7E54D1BA9428941C71B49427F1A9A4661E502000A433AD0ED0884
:20A7A0007C072C438025FA082D032A4208D0C7082F4205D145072C003A009A46C9080C43C4
:20A7C000670FD200E5001743364C47E507000D00140043E53A002A4343D002000A4319D002
:20A7E000ED087C072C438025FA082D032A4207D0C6082E4204D147073C003200C9080C4369
:20A80000D700620FE50017439A46264C26E50022002544E5234C21E5002049E700230025D7
:20A82000BBE54C463E00203CE6404C46B446202C31D040244E46A61BB7403D436C1EA541AD
:20A8400064462C4300270D1BE7E6802200231203144C0025A1E53D436F1EBD410027EDB20D
:20A8600060E707000D000F4CF8E407000D00F5E44E463C00203EF440A0464C46202C0ED055
:20A8800040244E46A41BA7403D436F1EBD4144460027254346E70027CFE70D0073E5002760
:20A8A000F2E7C046FF070000FFFF7FFF0B0330B5134D1A0B4B005B0DC90F0024AB4211DD35
:20A8C000104CA34210DC8024640322430E4CE41A1F2C0CDD0D48C31ADA4013005C42002929
:20A8E00000D11C00200030BD094BCC18FAE7E040084CA44663449A4013000343EEE7C04632
:20A90000FE0300001D0400003304000013040000FFFFFF7FEDFBFFFF70B5051E28D000F035
:20A92000FFF8154B154A1B1AD21A1F2A16DD2C00134A0025D21A94405A052403240B520D82
:20A94000002124030B0D240B1B0523430D4C1205234013435B002800590870BD0B212C0050
:20A96000081AC440954024035A05240B520DE7E700220024E4E7C0461E040000330400008A
:20A9800013040000FFFF0F804200120E511C4302C9B270B55D0AC40F012915DDE02189007F
:20A9A0008C466D071B0B6244002128000D0D2D052B431C4D52052B40520813435B00E40761
:20A9C0005B082343190070BD002A15D1002D1FD0280000F0A5F80A281DDC0B232A001B1ACF
:20A9E000DA4013000200153295400F4A1B03121A52051B0B520DD7E7002D06D080221B0B04
:20AA0000120313436D07094ACEE7084A0023CBE700220023C8E703000B3B9D402B000025BE
:20AA2000E3E7C046FFFF0F8089030000FF0700008446101C62468C46191C634600E0C046F3
:20AA40001FB500F0DFF9002801D40021C8421FBD10B500F033F94042013010BD10B500F040
:20AA6000D1F9002801DB002010BD012010BDC04610B500F0C7F9002801DD002010BD01209E
:20AA800010BDC04610B500F059F9002801DC002010BD012010BDC04610B500F04FF90028D1
:20AAA00001DA002010BD012010BDC0468446081C6146FFE71FB500F0BDF8002801D40021C8
:20AAC000C8421FBD10B500F049F84042013010BD10B500F0AFF8002801DB002010BD0120AC
:20AAE00010BDC04610B500F0A5F8002801DD002010BD012010BDC04610B500F057F800281E
:20AB000001DC002010BD012010BDC04610B500F04DF8002801DA002010BD012010BDC04699
:20AB20001C2101231B04984201D3000C10391B0A984201D3000A08391B09984201D3000999
:20AB4000043902A2105C40187047C04604030202010101010000000000000000430270B51A
:20AB600042004C005D0AC30F4802120E460A240EC90FFF2A0FD0FF2C11D00120A24200D061
:20AB800070BDB542FCD18B420DD0002AF8D12800431E9841F4E70120002DF1D1EBE70120E7
:20ABA000002EEDD1E9E70020EAE7C0464302F0B542005D0AC30F4802440A4800120E000E6F
:20ABC000C90FFF2A1FD0FF2822D0002A09D16E426E4100280FD1002C0DD10020002D09D0D1
:20ABE00005E0002801D1002C01D08B4213D0584201231843F0BD002EF7D0484241410120E1
:20AC000049420843F6E7002DDDD002204042F1E7002CDAD0F9E78242E9DC04DBA542E6D868
:20AC20000020A542E6D25842434101205B421843E0E7C0464302F0B542004C005E0AC30F9F
:20AC40004802120E450A240EC90FFF2A17D0FF2C19D0002A0BD170427041002C17D0002869
:20AC600007D048424141012049420843F0BD002C13D08B4214D0584201231843F6E7022075
:20AC8000002EF3D1E3E70220002DEFD1E1E7002DE5D10020002EE9D0EDE7002DE9D1EAE7AB
:20ACA000A242E8DC04DBAE42E5D80020AE42DDD25842434101205B421843D7E7F0B55F4662
:20ACC00056464D464446F0B41F035C00DB0F9A46194B0E034D00C90F8046360B6D0D8B46E3
:20ACE00091463F0B640D9D4219D0134B9C421BD00123A54206D018003CBC90469946A24645
:20AD0000AB46F0BDBE42F6D1C845F4D1D34510D0002DF0D1304303005A1E9341EBE7310051
:20AD200001230143E7D1E0E73A430123002AE2D1DEE70023DFE7C046FF070000F0B55F46AA
:20AD4000444656464D46F0B41F033C0B2C4F0E034D00A3465C008446360B6D0DC90F9046DC
:20AD6000640DDB0FBD422BD0254FBC422ED0002D0ED130430700814678427841002C17D13A
:20AD80005F463A4314D14B460020002B0AD006E0002C02D15846024301D099421AD0012374
:20ADA000484218433CBC90469946A246AB46F0BD0028F2D058425841012240421043F1E78E
:20ADC00037000743D0D002204042EBE75F461743CDD0F8E7A542E2DC05DB5E45DFD808D0AA
:20ADE00000205E45DED248424841012340421843D8E7C445D3D80020C445F4D3D2E7C046AA
:20AE0000FF070000F0B55F464D4644465646F0B41C03240BA4462F4C0F034D005E00C90F3D
:20AE200080463F0B6D0D8B469146760DDB0FA54220D0284CA64222D0002D12D1384344423D
:20AE40004441002E20D0002C0DD05C42634101245B421C4320003CBC90469946A246AB463D
:20AE6000F0BD002E17D05B4519D05B465C4201231C43EFE7390002240143EBD1D9E7614629
:20AE800002241143E6D1D7E761460A43DBD100240028DFD0E9E761460A43E4D1E5E7B542EC
:20AEA00003DD01225C421443D4E7B542CDDB6745DBD809D000246745CCD259464C426141CB
:20AEC000012449420C43C5E7C845CED80024C845F3D3BFE7FF07000010B586B001AC142293
:20AEE0000021200009F0DAF90123A3726372034B0193200008F0DEFA06B010BDFF1B4E0E6C
:20AF000072B6034B034A9A60034A9A6062B6704700B0004015AD087979A8D55A00B587B0EF
:20AF200001A80023837208F0C5FA07B000BDC04600B589B020220021684609F0AFF90D4B27
:20AF40000093343301930C4B029301236A46D37603226946CA754B754B740222CA730B74E8
:20AF60000B338B8102338B73044806F0A9FD09B000BDC046DC0000204C3000404020014097
:20AF800010B588B0564C02220B21200006F006FF02220A21200006F001FF022209212000D4
:20AFA00006F0FCFE02220821200006F0F7FE02220721200006F0F2FE02220521200006F097
:20AFC000EDFE02220421200006F0E8FE02220321200006F0E3FE02220221200006F0DEFEC9
:20AFE000404C02220121200006F0D8FE02220021200006F0D3FE02220F213B4806F0CEFECE
:20B0000001A900230B7001224A708A70CB700B714A718B71CB710B724B728B72CA720B7376
:20B020004B730C208873CB730B740A762F4C200006F050F8002306220021200006F01AF980
:20B04000012306220121200006F014F9022306220221200006F00EF9032306220321200040
:20B0600006F008F9042306220421200006F002F9052306220521200006F0FCF80623062283
:20B080000621200006F0F6F8072306220721200006F0F0F8082306220821200006F0EAF899
:20B0A000092306220921200006F0E4F80A2306220A21200006F0DEF80B2306220B21200012
:20B0C00006F0D8F8FFF734FFA26802231343A3606368802212061343636008B010BDC046D0
:20B0E000000008206000082030000820003000408100064B064A8A589A4203D90B000349C5
:20B10000034A99508000024BC0587047FF0F0000DC00002010B5064C00220821200006F0DB
:20B120003DFE00220821200006F09EFE10BDC0463000082010B500F0D3F800F0EDF8FFF761
:20B140001FFFFFF7E7FF10BD10B50821014806F01FFE10BD3000082070B590B01B4C0122CA
:20B160000121200006F01AFE01220021200006F015FE0BAD14220021280009F08FF807ACA8
:20B1800010220021200009F089F801AE18220021300009F083F896235B006B802D33FF3383
:20B1A000AB800223AB71013BEB712B72A370A560637318222273A37374603372044BF381DF
:20B1C0003100044807F07AF910B070BD00000820AF0400000030014070B590B01C4C01225F
:20B1E0000C21200006F0DAFD01220B21200006F0D5FD0BAC14220021200009F04FF807ADDC
:20B2000010220021280009F049F801AE18220021300009F043F80223237096225200628067
:20B220002D32FF32A280A371013BE3712372AB70AC606B7318222A73AB7375603372054B5F
:20B24000F3813100044807F039F910B070BDC04630000820AF0400000030014070B590B000
:20B260001C4C01220321200006F098FD01220221200006F093FD0BAC14220021200009F061
:20B280000DF807AD10220021280009F007F801AE18220021300009F001F804232370293340
:20B2A000FF3363802D33FF33A3800223A371013BE3712372AB70AC606B7318222A73AB736C
:20B2C00075603372044BF3813100044807F0F6F810B070BD00000820AF0400000030014096
:20B2E00010B5FFF739FFFFF777FFFFF7B7FF10BDC000034B9C4660440023036181617047C2
:20B3000000300140C000034B9C466044806880B27047C046083001407047C04610B501F065
:20B32000FDFF024A024B9A6062B610BD0090000800ED00E010B5FFF7F1FF01F039FD04F06E
:20B3400023FE04F027FF02F0B5FB05F089FD00F0B9FD02F0E1F902F073FBFFF7BDFDFFF71D
:20B36000E9FE08F0E3FD00F027F9FEE730B583B000F044FF314B019301250095002330228E
:20B380002F49304801F000F92F4B019302240094002318222D492E4801F0F6F82D4B0193D7
:20B3A0000094002318222C492C4801F0EDF82C4B01930094002318222A492B4801F0E4F82E
:20B3C0002A4B01930094002318222949294801F0DBF8294B019300950023402227492848CA
:20B3E00001F0D2F8274B01930094002340222649264801F0C9F8264B019300940023802286
:20B4000052002449244801F0BFF8244B01930095002340222249234801F0B6F8224B0193C6
:20B420000094002340222149214801F0ADF8002001F0A0F900F0EEFE03B030BD1C01002027
:20B440002844010821B500082001002038440108B5B400082C01002048440108CDB40008F7
:20B460003401002058440108E9B40008100100206844010805B5000814010020784401088B
:20B4800059B50008180100209844010871B5000830010020B044010839B5000828010020BD
:20B4A000C444010889B5000824010020E0440108A1B5000800B583B001F0ECF9019000F026
:20B4C0000DFD012101A801F077FBF8E700B583B001F0E0F90190002000F00CF9052101A82E
:20B4E00001F06AFBF7E7C04600B583B001F0D2F90190012000F0FEF80A2101A801F05CFBBA
:20B50000F7E7C04600B583B001F0C4F90190022000F0F0F8322101A801F04EFBF7E7C0460C
:20B5200000B583B001F0B6F90190FFF7E9FC642101A801F041FBF8E700B583B001F0AAF961
:20B54000019008F047F808F00FFA08F057FC012101A801F031FBF4E700B583B001F09AF9A8
:20B56000019004F075FF052101A801F025FBF8E700B583B001F08EF9019004F00DFB052100
:20B5800001A801F019FBF8E700B583B001F082F9019002F093F90A2101A801F00DFBF8E70F
:20B5A00000B583B001F076F9019004F0BBF90A2101A801F001FBF8E700B583B000230193CB
:20B5C00001330093002330220449054800F0DCFF012801D101F024F9FEE7C046FC4401088D
:20B5E0006DB300083022002809D10AE0C046013BDBB2002BFAD1013880B2002801D01300A9
:20B60000F4E77047022819D80D4A8D23DB00584310180C4B9C466044002303706346D35C8D
:20B62000DB070BD4084BD35CDB0707D4074BD35CDB0703D4137A7F210B4013727047C04616
:20B64000EC2F002062060000CA0A0000320F0000064B002206495A5406495A5406495A54C8
:20B660001A7A7F210A401A727047C046EC2F002062060000CA0A0000320F000010B500F096
:20B68000CBFB094B5B7A70221A4204D001221343054A537205E0044810221343437200F00E
:20B6A000BFFB00F0BBFB10BDEC2F0020024B00221A755A757047C046EC2F002070B5040034
:20B6C0000B4B1D7D00203B2D10D81E00587D40193C21FDF765FE881CC000301806300822FE
:20B6E000210008F09DFD01353575012070BDC046EC2F0020F0B557464E464546E0B484B0FF
:20B700000190484B1B7A7F2B00D884E0464E0023984600254246B146B379DB076FD5337953
:20B7200001998B426BD17388013B9BB27380002B65D13388738000248D23DB0053431F007C
:20B74000B2462B1902AA137000F066FBE000001BC000C019F930FF30324B9C466044031D1E
:20B76000443083422ED2E200121BD200D2196244FD32FF321168002924D002AA01321E79B2
:20B78000042E0AD10E7816700E68360A56704E889670C978D17004320BE0022E06D10E88F8
:20B7A00016700988090A5170023202E0097811700132083304A98A4204D2984202D019689C
:20B7C0000029DCD1174B5B7A70221A4207D002A8FFF774FF002809D100F020FB08E020224D
:20B7E0001343104A537202A800F01AFB00F016FB0134E4B253465B79A342A2D24E461435B6
:20B80000EDB201239C46E0448D23DB009C4666443C2D00D07EE704B01CBC90469946A24681
:20B82000F0BDC046EC2F00204836002010B500F053FB154B154AD35A0020002B22D0FF2B26
:20B8400005D8DBB2104A11498852104906E0013BFF3B0D4A0D498B520023F6E70A691478B2
:20B8600088882018888001320A61013BDBB2002BF4D1054B054AD35A0120002B02D1FFF740
:20B88000FDFE002010BDC046360F0000EC2F0020F8B504000378012B00D15CE2052B28D1AA
:20B8A00054E2D54B1B7ADB0604D4FFF7D1FE0022D14B5A72D0490B7A1022934320221343D7
:20B8C0000B72CD4BFF221A7000225A7061789970FE21D9709A80DA8035E2C74B1B7A9A0620
:20B8E00000D43DE22022934310221343C24A137236E2C14B1A7A930600D431E2BE4BFF21C3
:20B90000197000215970417899700578232D00D916E2AB00B949CB589F46B94B1A780023E6
:20B92000002A0FD114E020239A43B34B1A728378002B04D110231A43AF4B1A7203E2FFF773
:20B9400087FE00E2AE490133DBB2CA5C002AFAD1A94AD370002313719371433353714B3314
:20B96000D371A74BD360EEE18378002B06D14168C07800F095FAA04BD860E4E132229E4B0D
:20B980005A70E0E18178C31C4A1ED2B2002900D1D9E10432841898491A78C8680270CA688B
:20B9A0000132CA600133A342F6D1CCE1831C083491491A78C8680270CA680132CA600133F1
:20B9C0009C42F6D1BFE18278531EDBB2002A00D1B9E1181D884BC01803338749CA681278F3
:20B9E0001A700133CA680132CA609842F6D1AAE1C078616800F054FA7F4B1861A278531EC1
:20BA0000DBB2002A00D19EE1181D7B4BC018033379490A6912781A7001330A6901320A6188
:20BA20008342F6D18FE18078FFF7ECFDA278022A19D88D23DB005A43F932FF326E4BD218D5
:20BA4000131D70498C466244934204D20021197001339342FBD1684A117A02230B43137226
:20BA6000FFF724FE00E00025634AD570A37814214B43137167E18378022B05D8C178132993
:20BA800002D80279072A07D95B4B31225A700021C832FF32995056E1574CC800411A8D209E
:20BAA0004343CB189B183F33DB001B190433FC225200A35047E183785A1E012A01D9042B80
:20BAC00005D1FC235B004C4AD558002D03D13122494B5A7037E1E1790906A3791B04C91804
:20BAE00063791B02CB1821795918E07800F0D8F92860FC235B00404AD358A2781A7122E1E7
:20BB0000930703D422223C4B5A701CE18378012B08D0002B02D0022B41D07DE0C078FFF75D
:20BB200071FD10E1C678022E00D90CE105794379C17909028079411889B28D20C000704346
:20BB40002D4F3818CC27FF00BC4660440370002900D101318D23DB0073432748C3182A48E5
:20BB6000181801802949591801200880284959180D7028498C46634404211970E07802280F
:20BB800000D9E0E01C498D23DB004343CB1863440120187080235B421A430A72D3E0C5785A
:20BBA000022D00D9CFE000796379E2791202A1798A1892B28D21C90069430F4C6118CC2423
:20BBC000E400A44661440B70002A00D101328D23DB006B430849CB180B4959180A800B4A38
:20BBE0009A18012111800A4A9A181070094A9446634404221A70A6E0EC2F002014450108B3
:20BC0000000000206C0400005C0600005E06000061060000620600003122524B5A7092E0D3
:20BC2000930703D422224F4B5A708CE08378002B02D0012B03D019E0FFF70AFD83E000230C
:20BC4000484D0126484C4949591849190878042800D10E708D21C9008C466344A342F2D19C
:20BC600080235B421A433F4B1A726CE031223D4B5A7068E03B4B0222DA7000225A60DA68C6
:20BC80001A6183881B0442881A43002B02D03221344B5970334B36495A525B78002B52D176
:20BCA0005EE04379190603791B04CB18C27812029B18817859182B4BD86800F0FFF842E0C3
:20BCC0008278284D0330E96800F0FAF8A378EA6894466344EB60022835D141E0214D023065
:20BCE0000622E96800F0ECF8EB680633EB60022829D135E01B4BD86800F0DAF823E0194C17
:20BD00000023E37000F0CEF860601CE044239A4314490A728378442003401A430A72A27889
:20BD2000144BCA540FE00F4B124A9A5CDA7000221A7108E00B4B0222DA70013A1A7102E0A0
:20BD40003022084B5A70FFF799FC09E04388002B00D1B6E5C1E54388002B00D0BDE5A0E50B
:20BD6000F8BDC046EC2F0020380D000062060000360F0000340F000010B51F4A537A70210C
:20BD800018008843507201241C4007D071229343194A5372FFF772FC01242AE0164B1B7A8C
:20BDA0007F2B26D900F038F8134B1C7D002C1ED01C005A7A202313436372607D0230C0007C
:20BDC0000019063000F02CF8637D0133DBB23B2B02D8094A537502E00022074B5A75064A8F
:20BDE000137D013B137500F019F8012401E000F015F8200010BDC046EC2F0020044B054A1F
:20BE0000991800221A7001338B42FBD17047C046EC2F0020380F000072B6704762B670470B
:20BE200010B5184B08225A7200225A7300231549C25C0C69E2540133082BF9D1114B1B699A
:20BE40001B78132B03D8104A0E4B1A6011E01A00143A132A03D80D4A0A4B1A6009E0283B26
:20BE6000132B03D80A4A074B1A6002E0094A054B1A6001220349084804F056F90122074B13
:20BE80001A7010BD902F0020D1070000D2070000D3070000D40700000078004039010020F4
:20BEA00008007047014B18787047C0463A010020014B18707047C0463A0100207047C04626
:20BEC0000020704710B5FFF799FF0022014B1A7010BDC0463A0100207047C04610B50C4B39
:20BEE0001B78012B06D10022094B1A70094B1869FFF7CEFC72B6A023074AD258C0239B0231
:20BF00001A4201D1FFF738FF62B6FFF78FFC10BD38010020DC2E00200078004010B5124B03
:20BF200000E013001A688242FBD359685C18A04203D14068411859601800446801198A42AB
:20BF40000CD10A4A1268914206D04A68141944601A681268026002E0016000E0026098424D
:20BF600000D0186010BDC046480100204401002070B5040000F086FC3C4B1B68002B20D117
:20BF80003B4A530708D0D11D07239943A0239B01D3185B1A0A0001E0A0239B01354802600E
:20BFA00000214160D318083B072083432F48036059601960991A516013602F4B19602F4B54
:20BFC0001960002C4CD0072323401A0010239B1ADA43944244D8E318002B3DDD274A1668D3
:20BFE000B34239D8234A146801E022000C0061688B4202D921680029F7D11C4909688C42B4
:20C000002AD01568216811606268D21A102A08D9E018410701D072B6FEE742606360FFF765
:20C020007DFF6268B31A15490B60134909688B4201D211490B60083580231B061A436260D2
:20C04000002323600E4A13680133136000F016FD6B0708D072B6FEE700F010FD002502E062
:20C0600000F00CFD0025280070BDC046440100205401002048010020542900204001002006
:20C080003C01002010B5002823D00300083B5B68002B01DB72B6FEE70200083A1268002A5E
:20C0A00001D072B6FEE7083804005B005B08436000F0E8FB074A636811688C4663441360A9
:20C0C0002000FFF72BFF044A13680133136000F0D5FC10BD40010020500100200300083312
:20C0E0004360012252428260C3600361002303607047C046002303617047C04643684B60A0
:20C100009A688A609A68516099600861036801330360704730B50C6802000832631C02D17E
:20C12000026904E01A0053681D68AC42FAD253684B6099608A605160086103680133036037
:20C1400030BDC04603694268816891608268416851605A68904201D182685A600022026129
:20C160001A68013A1A6018687047C04682B000230193064B1B68013301D072B6FEE772B654
:20C18000019B002BFCD002B07047C046100000200B4A13681868203080F30988022080F334
:20C1A0001488BFF36F8F3FBCAE4608BC04BC62B61847C046C046C046C046C046C046C0461F
:20C1C000082A002010B5031F802464041C60043B1960043B02491960143B1A60403810BDD5
:20C1E0006DC1000880225205034B1A60BFF34F8FBFF36F8F7047C04604ED00E072B6044A04
:20C20000136801331360BFF34F8FBFF36F8F704710000020064B1B68002B01D172B6FEE7F7
:20C22000013B034A1360002B00D162B67047C04610000020EFF3108072B6704780F31088A5
:20C240007047C046000000000000000000000000EFF309800E4B1A6820381060F0C04446D9
:20C260004D4656465F46F0C008B572B600F030FD62B60CBC116808681030F0C8A046A946A2
:20C28000B246BB4680F309882038F0C81847C046082A002010B5FFF7CDFF040000F032FB32
:20C2A000002803D080225205024B1A602000FFF7C5FF10BD04ED00E070B5144D2C68FA2116
:20C2C00089002000FCF7FCFE0100114B18601148FCF7F6FE104B186021002000FCF7F0FEBE
:20C2E00001005E20FCF7ECFE0C4B18600C4C002323600C4A13602868FA218900FCF7E0FE47
:20C300000138094B18600723236070BD2000002058290020FFFFFF00602900205C29002012
:20C3200010E000E018E000E014E000E010B50C4B1A68FF2109040A431A601A68FF2109063E
:20C340000A431A60FFF7B8FF0022064B1A60FFF71FFF00F0BDFCFFF709FF002010BDC046CE
:20C3600020ED00E01000002070B504003F4B1D6872B6BFF34F8FBFF36F8F00F0F7FC0028F5
:20C3800001D162B670E00622394B1A60394B1968002901D1384B19682B00A54200D923002B
:20C3A000581E354A12684243521834490968490106D58024A40431490C602F490968521A85
:20C3C0002F4909688A4200D9521A2E490A60002428490C60264C2568012129432160002B48
:20C3E00004D0BFF34F8F30BFBFF36F8F62B6BFF34F8FBFF36F8F72B6BFF34F8FBFF36F8F7A
:20C400001B4906240C600968C90310D51A4B1968184B1B68CB18013B9A1A194B1B689A429E
:20C4200001D9914200D24A1E164B1A600EE0114A1468114A15686B431C1B29002000FCF77C
:20C440003FFE431C5D432C1B0E4B1C600022094B1A600732064B1A60074B1B68013B094A2C
:20C46000136000F01DFA62B670BDC0466029002010E000E018E000E05829002004ED00E034
:20C480005C29002014E000E0094B1A68094B1B68DB6A0020002B0AD1074B1B68012B06D82C
:20C4A000002A04D1054B1B68054A1068181A7047602A0020082A00208C2900200C2A0020D3
:20C4C000142A0020084B1B681B68002B04D101225242064B1A6005E0034B1B68DB681A68A8
:20C4E000024B1A607047C046682900200C2A002070B504000D001E4B1E681E4B186804306F
:20C50000FFF720FE631C16D1002D14D01A4A5168184B1868816018688C68C4608C681868A3
:20C52000043060601868043088601B685A611368013313601AE034190E4B1B685C60A64244
:20C5400007D90E4B18680B4B19680431FFF7E2FD0CE00B4B1868074B19680431FFF7DAFDAA
:20C56000084B1B689C4201D2064B1C6070BDC046142A0020082A00204C2A0020182A00208C
:20C58000682900200C2A0020F0B5474680B482B000900E00019395002800FFF7E9FC041E10
:20C5A00000D1C7E05820FFF7E3FC071E0ED05822002107F073FE3C632A00A521200007F00A
:20C5C0006DFE3B6B9846002E04D11EE02000FFF759FDAFE00022B2563423FA540023F35635
:20C5E000002B0FD0731C3A00353239003E3100201856107000201856002803D0013301325B
:20C600008A42F4D100223D23FA54089B042B01D972B6FEE7089E042E00D90426FE62BE64A3
:20C620003C1D2000FFF766FD38001830FFF762FD3F6105239B1BBB617F62281F40440723E3
:20C640009843019A0099FFF7BDFD3860099B002B00D01F60FFF7D2FD394A136801331360FB
:20C66000384B1B68002B23D1364B1F601368012B2AD1354D2E0064362800FFF72FFD143516
:20C68000AE42F9D1314E3000FFF728FD304D2800FFF724FD2F48FFF721FD2F48FFF71EFD47
:20C6A0002E48FFF71BFD2E4B1E602E4B1D600BE02D4B1B68002B07D1224B1B68DB6AFA6A87
:20C6C000934201D81F4B1F60284A1368013313603B64FB6A264A1268934201D9244A1360B1
:20C6E00019499A00D3189B00CB185B68BB609A68FA609A6854609C60FB6A9800C218920080
:20C700008A187A61C218920052580132C3189B005A50FFF77FFD144B1B680120002B0BD0B8
:20C72000084B1B68DA6AFB6A9A4205D2FFF75AFD012001E00120404202B004BC9046F0BDE0
:20C74000342A0020082A00208C29002074290020382A00201C2A0020F02900204C2A0020C0
:20C7600068290020182A00206C290020302A0020602A002070B50400FFF740FD002C01D173
:20C78000204B1C68251D2800FFF7DCFCA36A002B03D020001830FFF7D5FC1B4A1368013324
:20C7A0001360184B1B689C4208D129001748FFF7A5FC174A13680133136005E0154A136808
:20C7C000013B1360FFF77EFEFFF724FD0D4B1B689C4205D0206BFFF755FC2000FFF752FC5D
:20C7E0000D4B1B68002B0BD0064B1B689C4207D10A4B1B68002B01D072B6FEE7FFF7F2FC09
:20C8000070BDC046082A0020302A0020F0290020042A0020342A00206C29002070290020A6
:20C8200000B583B0104B0193002300938022D2000E490F48FFF7A8FE01280DD172B601225B
:20C8400052420C4B1A6002320B4B1A6000220B4B1A60FFF76BFD03E0431C01D172B6FEE7FE
:20C86000074B1B6803B000BD102A0020A445010835CC00080C2A00206C290020142A0020B5
:20C8800014000020024A1368013313607047C04670290020014B18687047C046142A002099
:20C8A00010B50400134B1B68134A12681B18934201D972B6FEE70F4B1B680F4A1268C3187D
:20C8C000934212D10D4B1B68002B01D172B6FEE7002801D172B6FEE7FFF790FC084A136865
:20C8E00001331360FFF796FC013C024A1368E418146010BD142A00200C2A0020702900205B
:20C9000088290020F0B5474680B4514B1B68002B00D094E04F4B1C6801341C60002C12D174
:20C920004D4B1B681B68002B01D072B6FEE74A4A11684A4B186810601960494A1368013303
:20C940001360FFF7BFFD474B1B6800209C4265D30020414B9846002643461B681B68002BFD
:20C9600004D1012252423F4B1A6057E03A4B1B68DB68DB685A68944202D23A4B1A604DE0CA
:20C980005A699968DF688F60D9689F684F60191D57688F4201D1DF6857605E611768013F92
:20C9A00017609A6A002A10D0DF691D6ABD601F6ADD697D601F0018375568BD4201D11D6AD7
:20C9C00055609E621768013F1760DA6A264D2F68BA4200D92A609700BA189200234DAC4662
:20C9E000624452689A609568DD60976879609160DA6A9700B9188900654661445961B918CA
:20CA0000890049590131BA1892005151184A1168DA6ACB6A9A429FD901209DE7144B1B6884
:20CA2000DB6A9A00D3189B00104A9B58012B00D90120104B1B68002B06D0012004E00E4AE2
:20CA4000136801331360002004BC9046F0BDC04670290020142A002068290020182A002021
:20CA6000642900200C2A0020602A00208C290020082A0020642A002088290020F8B5464B25
:20CA80001B68002B01D172B6FEE7FFF7B7FB424B1A68013A1A601B680024002B77D13F4BF9
:20CAA0001A680023002A4ED171E0F368DB689C6ADA691D6A95601A6ADD6955601A001832F1
:20CAC0006568954201D11A6A626098622268013A22605D699A68DC689460DA689C6854605F
:20CAE0001C1D6A68A24201D1DA686A6058612A68013A2A60DA6A2A4D2D68AA4201D9284DCE
:20CB00002A609500AA1892008A1852689A609568DD6095686C609460DA6A9500AC18A40014
:20CB20000C195C61AC18A40064580134AA18920054501C4A1268D26ADC6A944207D301228D
:20CB4000194C226003E0194F3E00002018493A68002AAAD1002B01D0FFF7B4FC154B1C6817
:20CB6000002C0CD0104E0125FFF7CCFE002800D03560013C002CF7D100220E4B1A600A4B61
:20CB80001B680024002B02D0FFF72CFB0134FFF741FB2000F8BDC04670290020342A00205B
:20CBA000602A0020082A0020642A00201C2A00208C2900208829002070B505000C00002861
:20CBC00001D172B6FEE7002901D172B6FEE7174B1B68002B01D072B6FEE7FFF753FE144BDA
:20CBE00018682A68A318904208D29A4219D99842A44164422B60984209D204E09A420DD8A4
:20CC000098420BD30DE0181A0021FFF771FCFFF735FF002808D1FFF7E5FA05E02B60012424
:20CC2000F1E72B600024F2E7200070BD70290020142A0020F0B5474680B41F4B98461F4F14
:20CC40001F4E43461B68002B18D01B4DFFF7D6FAFB68DC68201DFFF775FA3368013B336067
:20CC60002B68013B2B60FFF7D5FA206BFFF70AFA2000FFF707FA2B68002BE7D1114B1B68A4
:20CC8000012B01D9FFF7AEFAFFF7FEFB0128D8D9FFF7F8FD0C4B1A680C4B1B689A4201D2DA
:20CCA00072B6FEE7FFF7F0FB012801D9FFF75CFBFFF7E4FEC5E7C046042A0020F029002025
:20CCC000342A00208C2900200C2A0020142A002010B5214B1B68002B03D001221F4B1A6094
:20CCE00038E000221D4B1A601D4B1B689A00D21892001C495258002A0DD1002B02D003E020
:20CD0000002B01D172B6FEE7013B9A00D21892005258002AF4D0134C9A00D118890061183B
:20CD2000486840684860D21892000832A218904205D141689A00D2189200A21851609A0017
:20CD4000D218920007498A185268D168064A1160034A136010BDC04670290020642A0020B7
:20CD6000602A00208C290020082A00200B4B1B680020002B11D10A4B1B68002B0DD1094BA7
:20CD80001B68002B09D1084B1B68084A10680138181A431E98410223181A70471C2A002052
:20CDA000642A0020882900204C2A0020342A002010B5084C00220821200004F0EFFF002258
:20CDC0000721200004F0EAFF01220721200005F04BF810BD3000082010B5124C01220821F7
:20CDE000200005F041F801220821200004F0C6FF01220721200004F0C1FF0420FEF7F2FB9B
:20CE000000220821200004F0B9FF0420FEF7EAFB00220721200004F0B1FF0420FEF7E2FBF9
:20CE200010BDC0463000082010B50E4C01220821200005F019F800220821200004F09EFF3A
:20CE40000420FEF7CFFB01220721200004F096FF0420FEF7C7FB01220821200004F08EFF33
:20CE600010BDC04630000820F8B5050001220821164804F0F9FF08248027144E2F4205D0C4
:20CE800001220821300004F079FF04E000220821300004F073FF6D00ADB20420FEF7A2FB63
:20CEA00001220721300004F069FF0420FEF79AFB00220721300004F061FF0420FEF792FB79
:20CEC000013CE4B2002CD9D1F8BDC0463000082070B5184C00220821200004F0C5FF0122C7
:20CEE0000821200004F04AFF0420FEF77BFB01220721200004F042FF0420FEF773FBFB24D7
:20CF00000C4D06E0013CE4B2002C02D1FFF78CFF0EE00821280004F03BFF0028F2D1002205
:20CF20000721044804F02AFF0420FEF75BFB0124200070BD3000082010B5124C01220821B8
:20CF4000200004F091FF00220821200004F016FF0420FEF747FB01220721200004F00EFFF2
:20CF60000420FEF73FFB00220721200004F006FF0420FEF737FB01220821200004F0FEFE54
:20CF800010BDC0463000082010B50F4C01220821200004F069FF01220821200004F0EEFE32
:20CFA0000420FEF71FFB01220721200004F0E6FE0420FEF717FB00220721200004F0DEFE96
:20CFC0000420FEF70FFB10BD30000820F8B507001A4C00220821200004F046FF01220821FF
:20CFE000200004F0CBFE08260024144D01220721280004F0C3FE0420FEF7F4FA6400E4B278
:20D000000821280004F0C4FE002801D00134E4B200220721280004F0B1FE0420FEF7E2FA3B
:20D02000013EF6B2002EE1D1002F02D1FFF7ACFF01E0FFF781FF2000F8BDC04630000820FC
:20D0400070B504000D001600821880235B0000209A4238DC002935D0FFF7BEFEA020FFF746
:20D0600003FFFFF735FF002828D0A0B2FFF7FCFEFFF72EFF002821D0FFF7AEFEA120FFF78D
:20D08000F3FEFFF725FF002818D0B31E9BB2012E0AD02C000133ED182E000120FFF796FF0F
:20D0A00020700134B442F8D10020FFF78FFF2870FFF76AFFFFF7B8FE012004E0FFF7B4FEF8
:20D0C000002000E0002070BDF0B557464E464546E0B492468418802252000023944249DC88
:20D0E000002946D083B299465346002B35D00F000025FF2398464B465E19B6B2002D01D072
:20D1000073071ED1FFF790FEFA208000FEF76AFA0024FFF761FEA020FFF7A6FEFFF7D8FE90
:20D12000002804D10134A4B2642CF2D11DE0642C1BD040463040FFF797FEFFF7C9FE002836
:20D1400013D03878FFF790FEFFF7C2FE00280CD00135ADB20137AA45CDD1FFF765FEFA2031
:20D160008000FEF73FFA012304E0FFF75DFE012300E0002318001CBC90469946A246F0BD47
:20D18000002103E00F4B5B58435004310E480F4B42189A42F6D30E4A03E00023136004230F
:20D1A0001A440C4B9A42F8D300F048F90A480B4901800B48094901800A480B490180FEF779
:20D1C000B9F870477047010800000020DC000020DC0000201841002014000820FFFF00005C
:20D1E0004400082074000820FF030000FEE7000082B00022019201380A4B58609A600532E2
:20D200001A601900802252020B680193019B1342FAD0044B1A6801218A431A6000229A606D
:20D2200002B0704710E000E000B583B000226B46DA71002005F052FE012005F05BFE0128B2
:20D2400005D104F0EDFB01226B46DA7105E0002004F0E6FB00226B46DA71002004F0CAFB2C
:20D26000012005F079FE01280CD1002004F0E4FB082004F0EDFB602004F0FAFB012004F0A6
:20D28000B1FB0BE06B4607331B78012B03D1022004F0A8FB02E0002004F0A4FB03B000BDBB
:20D2A0000B4B0C4A1A600C4A1A600C4B0C4A1A60802189020B4A11608022520019680A439D
:20D2C0001A60094A80231B0611680B4313607047002000401178AC006745230114200040F3
:20D2E000312000004020004004200040F8B50A4B1B6843431F001D0E08D000248026760468
:20D300003000FFF775FF0134A542F9D13802000AFFF76EFFF8BDC046682A002010B584B080
:20D320000F226A44002313700E2169440B700D2169440B7003A90B700B2169440B700A2115
:20D3400069440B70092169440B7001938020C005036803242340137003689B059B0F0133F9
:20D360000B701378DBB2012B08D0002B02D0022B4AD04CE02C4A2D4B1A6048E08021C905A7
:20D380000B68DB02DB0F0B226A4413700B689B069B0F013303A8037025480B589B0F254CFA
:20D3A000E35CDBB20A246C4423700B589B00DB0E5B000E246C4423700B58DB0BDBB20D2175
:20D3C00069440B701378002B03D0174A174B1A6002E0154A154B1A600D236B4418780A23A8
:20D3E0006B441978C9B2114C23685843FBF768FE019001980E236B44197803AB1B7859431F
:20D40000FBF75EFE206002E0074A084B1A6009236B441978C9B2054B1868FBF751FE064BF5
:20D42000186004B010BDC04600127A0020000020908800001C0000202400002010B5074B72
:20D44000074A9A60074A084B1A60FFF729FFFFF7EBFE012004F0D8FA10BDC04600ED00E0DF
:20D4600000900008006CDC022000002003789A07D20F50005A07D20F92008218D807C00F21
:20D4800010181A07D20FD2008018DA06D20F120180189A06D20F520180185A06D20F92014C
:20D4A0008018DB09DB01C018C0B27047F0B5474680B407000D0014001122002106F0EEFE4F
:20D4C0000022194B1A70012C02D0022C14D027E0164C26001036144B98462000FFF7C6FF3E
:20D4E0002840854204D143461B780133424613700134B442F1D113E00C4E01240A4B98463B
:20D500003000FFF7B3FF284205D043461B785A1C41460A70FC540134E4B20136112CEFD112
:20D52000380004BC9046F0BDD82E0020392F0020F8B5040000220F4B1A701132002106F0B1
:20D54000ADFE0123002000270B4E0125D9B29A00B218D278D20703D57A1CE155D7B22800CF
:20D560000133112BF2D1002801D0024B1F702000F8BDC046342F002000B001088000034BBE
:20D580001818C078C007C00FC0B2704700B0010870B583004F4CE318DB78DB0750D54E4B7A
:20D5A0001B78012B4CD1012A00D084E00C781C43E4B202232343DCB220232343EF2423407F
:20D5C000AF3CA343082423430B70444B1B78002B09D0984214D00123404D1E00DC002C5D55
:20D5E000002C08D100E00026F6003C4BF05401243B4B1C7004E0A04202D00133042BECD170
:20D60000384B187034E00124374B1C70374B1B5CDB070DD5324B1C700023304D0026EC5CE4
:20D62000844202D12D4C1C1926700833202BF6D12E4C235C0825AB43073DAB43235417E00C
:20D64000254B1B78002B13D10124274B1C70274D2B5C0826B343A3431F34A3431E3CA34317
:20D6600010242343DBB2402423437F2423402B548000184B1818C3789B07DB0F012B0FD14E
:20D68000154B1B78012B23D1012A1FD10B78813A13430B701CE00B787F2213400B7017E068
:20D6A000002B15D10C4B1B78012B11D10B787F2213400B700CE0002AA5D08000054B1818E4
:20D6C000C3789B07DB0F012BEAD1DDE7002AE2D070BDC04600B00108C42E00200C2E0020A4
:20D6E000E82F0020BC2E0020B82E0020382F0020037808229343043A9343033A93431F3269
:20D7000093431E3A934310221343DBB2402213437F2213400370704770B5154C250010352A
:20D720002000FFF7E5FF0134AC42F9D1AB22114B1A700023104A1370104A1370104A137095
:20D74000104A002050709070D3700F4A137001220E49D830FFF774FC20220D49DB20FFF7FF
:20D760006FFC04220B49FB20FFF76AFC70BDC046392F0020BA2E0020D82E0020E82F00202D
:20D78000B82E0020BC2E0020AC2E0020C42E00200C2E0020082E002010B5012811D00028C6
:20D7A00004D0022818D0032821D02AE008221549DB20FFF789FC01221349FB20FFF784FC4F
:20D7C0001FE008221149E320FFF77EFC01221049FC20FFF779FC14E008220E49EB20FFF7DA
:20D7E00073FC01220C49FD20FFF76EFC09E008220A49F320FFF768FC01220949FE20FFF769
:20D8000063FC10BD0C2E0020082E0020142E0020092E00201C2E00200A2E0020242E00203F
:20D820000B2E0020F0B5474680B41E4E0024B04600251D4FE200424455709570F5703570D6
:20D84000137908218B4304398B4303398B431F318B431E398B4310210B43DBB240210B4332
:20D860007F210B401371E3191D70E0B2FFF794FF01340836042CDDD10C4A002300205070EB
:20D880009070D3700A4A13700A4A13700A4C250010352000FFF72CFF0134AC42F9D104BCE9
:20D8A0009046F0BD0C2E0020082E0020BC2E0020AC2E0020F02E0020392F0020F8B55F4619
:20D8C00056464D464446F0B4534B1B78012B5CD1524B1B78012B72D100224F4B1A70504DDF
:20D8E00018260024A94619234B449A464D4B9846E7B2287800281DD0830042469A5C93468E
:20D9000043445A789446E100454A521859465170614691709A78EA70434A1055DB789B079F
:20D9200002D50122414B1A7001224049FF20FFF7CBFB21E0290008313200280006F070FC31
:20D940000023002251460A704A704A46D3761376137F08229343043A9343033A93431F324B
:20D9600093431E3A934310221343DBB2402213437F2213404A4613773800FFF70DFF013459
:20D980000835083E33000833B2D1294B1B78002B15D0224A1278012A11D122499A00545C44
:20D9A0008A18507822494C7088709078C87021490B70D3789B0702D501221C4B1A701E4B78
:20D9C0001B78012B21D100221B4B1A700121012314481A4C8A008218D278D20702D5625CA0
:20D9E000D20705D40133DBB20131112BF2D101E0112B0AD10E4A00231370002050709070AD
:20DA0000D3700C4A1370094A13703CBC90469946A246AB46F8BDC046E82F0020C42E00208A
:20DA20000C2E002000B00108082E0020F02E0020BC2E0020AC2E0020B82E0020382F0020AE
:20DA4000084A0023137013715370537193709371D370054A1370054A1370054A1370054AB4
:20DA600013707047B02E0020B92E0020D92E0020B72E0020D42F002010B502F0B1FE10BDE5
:20DA800000B585B010220021684606F007FC064B009301236A465371044B02936946044847
:20DAA00005F024FB05B000BD7FA9030079DA00080011014070B582B001266B46DE716B46D9
:20DAC0009D1D00249C71002002F058FB002002F05BFB1E4B1C701E4B1C701E4B1C70FFF7B9
:20DAE000CFFF03221C4B1A701C4B1E7001321C4B1A701C4B1C701C4B1C7067321B49002026
:20DB0000FFF79EFA01221A49D720FFF799FA01221849D520FFF794FA01221749D620FFF705
:20DB20008FFA01222900D820FFF78AFA01280AD16B4606331B78012B05D001226B46D91D52
:20DB4000D730FFF7C1FA02B070BDC0464C3F0020543F0020403F0020253F00204D3F0020FB
:20DB6000303F0020762A00202C3F0020782A00202F3F0020243F00202D3F002000B585B082
:20DB800010220021684606F089FB074B009301236A4653711373054B02936946044805F032
:20DBA000A5FA05B000BDC0467FA9030079DA00080011014000B585B010220021684606F095
:20DBC0006DFB064B009301236A465371044B02936946044805F08AFA05B000BD7FA903006C
:20DBE00079DA00080011014072B6BFF34F8F034A034BDA60BFF34F8FC046FDE70400FA056E
:20DC000000ED00E070B506003E2849D102F014FB040002F015FB0578427812022A438378D2
:20DC20001B0413431A00C3781B06134301220271002242717E321A700578427812022A4346
:20DC400083781B0413431A00C3781B0613430279467936021643721C92B20271120A4271A9
:20DC60002578617809022943A27812040A431100E27812060A4352787F210A409A5520782F
:20DC8000627812020243A3781B0413431A00E3781B0613435B787F2B4BD8FFF76FFF48E0A9
:20DCA00002F0C2FA040002F0C3FA0578427812022A4383781B0413431A00C3781B0613430F
:20DCC000012202710022427140361E700578427812022A4383781B0413431A00C3781B0637
:20DCE00013430279467936021643721C92B20271120A42712578617809022943A2781204D2
:20DD00000A431100E27812060A4352787F210A409A552078627812020243A3781B041343E8
:20DD20001A00E3781B0613435B787F2B01D8FFF725FF70BD70B506000D003E2851D102F0A8
:20DD40007BFA040002F07CFA067842781202324383781B0413431A00C3781B0613430122C2
:20DD60000271002242717F321A70067842781202324383781B0413431A00C3781B06134323
:20DD800002794179090211434A1C92B20271120A42713E225A540678427812023243837839
:20DDA0001B0413431A00C3781B06134302794179090211434A1C92B20271120A42715D54F1
:20DDC0002078627812020243A3781B0413431A00E3781B0613435B787F2B41D8FFF7CEFEA4
:20DDE0003EE002F025FA047842781202224383781B0413431A00C3781B0613430122027173
:20DE0000002242717F321A70047842781202224383781B0413431A00C3781B06134302798C
:20DE20004179090211434A1C92B20271120A42715E54047842781202224383781B0413430C
:20DE40001A00C3781B06134302794179090211434A1C92B20271120A42715D54FFF78EFE43
:20DE600070BDC046F8B502F0DFF9040002F0E0F90578427812022A4383781B0413431A00E7
:20DE8000C3781B061343012202710022427150321A700578427812022A4383781B04134331
:20DEA0001A00C3781B061343027947793F0217437A1C92B20271120A427126786178090222
:20DEC0003143A27812040A431100E27812060A4352787F210A40DA550578427812022A43E6
:20DEE00083781B0413431A00C3781B06134302794179090211434A1C92B20271120A427166
:20DF000000225A540578427812022A4383781B0413431A00C3781B061343027941790902FD
:20DF200011434A1C92B20271120A427132225A540578427812022A4383781B0413431A005D
:20DF4000C3781B06134302794179090211434A1C92B20271120A427102225A540578427886
:20DF600012022A4383781B0413431A00C3781B06134302794179090211434A1C92B2027133
:20DF8000120A4271BC225A542078627812020243A3781B0413431A00E3781B0613435B780C
:20DFA0007F2B01D8FFF7EAFDF8BDC046F8B505000E0017001C0002F037F902F039F9037892
:20DFC000427812021A4383781B0413431A00C3781B061343012202710022427140351D706D
:20DFE0000578427812022A4383781B0413431A00C3781B06134302794179090211434A1C33
:20E0000092B20271120A4271320A5A540578427812022A4383781B0413431A00C3781B06F2
:20E02000134302794179090211434A1C92B20271120A42715E541A235F43134BDF19FB7CAC
:20E04000002B1DD02600013BDBB20133E3180578417809022943827812040A431100C27835
:20E0600012060A430179447924020C43611C89B20171090A41713178115501369E42E6D1C3
:20E08000FFF77CFDF8BDC0460C460108F8B5060002F0CAF8040002F0CBF805784278120290
:20E0A0002A4383781B0413431A00C3781B061343012202710022427140361E700578427811
:20E0C00012022A4383781B0413431A00C3781B061343027947793F0217437A1C92B2027160
:20E0E000120A42712678617809023143A27812040A431100E27812060A435278DA55057898
:20E10000427812022A4383781B0413431A00C3781B0613430279467936021643721C92B2EB
:20E120000271120A42712578617809022943A27812040A431100E27812060A4392789A556A
:20E14000FFF71CFDF8BDC046F8B5050002F06CF8060002F06DF804784278120222438378E6
:20E160001B0413431A00C3781B061343012202710022427140351D70047842781202224342
:20E1800083781B0413431A00C3781B061343027947793F0217437A1C92B20271120A427151
:20E1A0003578717809022943B27812040A431100F27812060A4352787F210A40DA559E4B19
:20E1C0001B78012B58D1047842781202224383781B0413431A00C3781B0613430279417937
:20E1E000090211434A1C92B20271120A42712D225A54047842781202224383781B041343B8
:20E200001A00C3781B06134302794179090211434A1C92B20271120A4271CF225A54047897
:20E2200042781202224383781B0413431A00C3781B06134302794179090211434A1C92B231
:20E240000271120A427146225A54047842781202224383781B0413431A00C3781B0613437B
:20E2600002794179090211434A1C92B20271120A427129225A54DCE0704B1B78012B0ED110
:20E280003478727812022243B3781B0413431A00F3781B0613439B78012B66D10FE0032B40
:20E2A00063D13478727812022243B3781B0413431A00F3781B0613439B78032B55D104789C
:20E2C00042781202224383781B0413431A00C3781B06134302794179090211434A1C92B291
:20E2E00000250271120A42715D54047842781202224383781B0413431A00C3781B0613431B
:20E3000002794179090211434A1C92B20271120A42715D54047842781202224383781B0403
:20E3200013431A00C3781B06134302794179090211434A1C92B20271120A42715D5404780E
:20E3400042781202224383781B0413431A00C3781B06134302794179090211434A1C92B210
:20E360000271120A42715D5463E0047842781202224383781B0413431A00C3781B0613437C
:20E3800002794179090211434A1C92B20271120A42712B4D1C2252422C6862405A54047853
:20E3A00042781202224383781B0413431A00C3781B06134302794179090211434A1C92B2B0
:20E3C0000271120A4271732252422C6862405A54047842781202224383781B0413431A00B5
:20E3E000C3781B06134302794179090211434A1C92B20271120A427119222C6862405A54CC
:20E40000047842781202224383781B0413431A00C3781B06134302794179090211434A1C17
:20E4200092B20271120A42712A681E20404242405A54FFF7A3FBF8BD18000020303F0020C4
:20E44000A82F002070B501F0EFFE050001F0F0FE29786B781B020B431A00AC782404230066
:20E460001343EC7824061C43057843781B022B431A00817809040B001343C1780906194371
:20E480008A781206CB781B04D2184B79D218097909025218D30912041A435200264B5340CC
:20E4A00058011B0BA2781106E27812048A186179521821790902521803439A4206D1092223
:20E4C0001E4B1A7000221E4B1A7034E01D4B1B78022B27D91A4B1B78002B09D10B22174B6C
:20E4E0001A700A3A164B1A700332174B1A7022E0164B1B88002B0ED10022124B1A700132F6
:20E500000F4B1A70124A114B1A8004230B4A13700D4A13700FE00C22084B1A70083A0A4B5B
:20E520001A7008E00133074A13700A22034B1A70063A054B1A7070BD82FD3E7D6D2A002025
:20E540002C3F00206F2A0020303F00202800002060EAFFFFF0B583B001F066FE040001F036
:20E5600067FE6C4A6C4B1A80BB226B46DA71227963791B021343022B07D00522674B1A7005
:20E5800013211020FFF7D6FBC2E02578627812022A43A3781B0413431A00E3781B0613433A
:20E5A0005B787F221340022B19D0DAB2022A02D8012B05D044E0032B28D0042B33D03FE050
:20E5C0000123564A1370564A13700422554B1A700022554B1A701020FFF744FC98E04F4BBD
:20E5E0001B78032B05D1013B4C4A13704C4A137035E0022B33D00722484B1A70063A484BB8
:20E600001A7022211020FFF795FB81E00323434A1370434A1370454B1A78434B1A70102066
:20E62000FFF720FC74E004233C4A13703C4A13703E4B1A783C4B1A701020FFF713FC67E093
:20E640000622364B1A70053A354B1A7012211020FFF770FB5CE0FCF761FCFFF7C5FA334BBB
:20E660001A78314B1A700122314B1A700578427812022A4383781B0413431A00C3781B063B
:20E68000134301220271002242717F321A700578427812022A4383781B0413431A00C37801
:20E6A0001B061343027947793F0217437A1C92B20271120A42712678617809023143A278E1
:20E6C00012040A431100E27812060A431278DA55047842781202224383781B0413431A0015
:20E6E000C3781B06134302794179090211434A1C92B20271120A427178225A5402F070F846
:20E7000001226B46D91DD720FEF7DEFC0128A2D003B0F0BD10270000702A00206C2A0020C7
:20E720004D3F0020303F00204B3F00202E3F0020403F0020F8B501F077FD040001F078FD4C
:20E740006F4B1B88002B09D06E4A6D4B1A80227963791B021343022B13D00DE001236A4A8F
:20E7600013700421694A1170694A1370227963791B021343022B09D013211120FFF7DAFA68
:20E78000BCE0614B1B78023B012B04D97E211120FFF7D0FAB2E05D4B1B7802229343012BD5
:20E7A00004D033211120FFF7C5FAA7E02578627812022A43A3781B0413431A00E3781B06A6
:20E7C00013435B787F221340DAB2052A00D991E09B00504AD3589F464B4D01262E700778F6
:20E7E000427812023A4383781B0413431A00C3781B061343012202710022427151321A701A
:20E800000778427812023A4383781B0413431A00C3781B0613430179427912020A43944682
:20E82000013292B20271120A42712778617809023943A27812040A431100E27812060A43D3
:20E8400052787F210A4061465A54FFF797F92D48FCF7C8FE2E70FFF7C7F901222A4B1A7085
:20E860004CE0294D01262E700778427812023A4383781B0413431A00C3781B061343012208
:20E8800002710022427151321A700778427812023A4383781B0413431A00C3781B0613431D
:20E8A0000179427912020A439446013292B20271120A42712778617809023943A278120400
:20E8C0000A431100E27812060A4352787F210A4061465A54FFF752F90A48FCF783FE2E706D
:20E8E000FFF782F90122084B1A7007E00122064B1A7003E012211020FFF71CFAF8BDC046B5
:20E90000702A0020102700006C2A0020303F00204D3F0020AC45010870B501F085FC040080
:20E9200001F086FC05002F4B1B88002B09D02E4A2C4B1A80227963791B021343042B13D0B9
:20E940000DE00123294A13700421294A1170294A1370227963791B021343042B0FD0132175
:20E960001420FFF7E7F93CE0204B1B7802229343012B04D022211420FFF7DCF931E020788E
:20E98000627812020243A3781B0413431A00E3781B0613435A7811049A7812028A18DB78C6
:20E9A000D218154B9A4218D1FEF73CFF0122134B1A7028786A7812020243AB781B0413439A
:20E9C0001A00EB781B06134301222A7100226A7154321A70FFF7D2F803E031211420FFF759
:20E9E000A9F970BD702A0020102700006C2A0020303F00204D3F0020FFFFFF00762A0020A9
:20EA0000F0B55F4656464D464446F0B48DB001F00BFC050001F00CFC0400CF4B1B88002B30
:20EA200003D0CE4ACC4B1A8007E00123CC4A13700421CC4A1170CC4A13702A796B791B029D
:20EA40001343023B9BB2012B04D913211920FFF771F95DE228786A7812020243AB781B04A4
:20EA600013431A00EB781B06134399785B78022B00D191E00A2B00D180E1012B00D043E271
:20EA800001226846FEF712FD2078627812020243A3781B0413431A00E3781B061343012237
:20EAA00022710022627159321A702078627812020243A3781B0413431A00E3781B06134372
:20EAC000227967793F0217437A1C92B22271120A62712E78697809023143AA7812040A4339
:20EAE0001100EA7812060A435278DA552078627812020243A3781B0413431A00E3781B0654
:20EB0000134322796179090211434A1C92B22271120A6271954A12785A5420786278120202
:20EB20000243A3781B0413431A00E3781B06134322796179090211434A1C92B22271120AE7
:20EB4000627101225A542078627812020243A3781B0413431A00E3781B0613432279617955
:20EB6000090211434A1C92B22271120A6271804A12785A5428786A7812020243AB781B04EB
:20EB800013431A00EB781B0613435B787F2B00D9BEE1FEF7F3FFBBE1022207A8FEF786FC69
:20EBA0002078627812020243A3781B0413431A00E3781B06134301222271002262715932D8
:20EBC0001A702078627812020243A3781B0413431A00E3781B061343227967793F0217434E
:20EBE0007A1C92B22271120A62712E78697809023143AA7812040A431100EA7812060A4356
:20EC00005278DA552078627812020243A3781B0413431A00E3781B06134322796179090234
:20EC200011434A1C92B22271120A62714F4A12785A544F4B1B78002B7BD000264D4F4E4B85
:20EC400099464B4B98462078627812020243A3781B0413431A00E3781B06134321796279A5
:20EC600012020A439246013292B22271120A627107AA925D934692009446D25D6246B918D5
:20EC80004A7850461A542378627812021A43A3781B041A43E3781B06134322799246627911
:20ECA00012025046104382460200013292B22271120A62716246D25D487850461A5423785E
:20ECC000627812021A43A3781B041A43E3781B061343227994466279120260461043020021
:20ECE000013292B22271120A62718A781A542378627812021A43A3781B0413431A00E378C0
:20ED00001B06134322796179090211434A1C92B22271120A62719A468A4458464844FEF7AF
:20ED2000A5FB534618700136F6B243461B78B34289D828786A7812020243AB781B0413434E
:20ED40001A00EB781B0613435B787F2B00D9DFE0FEF714FFDCE0C046702A002010270000EF
:20ED60006C2A0020303F00204D3F0020BA2E0020D82E002000B00108382F002007A8FEF790
:20ED8000D7FB2078627812020243A3781B0413431A00E3781B0613430122227100226271AF
:20EDA00059321A702078627812020243A3781B0413431A00E3781B061343227967793F023B
:20EDC00017437A1C92B22271120A62712E78697809023143AA7812040A431100EA78120667
:20EDE0000A435278DA552078627812020243A3781B0413431A00E3781B0613432279617911
:20EE0000090211434A1C92B22271120A6271444A12785A54434B1B78002B72D00025424E5E
:20EE2000424B98463F4B9A462078627812020243A3781B0413431A00E3781B06134321791C
:20EE4000627912020A431700013292B22271120A627107AA505D82009446925D6246B1184C
:20EE60004A78DA552378627812021A43A3781B041A43E3781B0613439946277962791202E4
:20EE800017437A1C92B22271120A62716246925D4B784B46DA552378627812021A43A378A1
:20EEA0001B041A43E3781B061343227967793F0217437A1C92B22271120A62718A78DA5561
:20EEC0002378627812021A43A3781B0413431A00E3781B06134322796179090211434A1C96
:20EEE00092B22271120A6271994689444044FEF7BDFA4B4618700135EDB253461B78AB4269
:20EF000092D8FEF73BFE03E012211920FEF712FF0DB03CBC90469946A246AB46F0BDC0460E
:20EF2000BA2E0020342F002000B00108382F0020F8B501F079F9040001F07AF90122884B98
:20EF40001A70884B1B88002B03D0874A854B1A8007E00123854A13700421854A1170854AD7
:20EF60001370227963791B021343032B04D013212220FEF7DFFEF1E020786278120202433E
:20EF8000A3781B0413431A00E3781B061343597809029B78591889B2774B1F78002F2AD0D8
:20EFA000764B1A785B781B021343994200D1C6E00120724D1A239C4618E00600013063468F
:20EFC00073435C5DEB185B781B02234399420DD11A235E43694B9E19B378002B09D0022B0B
:20EFE00007D031212220FEF7A5FEB7E0C2B2BA42E3D3BA4205D131212220FEF79BFEADE0D0
:20F00000002216001A2757435C4BDF19FD783B791B022B4318007C79240423000343BC79B7
:20F0200024061C4317D02378002B0FD051480578AB4209D0002301E0A84205D00133DBB25B
:20F04000E05C0028F8D101E0002D04D131212220FEF770FE82E01A277743484BDF19FD794B
:20F060003B7A1B022B4318007C7A240423000343BC7A24061C4317D02378002B0FD03C48E2
:20F080000578AB4209D0002301E0A84205D00133DBB2E05C0028F8D101E0002D04D1332145
:20F0A0002220FEF747FE59E0354B994223D11A2373433248C3189B78002B0ED11A335E43F9
:20F0C0008619B57DF07D00022843337E1B0403431800737E1B06034309E01A2046432748E4
:20F0E0008619347D737D1B02234326481B1808241B48047029E01A2373432048C3189B7857
:20F10000002B0ED11A335E438619B57DF07D00022843337E1B0403431800737E1B060343C6
:20F1200009E01A20464315488619347D737D1B02234314481B1808240948047005E00F4B44
:20F140009B78002B00D15BE703E02220FEF72EFF04E00022022B00D153E742E7F8BDC046F5
:20F160006E2A0020702A0020102700006C2A0020303F00204D3F0020770000200C46010803
:20F1800087F10000782A002010B501F04DF8040001F04EF8614B1B88002B09D0604A5F4B58
:20F1A0001A80227963791B021343022B10D118E001235C4A137004215B4A11705B4A137005
:20F1C000227963791B021343022B00D0A0E00DE0062B06D01122564B1A700D3A524B1A7008
:20F1E00091E0504B1B78023B012B06D90E22504B1A700A3A4C4B1A7062E0207862781202A6
:20F200000243A3781B0413431A00E3781B0613435B787F221340012B02D0022B1DD040E02E
:20F22000444B1B78012B0ED1434B1B78022B0AD9424B1B88002B06D00B223D4B1A70073ABF
:20F24000394B1A7046E001223D4B1A700132384B1A700232344B1A702EE0394B1B78002B78
:20F2600006D10D22324B1A70093A2F4B1A7040E02F4C062323702720FFF7E4F82378092BFB
:20F2800006D10122284B1A7000222D4B1A700FE000212B4A1170112B3ED89B00294AD358C2
:20F2A0009F461022224B1A700C3A1F4B1A700CE02720FEF7A7FC2FE02720FEF745FF2BE0A1
:20F2C0007F212720FEF736FD26E012212720FEF731FD21E036212720FEF72CFD1CE035216D
:20F2E0002720FEF727FD17E037212720FEF722FD12E024212720FEF71DFD0DE02221272000
:20F30000FEF718FD08E013212720FEF713FD03E0062B00D05EE769E710BDC046702A002075
:20F32000102700006C2A0020303F00204D3F00206D2A00202C3F00206F2A00202800002062
:20F34000732A0020C445010810B582B000F06CFF040000F06DFF00226B46DA7101236A463A
:20F360009371614A1370614B1B88002B09D0604A5E4B1A80227963791B021343022B0ED91D
:20F3800015E001235B4A137004215B4A11705B4A1370227963791B021343022B0BD803229A
:20F3A000514B1A7013212820FEF7C4FC9AE0514B1B78032B07D004224B4B1A707E2128201B
:20F3C000FEF7B8FC8EE02078627812020243A3781B0413431A00E3781B0613435A787F215D
:20F3E0000A40012A1DD0002A04D0022A30D0032A45D05BE09B78012B0FD106223A4B1A70AE
:20F4000000F056FE00F078FE01226B46991DD920FDF75AFE012865D150E00222324B1A70B9
:20F420005CE09B78012B0FD107222F4B1A7000F063FE00F043FE01226B46D91DD920FDF70B
:20F4400043FE01284ED13DE00222274B1A7045E09B78012B0FD10822234B1A7000F034FE5E
:20F4600000F026FE01226B46991DD920FDF72CFE012837D12AE002221B4B1A702EE09B7867
:20F48000012B0FD10922184B1A7000F01DFE00F015FE01226B46D91DD920FDF715FE012847
:20F4A00020D117E00222104B1A7017E005220E4B1A7012212820FEF73DFC13E02820FEF781
:20F4C000A1FB0FE02820FEF79DFB0BE02820FEF799FB07E02820FEF795FB03E031212820DF
:20F4E000FEF728FC02B010BD742A0020702A0020102700006C2A0020303F00204D3F0020D4
:20F50000F0B54F464646C0B483B000F08DFE040000F08EFE2078627812020243A3781B047E
:20F5200013431A00E3781B061343587800029B78181880B200282ED100226B465A716B46CC
:20F54000991DFF230B706A46D3710122D530FDF7BBFD012800D06AE101226B46D91DD5307D
:20F56000FDF7B2FD012800D061E101226B46591DD730FDF7A9FD012800D058E101226B46BC
:20F58000591DD830FDF7A0FD002800D14FE12E20FEF77CFD4BE101282FD101226B465A7183
:20F5A0006B46991DAA230B70CB326B46DA71CB3AD430FDF789FD012800D038E101226B463A
:20F5C000D91DD530FDF780FD012800D02FE101226B46591DD730FDF777FD012800D026E1FD
:20F5E00001226B46591DD830FDF76EFD012800D01DE12D30FEF74AFD19E103282ED1002284
:20F600006B465A716B46991DFF230B706A46D3710122D230FDF758FD012800D007E1012204
:20F620006B46D91DD530FDF74FFD012800D0FEE001226B46591DD730FDF746FD012800D086
:20F64000F5E001226B46591DD830FDF73DFD002800D1ECE02E20FEF719FDE8E0764B1B880B
:20F66000002B03D0754A744B1A8007E00123744A13700421734A1170734A1370227963790E
:20F680001B0213439946032B11D9704B1B789C46002B2ED06E4B1A785B781B02134398423C
:20F6A00000D1BCE001226A4E1A2398461CE013212E20FEF73FFBBAE01700013243467B430F
:20F6C000995DF3185B781B020B4398420CD11A235F435F4BDF19BB78013B012B07D93121E6
:20F6E0002E20FEF727FBA2E0D5B26545E4D3654504D131212E20FEF71DFB98E02F001A232B
:20F700006B43534AD318DA7CD31C994504D013212E20FEF70FFB8AE01A235D434C4B5D19E7
:20F72000EE7A2B7B1B0233431900687B000403000B43A87B0006184318D00378002B10D0E5
:20F7400041490D78AB4209D0002301E0A94206D00133DBB2C15C0029F8D102E00023002D0D
:20F7600005D131212E20FEF7E5FA60E000231A257D4337494D19EE7B297C09023143080062
:20F78000697C083509040143AD7A2D060D4317D0297800290FD02B480678B14209D00021DE
:20F7A00001E0B04205D00131C9B2685C0028F8D101E0002E04D133212E20FEF7BBFA36E0F9
:20F7C0001A214B432249CB18187D10335B791B02034320499C468C44002A13D0002126781C
:20F7E000607800023043A3781B0403431800E3781B060343CB18DB78604643540131CBB240
:20F800009A42ECD892B21A235F43114BDF19387D6146FDF759FC2E20FEF738FC07E00C4B77
:20F820009B78013B0025012B00D867E757E703B00CBC90469946F0BD702A002010270000F6
:20F840006C2A0020303F00204D3F0020770000200C460108782A002010B500F0EDFC040061
:20F8600000F0EEFC294B1B88002B09D0284A274B1A80227963791B021343022B0ED115E02A
:20F880000123244A13700421234A1170234A1370227963791B021343022B0BD00222204BCF
:20F8A0001A7013213E20FEF745FA2DE0194B1B78012B07D106221A4B1A707E213E20FEF7E7
:20F8C00039FA21E02078627812020243A3781B0413431A00E3781B0613435B78002B09D0D6
:20F8E000802B0ED003220E4B1A7012213E20FEF721FA09E004220A4B1A703E20FEF782F91A
:20F9000002E00122064B1A7010BDC046702A0020102700006C2A0020303F00204D3F002052
:20F92000722A002010B500F087FC124B1B78012B1FD1114B1B78012B03D0104B1B78012BBF
:20F9400017D1047842781202224383781B0413431A00C3781B0613431B783E2B01D1FFF710
:20F960007BFF002000F010FC0023034A1370034A137010BD553F0020EA2F00208D2F002098
:20F9800070B582B000F050FC040000F051FC050001226B46DA7100226B469A71784B1B882B
:20F9A000002B09D0774A764B1A80227963791B021343022B0ED112E00123734A13700421B6
:20F9C000724A1170724A1370227963791B021343022B09D013218520FEF7ACF9CEE06A4BE5
:20F9E0001B78023B012B04D922218520FEF7A2F9C4E02078627812020243A3781B041343B7
:20FA00001A00E3781B0613435B787F221340012B02D0022B57D0ADE001226B46D91DD82092
:20FA2000FDF752FB012849D101225A49D730FDF707FB28786A7812020243AB781B0413430C
:20FA40001A00EB781B06134301222A7100226A71C5321A7028786A7812020243AB781B0459
:20FA600013431A00EB781B0613432A796E7936021643721C92B22A71120A6A712578617847
:20FA800009022943A27812040A431100E27812060A4352787F210A409A5520786278120279
:20FAA0000243A3781B0413431A00E3781B0613435B787F2B62D8FEF761F85FE02221852059
:20FAC000FEF738F95AE001226B46991DD820FDF7FBFA012849D101222E49D730FDF7B0FAD9
:20FAE00028786A7812020243AB781B0413431A00EB781B06134301222A7100226A71C532ED
:20FB00001A7028786A7812020243AB781B0413431A00EB781B0613432A796E7936021643D9
:20FB2000721C92B22A71120A6A712578617809022943A27812040A431100E27812060A4327
:20FB400052787F210A409A552078627812020243A3781B0413431A00E3781B0613435B78E8
:20FB60007F2B0BD8FEF70AF808E022218520FEF7E1F803E012218520FEF7DCF802B070BD00
:20FB8000702A0020102700006C2A0020303F00204D3F0020C42E002010B582B000F044FB4B
:20FBA000040001226B46DA7100226B469A71714B1B78012B0DD1704B1B780A33DBB2312B77
:20FBC00002D86D4A137004E000236B4A1370694A13706A4B1B78022B0DD9694B1B88002BBF
:20FBE00006D10022664B1A800332644B1A7002E0053B634A1380634B1B78012B22D1624BE4
:20FC00001B88002B1BD10133604A1370604A13700422604B1A70033A6B46991DD820FDF7B1
:20FC20000FFA01280ED16B4606331B78012B09D001226B46D91DD730FDF746FA02E0053B0A
:20FC4000514A1380544B1B78012B00D08FE0534B1B78012B4ED12078627812020243A37877
:20FC60001B0413431A00E3781B0613431878222824D00AD8112818D002D8102812D02FE04F
:20FC8000142815D0192816D02AE02E281FD004D8272816D0282817D022E03E281AD0852886
:20FCA0001BD01DE0FEF756FC1DE0FEF743FD1AE0FEF732FE17E0FEF7A3FE14E0FFF738F91C
:20FCC00011E0FFF761FA0EE0FFF73EFB0BE0FFF717FC08E0FFF7C0FD05E0FFF751FE02E02A
:20FCE0001121FEF727F8002000F048FA00222B4B1A703CE02A4B1B78012B38D1207862787F
:20FD000012020243A3781B0413431A00E3781B0613431B78192B1AD0DAB2192A06D8112B64
:20FD20000FD0142B10D0102B1CD107E0282B14D0DAB2852A14D0222B14D10BE0FEF70AFC48
:20FD400010E0FEF7F7FC0DE0FEF7E6FD0AE0FEF757FE07E0FFF7ECF804E0FFF7F5FA01E067
:20FD6000FFF70EFE00230C4A13700D4A137002B010BDC046762A0020752A00206F2A0020EE
:20FD8000280000204B3F0020702A00206C2A00204D3F0020303F00202E3F0020A42F002046
:20FDA000352F0020F0B557464E464546E0B40600884692460B009B0506D5A023C358DB07D8
:20FDC00002D50122634B1A7043461B0400D580E086E03900300001F0E9FB3968FC23DB00D5
:20FDE000994218D15C4B1B691A78022A09D15B783E2B06D1013A594B1A700022584B1A70B1
:20FE000005E00122574B1A700022574B1A700022564B1A705EE0564B994218D14E4B1B6953
:20FE20001A78022A09D15B783E2B06D100224B4B1A7001324A4B1A7005E00022494B1A705E
:20FE40000132494B1A700022484B1A7042E0FA23DB0099420CD10023424A1370424A1370FF
:20FE60000121424A11703D4A13703D4A137031E0404B99421FD8404B9C46374B994663465A
:20FE8000484634C834C314C814C30023354803703548037035480370304803703048037065
:20FEA0000120364B18704B465B7A4A461269344800F080FD0EE000232A4A13702A4A1370BF
:20FEC000264A1370264A13702C4A1370274A137000E0214FA023F3589B019B0F00D078E77C
:20FEE00043465B050FD5A023F258C0239B021A4209D0A023F3589B0405D4A022B35880217F
:20FF0000C9000B43B3504346DB031DD55346062B1AD89B001B4AD3589F4601220D4B5A705D
:20FF200012E001220B4B9A700EE00122094BDA700AE00122074B1A7106E00122054B5A718F
:20FF400002E00122034B9A711CBC90469946A246F0BDC046B02E0020DC2E0020EA2F0020BA
:20FF60008D2F0020A42F0020352F002038010020DF070000FF060000AC2F0020EB2F0020B5
:20FF8000C82E0020C4460108F0B58DB002AC28220021200004F082F901AE002501952E4FC7
:20FFA00001220021380001F0F9FE01220121380001F0F4FE294F00220821380001F0EEFEA5
:20FFC00001220821380001F04FFF00220821380001F0D4FE0523337006337370093BB370CA
:20FFE000F370013BA3711E4A6261A570E570042222701C4A22621C4A6262A66163711B4AAD
:020000040801F1
:200000001B4B1A611B4A1C4B1A611C4A1C4B1A611C4A1D4B1A6121001C4801F047FB1C4B08
:200020001D701C4B1D701C4B1D701C4B1D701C4B1D7001221B49D920FDF702F81A4C10225D
:200040000021200004F02AF908238C221749200000F082FC0DB0F0BD300008206000082037
:20006000FE002A007C000020A5FD00082C2E0020902F0020F42E0020DC2E00206C2E002093
:20008000C02F00204C2F0020AC2F002000780040A42F0020352F0020EA2F00208D2F002077
:2000A000EB2F0020E92F0020C82E00207C2D00200122014B1A707047E92F00200022014B99
:2000C0001A707047E92F002070B582B0084C26003036084DA368626821786078009028001D
:2000E00001F0B4FA0C34B442F4D102B070BDC046AC0000200078004070B582B0084C26002C
:200100003036084DA3686268217860780090280001F09CFA0C34B442F4D102B070BDC046BF
:200120007C0000200078004010B5104B1B78012B07D10F4B0A689A4203D8012201F0D0F954
:2001400012E00A680B4B1340BD24E400A34203D1012201F0C5F907E0074B9C466244032A54
:2001600002D8012201F0BCF910BDC046E92F0020FF060000FFFDFFFF2FF8FFFF014B1870D9
:200180007047C0462E3F0020014B18707047C046553F002000231848002218491A545A54AE
:2001A0000133882BFAD100231548002215491A545A540133082BFAD1134A0F4B13600023F2
:2001C0009380D380114A0D4911609380D380104A0B4911609380D3800E4A0A49116093807D
:2001E000D3800D4A136001220C490A700C490A700C4A13807047C046302B0020B82B0020FD
:20020000182B0020042B0020F82A00200C2B0020202B0020402C00202C2B0020383F00208E
:200220004A3F0020483F002000487047F82A0020004870470C2B002000487047202B00206D
:2002400000487047402C002070B5437A082B15D019000822D31A002B0EDD00220023FF2669
:2002600008250469A446624456540133DBB21A00417A6C1AA342F4DB0823437270BDC046C7
:20028000F0B5474680B4194B1B691B780F2213405A1E062A26D802689BB213710023537131
:2002A000124B1B691A7812071CD000250F4A94460F275B195B7898460668347872781202FB
:2002C0002243B3781B0413431A00F3781B06134342465A550135EDB263461B691A783A40D8
:2002E0009542E6DB04BC9046F0BDC046DC2E0020F0B5164B1A6913781B025178F0221201D4
:200300001A405218072A20DD02681B0511711B0F537100250D4B9C4663461B695B199F78DA
:2003200006683478727812022243B3781B0413431A00F3781B0613435F550135062DEBD1CB
:20034000036806229A710022DA71F0BDDC2E0020F0B5474680B404683A4B1F69A379E57962
:200360002D021D433B780F261E4007212800F8F7A7FE80B201300F23034009209E425ED1B4
:20038000304B5B7A012B2ED9227963791B0213439D423AD332E062461269925D904625786D
:2003A000617809022943A27812040A431100E27812060A434146D154A279E3791B0213430A
:2003C00001339BB2A3711A0AE2710136082E0AD0797AF2B2914206D92179627912020A43AB
:2003E0009A42D8D80AE0A079E1790902227963791B02014313430920994220D30123124A64
:200400001370124A1370012019E07E782078627812020243A3781B0413431A00E3781B0679
:2004200013435E55A279E3791B02134301339BB2A3711A0AE2710226024FBC46C8E704BCD3
:200440009046F0BDDC2E0020383F00202E3F002010B582B0374B1B78002B13D1364BDB88CC
:20046000062B0FD1354A138805339BB21380344A93420AD101222F4B1A702F4B00229A802E
:20048000DA8002E000222D4B1A802E4B01932E4B00932E4B1B78012B03D02D4B1B78012B91
:2004A0000CD12C4B1B691B781B0907D101242A4B1C706846FFF7E4FE284B1C70284B1B7824
:2004C000012B03D0274B1B78012B31D1214B1B691B781B09012B0FD0002B04D0022B21D01B
:2004E000032B19D024E001241F4B1C7001A8FFF7C7FE1E4B1C701BE003221B4B1A7001A8B4
:20050000FFF7F6FE00231A4A1370154A1370154A1370FDF733FB0BE00222134B1A70FDF716
:200520002DFB05E00122104B1A7001A8FFF710FF02B010BD4A3F00200C2B0020483F0020D2
:20054000FFFF0000F82A0020202B0020EA2F00208D2F0020DC2E0020543F0020553F00204A
:20056000A42F0020352F0020403F00202E3F0020383F002010B5094CFD23DB002360002386
:200580006373E3722000FFF75FFE08236372012221000348FFF7C8FD10BDC046902F0020C1
:2005A0000078004070B50500134B1B6902791A700024114E28786A7812020243AB781B04D2
:2005C00013431A00EB781B0613431A5D33691B195A700134E4B22A796B791B021343A2B2A7
:2005E0009A42E7D9044801334372FFF7C3FF00232B716B7170BDC046902F002070B51F4B36
:200600001A6913781909012911D10E310B4052789B183224822B14DCA023194AD458A403AB
:20062000A40F033C624262413032140009E0A023134AD458A403A40F033C62426241303294
:200640001400104D2B691C7012232A6953700D3B2A699370023B6B7200236B73FD23DB008A
:200660002B602800FFF7F0FD08236B72012229000348FFF759FD200070BDC046DC2E00207C
:2006800000780040902F002010B50400FD23DB00036000234373FFF7D7FD0122210002486B
:2006A000FFF742FD10BDC0460078004070B50500144A43790F210B40103311690B70136907
:2006C00002795A7000240F4E28786A7812020243AB781B0413431A00EB781B0613431A5D76
:2006E00033691B199A700134062CEDD10623AB710023EB71034808334372FFF7C5FF024BF5
:200700001D6070BD902F00202C2B0020F8B5314B1C68002C5BD0304B1D69A379E07900025D
:2007200018430721F8F7CCFC01300F23184020302870A279E3791B02134321796279120269
:200740000A43934223D20126234F2578617809022943A27812040A431100E27812060A43AF
:20076000D35C3A699355A279E3791B02134301339BB2A3711A0AE271F5B2072E08D00136DE
:200780002179627912020A439A42DED800E00025114801354572FFF777FFA079E1790902BC
:2007A000227963791B0201431343002099420FD30022084B1A60002323716371A371E3714C
:2007C000FDF7F8F90122054B1A70012000E00020F8BDC0462C2B0020902F00204A3F00205C
:2007E00010B5534B1B78012B70D0032B00D17BE0022B35D171E04F490978012910D14E49FE
:20080000097801290CD14D48FFF7CCFEFDF7D2F9012442E0FFF7F2FEFDF7CCF901243CE015
:200820000024072A39D966E0444AD288002A0CD10024072931D94148FFF738FFFDF7BAF961
:2008400000223D4B1A70002427E00024022B24D13A48FFF75BFF013844424441E4B21CE04B
:20086000042B09D1344B1B780024012B15D13348FFF798FE013410E00024052B0DD12F4B4F
:200880009B88013B9BB2062B07D82B4B1B78012B03D12A48FFF786FE0134294B1B78002B40
:2008A0002ED0284B9B88013B9BB2062B28D82548FFF778FEFDF77EF9012C29D00023204AF3
:2008C0001370214A1370214A137030E01B4A9288511E89B20629A3D88DE7184A91884A1E7F
:2008E00092B2062A0FD99FE7144A928812490978012995D18EE7114AD288002AA5D19AE7E7
:20090000012C14D10CE00D4BDB88002B90D09FE70023074A13700E4A13700E4A1370CDE7AC
:200920000023034A13700A4A13700A4A137010BD403F0020383F00204A3F00200C2B002013
:20094000543F0020402C0020EA2F00208D2F0020A42F0020352F002070B5041E15D0002977
:2009600015D00120002A13D09D1DAA4210D32260E160A36029001000F8F7A2FB207100239C
:200980006371A371E371002002E0012000E0012070BDC046002809D042790323002A06D0E2
:2009A000017900238A425B415B0000E0012318007047C046F0B557464E46C0B483B007007A
:2009C000894614000193002842D0002A42D08268924601209A423ED33800FFF7DBFF022828
:2009E00039D03D79002D13D0FE68514606313378002B0AD0002303E076183278002A06D006
:200A00000133DBB2AB42F7D102E0002500E01D00B01D019A210003F003FC4B46B3704B469C
:200A20001B0AF3704B461B0C33714B461B0E737101233370BB689A1DFB795343FA6894464D
:200A400063445D70FD717B7901337B71002002E0012000E0012003B00CBC91469A46F0BD9D
:200A6000F0B55F4656464D46E0B482B0071E894601929A4658D0002A58D05346002B57D06B
:200A8000FFF788FF032803D10023524613605BE0BD79FB689C46BB689B46981D00E0150048
:200AA00004006C436444A378E27812021A4323791B0413431A0063791B0613434B453ED0D9
:200AC00062782E00FB79AB42E9D133E053465A461A60A11D53461A68019803F0A1FB002309
:200AE00023707B79013B7B713800FFF753FF032804D10023BB71FB71002025E0BB79AB42C6
:200B000003D16378BB7100201EE0FB79AB4202D1FE71002018E06278BB6806337343F968D4
:200B2000CB185A7000200FE001200DE001200BE0012009E0002352461360012004E0534609
:200B40001B689B45C2D3C4E702B01CBC91469A46A346F0BDF0B583B00C0053070ED5B34BFC
:200B600006221A700022B2494A701A725A721A74DA73B04A516A04230B435362E30700D41C
:200B80001FE100230193AB4802F0A0FBA84B5B78012B16D1A54B5A7A5A7A0132D2B25A722A
:200BA0005A7A997AD3B28B4200D00AE19F4B1B78072B00D005E19D4B00221A700132DA73C8
:200BC000FFE0C0B2994B1B78042B0BD1552803D10622964B1A70F4E0944B00221A701A7471
:200BE000DA73EEE0914B1B78062B00D09EE03F2101408A07D20FCF06FF0F0B07DB0F534067
:200C00007B404D096B40DB43DB010B431E00DB07DB0F7A4053407507ED0F6B401A00012338
:200C200013409B013343DBB2984279D1824B1E78002E10D0814B1B788B4212D07F4A043220
:200C4000002304E00432151F2D788D420AD00133DBB2B342F6D1754B00221A701A74DA7311
:200C6000AFE000239B00754A9A58130A704D2A606E4A90735173DBB2012B46D1EB780193CC
:200C8000526801AB6E48FFF7EBFE002804D1684BDA78019B9A4205D0644B00221A701A7421
:200CA000DA738EE0614B072119709A725D68997A69185F4B9A7800239A4201D15B4B9B7B6E
:200CC0005A4A927AD2B29BB2002A0ED02800013AD2B20132AA1805785B199BB2FF2B01D96D
:200CE000FF3B9BB201308242F5D1DB430B704F4A937A0133DBB293720023137253724D4AA9
:200D0000D16902330B43D3615BE0484A08231370474BDB780133DBB2D3720023537250E064
:200D2000424B00221A701A74DA734AE03F4B1B78082B46D13D4A537AD27ADBB2934208D232
:200D40003A4A537ADBB25168C854537A0133DBB25372364A537AD27ADBB2934231D1344B11
:200D60009A780023002A01D1304B9B7B2F4AD07AC0B252689BB201280ED011000238C5B2AC
:200D80000135551908781B189BB2FF2B01D9FF3B9BB20131A942F5D12449497A511801396E
:200DA000DB430978DBB2994206D120494B7A013B497B2448FFF7FEFD1C4B00221A70013284
:200DC0001A74A3062FD51A4B5B78012B2BD1174B1B78072B22D1154A137A927ADBB2934204
:200DE00016D2124C237ADBB26268D15C114802F057FA237A0133DBB22372237AA27ADBB2B7
:200E0000934210D10B4AD36902218B43D3610AE0084AD36902218B43D36104E0054AD3695A
:200E200002218B43D36103B0F0BDC046882C00204C2C002000900140502C0020602C0020A2
:200E4000F43F0020583F002010B501220521034800F094FF0A20FAF7C5FB10BD600008207C
:200E600070B584B010220021684603F017FA334C00220521200000F091FF01220521200044
:200E800000F0F2FF00220521200000F077FF01220321200000F082FF01220221200000F075
:200EA0007DFFFFF7D1FF9623DB01009308236A46137100255571957115720126D6715572BC
:200EC0001F4B03931F4C6946200002F033FA1E4B1E4A5A601D701D74DD731D4B1E70E36D7A
:200EE000FE229343163A1343E365E369B3431E43E661E369E63A9343E361164B3E32C021EC
:200F000049005A501A60144C303A0021200003F0C5F908238C2211492000FFF71DFD104CE9
:200F200010220021200003F0B9F908238C220D492000FFF711FD04B070BDC04660000820D7
:200F4000550B010800900140882C0020542C00205E2C002000E100E0583F0020683F0020FA
:200F6000F43F002004400020F0B5174C2778002F1CD0164C247884420DD0144D0435002499
:200F800004E004352E1F3678864205D00134E4B2BC42F6D108E00024A4000C48041961701A
:200FA000A270E37001200EE00A2F0BD0074DBC006055281941708270C3700137024B1F70B9
:200FC000012000E00020F0BD502C0020602C002010B5114B18600820587200205873186904
:200FE0000170080A1C696070080C1C69A070090E1869C17019690A71110A18694171110C3F
:2010000018698171120E1969CA71012219000348FFF78AF810BDC046C02F002000780040E7
:2010200010B5130001394A1E9141C9B20022FFF79BFF10BD10B582B06B4619700B0A6C4672
:2010400063700B0CA370090EE1702271130A6371130CA371120EE27108236A4601000248DB
:20106000FFF7A8FC02B010BDF43F002000B583B00A000823019301AB01000448FFF7F0FC78
:2010800043425841C0B203B000BDC046C82E002000B583B00A000823019301AB010004488A
:2010A000FFF7DEFC43425841C0B203B000BDC046583F002010B5054B99699961044B1B68C0
:2010C000002B02D000220148984710BD005000409C2C002070B504000D000121222000F0FA
:2010E00019FC0121222000F049FCA368297809034E4A13400B43A36063686978C9034C4A40
:2011000013400B4363606368A9788903494A13400B4363606368E9784903474A13400B4352
:201120006360636829790903444A13400B43636063686979C902424A13400B43636063684E
:20114000A97909063F4A13400B4363606368E97909023D4A13400B4363606368297B0905D1
:201160003A4A13400B4363606368697B4905384A13400B4363606368297C8905354A1340D4
:201180000B436360AB7B002B04D1E26A324B1340E36207E0E16A013BDBB21B052E4A0A40DA
:2011A0001343E362EB7B002B04D1A26B2B4B1340A36307E0A16B013BDBB21B05274A0A40BB
:2011C0001343A363FF2323409B00254A696999506368297A0904234A13400B436360636852
:2011E000697A4904204A13400B436360AB7A012B04D1802292041D4B1A6008E0802189049B
:2012000080231A4AD150BFF34F8FBFF36F8F6368E97AC904164A13400B436360A368012279
:2012200093432A7E1343A36070BDC046FF0FFFFFFF7FFFFFFFBFFFFFFFDFFFFFFFEFFFFF98
:20124000FFF7FFFFFFFFFFFEFFF8FFFFFFFFEFFFFFFFDFFFFFFFBFFFFFFF0FFFFFFFCFFF4E
:20126000A02C0020FFFFFEFFFFFFFDFF00E100E0FFFFF7FF70B5092909D805694C0064186A
:201280000726A640B543A2402A43026109E0C5684C0064181E3C0726A640B543A2402A43FF
:2012A000C260052B09D8446B9A00D3181F229A40944399402143416309E0026B9C00E31807
:2012C0001E3B1F249C40A24399401143016370BD10B5064B1968CA431A60054B1B68002BD7
:2012E00002D000220148984710BDC04600300040A02C002070B50E4BC3189B031B0EA422BD
:2013000084580C4921400C4D5E00F418A400615184580C438450F3189B00EB189B68002B4C
:2013200004D00C3282581206520F984770BDC0460088FFBF00FFD500A42C002010B502481D
:20134000FFF7D8FF10BDC046007800400F4BC3189B031B0E5A00D3189B000D4AD3181B7983
:20136000002B10D1002907D1A433C258C258802109010A43C25006E0A423C258C2588021C9
:20138000C9000A43C25000207047C0460088FFBFA42C002030B500290BD10022A0248021A1
:2013A00049010C4D03590B420FD00132AA42F9D10BE00022A0240321064D03591B0C0B4003
:2013C000032B02D10132AA42F7D1034890428041404230BDA18601009F860100082816D96B
:2013E0000938C3B2062B11D89800094B1B589F460C200CE010200AE0142008E0182006E06D
:20140000202004E0302002E0402000E000207047E046010870B505000C00161E05D1A0222E
:2014200081582C4B0B40835005E0A0228358802109020B4383502368DA00D208264BEB183C
:201440009B031B0E5900CB189B002449CB185B79002B02D080231B061A432A65637A0F220F
:201460001340A27A002A01D010221343227B002A01D040221343E27A002A03D04022934399
:20148000203A1343627B002A01D0802213436B65237B002B14D1607A002811D02369002BB4
:2014A0000ED0FFF79BFF00280AD000239A082169C9581632920051510433DBB29842F5D865
:2014C000012E05D1A022AB588021C9030B43AB5070BDC046FF7FFFFF0088FFBFA42C0020A7
:2014E000F8B507000D0014002E4BC618B603360E73009B199B002C4AD3181B79002B10D001
:20150000002C04D1A023C358DB04DB0F06E0A023C3589B039B0F033B5A425341002B30D17D
:2015200004E02100FFF736FF00282DD1220029003800FFF76FFFA023FB589B041ED4002C9B
:2015400006D1A022BB58802149010B43BB501EE073009E19B600144B9E19B379012B06D178
:20156000A022BB588021C9000B43BB500FE0A022BB58802189000B43BB5008E003204042FF
:201580000EE0012040420BE00220404208E021003800FFF7DBFE03000020002B00D00438C1
:2015A000F8BDC0460088FFBFA42C002070B504000D00A023C3589B019B0F0120002B43D081
:2015C0002368DB00DB080B602368DB0F0B7263681B0901210B40AB72666876090E40EE72F1
:2015E00063689B090B402B736268D2090A406A7362680E3010406872002B1CD100281AD06B
:201600002B69002B17D0FFF7E9FE0100002E05D1011CC0B2082800D90821C9B200290AD003
:2016200000239A080232920012592869C2500433DBB29942F5D8A36C6B60A022A35880216D
:2016400049050B43A350002070BDC04670B504AC2678A02405599F3C2D0625D5002E1BD0F2
:20166000B334065980256D028D403543055105590F26B54329430151055920218D43055167
:20168000D200D208B82542510259114301515B005B084351002407E0B424035980225202A6
:2016A0008A40934303510024200070BDF0B54F464646C0B483B005000E00894BC718BF0AC9
:2016C000FBB29946FF231F407B00DB199B000021844A9950F378012B03D1484600F0D8F961
:2016E00003E00121484600F0D3F97B00DB197E4AD3185878012100F00DF901211C2000F043
:201700003DF9A022A95880230B43AB50B1690B781A06CB781B04D3188A7812029B184A784F
:201720009B18A822AB50B37B002B28D0A0202B58F17BC9056D4A13400B432B50F1690B78B3
:201740001A06CB781B04D3188A7812029B184A789B18AC22AB50337C002B10D0B0216858CA
:20176000634A0240DB0313436B506B58707C0002FE22D20110405F4A134003436B50336AFD
:201780009846002B14D03378002B11D00024600000198000404483684268017840780090AE
:2017A0002800FFF753FF0134E4B23378A342EED8A022AB5880218B43AB50B378012B05D13C
:2017C000AB588021C9010B43AB5015E0022B05D1A022A9581E330B43AB500DE0032B0BD106
:2017E000A022A9583D330B43AB50AB58717BC9075B005B080B43AB50A4216B581B011B09DF
:20180000C022D20513436B506B58707800063A4A134003436B50A023EA58F17909011020CC
:2018200082430A43EA50EA58317AC900083882430A43EA50EA583079400530490A400243E2
:20184000EA50EA58307B80072D490A400243EA507B00DB199B00234AD31872799A71726A67
:201860009A60737A002B19D0B17A484600F01CF97B00DB199B001B4AD318727A5A71B421C9
:201880006B58F07A40021F4A134003436B506A581D4B13408022520013436B50B379002B43
:2018A00019D0A422A958194B0B4071690B43AB507A00D3199B000B49CB18B1791971D719CA
:2018C000094BFB56002B06DB1F2213401E3A9A4013000F4A136003B00CBC90469946F0BDD5
:2018E0000088FFBFA42C0020FC460108FFFF7FFFFF7FFFFFFF80FFFFFFFFFFF0FFFFDFFF29
:20190000FFFFFFBFFFFDFFFFFFFEFFFF01FFD5FF00E100E082B00190019B1F2B13D80129C3
:2019200008D101988021C9054A680123834013434B6021E001988021C9054B68012282408B
:2019400093434B6018E0019B252B15D8019B203B0193012908D101988021C9058A68012389
:20196000834013438B6007E001988021C9058B680122824093438B6002B0704782B00190AF
:20198000019B1F2B13D8012908D101988021C9058A690123834013438B6121E00198802114
:2019A000C9058B690122824093438B6118E0019B252B15D8019B203B0193012908D10198C6
:2019C0008021C905CA69012383401343CB6107E001988021C905CB69012282409343CB61F2
:2019E00002B070478022D205136803218B431843106070478022D205136830218B43000102
:201A0000184310607047C0468022D2051168034B0B400002184310607047C046FFFCFFFF30
:201A20008022D2051168034B0B400005184310607047C046FFFFEFFF8021C905034A8B5803
:201A40009B009B0880071843885070479088000010B58021C905044A8C58044B2340400661
:201A60001843885010BDC04690880000FFFFFFC110B58021C905044A8C58044B2340C003AF
:201A80001843885010BDC04690880000FF7F80FF8022D2051068034B03408906194311604D
:201AA0007047C046FFFFFFFB8022D2051068034B03404905194311607047C046FFFF9FFF7B
:201AC00070B504000D0001211520FFF723FF01211520FFF753FF454BE3189B041B0E9900D6
:201AE000434AE8698850A26802210A43A260A2688A43A2602A68A2616A68E261AA6822629B
:201B0000AA6912020DD0DB003A4AD3181B795BB2002B06DB1F2213401E3A9A401300364A71
:201B20001360636801229343297E0B4363606368697E4900022083430B4363606368A97ED0
:201B40008900023083430B4363602369E97D4900023083430B4323612369687D40022749CB
:201B60000B40034323612369E87C800224490B400343236123699343297D0B4323612369F6
:201B8000A87DC0021F490B40034323612369A87B00041D490B40034323612369697CC90178
:201BA000802083430B4323612369A87C000217490B40034323612369E97BC900182083430F
:201BC0000B4323612369297C4901483083430B43236163691B0C1B04A9890B436361636A85
:201BE0009343EA7E1343636270BDC046C0DFFEBFB02C00200047010800E100E0FFFDFFFFF6
:201C0000FFFBFFFFFFE7FFFFFFFFF0FFFFFEFFFF03000068420706D59A6802210A439A6005
:201C20009A688A439A601A6882431A607047C04610B50648FFF7ECFF054B1B68002B03D098
:201C4000002201000148984710BDC04640200140B02C002010B50648FFF7DAFF054B5B68D4
:201C6000002B03D0002201000148984710BDC04680200140B02C002010B50648FFF7C8FF9B
:201C8000054B9B68002B03D0002201000148984710BDC046C0200140B02C002010B50648A5
:201CA000FFF7B6FF054BDB68002B03D0002201000148984710BDC04600210140B02C00206C
:201CC00010B5094B19684907C90F0BD01A001B68022083431360054B1B68002B02D000227D
:201CE0000148984710BDC04620000040C02C0020032808D81D4B1B69032210408000C3408E
:201D00000C32134024E0031F032B08D8174B5B69032210408000C3400C32134018E0030054
:201D2000083B032B08D8114B9B69032210408000C3400C3213400BE003000C3B022B10D81F
:201D40000A4BDB69032210408000C3400C321340012B02D0022B02D005E0054804E0054801
:201D600002E0054800E004487047C0466001082030000820600008200000082010B583680A
:201D800001248C40A3438A401A43826010BDC0464068C840012318407047C04610B52B4B6C
:201DA000984206D02A4B9C46604444424441600100E010204118C9B209290AD84B00591858
:201DC000244807238B4004689C438A40224302603AE013290CD80A39C9B24B0059181E48AC
:201DE00007238B4004689C438A40224302602BE01D290CD81439C9B24B00591817480723D0
:201E00008B4004689C438A40224302601CE027290CD81E39C9B24B005918114807238B400F
:201E200004689C438A40224302600DE029290BD82839C9B24B0059180A4807238B40046859
:201E40009C438A402243026010BDC04630000820A0FFF7DF4001082044010820480108202B
:201E60004C0108205001082010B5036801248C40A3438A401A43026010BDC04603490A6853
:201E80000123834013430B607047C0466001082010B50020FFF72CFF04000020FFF7EEFF47
:201EA000044B1B68002B03D0002200212000984710BDC046C42C002010B50120FFF718FF3A
:201EC00004000120FFF7DAFF044B5B68002B03D0002201212000984710BDC046C42C0020D8
:201EE00010B50220FFF704FF04000220FFF7C6FF044B9B68002B03D000220221200098478D
:201F000010BDC046C42C0020F0B5474680B482B0104B1D68ADB2032401270F4B98463B0045
:201F2000A3402B420FD0E6B23000FFF7E1FE01903000FFF7A3FF4346DB68002B03D0002290
:201F40002100019898470134092CE8D102B004BC9046F0BD60010820C42C0020F0B5474605
:201F600080B482B0104B1D68ADB2092401270F4B98463B00A3402B420FD0E6B23000FFF707
:201F8000B7FE01903000FFF779FF43461B69002B03D000222100019898470134102CE8D16D
:201FA00002B004BC9046F0BD60010820C42C00200269102313430361C36A0B70802303628B
:201FC0007047C04670B50400D34BC3181B0B826AD20611D5826A92060ED5826A40218A43D1
:201FE00030390A438262FF221340CC499B000132585802435A50D2E1A26A520612D5A26A47
:2020000092060FD5A26A10218A4330310A43A262FF221340C1499B000A32FF32585802430D
:202020005A50BCE12269920600D400E1E269D20700D5ECE0E269920700D5E8E02269D206D8
:2020400000D487E0FF2213401801B54A8058002842D1CA070ED5B1499B000D225858024339
:202060005A50802323627F3B2362226B01331343236394E11A01AA498A185268002A22D0B7
:202080001A018A18127B002A08D10A001B01C9188968012098500B78E36280E1226910210D
:2020A0008A4322611B019E4AD3185B68012B04D1226907331343236103E02369082293430F
:2020C0002361E36A6BE195499B000A22585802435A508023236262E11A01914DAA185268BF
:2020E000904219D2CA070ED58C499B000C22585802435A50802323627F3B2362226B01330A
:20210000134323634BE1864A1B01D1188968451C9D500B5CE36242E1CA0707D57F499800C7
:20212000042245582A434250012222627B499800082245582A434250802222621B01784A10
:20214000D3185B7B012B00D029E1226B01331343236324E1FF2213401A0171498A18526871
:20216000012A18D16D499800082542582A4342506B481B01C21891681A58561C1E508918A2
:202180002000FFF715FF2369AB432361226B02231343236303E1023A1901614809588A4279
:2021A0000DD9226908218A43226102001B01C118886899584D1C9D50E36A4354EFE08A4288
:2021C0000DD1216908220A432261554A1B01D118886899584D1C9D50E36A4354DFE04F4888
:2021E0009E00082532582A4332504D4A1B01D01880684E1C9E5041182000FFF7D9FE2369EE
:20220000AB432361226B022313432363C7E0CA0700D4C4E0FF22134040499B00F33A585859
:2022200002435A50802323627F3B2362B7E0E269D20700D59BE0E269920700D597E04A06BD
:2022400023D540222262BF32134034489D00FD3A2E5832432A504A0707D5314A1B01D118EA
:2022600089689B58CB5CE36299E01B012C4AD3185B68012B04D122690733134323618EE047
:20228000236908229343236189E04A074AD5FF221340234A180115186D688258681E904227
:2022A00003D3180101321E4E8251CA070DD5626A520705D4194998000C2245582A43425048
:2022C000802222627F3A22621CE01A01144951588D4205D9124882189268525CE26211E000
:2022E0006269D20703D5626901218A436261626A520705D409499800082245582A43425037
:2023000080222262626A520749D504499B001022585802435A5042E00020FFBF002D00204E
:20232000E02C0020FF2213401D4918010A1852684158901E884204D1216908220A43226138
:202340000BE0013A914208D116489D0008212A580A432A5022698A432261114A1B01D11803
:20236000886899584D1C9D50E36A435417E04A0609D540222262BF321A400A4D92000220E1
:20238000565930435051CA0709D501222262FE32134004499B00F33A585802435A5070BDC0
:2023A000E02C0020002D002070B50848046A456A2A002100FFF706FE054B1B68002B03D0FC
:2023C0002A0021000148984770BDC04600E00040D82C002070B50848046A456A2A00210036
:2023E000FFF7F0FD054B5B68002B03D02A0021000148984770BDC04600F00040D82C0020EF
:2024000070B50400134BC318DB0A026803211140D00703D520680125A843206092070ED552
:20242000FF2213409B000C4A9B58002B02D0002220009847236802229343236009E0FF2214
:2024400013409B00044A9B58002B02D000222000984770BD0090FEBF082D002010B5024851
:20246000FFF7CEFF10BDC0460070014010B50248FFF7C6FF10BDC0460078014010B50D4BA2
:20248000C3181B0B02688021114003D002688024A2430260026DFF24224002D0046D9443A9
:2024A0000465FF2423409B00034C1B59002B00D0984710BD00D0FEBF102D0020F0B55F46F4
:2024C00056464D464446F0B483B004008A46E34BC5182D032D0EE24F6B005E19F05D0121A0
:2024E000FFF718FABE1970780121FFF747FA2368524651890902DB4A13400B4323605346D2
:202500009B89E36453469B8963605346DB89A360AA00D54B51464969D150842163587F229B
:2025200093435246527C1343635023685246127C920144398B431343236053469B7C012B12
:202540000FD16B005D19C64B5D190223EB56002B1BDB1F2213401E3A9A401300C34A136053
:2025600013E06B005D19BE4B5D190223EB56002B0BDB1F2213401E3A9A4013008022BB4912
:202580008B50BFF34F8FBFF36F8F53461B78012B00D16FE1002B06D0022B00D14AE2032B4E
:2025A00000D1A6E2E2E253465B68226819784901202082430A4322605A78002A56D0002720
:2025C00030229346243A90460B3A9146009700998A008C466244520059688D5CE800201832
:2025E000C1685E46B14320263143C160C668596889180979890047463940BE433143C16008
:202600005968891849880161266F4946A940C9435F68BC46944467467F79AF400E403E4308
:202620002667C6685F68BC4694446746BF79BF01BC464027BE4367463E43C660E06D5E68C8
:20264000B618F679AE4008403043E065E06E5E68B4466244127AAA4001401143E166009FAA
:202660000137F9B200915A788A42B0D89A78002A00D1D5E00022009200998A008C466244AF
:2026800092009968895C8C46606E4908C90001258D4028436066656E98688018C07900013F
:2026A000884010278F40BD4328436066606E9D68AD182D7A6D008D4002278F40B843290086
:2026C000014361666146CD006519E86899688918897989000C263140B0430143E96099685C
:2026E00089184988296161464F1CFFB2996889188988F8008046A04440460161E96898688D
:202700008018407A40000A3EB1430143E9604146C96898688018807A4000B1430143404616
:20272000C160216F01206646B040C64301969E68B14691444E46F67A60468640B146019EB3
:202740003140484601432167216F89460121B940C9439868834693445846007B0600BE406B
:20276000B3464E460E40B1465E46484606432667E86881469868834693445846407B8001EE
:2027800083464E4640208643B1465E4648460643EE604046C5689868814691444846807B1B
:2027A0008001814640208543484605434046C560E56D9868804690444046C07B06006046CF
:2027C0008640B046019E354040460543E565E56D9868804690444046007C0600BE400D40D2
:2027E0003543E565E06E8046986885186D7C604685404046019E064030002843E066E06E78
:202800009D68AC466244927CBA4001401143E166009E0136F1B200919A788A4200D92BE765
:20282000626D997B4900022082430A436265197BA26E587B8001C025AA430243A266A26E4A
:202840003F2082430A43A266E06ED97B0902084A030013400B43E36688E1C04600D0FEBF17
:2028600020470108FF0000FF102D002000E100E0FFFEFFFF53465868236820229343236052
:202880000378002B00D171E1002130239846243B9C4678339B460091009AD30091464B44EC
:2028A0004268D5182A786D78002D2DD1D5006519EE6841468E43EE60EF684168CE18B6786C
:2028C000B60061460E408F433E43EE6059466758510089464168CE18F678360449468E409A
:2028E0000196C02189024E46B1408F43019E3E4359466650EE684168CF183F7ABF01402149
:202900008E433E43EE6074E0666E5508ED000427AF403E436666666E0821A9400D003543D3
:202920006566D5006519EF684168CE187679360141460E408F433E43EE604168CE183679B9
:20294000012E17D0002E04D0022E24D0032E33D042E0EE6861468E4304210E43EE60551CE2
:20296000EDB2ED006519EE6861468E4308210E43EE6031E0EE6861468E4308210E43EE6010
:20298000551CEDB2ED006519EE6861468E4304210E43EE6020E0EE6861468E4304210E43E6
:2029A000EE60551CEDB2ED006519EE6861468E4304210E43EE600FE0EE6861468E430821D6
:2029C0000E43EE60551CEDB2ED006519EE6861468E4308210E43EE60551CEDB2ED006519CC
:2029E000EE684168CF183F7ABF0140218E433E43EE604568A9464B449D79012D0AD1A66F18
:202A00009500AA181F259540AE43DB7993403343A36706E0A36F9500AA181F259540AB4358
:202A2000A36700990131CAB200920378934200D932E79BE053465868236820229343236077
:202A40000378002B4DD00025102399460C27303398463F3B9C460095009DEA004368995CF0
:202A6000CB00E318DE683025AE434D462E43DE60DE684568AB4693445D462D79AD003D4094
:202A8000BE432E43DE604568AE1876881E61DE684568AB4693445D466D79AD01AB46454628
:202AA000AE435D462E43DE60E66D63468B40DB434568AB4693445D46AD798D401E402E4314
:202AC000E665E66E4568AB465A44D2798A4033401343E366009D0135EAB2009203789342A3
:202AE000BAD8636D027A520002218B43134363653CE053465B688022A1581878C000082507
:202B0000A9430143A150A158587840011835A9430143A150A15818790001103DA943014314
:202B2000A1509A78002A06D0A26F1F218A43D9780A43A26703E0A26F1F218A43A2675A79F0
:202B4000002A07D0A26F9879400110490A400243A26703E0A16F0D4A0A40A267802021586A
:202B600001229143DA790B001343235023685246127AD20018218B431343236003B03CBC2B
:202B800090469946A246AB46F0BDC0461FFCFFFF10B50248FFF772FC10BDC0460030014024
:202BA00010B50248FFF76AFC10BDC0460040014010B50E4B19680B0606D50C4802680C4BB6
:202BC00013408022134303608B0307D5074A1368802083438020800203431360054B1B68FD
:202BE000002B02D000220148984710BD00840040FFFFFDFF182D0020F0B54368DB0400D49B
:202C0000A8E0994BC3181B0BC26852070BD5C16804220A43C260FF221A40944C9200022116
:202C2000155929431151C26812070BD5C16808220A43C260FF221A408C4C920001211559FE
:202C400029431151C26892073ED5FF221A40940087496158874D6459A14223D29500864E66
:202C6000AD59002D30D0013CA14203D144690826B44344614468240207D594004F1C7C4E3F
:202C8000A751046949004C5305E094004F1C784EA75104696C549100754C0C59754D4959FD
:202CA0008C4211D344687549214041606F4C920008211559294311518021C2681142FCD159
:202CC000816820220A438260C268D20731D5FF221A4094006A496158664D6459A14216D2DB
:202CE0009400684D6459002C23D045682D0207D592004E1C624D565149000A5B026118E09C
:202D000092004E1C5E4D5651625C026111E044685D4921404160554C9200102115592943C1
:202D200011518021C2681142FCD1816820220A438260C268D20600D495E0816810220A4339
:202D40008260FF22134049499B00FB3A585802435A5088E0444BC3181B0BC26852070FD5BD
:202D6000C16804220A43C2604168474A0A404260FF221A403D4C920002211559294311517A
:202D8000C26812070FD5C16808220A43C26041683A4A0A404260FF221A40344C9200012182
:202DA000155929431151C26892072FD5FF221A4091002F4C0D592F4C09598D421CD29100F8
:202DC0002D4C0959002921D04468240207D594006F1C274EA75104696D006C5205E09400B3
:202DE0006F1C234EA75104694C559100204C0C59204D49598C4209D344682049214041609F
:202E00001A4C92000821155929431151C268D20729D5FF2213409900194A8A58154C09593F
:202E20008A4216D29900174C095900291BD04468240207D59B00551C114C1D515200535AE8
:202E4000036110E09B00551C0D4C1D518B5C036109E041680C4A0A40426004499B00102212
:202E6000585802435A50F0BD0040FFBF242D0020442D00202C2D00204C2D0020FFFDFFFFFA
:202E8000342D00201C2D0020FFFEFFFF70B50748C4684568FFF7B0FE054B1B68002B03D08B
:202EA0002A0021000148984770BDC04600C000403C2D002070B50748C4684568FFF79CFE06
:202EC000054B5B68002B03D02A0021000148984770BDC04600D000403C2D0020034A1168DC
:202EE000034B0B400007184310607047B0880040FFFFFFEF82B000230193012811D1134AFB
:202F00005368802189050B43536011485368DB0FDB0701930138019B002B12D10028F5D181
:202F20000FE00A4A51680B4B0B40536008485368DB0FDB0701930138019B002B01D00028DD
:202F4000F5D1431E9841C0B202B070470080004010270000FFFFFFDF82B0002301930128B1
:202F600013D1154A5368802109050B435360134811008022D2054B68134001930138019B4F
:202F8000002B14D10028F6D111E00B4A51680C4B0B405360094811008022D2054B681340FD
:202FA00001930138019B002B01D00028F6D1431E9841C0B202B070470080004010270000B1
:202FC000FFFFFFF782B0034BDB690193019802B07047C0460080004000B583B0FFF7F2FF0E
:202FE0000190019A054BDA61054B1B68002B03D001990248C268984703B000BD008000402C
:20300000582D002000B583B0FFF7DCFF0190019A054BDA61054B1B68002B03D0019900220E
:203020000148984703B000BD00800040542D002010B5FFF7C7FF430305D51E4AD3698021B1
:20304000C9020B43D3618023DB051B699B050FD58022D2051369802149020B4313610020D5
:20306000FEF7C0FC0020FEF7DBFC0120FEF7BAFC8023DB051B69DB051BD58022D20513691B
:20308000802149020B4313610020FEF7ABFC0020FEF7C6FC0020FFF75FFF012809D16330E5
:2030A000FAF724F90120FFF757FF012801D1FEF799FC10BD0080004010B5C3680121194018
:2030C0000ED0C26801231343C360064BC3181B051B0E9B00044A9B58002B01D000229847FD
:2030E00010BDC04600EFFEBF5C2D002070B504000D0001211320FEF70DFC01211320FEF7D5
:203100003DFC224A136802208343042149420B4313602B682360A3682A79920008318B43D9
:203120001343A3601A4BE3181B051B0E9900194AAE688E50A2686979490082430A43A26054
:203140006A79012A0BD1144AD356002B17DB1F2213401E3A9A401300104A13600FE00E4AF4
:20316000D356002B0BDB1F2213401E3A9A40130080220A498B50BFF34F8FBFF36F8FA36821
:20318000012293432A7B1343A36070BD0010014000EFFEBF5C2D00202847010800E100E02C
:2031A00010B50248FFF788FF10BDC0460011014010B50248FFF780FF10BDC04610110140A5
:2031C00010B50248FFF778FF10BDC0462011014010B50248FFF770FF10BDC0463011014065
:2031E00070B5016A426A016242620A4BC3181B0BDCB2C569ED0701D40125A943022C07D892
:20320000FF2423409B00044C1B59002B00D0984770BDC0460080FEBF6C2D002070B504009D
:203220000D00012A03D00420022A03D001E0082000E0102003231A40A262F6F7E3FC011CDA
:203240001648F6F709F9061C2800F6F723FD011C301CF6F701F9061CF6F7DEF80500F6F7A3
:2032600019FD011C301CF6F725FB8421C905F6F70DFAF6F79BF8FF231A002A4062602D0A3C
:203280001D40A5606064626BEF3B1A436263626B0F218A431343636370BDC046001BB74BB9
:2032A00010B5036ADB0505D5074B80246400026A224204D1C905C90D0160012003E0013BDE
:2032C000002BF4D1002010BDFE0F00000068C005C00D7047C36820229343C360012904D0EF
:2032E000002914D0022909D01AE0C26808231343C360C36810229343C36019E0C268082351
:203300001343C360C26810231343C36010E0C36808229343C360C36808329343C36007E0DB
:20332000C36808229343C360C36808329343C3607047C04670B504000D004D4A8618360B78
:203340004C4A90420ED04C4A904214D04B4A904219D101210020FEF7DDFA01210020FEF745
:203360000DFB10E001210120FEF7D4FA01210120FEF704FB07E001210220FEF7CBFA012111
:203380000220FEF7FBFAFF231E40B6003C4BEA68F2502B795A1F032A0AD8E26803218A4369
:2033A000053B1343E360236920229343236109E0092B07D1E36803229343E36022692023C0
:2033C00013432361A9792000FFF784FF6A7A29682000FFF723FFE3686A79920004218B43F8
:2033E0001343E3602B7A002B02D1EB79002B04D0626901231343636103E06369012293437D
:2034000063612B7A012B0FD0002B04D0022B14D0032B1BD022E0236C012293432364236C6F
:2034200001329343236419E0226C012313432364236C02229343236410E0236C01229343EC
:203440002364226C02231343236407E0226C012313432364226C022313432364226902239F
:2034600013432361226901231343236170BDC0460080FEBF0090014000A001400080014006
:203480006C2D002010B50248FFF7AAFE10BDC0460080014010B50248FFF7A2FE10BDC046BA
:2034A0000090014010B50248FFF79AFE10BDC04600A0014070B50400344B1E685D680121D5
:2034C0001920FEF727FA01211920FEF757FA43239D43237A032213402B43627A002A03D159
:2034E00020329643320001E020223243A17A002902D180318A4301E080210A43E17A0029EF
:2035000002D110318B4303E0012901D10F310B43217B002902D180318B4303E0012901D166
:203520007F310B43617B002911D140318A4318492069086017498020400080254851BFF3E6
:203540004F8FBFF36F8F0135FF3548510AE0012916D13F310A430E492069086080204000FA
:203560000C49086072B609490B4888600B4888602068C860606808614B600A6062B603E0AD
:20358000034920690860EDE770BDC04600B00040782D002000E100E087D964E078848A86C1
:2035A00010B5044B1B68002B03D0002200210248984710BD782D002000B00040044B002217
:2035C0005A60013226215A5401315A547047C0469040002030B583B09F4C2000F9F746FF24
:2035E0009E4B1870601CF9F741FF9D4B18709D4B1B785A1E93419C4A13700120F9F7BEFF40
:203600009A4B18700220F9F7B9FF994B18700320F9F7B4FF974B18700420F9F7AFFF964B34
:2036200018700520F9F7AAFF944B18700620F9F7A5FF934B18700720F9F7A0FF914B1870A3
:203640000820F9F79BFF904B18700920F9F796FF8E4B18700A20F9F791FF8D4B18700B2011
:20366000F9F78CFF8B4B18700C20F9F787FF8A4B18700D20F9F782FF884B18700E20F9F75B
:203680007DFF874B18700F20F9F778FF854B18701020F9F773FF844B1870844B5A68501C80
:2036A00058600A21F5F792FD002965D10020F7F71FFD7F4D400380B2830018180303C01851
:2036C000000E0D232A007B4900F062FD7A4B18800120F7F70DFD2A001C32784C400380B248
:2036E000830018180303C018000E1323210000F011FD734B18800820F7F7FAFC2A004432D4
:20370000400380B283001818000B1323210000F001FD6C4B18800020F7F7F4FD6A4C60438A
:20372000000A6A4B18800120F7F7ECFD6043000A674B18800220F7F7E5FD6043000A654BF4
:2037400018800320F7F7DEFD6043000A624B18800420F7F7D7FD6043000A604B18800520F8
:20376000F7F7D0FD4443240A5D4B1C80F7F7ECFC431E98415B4B18704C4B58686421F5F78F
:2037800025FD002965D16946CC204000FDF76EFC464A00231C006946595C002800D1117CB6
:2037A00011746D46615501330132082BF2D12B78642253434C4A138069460C20FDF768FCA3
:2037C00000233A4C19006A469A5C002801D1E218127A6D464A550133082BF3D12A78434B54
:2037E0001A706A78424B1A70AA78424B1A70EA78414B1A702A79414B1A706A79404B1A70E4
:20380000AA79404B1A70EA793F4B1A702623274AD35C002B04D0082201210C20FDF700FCA9
:203820002723224AD35C002B04D0082200212620FDF7F6FB00231D481A186946595C11728D
:203840000133082BF8D1194B002226215A5401315A5403B030BDC046392F0020E840002067
:2038600004410020762A0020E64000200E410020EB400020BE400020D2400020F44000207F
:20388000FC400020E4400020DA400020EF4000200641002000410020EA4000200B41002081
:2038A000E7400020DC400020BC4000209040002048B0010854470108E24000202C47010816
:2038C00016410020EC4000209D360000D6400020FE40002008410020DE4000200C410020AA
:2038E000D8400020E940002010410020BF400020D04000200A410020D4400020EE4000209A
:2039000012410020E5400020D140002010B502AC24788C4207D1002801D1147006E0137022
:2039200004E0147002E00028FBD0F8E710BDC04600220B4B1A600B4B01321A765A769A76AD
:20394000DA761A779A77DA7720215A5401315A5401315A5401315A5402315A547047C046F7
:20396000C040002090400020F0B54F464646C0B483B0CA4B1A68541C1C600A212000F5F710
:2039800025FC002900D020E2C54B1978002909D0C44BDA7E55425541EDB21B7F002B00D19F
:2039A000B0E100E00025BF4B587F0026002805D000E00126BC4B00221A705A706C23BB4A55
:2039C000D25A92B2002394425B41DBB2B84A137000290AD0B34A927F002A06D10024B54A9B
:2039E0001470002800D1A1E11FE06E22AF4CA25A92B2B14C2488A24292415242AD4C22707F
:203A000000280ED1002B0CD0AC4B1B782278002A04D0AB4A12780132A34802700133A24A47
:203A20005370002900D190E189E19E4B1B7E002B03D10022A24B1A7005E09B4B1A78A04B8C
:203A40001A70002907D0974B5B7E002B03D100229A4B1A7003E0944B5A78984B1A707023FD
:203A6000924AD35CDBB2904A12789A4203D301228D4B1A7175E171238C4AD35CDBB28A4AC2
:203A800052789A4200D279E10022874B1A7168E100239946834B9B7E002B07D10022894BAA
:203AA0001A704B46002B00D131E106E07E4B1A79844B1A704B46002B0AD0834A28237949D2
:203AC000C95CD31F1879012300930133FFF71EFF734B19780027002910D02223714AD35C92
:203AE000002B04D0002900D14BE1002700E0012723236C4AD35C002B00D10BE12423694A65
:203B0000D05C0023984600280AD005E00123984602E0002398461F00634B00229A70DA7069
:203B200000290BD025235F4AD35C002B06D10022664B1A70002800D131E121E072235B4ABC
:203B4000D35A9BB25C4A12889A429B415B425F4A1370002810D1564B1B78002B0CD05C4B3F
:203B60001B781278002A04D05A4A127801324E48827001334C4AD370002900D120E119E13F
:203B8000484BDB7F002B03D10022524B1A7005E0454B9A784F4B1A70002908D02023414A76
:203BA000D35C002B03D10022494B1A7003E03E4BDA78474B1A7070233C4AD35CDBB23A4A64
:203BC00092789A4204D30122374B5A7101240CE07123364AD35CDBB2334AD27800249A4210
:203BE00003D30022304B5A710134002908D021232C4AD35C002B03D10022374B1A7003E058
:203C0000294B5A79344B1A70002C0AD0334A29232449C95C931F5879012300930133FFF78F
:203C200075FE1F4B1B781F4A137653769376D3761377002D02D00021517702E0194A4946C1
:203C40005177184A9377002E04D0002028221549885404E0144AD079282212498854114A23
:203C6000D37720215354013153540131535401315354002F04D0002024220A49885402E00D
:203C8000242208498C54252206498B544346002B26D000212923034AD15496E0C040002019
:203CA000E640002090400020C840002048B00108E0400020F0400020E2400020C4400020AF
:203CC000DB400020BD400020CF400020E140002005410020F5400020D3400020CE40002000
:203CE0003C4B997929233C4AD1546EE06C233B4AD25A92B2002394425B41DBB2384A13703B
:203D0000012667E6344B587F0028EFD051E6354B1978E2E62423304AD05C002800D0F5E622
:203D2000233B9846FEE6304B1B7877E6002B00D177E6F8E7274B1A782C4B1A7083E6264BE1
:203D40001B7E002B00D174E6F4E7224B1A78274B1A7080E61F4B1A79254B1A70012399463E
:203D6000ABE601239946002900D093E6F2E7194B1A791F4B1A7000239946A9E60029F6D0F9
:203D800086E62423144AD05C002800D0C1E60100002398461F00D1E6164B1B78E9E6104B51
:203DA0001B78002B00D1E7E6F6E70A4B9A78124B1A70F3E6084BDB7F002B00D1E4E6F4E755
:203DC000044B9A780C4B1A70F1E603B00CBC90469946F0BDC84000209040002048B00108D4
:203DE000E0400020E6400020C4400020DB400020BD40002005410020F540002010B53B4BBB
:203E00001A68501C18600521F5F7E0F900290DD1A52189000420F7F76BFAD2214900022026
:203E2000F7F766FAB3210020F7F762FA2F4B18680A21F5F7CBF9002945D12D4C0022210026
:203E40000520F9F7A5FB611C00220620F9F7A0FBA11C00220720F9F79BFBE11C002208208A
:203E6000F9F796FB611E00220420F9F791FB211D00220920F9F78CFB611D00220A20F9F7C6
:203E800087FBA11D00220B20F9F782FBE11D00220C20F9F77DFB2100083100220D20F9F7DB
:203EA00077FB2100093100220E20F9F771FB21000A3100220F20F9F76BFB21000B31002207
:203EC0001020F9F765FB094B18686421F5F77EF900290AD11D22F02149050648FDF778F852
:203EE000054A06492620FDF7A5F810BD904000203D2F002002030000AAEFCDAB78563412DA
:203F0000044A054B1A80054A054B1A80054A064B1A807047CD8CFFFF144100209A59000080
:203F20000241002066260000F240002070B500243F4B1C60082200213E4800F0AFF93E4BFF
:203F40001C6000233D4A14803D4A14803D4A14803D4A14803D493E4A11803E493E4A118017
:203F60003E493F4A11803F4A14803F4A14803F4A14803F4A14803F4A14803F4A14803F4A69
:203F800013703F4A13703F4A13703F4A13703F4A13703F4A13703F4A13703F4A13703F4AC1
:203FA00013703F4A13703F4A13703F4A13703F4A13703F4A13703F4A13703F4A13703F4AA1
:203FC00013703F4A13703F4A13703F4A13703F4A13703F4A13703F4A13703F4A13703F4A81
:203FE00013703F4A13703F4A13703F4A13703F4A13703F4A13703F4A13703F4A13703F4A61
:2040000013703F4A13703F4A13703F4A13703F4A13703F4D2C220021280000F03FF9FFF7AC
:204020006FFFFFF7CBFAFFF783FC2C6070BDC046F8400020C8400020C04000201041002012
:20404000E240002016410020EC400020CD8CFFFF144100209A5900000241002066260000AD
:20406000F2400020D6400020FE40002008410020DE4000200C410020D8400020DB400020D3
:20408000C4400020F540002005410020BF400020D04000200A410020D4400020EE40002005
:2040A00012410020E5400020D1400020E840002004410020E0400020F0400020BD400020BD
:2040C000E1400020D3400020E9400020E64000200E410020EB400020BE400020D2400020D3
:2040E000F4400020FC400020E4400020DA400020EF4000200641002000410020EA40002031
:204100000B410020E7400020DC400020BC40002090400020F8B515001E000B88834222D278
:2041200073005B5A834222D97308012E0ED9320000245F007F5A874201D81C0000E01A00C0
:2041400013195B08171B012FF3D800E000246300CA5A801A0004C9184B88991A89B2F4F7ED
:20416000AFFF82B201E000240022B44202D17600705F0BE0013464002B19023B00215B5E49
:20418000285FC01A50430014C31818B2F8BDC046F8B515001E000B88834222D273005B5A63
:2041A000834222D97308012E0ED9320000245F007F5A874201D81C0000E01A0013195B08D9
:2041C000171B012FF3D800E000246300CA5A801A0004C9184B88991A89B2F4F771FF81B259
:2041E00001E000240021B44202D17600705B15E0631C5C002B5B2C19023C2088834207D36F
:204200001A1A92B20B0053431B0CC01880B205E0C21A93B24B431B0CC01A80B2F8BDC046D2
:2042200070B50F2A32D90C0004430B00A40731D115000400103D2D0901352D0149191E6822
:2042400026605E6866609E68A660DE681033E66010349942F3D10F2345191340032B1BD989
:204260001C1F0023A4080134A400CE58EE5004339C42FAD103232D1909191A4005D0002337
:20428000CC5CEC5401339A42FAD170BD0500002AF5D1FAE70500F2E71A00F8E770B5830752
:2042A0003FD0541E002A3BD0CEB20300032503E0621E002C34D0140001335A1E16702B4257
:2042C000F6D1032C24D9FF250D402A0215432A0415430F2C11D92600103E3609013636012A
:2042E0001A009B19156055609560D56010329342F8D10F221440032C0AD9261FB6080136EB
:20430000B6001A009B1920C29342FCD103221440002C05D0C9B21C19197001339C42FBD104
:2043200070BD14000300CCE7AA950008CE9400088C950008649500088C950008589500088D
:204340008C95000864950008CE940008CE940008589500086495000810960008109600080D
:204360001096000892950008CE940008CE940008789500086295000878950008589500086E
:204380007895000862950008CE940008CE94000858950008629500081096000810960008E5
:2043A000109600081C960008A89700080697000806970008049700089A9700089A970008EF
:2043C00090970008049700089A970008909700089A97000804970008A0970008A097000849
:2043E000A09700082A980008009F0008C09D0008C09D0008BE9D0008D89E0008D89E0008E4
:20440000CA9E0008BE9D0008D89E0008CA9E0008D89E0008BE9D0008E09E0008E09E0008EE
:20442000E09E0008E0A000084F53544B5F46656564446F67000000004F53544B5F434350CA
:204440005F726563760000004F53544B5F43435044617130000000004F53544B5F4343501B
:2044600044617131000000004F53544B5F43435044617132000000004F53544B5F434F4DB8
:204480004D5F43414E54505F52585F4D736750726F636573730000004F53544B5F44434124
:2044A0004E5F4474726D6E5365727669636500004F53544B5F547269675F316D735F5461BF
:2044C000736B00004F53544B5F4454434D5F5550444154455F4454435F5461736B000000E8
:2044E0004F53544B5F4443414E5F4474726D6E334553657276696365000000004F53544B18
:204500005F4170705F5461736B5F4372656174650000000040BD000840BD000868B9000843
:2045200084B90008C6B9000840BD000800BB000826B9000820BC0008FEBC000840BD000855
:2045400040BD00080CBD000826BD000874BC0008F0B90008A2BC0008F4BC000840BD00088E
:2045600040BD000826BA000876BA0008B6BA00081AB90008C0BC000840BD000840BD000835
:2045800034BD000840BD000840BD000840BD000840BD000840BD000840BD0008DCBC000864
:2045A000ACB9000849444C4500000000F4E80008D8E700085AE8000862E80008E4E8000855
:2045C000ECE8000818F3000818F30008B8F2000818F3000818F3000818F3000818F30008DB
:2045E00018F3000818F30008B0F20008DEF20008D4F20008E8F20008F2F20008C0F20008BD
:20460000FCF20008CAF2000806F30008F0F002700000207400002078000020740000200E9F
:2046200028000000000086F100700000207400002078000020740000200100004D3F0020DE
:2046400087F100700000207400002078000020740000200900005400002089F1007000002B
:20466000200000000000000000000000000F000060000020C1F10070000020000000000049
:20468000000000000000001100002C000020C2F1007000002000000000000000000000007A
:2046A0000011000040000020C3F10070000020000000000000000000000000110000E42A26
:2046C0000020000048FF00081AFF000822FF00082AFF000832FF00083AFF000842FF00082D
:2046E000F0130108F4130108F8130108FC130108001401080414010808140108181C1C00BF
:20470000402001400D000000802001400E000000C02001400F00000000210140100000005A
:204720000B0B020C0C03000011121314000000080010001800200028003000380040004894
:2047400000500058006000680070007800800088009000A0000066060010002000300040BD
:2047600000509A5900600070008000909A9900A0434F4D50524553534F525F4543550000FA
:20478000AAAAAAAA040000000000000001020400006CDC0200366E0160EA00005631313045
:2047A0003130303031534230315F303031000000563131303130303031534131305F303093
:2047C00031000000563133303130303031000000563131303130303031535F30303031007F
:2047E0000102030001030007030000000001000000000000FF0F000001010000E0070000AD
:204800000000000002010000DF0700000000000003010000D00700000000000000000000D4
:2048200000000000FF0F000001010000E00700000000000002010000DF0700000000000098
:2048400003010000D007000000000000FFFFFFFFFFFFFFFFFFFFFFFFFFFFFFFFFFFFFFFF91
:20486000FFFFFFFFFFFFFFFFFFFFFFFFFFFFFFFFFFFFFFFFFFFFFFFFFFFFFFFFFFFFFFFF58
:20488000FFFFFFFFFFFFFFFFFFFFFFFFFFFFFFFFFFFFFFFFFFFFFFFFFFFFFFFFFFFFFFFF38
:2048A000FFFFFFFFFFFFFFFFFFFFFFFFFFFFFFFFFFFFFFFFFFFFFFFFFFFFFFFFFFFFFFFF18
:2048C000FFFFFFFFFFFFFFFFFFFFFFFFFFFFFFFFFFFFFFFFFFFFFFFFFFFFFFFFFFFFFFFFF8
:2048E000FFFFFFFFFFFFFFFFFFFFFFFFFFFFFFFFFFFFFFFFFFFFFFFFFFFFFFFFFFFFFFFFD8
:20490000FFFFFFFFFFFFFFFFFFFFFFFFFFFFFFFFFFFFFFFFFFFFFFFFFFFFFFFFFFFFFFFFB7
:20492000FFFFFFFFFFFFFFFFFFFFFFFFFFFFFFFFFFFFFFFFFFFFFFFFFFFFFFFFFFFFFFFF97
:20494000FFFFFFFFFFFFFFFFFFFFFFFFFFFFFFFFFFFFFFFFFFFFFFFFFFFFFFFFFFFFFFFF77
:20496000FFFFFFFFFFFFFFFFFFFFFFFFFFFFFFFFFFFFFFFFFFFFFFFFFFFFFFFFFFFFFFFF57
:20498000FFFFFFFFFFFFFFFFFFFFFFFFFFFFFFFFFFFFFFFFFFFFFFFFFFFFFFFFFFFFFFFF37
:2049A000FFFFFFFFFFFFFFFFFFFFFFFFFFFFFFFFFFFFFFFFFFFFFFFFFFFFFFFFFFFFFFFF17
:2049C000FFFFFFFFFFFFFFFFFFFFFFFFFFFFFFFFFFFFFFFFFFFFFFFFFFFFFFFFFFFFFFFFF7
:2049E000FFFFFFFFFFFFFFFFFFFFFFFFFFFFFFFFFFFFFFFFFFFFFFFFFFFFFFFFFFFFFFFFD7
:204A0000FFFFFFFFFFFFFFFFFFFFFFFFFFFFFFFFFFFFFFFFFFFFFFFFFFFFFFFFFFFFFFFFB6
:204A2000FFFFFFFFFFFFFFFFFFFFFFFFFFFFFFFFFFFFFFFFFFFFFFFFFFFFFFFFFFFFFFFF96
:204A4000FFFFFFFFFFFFFFFFFFFFFFFFFFFFFFFFFFFFFFFFFFFFFFFFFFFFFFFFFFFFFFFF76
:204A6000FFFFFFFFFFFFFFFFFFFFFFFFFFFFFFFFFFFFFFFFFFFFFFFFFFFFFFFFFFFFFFFF56
:204A8000FFFFFFFFFFFFFFFFFFFFFFFFFFFFFFFFFFFFFFFFFFFFFFFFFFFFFFFFFFFFFFFF36
:204AA000FFFFFFFFFFFFFFFFFFFFFFFFFFFFFFFFFFFFFFFFFFFFFFFFFFFFFFFFFFFFFFFF16
:204AC000FFFFFFFFFFFFFFFFFFFFFFFFFFFFFFFFFFFFFFFFFFFFFFFFFFFFFFFFFFFFFFFFF6
:204AE000FFFFFFFFFFFFFFFFFFFFFFFFFFFFFFFFFFFFFFFFFFFFFFFFFFFFFFFFFFFFFFFFD6
:204B0000FFFFFFFFFFFFFFFFFFFFFFFFFFFFFFFFFFFFFFFFFFFFFFFFFFFFFFFFFFFFFFFFB5
:204B2000FFFFFFFFFFFFFFFFFFFFFFFFFFFFFFFFFFFFFFFFFFFFFFFFFFFFFFFFFFFFFFFF95
:204B4000FFFFFFFFFFFFFFFFFFFFFFFFFFFFFFFFFFFFFFFFFFFFFFFFFFFFFFFFFFFFFFFF75
:204B6000FFFFFFFFFFFFFFFFFFFFFFFFFFFFFFFFFFFFFFFFFFFFFFFFFFFFFFFFFFFFFFFF55
:204B8000FFFFFFFFFFFFFFFFFFFFFFFFFFFFFFFFFFFFFFFFFFFFFFFFFFFFFFFFFFFFFFFF35
:204BA000FFFFFFFFFFFFFFFFFFFFFFFFFFFFFFFFFFFFFFFFFFFFFFFFFFFFFFFFFFFFFFFF15
:204BC000FFFFFFFFFFFFFFFFFFFFFFFFFFFFFFFFFFFFFFFFFFFFFFFFFFFFFFFFFFFFFFFFF5
:204BE000FFFFFFFFFFFFFFFFFFFFFFFFFFFFFFFFFFFFFFFFFFFFFFFFFFFFFFFFFFFFFFFFD5
:204C0000FFFFFFFFFFFFFFFFFFFFFFFFFFFFFFFFFFFFFFFFFFFFFFFFFFFFFFFFFFFFFFFFB4
:204C2000FFFFFFFFFFFFFFFFFFFFFFFFFFFFFFFFFFFFFFFFFFFFFFFFFFFFFFFFFFFFFFFF94
:204C4000FFFFFFFFFFFFFFFFFFFFFFFFFFFFFFFFFFFFFFFFFFFFFFFFFFFFFFFFFFFFFFFF74
:204C6000FFFFFFFFFFFFFFFFFFFFFFFFFFFFFFFFFFFFFFFFFFFFFFFFFFFFFFFFFFFFFFFF54
:204C8000FFFFFFFFFFFFFFFFFFFFFFFFFFFFFFFFFFFFFFFFFFFFFFFFFFFFFFFFFFFFFFFF34
:204CA000FFFFFFFFFFFFFFFFFFFFFFFFFFFFFFFFFFFFFFFFFFFFFFFFFFFFFFFFFFFFFFFF14
:204CC000FFFFFFFFFFFFFFFFFFFFFFFFFFFFFFFFFFFFFFFFFFFFFFFFFFFFFFFFFFFFFFFFF4
:204CE000FFFFFFFFFFFFFFFFFFFFFFFFFFFFFFFFFFFFFFFFFFFFFFFFFFFFFFFFFFFFFFFFD4
:204D0000FFFFFFFFFFFFFFFFFFFFFFFFFFFFFFFFFFFFFFFFFFFFFFFFFFFFFFFFFFFFFFFFB3
:204D2000FFFFFFFFFFFFFFFFFFFFFFFFFFFFFFFFFFFFFFFFFFFFFFFFFFFFFFFFFFFFFFFF93
:204D4000FFFFFFFFFFFFFFFFFFFFFFFFFFFFFFFFFFFFFFFFFFFFFFFFFFFFFFFFFFFFFFFF73
:204D6000FFFFFFFFFFFFFFFFFFFFFFFFFFFFFFFFFFFFFFFFFFFFFFFFFFFFFFFFFFFFFFFF53
:204D8000FFFFFFFFFFFFFFFFFFFFFFFFFFFFFFFFFFFFFFFFFFFFFFFFFFFFFFFFFFFFFFFF33
:204DA000FFFFFFFFFFFFFFFFFFFFFFFFFFFFFFFFFFFFFFFFFFFFFFFFFFFFFFFFFFFFFFFF13
:204DC000FFFFFFFFFFFFFFFFFFFFFFFFFFFFFFFFFFFFFFFFFFFFFFFFFFFFFFFFFFFFFFFFF3
:204DE000FFFFFFFFFFFFFFFFFFFFFFFFFFFFFFFFFFFFFFFFFFFFFFFFFFFFFFFFFFFFFFFFD3
:204E0000FFFFFFFFFFFFFFFFFFFFFFFFFFFFFFFFFFFFFFFFFFFFFFFFFFFFFFFFFFFFFFFFB2
:204E2000FFFFFFFFFFFFFFFFFFFFFFFFFFFFFFFFFFFFFFFFFFFFFFFFFFFFFFFFFFFFFFFF92
:204E4000FFFFFFFFFFFFFFFFFFFFFFFFFFFFFFFFFFFFFFFFFFFFFFFFFFFFFFFFFFFFFFFF72
:204E6000FFFFFFFFFFFFFFFFFFFFFFFFFFFFFFFFFFFFFFFFFFFFFFFFFFFFFFFFFFFFFFFF52
:204E8000FFFFFFFFFFFFFFFFFFFFFFFFFFFFFFFFFFFFFFFFFFFFFFFFFFFFFFFFFFFFFFFF32
:204EA000FFFFFFFFFFFFFFFFFFFFFFFFFFFFFFFFFFFFFFFFFFFFFFFFFFFFFFFFFFFFFFFF12
:204EC000FFFFFFFFFFFFFFFFFFFFFFFFFFFFFFFFFFFFFFFFFFFFFFFFFFFFFFFFFFFFFFFFF2
:204EE000FFFFFFFFFFFFFFFFFFFFFFFFFFFFFFFFFFFFFFFFFFFFFFFFFFFFFFFFFFFFFFFFD2
:204F0000FFFFFFFFFFFFFFFFFFFFFFFFFFFFFFFFFFFFFFFFFFFFFFFFFFFFFFFFFFFFFFFFB1
:204F2000FFFFFFFFFFFFFFFFFFFFFFFFFFFFFFFFFFFFFFFFFFFFFFFFFFFFFFFFFFFFFFFF91
:204F4000FFFFFFFFFFFFFFFFFFFFFFFFFFFFFFFFFFFFFFFFFFFFFFFFFFFFFFFFFFFFFFFF71
:204F6000FFFFFFFFFFFFFFFFFFFFFFFFFFFFFFFFFFFFFFFFFFFFFFFFFFFFFFFFFFFFFFFF51
:204F8000FFFFFFFFFFFFFFFFFFFFFFFFFFFFFFFFFFFFFFFFFFFFFFFFFFFFFFFFFFFFFFFF31
:204FA000FFFFFFFFFFFFFFFFFFFFFFFFFFFFFFFFFFFFFFFFFFFFFFFFFFFFFFFFFFFFFFFF11
:204FC000FFFFFFFFFFFFFFFFFFFFFFFFFFFFFFFFFFFFFFFFFFFFFFFFFFFFFFFFFFFFFFFFF1
:204FE000FFFFFFFFFFFFFFFFFFFFFFFFFFFFFFFFFFFFFFFFFFFFFFFFFFFFFFFFFFFFFFFFD1
:20500000FFFFFFFFFFFFFFFFFFFFFFFFFFFFFFFFFFFFFFFFFFFFFFFFFFFFFFFFFFFFFFFFB0
:20502000FFFFFFFFFFFFFFFFFFFFFFFFFFFFFFFFFFFFFFFFFFFFFFFFFFFFFFFFFFFFFFFF90
:20504000FFFFFFFFFFFFFFFFFFFFFFFFFFFFFFFFFFFFFFFFFFFFFFFFFFFFFFFFFFFFFFFF70
:20506000FFFFFFFFFFFFFFFFFFFFFFFFFFFFFFFFFFFFFFFFFFFFFFFFFFFFFFFFFFFFFFFF50
:20508000FFFFFFFFFFFFFFFFFFFFFFFFFFFFFFFFFFFFFFFFFFFFFFFFFFFFFFFFFFFFFFFF30
:2050A000FFFFFFFFFFFFFFFFFFFFFFFFFFFFFFFFFFFFFFFFFFFFFFFFFFFFFFFFFFFFFFFF10
:2050C000FFFFFFFFFFFFFFFFFFFFFFFFFFFFFFFFFFFFFFFFFFFFFFFFFFFFFFFFFFFFFFFFF0
:2050E000FFFFFFFFFFFFFFFFFFFFFFFFFFFFFFFFFFFFFFFFFFFFFFFFFFFFFFFFFFFFFFFFD0
:20510000FFFFFFFFFFFFFFFFFFFFFFFFFFFFFFFFFFFFFFFFFFFFFFFFFFFFFFFFFFFFFFFFAF
:20512000FFFFFFFFFFFFFFFFFFFFFFFFFFFFFFFFFFFFFFFFFFFFFFFFFFFFFFFFFFFFFFFF8F
:20514000FFFFFFFFFFFFFFFFFFFFFFFFFFFFFFFFFFFFFFFFFFFFFFFFFFFFFFFFFFFFFFFF6F
:20516000FFFFFFFFFFFFFFFFFFFFFFFFFFFFFFFFFFFFFFFFFFFFFFFFFFFFFFFFFFFFFFFF4F
:20518000FFFFFFFFFFFFFFFFFFFFFFFFFFFFFFFFFFFFFFFFFFFFFFFFFFFFFFFFFFFFFFFF2F
:2051A000FFFFFFFFFFFFFFFFFFFFFFFFFFFFFFFFFFFFFFFFFFFFFFFFFFFFFFFFFFFFFFFF0F
:2051C000FFFFFFFFFFFFFFFFFFFFFFFFFFFFFFFFFFFFFFFFFFFFFFFFFFFFFFFFFFFFFFFFEF
:2051E000FFFFFFFFFFFFFFFFFFFFFFFFFFFFFFFFFFFFFFFFFFFFFFFFFFFFFFFFFFFFFFFFCF
:20520000FFFFFFFFFFFFFFFFFFFFFFFFFFFFFFFFFFFFFFFFFFFFFFFFFFFFFFFFFFFFFFFFAE
:20522000FFFFFFFFFFFFFFFFFFFFFFFFFFFFFFFFFFFFFFFFFFFFFFFFFFFFFFFFFFFFFFFF8E
:20524000FFFFFFFFFFFFFFFFFFFFFFFFFFFFFFFFFFFFFFFFFFFFFFFFFFFFFFFFFFFFFFFF6E
:20526000FFFFFFFFFFFFFFFFFFFFFFFFFFFFFFFFFFFFFFFFFFFFFFFFFFFFFFFFFFFFFFFF4E
:20528000FFFFFFFFFFFFFFFFFFFFFFFFFFFFFFFFFFFFFFFFFFFFFFFFFFFFFFFFFFFFFFFF2E
:2052A000FFFFFFFFFFFFFFFFFFFFFFFFFFFFFFFFFFFFFFFFFFFFFFFFFFFFFFFFFFFFFFFF0E
:2052C000FFFFFFFFFFFFFFFFFFFFFFFFFFFFFFFFFFFFFFFFFFFFFFFFFFFFFFFFFFFFFFFFEE
:2052E000FFFFFFFFFFFFFFFFFFFFFFFFFFFFFFFFFFFFFFFFFFFFFFFFFFFFFFFFFFFFFFFFCE
:20530000FFFFFFFFFFFFFFFFFFFFFFFFFFFFFFFFFFFFFFFFFFFFFFFFFFFFFFFFFFFFFFFFAD
:20532000FFFFFFFFFFFFFFFFFFFFFFFFFFFFFFFFFFFFFFFFFFFFFFFFFFFFFFFFFFFFFFFF8D
:20534000FFFFFFFFFFFFFFFFFFFFFFFFFFFFFFFFFFFFFFFFFFFFFFFFFFFFFFFFFFFFFFFF6D
:20536000FFFFFFFFFFFFFFFFFFFFFFFFFFFFFFFFFFFFFFFFFFFFFFFFFFFFFFFFFFFFFFFF4D
:20538000FFFFFFFFFFFFFFFFFFFFFFFFFFFFFFFFFFFFFFFFFFFFFFFFFFFFFFFFFFFFFFFF2D
:2053A000FFFFFFFFFFFFFFFFFFFFFFFFFFFFFFFFFFFFFFFFFFFFFFFFFFFFFFFFFFFFFFFF0D
:2053C000FFFFFFFFFFFFFFFFFFFFFFFFFFFFFFFFFFFFFFFFFFFFFFFFFFFFFFFFFFFFFFFFED
:2053E000FFFFFFFFFFFFFFFFFFFFFFFFFFFFFFFFFFFFFFFFFFFFFFFFFFFFFFFFFFFFFFFFCD
:20540000FFFFFFFFFFFFFFFFFFFFFFFFFFFFFFFFFFFFFFFFFFFFFFFFFFFFFFFFFFFFFFFFAC
:20542000FFFFFFFFFFFFFFFFFFFFFFFFFFFFFFFFFFFFFFFFFFFFFFFFFFFFFFFFFFFFFFFF8C
:20544000FFFFFFFFFFFFFFFFFFFFFFFFFFFFFFFFFFFFFFFFFFFFFFFFFFFFFFFFFFFFFFFF6C
:20546000FFFFFFFFFFFFFFFFFFFFFFFFFFFFFFFFFFFFFFFFFFFFFFFFFFFFFFFFFFFFFFFF4C
:20548000FFFFFFFFFFFFFFFFFFFFFFFFFFFFFFFFFFFFFFFFFFFFFFFFFFFFFFFFFFFFFFFF2C
:2054A000FFFFFFFFFFFFFFFFFFFFFFFFFFFFFFFFFFFFFFFFFFFFFFFFFFFFFFFFFFFFFFFF0C
:2054C000FFFFFFFFFFFFFFFFFFFFFFFFFFFFFFFFFFFFFFFFFFFFFFFFFFFFFFFFFFFFFFFFEC
:2054E000FFFFFFFFFFFFFFFFFFFFFFFFFFFFFFFFFFFFFFFFFFFFFFFFFFFFFFFFFFFFFFFFCC
:20550000FFFFFFFFFFFFFFFFFFFFFFFFFFFFFFFFFFFFFFFFFFFFFFFFFFFFFFFFFFFFFFFFAB
:20552000FFFFFFFFFFFFFFFFFFFFFFFFFFFFFFFFFFFFFFFFFFFFFFFFFFFFFFFFFFFFFFFF8B
:20554000FFFFFFFFFFFFFFFFFFFFFFFFFFFFFFFFFFFFFFFFFFFFFFFFFFFFFFFFFFFFFFFF6B
:20556000FFFFFFFFFFFFFFFFFFFFFFFFFFFFFFFFFFFFFFFFFFFFFFFFFFFFFFFFFFFFFFFF4B
:20558000FFFFFFFFFFFFFFFFFFFFFFFFFFFFFFFFFFFFFFFFFFFFFFFFFFFFFFFFFFFFFFFF2B
:2055A000FFFFFFFFFFFFFFFFFFFFFFFFFFFFFFFFFFFFFFFFFFFFFFFFFFFFFFFFFFFFFFFF0B
:2055C000FFFFFFFFFFFFFFFFFFFFFFFFFFFFFFFFFFFFFFFFFFFFFFFFFFFFFFFFFFFFFFFFEB
:2055E000FFFFFFFFFFFFFFFFFFFFFFFFFFFFFFFFFFFFFFFFFFFFFFFFFFFFFFFFFFFFFFFFCB
:20560000FFFFFFFFFFFFFFFFFFFFFFFFFFFFFFFFFFFFFFFFFFFFFFFFFFFFFFFFFFFFFFFFAA
:20562000FFFFFFFFFFFFFFFFFFFFFFFFFFFFFFFFFFFFFFFFFFFFFFFFFFFFFFFFFFFFFFFF8A
:20564000FFFFFFFFFFFFFFFFFFFFFFFFFFFFFFFFFFFFFFFFFFFFFFFFFFFFFFFFFFFFFFFF6A
:20566000FFFFFFFFFFFFFFFFFFFFFFFFFFFFFFFFFFFFFFFFFFFFFFFFFFFFFFFFFFFFFFFF4A
:20568000FFFFFFFFFFFFFFFFFFFFFFFFFFFFFFFFFFFFFFFFFFFFFFFFFFFFFFFFFFFFFFFF2A
:2056A000FFFFFFFFFFFFFFFFFFFFFFFFFFFFFFFFFFFFFFFFFFFFFFFFFFFFFFFFFFFFFFFF0A
:2056C000FFFFFFFFFFFFFFFFFFFFFFFFFFFFFFFFFFFFFFFFFFFFFFFFFFFFFFFFFFFFFFFFEA
:2056E000FFFFFFFFFFFFFFFFFFFFFFFFFFFFFFFFFFFFFFFFFFFFFFFFFFFFFFFFFFFFFFFFCA
:20570000FFFFFFFFFFFFFFFFFFFFFFFFFFFFFFFFFFFFFFFFFFFFFFFFFFFFFFFFFFFFFFFFA9
:20572000FFFFFFFFFFFFFFFFFFFFFFFFFFFFFFFFFFFFFFFFFFFFFFFFFFFFFFFFFFFFFFFF89
:20574000FFFFFFFFFFFFFFFFFFFFFFFFFFFFFFFFFFFFFFFFFFFFFFFFFFFFFFFFFFFFFFFF69
:20576000FFFFFFFFFFFFFFFFFFFFFFFFFFFFFFFFFFFFFFFFFFFFFFFFFFFFFFFFFFFFFFFF49
:20578000FFFFFFFFFFFFFFFFFFFFFFFFFFFFFFFFFFFFFFFFFFFFFFFFFFFFFFFFFFFFFFFF29
:2057A000FFFFFFFFFFFFFFFFFFFFFFFFFFFFFFFFFFFFFFFFFFFFFFFFFFFFFFFFFFFFFFFF09
:2057C000FFFFFFFFFFFFFFFFFFFFFFFFFFFFFFFFFFFFFFFFFFFFFFFFFFFFFFFFFFFFFFFFE9
:2057E000FFFFFFFFFFFFFFFFFFFFFFFFFFFFFFFFFFFFFFFFFFFFFFFFFFFFFFFFFFFFFFFFC9
:20580000FFFFFFFFFFFFFFFFFFFFFFFFFFFFFFFFFFFFFFFFFFFFFFFFFFFFFFFFFFFFFFFFA8
:20582000FFFFFFFFFFFFFFFFFFFFFFFFFFFFFFFFFFFFFFFFFFFFFFFFFFFFFFFFFFFFFFFF88
:20584000FFFFFFFFFFFFFFFFFFFFFFFFFFFFFFFFFFFFFFFFFFFFFFFFFFFFFFFFFFFFFFFF68
:20586000FFFFFFFFFFFFFFFFFFFFFFFFFFFFFFFFFFFFFFFFFFFFFFFFFFFFFFFFFFFFFFFF48
:20588000FFFFFFFFFFFFFFFFFFFFFFFFFFFFFFFFFFFFFFFFFFFFFFFFFFFFFFFFFFFFFFFF28
:2058A000FFFFFFFFFFFFFFFFFFFFFFFFFFFFFFFFFFFFFFFFFFFFFFFFFFFFFFFFFFFFFFFF08
:2058C000FFFFFFFFFFFFFFFFFFFFFFFFFFFFFFFFFFFFFFFFFFFFFFFFFFFFFFFFFFFFFFFFE8
:2058E000FFFFFFFFFFFFFFFFFFFFFFFFFFFFFFFFFFFFFFFFFFFFFFFFFFFFFFFFFFFFFFFFC8
:20590000FFFFFFFFFFFFFFFFFFFFFFFFFFFFFFFFFFFFFFFFFFFFFFFFFFFFFFFFFFFFFFFFA7
:20592000FFFFFFFFFFFFFFFFFFFFFFFFFFFFFFFFFFFFFFFFFFFFFFFFFFFFFFFFFFFFFFFF87
:20594000FFFFFFFFFFFFFFFFFFFFFFFFFFFFFFFFFFFFFFFFFFFFFFFFFFFFFFFFFFFFFFFF67
:20596000FFFFFFFFFFFFFFFFFFFFFFFFFFFFFFFFFFFFFFFFFFFFFFFFFFFFFFFFFFFFFFFF47
:20598000FFFFFFFFFFFFFFFFFFFFFFFFFFFFFFFFFFFFFFFFFFFFFFFFFFFFFFFFFFFFFFFF27
:2059A000FFFFFFFFFFFFFFFFFFFFFFFFFFFFFFFFFFFFFFFFFFFFFFFFFFFFFFFFFFFFFFFF07
:2059C000FFFFFFFFFFFFFFFFFFFFFFFFFFFFFFFFFFFFFFFFFFFFFFFFFFFFFFFFFFFFFFFFE7
:2059E000FFFFFFFFFFFFFFFFFFFFFFFFFFFFFFFFFFFFFFFFFFFFFFFFFFFFFFFFFFFFFFFFC7
:205A0000FFFFFFFFFFFFFFFFFFFFFFFFFFFFFFFFFFFFFFFFFFFFFFFFFFFFFFFFFFFFFFFFA6
:205A2000FFFFFFFFFFFFFFFFFFFFFFFFFFFFFFFFFFFFFFFFFFFFFFFFFFFFFFFFFFFFFFFF86
:205A4000FFFFFFFFFFFFFFFFFFFFFFFFFFFFFFFFFFFFFFFFFFFFFFFFFFFFFFFFFFFFFFFF66
:205A6000FFFFFFFFFFFFFFFFFFFFFFFFFFFFFFFFFFFFFFFFFFFFFFFFFFFFFFFFFFFFFFFF46
:205A8000FFFFFFFFFFFFFFFFFFFFFFFFFFFFFFFFFFFFFFFFFFFFFFFFFFFFFFFFFFFFFFFF26
:205AA000FFFFFFFFFFFFFFFFFFFFFFFFFFFFFFFFFFFFFFFFFFFFFFFFFFFFFFFFFFFFFFFF06
:205AC000FFFFFFFFFFFFFFFFFFFFFFFFFFFFFFFFFFFFFFFFFFFFFFFFFFFFFFFFFFFFFFFFE6
:205AE000FFFFFFFFFFFFFFFFFFFFFFFFFFFFFFFFFFFFFFFFFFFFFFFFFFFFFFFFFFFFFFFFC6
:205B0000FFFFFFFFFFFFFFFFFFFFFFFFFFFFFFFFFFFFFFFFFFFFFFFFFFFFFFFFFFFFFFFFA5
:205B2000FFFFFFFFFFFFFFFFFFFFFFFFFFFFFFFFFFFFFFFFFFFFFFFFFFFFFFFFFFFFFFFF85
:205B4000FFFFFFFFFFFFFFFFFFFFFFFFFFFFFFFFFFFFFFFFFFFFFFFFFFFFFFFFFFFFFFFF65
:205B6000FFFFFFFFFFFFFFFFFFFFFFFFFFFFFFFFFFFFFFFFFFFFFFFFFFFFFFFFFFFFFFFF45
:205B8000FFFFFFFFFFFFFFFFFFFFFFFFFFFFFFFFFFFFFFFFFFFFFFFFFFFFFFFFFFFFFFFF25
:205BA000FFFFFFFFFFFFFFFFFFFFFFFFFFFFFFFFFFFFFFFFFFFFFFFFFFFFFFFFFFFFFFFF05
:205BC000FFFFFFFFFFFFFFFFFFFFFFFFFFFFFFFFFFFFFFFFFFFFFFFFFFFFFFFFFFFFFFFFE5
:205BE000FFFFFFFFFFFFFFFFFFFFFFFFFFFFFFFFFFFFFFFFFFFFFFFFFFFFFFFFFFFFFFFFC5
:205C0000FFFFFFFFFFFFFFFFFFFFFFFFFFFFFFFFFFFFFFFFFFFFFFFFFFFFFFFFFFFFFFFFA4
:205C2000FFFFFFFFFFFFFFFFFFFFFFFFFFFFFFFFFFFFFFFFFFFFFFFFFFFFFFFFFFFFFFFF84
:205C4000FFFFFFFFFFFFFFFFFFFFFFFFFFFFFFFFFFFFFFFFFFFFFFFFFFFFFFFFFFFFFFFF64
:205C6000FFFFFFFFFFFFFFFFFFFFFFFFFFFFFFFFFFFFFFFFFFFFFFFFFFFFFFFFFFFFFFFF44
:205C8000FFFFFFFFFFFFFFFFFFFFFFFFFFFFFFFFFFFFFFFFFFFFFFFFFFFFFFFFFFFFFFFF24
:205CA000FFFFFFFFFFFFFFFFFFFFFFFFFFFFFFFFFFFFFFFFFFFFFFFFFFFFFFFFFFFFFFFF04
:205CC000FFFFFFFFFFFFFFFFFFFFFFFFFFFFFFFFFFFFFFFFFFFFFFFFFFFFFFFFFFFFFFFFE4
:205CE000FFFFFFFFFFFFFFFFFFFFFFFFFFFFFFFFFFFFFFFFFFFFFFFFFFFFFFFFFFFFFFFFC4
:205D0000FFFFFFFFFFFFFFFFFFFFFFFFFFFFFFFFFFFFFFFFFFFFFFFFFFFFFFFFFFFFFFFFA3
:205D2000FFFFFFFFFFFFFFFFFFFFFFFFFFFFFFFFFFFFFFFFFFFFFFFFFFFFFFFFFFFFFFFF83
:205D4000FFFFFFFFFFFFFFFFFFFFFFFFFFFFFFFFFFFFFFFFFFFFFFFFFFFFFFFFFFFFFFFF63
:205D6000FFFFFFFFFFFFFFFFFFFFFFFFFFFFFFFFFFFFFFFFFFFFFFFFFFFFFFFFFFFFFFFF43
:205D8000FFFFFFFFFFFFFFFFFFFFFFFFFFFFFFFFFFFFFFFFFFFFFFFFFFFFFFFFFFFFFFFF23
:205DA000FFFFFFFFFFFFFFFFFFFFFFFFFFFFFFFFFFFFFFFFFFFFFFFFFFFFFFFFFFFFFFFF03
:205DC000FFFFFFFFFFFFFFFFFFFFFFFFFFFFFFFFFFFFFFFFFFFFFFFFFFFFFFFFFFFFFFFFE3
:205DE000FFFFFFFFFFFFFFFFFFFFFFFFFFFFFFFFFFFFFFFFFFFFFFFFFFFFFFFFFFFFFFFFC3
:205E0000FFFFFFFFFFFFFFFFFFFFFFFFFFFFFFFFFFFFFFFFFFFFFFFFFFFFFFFFFFFFFFFFA2
:205E2000FFFFFFFFFFFFFFFFFFFFFFFFFFFFFFFFFFFFFFFFFFFFFFFFFFFFFFFFFFFFFFFF82
:205E4000FFFFFFFFFFFFFFFFFFFFFFFFFFFFFFFFFFFFFFFFFFFFFFFFFFFFFFFFFFFFFFFF62
:205E6000FFFFFFFFFFFFFFFFFFFFFFFFFFFFFFFFFFFFFFFFFFFFFFFFFFFFFFFFFFFFFFFF42
:205E8000FFFFFFFFFFFFFFFFFFFFFFFFFFFFFFFFFFFFFFFFFFFFFFFFFFFFFFFFFFFFFFFF22
:205EA000FFFFFFFFFFFFFFFFFFFFFFFFFFFFFFFFFFFFFFFFFFFFFFFFFFFFFFFFFFFFFFFF02
:205EC000FFFFFFFFFFFFFFFFFFFFFFFFFFFFFFFFFFFFFFFFFFFFFFFFFFFFFFFFFFFFFFFFE2
:205EE000FFFFFFFFFFFFFFFFFFFFFFFFFFFFFFFFFFFFFFFFFFFFFFFFFFFFFFFFFFFFFFFFC2
:205F0000FFFFFFFFFFFFFFFFFFFFFFFFFFFFFFFFFFFFFFFFFFFFFFFFFFFFFFFFFFFFFFFFA1
:205F2000FFFFFFFFFFFFFFFFFFFFFFFFFFFFFFFFFFFFFFFFFFFFFFFFFFFFFFFFFFFFFFFF81
:205F4000FFFFFFFFFFFFFFFFFFFFFFFFFFFFFFFFFFFFFFFFFFFFFFFFFFFFFFFFFFFFFFFF61
:205F6000FFFFFFFFFFFFFFFFFFFFFFFFFFFFFFFFFFFFFFFFFFFFFFFFFFFFFFFFFFFFFFFF41
:205F8000FFFFFFFFFFFFFFFFFFFFFFFFFFFFFFFFFFFFFFFFFFFFFFFFFFFFFFFFFFFFFFFF21
:205FA000FFFFFFFFFFFFFFFFFFFFFFFFFFFFFFFFFFFFFFFFFFFFFFFFFFFFFFFFFFFFFFFF01
:205FC000FFFFFFFFFFFFFFFFFFFFFFFFFFFFFFFFFFFFFFFFFFFFFFFFFFFFFFFFFFFFFFFFE1
:205FE000FFFFFFFFFFFFFFFFFFFFFFFFFFFFFFFFFFFFFFFFFFFFFFFFFFFFFFFFFFFFFFFFC1
:20600000FFFFFFFFFFFFFFFFFFFFFFFFFFFFFFFFFFFFFFFFFFFFFFFFFFFFFFFFFFFFFFFFA0
:20602000FFFFFFFFFFFFFFFFFFFFFFFFFFFFFFFFFFFFFFFFFFFFFFFFFFFFFFFFFFFFFFFF80
:20604000FFFFFFFFFFFFFFFFFFFFFFFFFFFFFFFFFFFFFFFFFFFFFFFFFFFFFFFFFFFFFFFF60
:20606000FFFFFFFFFFFFFFFFFFFFFFFFFFFFFFFFFFFFFFFFFFFFFFFFFFFFFFFFFFFFFFFF40
:20608000FFFFFFFFFFFFFFFFFFFFFFFFFFFFFFFFFFFFFFFFFFFFFFFFFFFFFFFFFFFFFFFF20
:2060A000FFFFFFFFFFFFFFFFFFFFFFFFFFFFFFFFFFFFFFFFFFFFFFFFFFFFFFFFFFFFFFFF00
:2060C000FFFFFFFFFFFFFFFFFFFFFFFFFFFFFFFFFFFFFFFFFFFFFFFFFFFFFFFFFFFFFFFFE0
:2060E000FFFFFFFFFFFFFFFFFFFFFFFFFFFFFFFFFFFFFFFFFFFFFFFFFFFFFFFFFFFFFFFFC0
:20610000FFFFFFFFFFFFFFFFFFFFFFFFFFFFFFFFFFFFFFFFFFFFFFFFFFFFFFFFFFFFFFFF9F
:20612000FFFFFFFFFFFFFFFFFFFFFFFFFFFFFFFFFFFFFFFFFFFFFFFFFFFFFFFFFFFFFFFF7F
:20614000FFFFFFFFFFFFFFFFFFFFFFFFFFFFFFFFFFFFFFFFFFFFFFFFFFFFFFFFFFFFFFFF5F
:20616000FFFFFFFFFFFFFFFFFFFFFFFFFFFFFFFFFFFFFFFFFFFFFFFFFFFFFFFFFFFFFFFF3F
:20618000FFFFFFFFFFFFFFFFFFFFFFFFFFFFFFFFFFFFFFFFFFFFFFFFFFFFFFFFFFFFFFFF1F
:2061A000FFFFFFFFFFFFFFFFFFFFFFFFFFFFFFFFFFFFFFFFFFFFFFFFFFFFFFFFFFFFFFFFFF
:2061C000FFFFFFFFFFFFFFFFFFFFFFFFFFFFFFFFFFFFFFFFFFFFFFFFFFFFFFFFFFFFFFFFDF
:2061E000FFFFFFFFFFFFFFFFFFFFFFFFFFFFFFFFFFFFFFFFFFFFFFFFFFFFFFFFFFFFFFFFBF
:20620000FFFFFFFFFFFFFFFFFFFFFFFFFFFFFFFFFFFFFFFFFFFFFFFFFFFFFFFFFFFFFFFF9E
:20622000FFFFFFFFFFFFFFFFFFFFFFFFFFFFFFFFFFFFFFFFFFFFFFFFFFFFFFFFFFFFFFFF7E
:20624000FFFFFFFFFFFFFFFFFFFFFFFFFFFFFFFFFFFFFFFFFFFFFFFFFFFFFFFFFFFFFFFF5E
:20626000FFFFFFFFFFFFFFFFFFFFFFFFFFFFFFFFFFFFFFFFFFFFFFFFFFFFFFFFFFFFFFFF3E
:20628000FFFFFFFFFFFFFFFFFFFFFFFFFFFFFFFFFFFFFFFFFFFFFFFFFFFFFFFFFFFFFFFF1E
:2062A000FFFFFFFFFFFFFFFFFFFFFFFFFFFFFFFFFFFFFFFFFFFFFFFFFFFFFFFFFFFFFFFFFE
:2062C000FFFFFFFFFFFFFFFFFFFFFFFFFFFFFFFFFFFFFFFFFFFFFFFFFFFFFFFFFFFFFFFFDE
:2062E000FFFFFFFFFFFFFFFFFFFFFFFFFFFFFFFFFFFFFFFFFFFFFFFFFFFFFFFFFFFFFFFFBE
:20630000FFFFFFFFFFFFFFFFFFFFFFFFFFFFFFFFFFFFFFFFFFFFFFFFFFFFFFFFFFFFFFFF9D
:20632000FFFFFFFFFFFFFFFFFFFFFFFFFFFFFFFFFFFFFFFFFFFFFFFFFFFFFFFFFFFFFFFF7D
:20634000FFFFFFFFFFFFFFFFFFFFFFFFFFFFFFFFFFFFFFFFFFFFFFFFFFFFFFFFFFFFFFFF5D
:20636000FFFFFFFFFFFFFFFFFFFFFFFFFFFFFFFFFFFFFFFFFFFFFFFFFFFFFFFFFFFFFFFF3D
:20638000FFFFFFFFFFFFFFFFFFFFFFFFFFFFFFFFFFFFFFFFFFFFFFFFFFFFFFFFFFFFFFFF1D
:2063A000FFFFFFFFFFFFFFFFFFFFFFFFFFFFFFFFFFFFFFFFFFFFFFFFFFFFFFFFFFFFFFFFFD
:2063C000FFFFFFFFFFFFFFFFFFFFFFFFFFFFFFFFFFFFFFFFFFFFFFFFFFFFFFFFFFFFFFFFDD
:2063E000FFFFFFFFFFFFFFFFFFFFFFFFFFFFFFFFFFFFFFFFFFFFFFFFFFFFFFFFFFFFFFFFBD
:20640000FFFFFFFFFFFFFFFFFFFFFFFFFFFFFFFFFFFFFFFFFFFFFFFFFFFFFFFFFFFFFFFF9C
:20642000FFFFFFFFFFFFFFFFFFFFFFFFFFFFFFFFFFFFFFFFFFFFFFFFFFFFFFFFFFFFFFFF7C
:20644000FFFFFFFFFFFFFFFFFFFFFFFFFFFFFFFFFFFFFFFFFFFFFFFFFFFFFFFFFFFFFFFF5C
:20646000FFFFFFFFFFFFFFFFFFFFFFFFFFFFFFFFFFFFFFFFFFFFFFFFFFFFFFFFFFFFFFFF3C
:20648000FFFFFFFFFFFFFFFFFFFFFFFFFFFFFFFFFFFFFFFFFFFFFFFFFFFFFFFFFFFFFFFF1C
:2064A000FFFFFFFFFFFFFFFFFFFFFFFFFFFFFFFFFFFFFFFFFFFFFFFFFFFFFFFFFFFFFFFFFC
:2064C000FFFFFFFFFFFFFFFFFFFFFFFFFFFFFFFFFFFFFFFFFFFFFFFFFFFFFFFFFFFFFFFFDC
:2064E000FFFFFFFFFFFFFFFFFFFFFFFFFFFFFFFFFFFFFFFFFFFFFFFFFFFFFFFFFFFFFFFFBC
:20650000FFFFFFFFFFFFFFFFFFFFFFFFFFFFFFFFFFFFFFFFFFFFFFFFFFFFFFFFFFFFFFFF9B
:20652000FFFFFFFFFFFFFFFFFFFFFFFFFFFFFFFFFFFFFFFFFFFFFFFFFFFFFFFFFFFFFFFF7B
:20654000FFFFFFFFFFFFFFFFFFFFFFFFFFFFFFFFFFFFFFFFFFFFFFFFFFFFFFFFFFFFFFFF5B
:20656000FFFFFFFFFFFFFFFFFFFFFFFFFFFFFFFFFFFFFFFFFFFFFFFFFFFFFFFFFFFFFFFF3B
:20658000FFFFFFFFFFFFFFFFFFFFFFFFFFFFFFFFFFFFFFFFFFFFFFFFFFFFFFFFFFFFFFFF1B
:2065A000FFFFFFFFFFFFFFFFFFFFFFFFFFFFFFFFFFFFFFFFFFFFFFFFFFFFFFFFFFFFFFFFFB
:2065C000FFFFFFFFFFFFFFFFFFFFFFFFFFFFFFFFFFFFFFFFFFFFFFFFFFFFFFFFFFFFFFFFDB
:2065E000FFFFFFFFFFFFFFFFFFFFFFFFFFFFFFFFFFFFFFFFFFFFFFFFFFFFFFFFFFFFFFFFBB
:20660000FFFFFFFFFFFFFFFFFFFFFFFFFFFFFFFFFFFFFFFFFFFFFFFFFFFFFFFFFFFFFFFF9A
:20662000FFFFFFFFFFFFFFFFFFFFFFFFFFFFFFFFFFFFFFFFFFFFFFFFFFFFFFFFFFFFFFFF7A
:20664000FFFFFFFFFFFFFFFFFFFFFFFFFFFFFFFFFFFFFFFFFFFFFFFFFFFFFFFFFFFFFFFF5A
:20666000FFFFFFFFFFFFFFFFFFFFFFFFFFFFFFFFFFFFFFFFFFFFFFFFFFFFFFFFFFFFFFFF3A
:20668000FFFFFFFFFFFFFFFFFFFFFFFFFFFFFFFFFFFFFFFFFFFFFFFFFFFFFFFFFFFFFFFF1A
:2066A000FFFFFFFFFFFFFFFFFFFFFFFFFFFFFFFFFFFFFFFFFFFFFFFFFFFFFFFFFFFFFFFFFA
:2066C000FFFFFFFFFFFFFFFFFFFFFFFFFFFFFFFFFFFFFFFFFFFFFFFFFFFFFFFFFFFFFFFFDA
:2066E000FFFFFFFFFFFFFFFFFFFFFFFFFFFFFFFFFFFFFFFFFFFFFFFFFFFFFFFFFFFFFFFFBA
:20670000FFFFFFFFFFFFFFFFFFFFFFFFFFFFFFFFFFFFFFFFFFFFFFFFFFFFFFFFFFFFFFFF99
:20672000FFFFFFFFFFFFFFFFFFFFFFFFFFFFFFFFFFFFFFFFFFFFFFFFFFFFFFFFFFFFFFFF79
:20674000FFFFFFFFFFFFFFFFFFFFFFFFFFFFFFFFFFFFFFFFFFFFFFFFFFFFFFFFFFFFFFFF59
:20676000FFFFFFFFFFFFFFFFFFFFFFFFFFFFFFFFFFFFFFFFFFFFFFFFFFFFFFFFFFFFFFFF39
:20678000FFFFFFFFFFFFFFFFFFFFFFFFFFFFFFFFFFFFFFFFFFFFFFFFFFFFFFFFFFFFFFFF19
:2067A000FFFFFFFFFFFFFFFFFFFFFFFFFFFFFFFFFFFFFFFFFFFFFFFFFFFFFFFFFFFFFFFFF9
:2067C000FFFFFFFFFFFFFFFFFFFFFFFFFFFFFFFFFFFFFFFFFFFFFFFFFFFFFFFFFFFFFFFFD9
:2067E000FFFFFFFFFFFFFFFFFFFFFFFFFFFFFFFFFFFFFFFFFFFFFFFFFFFFFFFFFFFFFFFFB9
:20680000FFFFFFFFFFFFFFFFFFFFFFFFFFFFFFFFFFFFFFFFFFFFFFFFFFFFFFFFFFFFFFFF98
:20682000FFFFFFFFFFFFFFFFFFFFFFFFFFFFFFFFFFFFFFFFFFFFFFFFFFFFFFFFFFFFFFFF78
:20684000FFFFFFFFFFFFFFFFFFFFFFFFFFFFFFFFFFFFFFFFFFFFFFFFFFFFFFFFFFFFFFFF58
:20686000FFFFFFFFFFFFFFFFFFFFFFFFFFFFFFFFFFFFFFFFFFFFFFFFFFFFFFFFFFFFFFFF38
:20688000FFFFFFFFFFFFFFFFFFFFFFFFFFFFFFFFFFFFFFFFFFFFFFFFFFFFFFFFFFFFFFFF18
:2068A000FFFFFFFFFFFFFFFFFFFFFFFFFFFFFFFFFFFFFFFFFFFFFFFFFFFFFFFFFFFFFFFFF8
:2068C000FFFFFFFFFFFFFFFFFFFFFFFFFFFFFFFFFFFFFFFFFFFFFFFFFFFFFFFFFFFFFFFFD8
:2068E000FFFFFFFFFFFFFFFFFFFFFFFFFFFFFFFFFFFFFFFFFFFFFFFFFFFFFFFFFFFFFFFFB8
:20690000FFFFFFFFFFFFFFFFFFFFFFFFFFFFFFFFFFFFFFFFFFFFFFFFFFFFFFFFFFFFFFFF97
:20692000FFFFFFFFFFFFFFFFFFFFFFFFFFFFFFFFFFFFFFFFFFFFFFFFFFFFFFFFFFFFFFFF77
:20694000FFFFFFFFFFFFFFFFFFFFFFFFFFFFFFFFFFFFFFFFFFFFFFFFFFFFFFFFFFFFFFFF57
:20696000FFFFFFFFFFFFFFFFFFFFFFFFFFFFFFFFFFFFFFFFFFFFFFFFFFFFFFFFFFFFFFFF37
:20698000FFFFFFFFFFFFFFFFFFFFFFFFFFFFFFFFFFFFFFFFFFFFFFFFFFFFFFFFFFFFFFFF17
:2069A000FFFFFFFFFFFFFFFFFFFFFFFFFFFFFFFFFFFFFFFFFFFFFFFFFFFFFFFFFFFFFFFFF7
:2069C000FFFFFFFFFFFFFFFFFFFFFFFFFFFFFFFFFFFFFFFFFFFFFFFFFFFFFFFFFFFFFFFFD7
:2069E000FFFFFFFFFFFFFFFFFFFFFFFFFFFFFFFFFFFFFFFFFFFFFFFFFFFFFFFFFFFFFFFFB7
:206A0000FFFFFFFFFFFFFFFFFFFFFFFFFFFFFFFFFFFFFFFFFFFFFFFFFFFFFFFFFFFFFFFF96
:206A2000FFFFFFFFFFFFFFFFFFFFFFFFFFFFFFFFFFFFFFFFFFFFFFFFFFFFFFFFFFFFFFFF76
:206A4000FFFFFFFFFFFFFFFFFFFFFFFFFFFFFFFFFFFFFFFFFFFFFFFFFFFFFFFFFFFFFFFF56
:206A6000FFFFFFFFFFFFFFFFFFFFFFFFFFFFFFFFFFFFFFFFFFFFFFFFFFFFFFFFFFFFFFFF36
:206A8000FFFFFFFFFFFFFFFFFFFFFFFFFFFFFFFFFFFFFFFFFFFFFFFFFFFFFFFFFFFFFFFF16
:206AA000FFFFFFFFFFFFFFFFFFFFFFFFFFFFFFFFFFFFFFFFFFFFFFFFFFFFFFFFFFFFFFFFF6
:206AC000FFFFFFFFFFFFFFFFFFFFFFFFFFFFFFFFFFFFFFFFFFFFFFFFFFFFFFFFFFFFFFFFD6
:206AE000FFFFFFFFFFFFFFFFFFFFFFFFFFFFFFFFFFFFFFFFFFFFFFFFFFFFFFFFFFFFFFFFB6
:206B0000FFFFFFFFFFFFFFFFFFFFFFFFFFFFFFFFFFFFFFFFFFFFFFFFFFFFFFFFFFFFFFFF95
:206B2000FFFFFFFFFFFFFFFFFFFFFFFFFFFFFFFFFFFFFFFFFFFFFFFFFFFFFFFFFFFFFFFF75
:206B4000FFFFFFFFFFFFFFFFFFFFFFFFFFFFFFFFFFFFFFFFFFFFFFFFFFFFFFFFFFFFFFFF55
:206B6000FFFFFFFFFFFFFFFFFFFFFFFFFFFFFFFFFFFFFFFFFFFFFFFFFFFFFFFFFFFFFFFF35
:206B8000FFFFFFFFFFFFFFFFFFFFFFFFFFFFFFFFFFFFFFFFFFFFFFFFFFFFFFFFFFFFFFFF15
:206BA000FFFFFFFFFFFFFFFFFFFFFFFFFFFFFFFFFFFFFFFFFFFFFFFFFFFFFFFFFFFFFFFFF5
:206BC000FFFFFFFFFFFFFFFFFFFFFFFFFFFFFFFFFFFFFFFFFFFFFFFFFFFFFFFFFFFFFFFFD5
:206BE000FFFFFFFFFFFFFFFFFFFFFFFFFFFFFFFFFFFFFFFFFFFFFFFFFFFFFFFFFFFFFFFFB5
:206C0000FFFFFFFFFFFFFFFFFFFFFFFFFFFFFFFFFFFFFFFFFFFFFFFFFFFFFFFFFFFFFFFF94
:206C2000FFFFFFFFFFFFFFFFFFFFFFFFFFFFFFFFFFFFFFFFFFFFFFFFFFFFFFFFFFFFFFFF74
:206C4000FFFFFFFFFFFFFFFFFFFFFFFFFFFFFFFFFFFFFFFFFFFFFFFFFFFFFFFFFFFFFFFF54
:206C6000FFFFFFFFFFFFFFFFFFFFFFFFFFFFFFFFFFFFFFFFFFFFFFFFFFFFFFFFFFFFFFFF34
:206C8000FFFFFFFFFFFFFFFFFFFFFFFFFFFFFFFFFFFFFFFFFFFFFFFFFFFFFFFFFFFFFFFF14
:206CA000FFFFFFFFFFFFFFFFFFFFFFFFFFFFFFFFFFFFFFFFFFFFFFFFFFFFFFFFFFFFFFFFF4
:206CC000FFFFFFFFFFFFFFFFFFFFFFFFFFFFFFFFFFFFFFFFFFFFFFFFFFFFFFFFFFFFFFFFD4
:206CE000FFFFFFFFFFFFFFFFFFFFFFFFFFFFFFFFFFFFFFFFFFFFFFFFFFFFFFFFFFFFFFFFB4
:206D0000FFFFFFFFFFFFFFFFFFFFFFFFFFFFFFFFFFFFFFFFFFFFFFFFFFFFFFFFFFFFFFFF93
:206D2000FFFFFFFFFFFFFFFFFFFFFFFFFFFFFFFFFFFFFFFFFFFFFFFFFFFFFFFFFFFFFFFF73
:206D4000FFFFFFFFFFFFFFFFFFFFFFFFFFFFFFFFFFFFFFFFFFFFFFFFFFFFFFFFFFFFFFFF53
:206D6000FFFFFFFFFFFFFFFFFFFFFFFFFFFFFFFFFFFFFFFFFFFFFFFFFFFFFFFFFFFFFFFF33
:206D8000FFFFFFFFFFFFFFFFFFFFFFFFFFFFFFFFFFFFFFFFFFFFFFFFFFFFFFFFFFFFFFFF13
:206DA000FFFFFFFFFFFFFFFFFFFFFFFFFFFFFFFFFFFFFFFFFFFFFFFFFFFFFFFFFFFFFFFFF3
:206DC000FFFFFFFFFFFFFFFFFFFFFFFFFFFFFFFFFFFFFFFFFFFFFFFFFFFFFFFFFFFFFFFFD3
:206DE000FFFFFFFFFFFFFFFFFFFFFFFFFFFFFFFFFFFFFFFFFFFFFFFFFFFFFFFFFFFFFFFFB3
:206E0000FFFFFFFFFFFFFFFFFFFFFFFFFFFFFFFFFFFFFFFFFFFFFFFFFFFFFFFFFFFFFFFF92
:206E2000FFFFFFFFFFFFFFFFFFFFFFFFFFFFFFFFFFFFFFFFFFFFFFFFFFFFFFFFFFFFFFFF72
:206E4000FFFFFFFFFFFFFFFFFFFFFFFFFFFFFFFFFFFFFFFFFFFFFFFFFFFFFFFFFFFFFFFF52
:206E6000FFFFFFFFFFFFFFFFFFFFFFFFFFFFFFFFFFFFFFFFFFFFFFFFFFFFFFFFFFFFFFFF32
:206E8000FFFFFFFFFFFFFFFFFFFFFFFFFFFFFFFFFFFFFFFFFFFFFFFFFFFFFFFFFFFFFFFF12
:206EA000FFFFFFFFFFFFFFFFFFFFFFFFFFFFFFFFFFFFFFFFFFFFFFFFFFFFFFFFFFFFFFFFF2
:206EC000FFFFFFFFFFFFFFFFFFFFFFFFFFFFFFFFFFFFFFFFFFFFFFFFFFFFFFFFFFFFFFFFD2
:206EE000FFFFFFFFFFFFFFFFFFFFFFFFFFFFFFFFFFFFFFFFFFFFFFFFFFFFFFFFFFFFFFFFB2
:206F0000FFFFFFFFFFFFFFFFFFFFFFFFFFFFFFFFFFFFFFFFFFFFFFFFFFFFFFFFFFFFFFFF91
:206F2000FFFFFFFFFFFFFFFFFFFFFFFFFFFFFFFFFFFFFFFFFFFFFFFFFFFFFFFFFFFFFFFF71
:206F4000FFFFFFFFFFFFFFFFFFFFFFFFFFFFFFFFFFFFFFFFFFFFFFFFFFFFFFFFFFFFFFFF51
:206F6000FFFFFFFFFFFFFFFFFFFFFFFFFFFFFFFFFFFFFFFFFFFFFFFFFFFFFFFFFFFFFFFF31
:206F8000FFFFFFFFFFFFFFFFFFFFFFFFFFFFFFFFFFFFFFFFFFFFFFFFFFFFFFFFFFFFFFFF11
:206FA000FFFFFFFFFFFFFFFFFFFFFFFFFFFFFFFFFFFFFFFFFFFFFFFFFFFFFFFFFFFFFFFFF1
:206FC000FFFFFFFFFFFFFFFFFFFFFFFFFFFFFFFFFFFFFFFFFFFFFFFFFFFFFFFFFFFFFFFFD1
:206FE000FFFFFFFFFFFFFFFFFFFFFFFFFFFFFFFFFFFFFFFFFFFFFFFFFFFFFFFFFFFFFFFFB1
:20700000FFFFFFFFFFFFFFFFFFFFFFFFFFFFFFFFFFFFFFFFFFFFFFFFFFFFFFFFFFFFFFFF90
:20702000FFFFFFFFFFFFFFFFFFFFFFFFFFFFFFFFFFFFFFFFFFFFFFFFFFFFFFFFFFFFFFFF70
:20704000FFFFFFFFFFFFFFFFFFFFFFFFFFFFFFFFFFFFFFFFFFFFFFFFFFFFFFFFFFFFFFFF50
:20706000FFFFFFFFFFFFFFFFFFFFFFFFFFFFFFFFFFFFFFFFFFFFFFFFFFFFFFFFFFFFFFFF30
:20708000FFFFFFFFFFFFFFFFFFFFFFFFFFFFFFFFFFFFFFFFFFFFFFFFFFFFFFFFFFFFFFFF10
:2070A000FFFFFFFFFFFFFFFFFFFFFFFFFFFFFFFFFFFFFFFFFFFFFFFFFFFFFFFFFFFFFFFFF0
:2070C000FFFFFFFFFFFFFFFFFFFFFFFFFFFFFFFFFFFFFFFFFFFFFFFFFFFFFFFFFFFFFFFFD0
:2070E000FFFFFFFFFFFFFFFFFFFFFFFFFFFFFFFFFFFFFFFFFFFFFFFFFFFFFFFFFFFFFFFFB0
:20710000FFFFFFFFFFFFFFFFFFFFFFFFFFFFFFFFFFFFFFFFFFFFFFFFFFFFFFFFFFFFFFFF8F
:20712000FFFFFFFFFFFFFFFFFFFFFFFFFFFFFFFFFFFFFFFFFFFFFFFFFFFFFFFFFFFFFFFF6F
:20714000FFFFFFFFFFFFFFFFFFFFFFFFFFFFFFFFFFFFFFFFFFFFFFFFFFFFFFFFFFFFFFFF4F
:20716000FFFFFFFFFFFFFFFFFFFFFFFFFFFFFFFFFFFFFFFFFFFFFFFFFFFFFFFFFFFFFFFF2F
:20718000FFFFFFFFFFFFFFFFFFFFFFFFFFFFFFFFFFFFFFFFFFFFFFFFFFFFFFFFFFFFFFFF0F
:2071A000FFFFFFFFFFFFFFFFFFFFFFFFFFFFFFFFFFFFFFFFFFFFFFFFFFFFFFFFFFFFFFFFEF
:2071C000FFFFFFFFFFFFFFFFFFFFFFFFFFFFFFFFFFFFFFFFFFFFFFFFFFFFFFFFFFFFFFFFCF
:2071E000FFFFFFFFFFFFFFFFFFFFFFFFFFFFFFFFFFFFFFFFFFFFFFFFFFFFFFFFFFFFFFFFAF
:20720000FFFFFFFFFFFFFFFFFFFFFFFFFFFFFFFFFFFFFFFFFFFFFFFFFFFFFFFFFFFFFFFF8E
:20722000FFFFFFFFFFFFFFFFFFFFFFFFFFFFFFFFFFFFFFFFFFFFFFFFFFFFFFFFFFFFFFFF6E
:20724000FFFFFFFFFFFFFFFFFFFFFFFFFFFFFFFFFFFFFFFFFFFFFFFFFFFFFFFFFFFFFFFF4E
:20726000FFFFFFFFFFFFFFFFFFFFFFFFFFFFFFFFFFFFFFFFFFFFFFFFFFFFFFFFFFFFFFFF2E
:20728000FFFFFFFFFFFFFFFFFFFFFFFFFFFFFFFFFFFFFFFFFFFFFFFFFFFFFFFFFFFFFFFF0E
:2072A000FFFFFFFFFFFFFFFFFFFFFFFFFFFFFFFFFFFFFFFFFFFFFFFFFFFFFFFFFFFFFFFFEE
:2072C000FFFFFFFFFFFFFFFFFFFFFFFFFFFFFFFFFFFFFFFFFFFFFFFFFFFFFFFFFFFFFFFFCE
:2072E000FFFFFFFFFFFFFFFFFFFFFFFFFFFFFFFFFFFFFFFFFFFFFFFFFFFFFFFFFFFFFFFFAE
:20730000FFFFFFFFFFFFFFFFFFFFFFFFFFFFFFFFFFFFFFFFFFFFFFFFFFFFFFFFFFFFFFFF8D
:20732000FFFFFFFFFFFFFFFFFFFFFFFFFFFFFFFFFFFFFFFFFFFFFFFFFFFFFFFFFFFFFFFF6D
:20734000FFFFFFFFFFFFFFFFFFFFFFFFFFFFFFFFFFFFFFFFFFFFFFFFFFFFFFFFFFFFFFFF4D
:20736000FFFFFFFFFFFFFFFFFFFFFFFFFFFFFFFFFFFFFFFFFFFFFFFFFFFFFFFFFFFFFFFF2D
:20738000FFFFFFFFFFFFFFFFFFFFFFFFFFFFFFFFFFFFFFFFFFFFFFFFFFFFFFFFFFFFFFFF0D
:2073A000FFFFFFFFFFFFFFFFFFFFFFFFFFFFFFFFFFFFFFFFFFFFFFFFFFFFFFFFFFFFFFFFED
:2073C000FFFFFFFFFFFFFFFFFFFFFFFFFFFFFFFFFFFFFFFFFFFFFFFFFFFFFFFFFFFFFFFFCD
:2073E000FFFFFFFFFFFFFFFFFFFFFFFFFFFFFFFFFFFFFFFFFFFFFFFFFFFFFFFFFFFFFFFFAD
:20740000FFFFFFFFFFFFFFFFFFFFFFFFFFFFFFFFFFFFFFFFFFFFFFFFFFFFFFFFFFFFFFFF8C
:20742000FFFFFFFFFFFFFFFFFFFFFFFFFFFFFFFFFFFFFFFFFFFFFFFFFFFFFFFFFFFFFFFF6C
:20744000FFFFFFFFFFFFFFFFFFFFFFFFFFFFFFFFFFFFFFFFFFFFFFFFFFFFFFFFFFFFFFFF4C
:20746000FFFFFFFFFFFFFFFFFFFFFFFFFFFFFFFFFFFFFFFFFFFFFFFFFFFFFFFFFFFFFFFF2C
:20748000FFFFFFFFFFFFFFFFFFFFFFFFFFFFFFFFFFFFFFFFFFFFFFFFFFFFFFFFFFFFFFFF0C
:2074A000FFFFFFFFFFFFFFFFFFFFFFFFFFFFFFFFFFFFFFFFFFFFFFFFFFFFFFFFFFFFFFFFEC
:2074C000FFFFFFFFFFFFFFFFFFFFFFFFFFFFFFFFFFFFFFFFFFFFFFFFFFFFFFFFFFFFFFFFCC
:2074E000FFFFFFFFFFFFFFFFFFFFFFFFFFFFFFFFFFFFFFFFFFFFFFFFFFFFFFFFFFFFFFFFAC
:20750000FFFFFFFFFFFFFFFFFFFFFFFFFFFFFFFFFFFFFFFFFFFFFFFFFFFFFFFFFFFFFFFF8B
:20752000FFFFFFFFFFFFFFFFFFFFFFFFFFFFFFFFFFFFFFFFFFFFFFFFFFFFFFFFFFFFFFFF6B
:20754000FFFFFFFFFFFFFFFFFFFFFFFFFFFFFFFFFFFFFFFFFFFFFFFFFFFFFFFFFFFFFFFF4B
:20756000FFFFFFFFFFFFFFFFFFFFFFFFFFFFFFFFFFFFFFFFFFFFFFFFFFFFFFFFFFFFFFFF2B
:20758000FFFFFFFFFFFFFFFFFFFFFFFFFFFFFFFFFFFFFFFFFFFFFFFFFFFFFFFFFFFFFFFF0B
:2075A000FFFFFFFFFFFFFFFFFFFFFFFFFFFFFFFFFFFFFFFFFFFFFFFFFFFFFFFFFFFFFFFFEB
:2075C000FFFFFFFFFFFFFFFFFFFFFFFFFFFFFFFFFFFFFFFFFFFFFFFFFFFFFFFFFFFFFFFFCB
:2075E000FFFFFFFFFFFFFFFFFFFFFFFFFFFFFFFFFFFFFFFFFFFFFFFFFFFFFFFFFFFFFFFFAB
:20760000FFFFFFFFFFFFFFFFFFFFFFFFFFFFFFFFFFFFFFFFFFFFFFFFFFFFFFFFFFFFFFFF8A
:20762000FFFFFFFFFFFFFFFFFFFFFFFFFFFFFFFFFFFFFFFFFFFFFFFFFFFFFFFFFFFFFFFF6A
:20764000FFFFFFFFFFFFFFFFFFFFFFFFFFFFFFFFFFFFFFFFFFFFFFFFFFFFFFFFFFFFFFFF4A
:20766000FFFFFFFFFFFFFFFFFFFFFFFFFFFFFFFFFFFFFFFFFFFFFFFFFFFFFFFFFFFFFFFF2A
:20768000FFFFFFFFFFFFFFFFFFFFFFFFFFFFFFFFFFFFFFFFFFFFFFFFFFFFFFFFFFFFFFFF0A
:2076A000FFFFFFFFFFFFFFFFFFFFFFFFFFFFFFFFFFFFFFFFFFFFFFFFFFFFFFFFFFFFFFFFEA
:2076C000FFFFFFFFFFFFFFFFFFFFFFFFFFFFFFFFFFFFFFFFFFFFFFFFFFFFFFFFFFFFFFFFCA
:2076E000FFFFFFFFFFFFFFFFFFFFFFFFFFFFFFFFFFFFFFFFFFFFFFFFFFFFFFFFFFFFFFFFAA
:20770000FFFFFFFFFFFFFFFFFFFFFFFFFFFFFFFFFFFFFFFFFFFFFFFFFFFFFFFFFFFFFFFF89
:20772000FFFFFFFFFFFFFFFFFFFFFFFFFFFFFFFFFFFFFFFFFFFFFFFFFFFFFFFFFFFFFFFF69
:20774000FFFFFFFFFFFFFFFFFFFFFFFFFFFFFFFFFFFFFFFFFFFFFFFFFFFFFFFFFFFFFFFF49
:20776000FFFFFFFFFFFFFFFFFFFFFFFFFFFFFFFFFFFFFFFFFFFFFFFFFFFFFFFFFFFFFFFF29
:20778000FFFFFFFFFFFFFFFFFFFFFFFFFFFFFFFFFFFFFFFFFFFFFFFFFFFFFFFFFFFFFFFF09
:2077A000FFFFFFFFFFFFFFFFFFFFFFFFFFFFFFFFFFFFFFFFFFFFFFFFFFFFFFFFFFFFFFFFE9
:2077C000FFFFFFFFFFFFFFFFFFFFFFFFFFFFFFFFFFFFFFFFFFFFFFFFFFFFFFFFFFFFFFFFC9
:2077E000FFFFFFFFFFFFFFFFFFFFFFFFFFFFFFFFFFFFFFFFFFFFFFFFFFFFFFFFFFFFFFFFA9
:20780000FFFFFFFFFFFFFFFFFFFFFFFFFFFFFFFFFFFFFFFFFFFFFFFFFFFFFFFFFFFFFFFF88
:20782000FFFFFFFFFFFFFFFFFFFFFFFFFFFFFFFFFFFFFFFFFFFFFFFFFFFFFFFFFFFFFFFF68
:20784000FFFFFFFFFFFFFFFFFFFFFFFFFFFFFFFFFFFFFFFFFFFFFFFFFFFFFFFFFFFFFFFF48
:20786000FFFFFFFFFFFFFFFFFFFFFFFFFFFFFFFFFFFFFFFFFFFFFFFFFFFFFFFFFFFFFFFF28
:20788000FFFFFFFFFFFFFFFFFFFFFFFFFFFFFFFFFFFFFFFFFFFFFFFFFFFFFFFFFFFFFFFF08
:2078A000FFFFFFFFFFFFFFFFFFFFFFFFFFFFFFFFFFFFFFFFFFFFFFFFFFFFFFFFFFFFFFFFE8
:2078C000FFFFFFFFFFFFFFFFFFFFFFFFFFFFFFFFFFFFFFFFFFFFFFFFFFFFFFFFFFFFFFFFC8
:2078E000FFFFFFFFFFFFFFFFFFFFFFFFFFFFFFFFFFFFFFFFFFFFFFFFFFFFFFFFFFFFFFFFA8
:20790000FFFFFFFFFFFFFFFFFFFFFFFFFFFFFFFFFFFFFFFFFFFFFFFFFFFFFFFFFFFFFFFF87
:20792000FFFFFFFFFFFFFFFFFFFFFFFFFFFFFFFFFFFFFFFFFFFFFFFFFFFFFFFFFFFFFFFF67
:20794000FFFFFFFFFFFFFFFFFFFFFFFFFFFFFFFFFFFFFFFFFFFFFFFFFFFFFFFFFFFFFFFF47
:20796000FFFFFFFFFFFFFFFFFFFFFFFFFFFFFFFFFFFFFFFFFFFFFFFFFFFFFFFFFFFFFFFF27
:20798000FFFFFFFFFFFFFFFFFFFFFFFFFFFFFFFFFFFFFFFFFFFFFFFFFFFFFFFFFFFFFFFF07
:2079A000FFFFFFFFFFFFFFFFFFFFFFFFFFFFFFFFFFFFFFFFFFFFFFFFFFFFFFFFFFFFFFFFE7
:2079C000FFFFFFFFFFFFFFFFFFFFFFFFFFFFFFFFFFFFFFFFFFFFFFFFFFFFFFFFFFFFFFFFC7
:2079E000FFFFFFFFFFFFFFFFFFFFFFFFFFFFFFFFFFFFFFFFFFFFFFFFFFFFFFFFFFFFFFFFA7
:207A0000FFFFFFFFFFFFFFFFFFFFFFFFFFFFFFFFFFFFFFFFFFFFFFFFFFFFFFFFFFFFFFFF86
:207A2000FFFFFFFFFFFFFFFFFFFFFFFFFFFFFFFFFFFFFFFFFFFFFFFFFFFFFFFFFFFFFFFF66
:207A4000FFFFFFFFFFFFFFFFFFFFFFFFFFFFFFFFFFFFFFFFFFFFFFFFFFFFFFFFFFFFFFFF46
:207A6000FFFFFFFFFFFFFFFFFFFFFFFFFFFFFFFFFFFFFFFFFFFFFFFFFFFFFFFFFFFFFFFF26
:207A8000FFFFFFFFFFFFFFFFFFFFFFFFFFFFFFFFFFFFFFFFFFFFFFFFFFFFFFFFFFFFFFFF06
:207AA000FFFFFFFFFFFFFFFFFFFFFFFFFFFFFFFFFFFFFFFFFFFFFFFFFFFFFFFFFFFFFFFFE6
:207AC000FFFFFFFFFFFFFFFFFFFFFFFFFFFFFFFFFFFFFFFFFFFFFFFFFFFFFFFFFFFFFFFFC6
:207AE000FFFFFFFFFFFFFFFFFFFFFFFFFFFFFFFFFFFFFFFFFFFFFFFFFFFFFFFFFFFFFFFFA6
:207B0000FFFFFFFFFFFFFFFFFFFFFFFFFFFFFFFFFFFFFFFFFFFFFFFFFFFFFFFFFFFFFFFF85
:207B2000FFFFFFFFFFFFFFFFFFFFFFFFFFFFFFFFFFFFFFFFFFFFFFFFFFFFFFFFFFFFFFFF65
:207B4000FFFFFFFFFFFFFFFFFFFFFFFFFFFFFFFFFFFFFFFFFFFFFFFFFFFFFFFFFFFFFFFF45
:207B6000FFFFFFFFFFFFFFFFFFFFFFFFFFFFFFFFFFFFFFFFFFFFFFFFFFFFFFFFFFFFFFFF25
:207B8000FFFFFFFFFFFFFFFFFFFFFFFFFFFFFFFFFFFFFFFFFFFFFFFFFFFFFFFFFFFFFFFF05
:207BA000FFFFFFFFFFFFFFFFFFFFFFFFFFFFFFFFFFFFFFFFFFFFFFFFFFFFFFFFFFFFFFFFE5
:207BC000FFFFFFFFFFFFFFFFFFFFFFFFFFFFFFFFFFFFFFFFFFFFFFFFFFFFFFFFFFFFFFFFC5
:207BE000FFFFFFFFFFFFFFFFFFFFFFFFFFFFFFFFFFFFFFFFFFFFFFFFFFFFFFFFFFFFFFFFA5
:207C0000FFFFFFFFFFFFFFFFFFFFFFFFFFFFFFFFFFFFFFFFFFFFFFFFFFFFFFFFFFFFFFFF84
:207C2000FFFFFFFFFFFFFFFFFFFFFFFFFFFFFFFFFFFFFFFFFFFFFFFFFFFFFFFFFFFFFFFF64
:207C4000FFFFFFFFFFFFFFFFFFFFFFFFFFFFFFFFFFFFFFFFFFFFFFFFFFFFFFFFFFFFFFFF44
:207C6000FFFFFFFFFFFFFFFFFFFFFFFFFFFFFFFFFFFFFFFFFFFFFFFFFFFFFFFFFFFFFFFF24
:207C8000FFFFFFFFFFFFFFFFFFFFFFFFFFFFFFFFFFFFFFFFFFFFFFFFFFFFFFFFFFFFFFFF04
:207CA000FFFFFFFFFFFFFFFFFFFFFFFFFFFFFFFFFFFFFFFFFFFFFFFFFFFFFFFFFFFFFFFFE4
:207CC000FFFFFFFFFFFFFFFFFFFFFFFFFFFFFFFFFFFFFFFFFFFFFFFFFFFFFFFFFFFFFFFFC4
:207CE000FFFFFFFFFFFFFFFFFFFFFFFFFFFFFFFFFFFFFFFFFFFFFFFFFFFFFFFFFFFFFFFFA4
:207D0000FFFFFFFFFFFFFFFFFFFFFFFFFFFFFFFFFFFFFFFFFFFFFFFFFFFFFFFFFFFFFFFF83
:207D2000FFFFFFFFFFFFFFFFFFFFFFFFFFFFFFFFFFFFFFFFFFFFFFFFFFFFFFFFFFFFFFFF63
:207D4000FFFFFFFFFFFFFFFFFFFFFFFFFFFFFFFFFFFFFFFFFFFFFFFFFFFFFFFFFFFFFFFF43
:207D6000FFFFFFFFFFFFFFFFFFFFFFFFFFFFFFFFFFFFFFFFFFFFFFFFFFFFFFFFFFFFFFFF23
:207D8000FFFFFFFFFFFFFFFFFFFFFFFFFFFFFFFFFFFFFFFFFFFFFFFFFFFFFFFFFFFFFFFF03
:207DA000FFFFFFFFFFFFFFFFFFFFFFFFFFFFFFFFFFFFFFFFFFFFFFFFFFFFFFFFFFFFFFFFE3
:207DC000FFFFFFFFFFFFFFFFFFFFFFFFFFFFFFFFFFFFFFFFFFFFFFFFFFFFFFFFFFFFFFFFC3
:207DE000FFFFFFFFFFFFFFFFFFFFFFFFFFFFFFFFFFFFFFFFFFFFFFFFFFFFFFFFFFFFFFFFA3
:207E0000FFFFFFFFFFFFFFFFFFFFFFFFFFFFFFFFFFFFFFFFFFFFFFFFFFFFFFFFFFFFFFFF82
:207E2000FFFFFFFFFFFFFFFFFFFFFFFFFFFFFFFFFFFFFFFFFFFFFFFFFFFFFFFFFFFFFFFF62
:207E4000FFFFFFFFFFFFFFFFFFFFFFFFFFFFFFFFFFFFFFFFFFFFFFFFFFFFFFFFFFFFFFFF42
:207E6000FFFFFFFFFFFFFFFFFFFFFFFFFFFFFFFFFFFFFFFFFFFFFFFFFFFFFFFFFFFFFFFF22
:207E8000FFFFFFFFFFFFFFFFFFFFFFFFFFFFFFFFFFFFFFFFFFFFFFFFFFFFFFFFFFFFFFFF02
:207EA000FFFFFFFFFFFFFFFFFFFFFFFFFFFFFFFFFFFFFFFFFFFFFFFFFFFFFFFFFFFFFFFFE2
:207EC000FFFFFFFFFFFFFFFFFFFFFFFFFFFFFFFFFFFFFFFFFFFFFFFFFFFFFFFFFFFFFFFFC2
:207EE000FFFFFFFFFFFFFFFFFFFFFFFFFFFFFFFFFFFFFFFFFFFFFFFFFFFFFFFFFFFFFFFFA2
:207F0000FFFFFFFFFFFFFFFFFFFFFFFFFFFFFFFFFFFFFFFFFFFFFFFFFFFFFFFFFFFFFFFF81
:207F2000FFFFFFFFFFFFFFFFFFFFFFFFFFFFFFFFFFFFFFFFFFFFFFFFFFFFFFFFFFFFFFFF61
:207F4000FFFFFFFFFFFFFFFFFFFFFFFFFFFFFFFFFFFFFFFFFFFFFFFFFFFFFFFFFFFFFFFF41
:207F6000FFFFFFFFFFFFFFFFFFFFFFFFFFFFFFFFFFFFFFFFFFFFFFFFFFFFFFFFFFFFFFFF21
:207F8000FFFFFFFFFFFFFFFFFFFFFFFFFFFFFFFFFFFFFFFFFFFFFFFFFFFFFFFFFFFFFFFF01
:207FA000FFFFFFFFFFFFFFFFFFFFFFFFFFFFFFFFFFFFFFFFFFFFFFFFFFFFFFFFFFFFFFFFE1
:207FC000FFFFFFFFFFFFFFFFFFFFFFFFFFFFFFFFFFFFFFFFFFFFFFFFFFFFFFFFFFFFFFFFC1
:207FE000FFFFFFFFFFFFFFFFFFFFFFFFFFFFFFFFFFFFFFFFFFFFFFFFFFFFFFFFFFFFFFFFA1
:20800000FFFFFFFFFFFFFFFFFFFFFFFFFFFFFFFFFFFFFFFFFFFFFFFFFFFFFFFFFFFFFFFF80
:20802000FFFFFFFFFFFFFFFFFFFFFFFFFFFFFFFFFFFFFFFFFFFFFFFFFFFFFFFFFFFFFFFF60
:20804000FFFFFFFFFFFFFFFFFFFFFFFFFFFFFFFFFFFFFFFFFFFFFFFFFFFFFFFFFFFFFFFF40
:20806000FFFFFFFFFFFFFFFFFFFFFFFFFFFFFFFFFFFFFFFFFFFFFFFFFFFFFFFFFFFFFFFF20
:20808000FFFFFFFFFFFFFFFFFFFFFFFFFFFFFFFFFFFFFFFFFFFFFFFFFFFFFFFFFFFFFFFF00
:2080A000FFFFFFFFFFFFFFFFFFFFFFFFFFFFFFFFFFFFFFFFFFFFFFFFFFFFFFFFFFFFFFFFE0
:2080C000FFFFFFFFFFFFFFFFFFFFFFFFFFFFFFFFFFFFFFFFFFFFFFFFFFFFFFFFFFFFFFFFC0
:2080E000FFFFFFFFFFFFFFFFFFFFFFFFFFFFFFFFFFFFFFFFFFFFFFFFFFFFFFFFFFFFFFFFA0
:20810000FFFFFFFFFFFFFFFFFFFFFFFFFFFFFFFFFFFFFFFFFFFFFFFFFFFFFFFFFFFFFFFF7F
:20812000FFFFFFFFFFFFFFFFFFFFFFFFFFFFFFFFFFFFFFFFFFFFFFFFFFFFFFFFFFFFFFFF5F
:20814000FFFFFFFFFFFFFFFFFFFFFFFFFFFFFFFFFFFFFFFFFFFFFFFFFFFFFFFFFFFFFFFF3F
:20816000FFFFFFFFFFFFFFFFFFFFFFFFFFFFFFFFFFFFFFFFFFFFFFFFFFFFFFFFFFFFFFFF1F
:20818000FFFFFFFFFFFFFFFFFFFFFFFFFFFFFFFFFFFFFFFFFFFFFFFFFFFFFFFFFFFFFFFFFF
:2081A000FFFFFFFFFFFFFFFFFFFFFFFFFFFFFFFFFFFFFFFFFFFFFFFFFFFFFFFFFFFFFFFFDF
:2081C000FFFFFFFFFFFFFFFFFFFFFFFFFFFFFFFFFFFFFFFFFFFFFFFFFFFFFFFFFFFFFFFFBF
:2081E000FFFFFFFFFFFFFFFFFFFFFFFFFFFFFFFFFFFFFFFFFFFFFFFFFFFFFFFFFFFFFFFF9F
:20820000FFFFFFFFFFFFFFFFFFFFFFFFFFFFFFFFFFFFFFFFFFFFFFFFFFFFFFFFFFFFFFFF7E
:20822000FFFFFFFFFFFFFFFFFFFFFFFFFFFFFFFFFFFFFFFFFFFFFFFFFFFFFFFFFFFFFFFF5E
:20824000FFFFFFFFFFFFFFFFFFFFFFFFFFFFFFFFFFFFFFFFFFFFFFFFFFFFFFFFFFFFFFFF3E
:20826000FFFFFFFFFFFFFFFFFFFFFFFFFFFFFFFFFFFFFFFFFFFFFFFFFFFFFFFFFFFFFFFF1E
:20828000FFFFFFFFFFFFFFFFFFFFFFFFFFFFFFFFFFFFFFFFFFFFFFFFFFFFFFFFFFFFFFFFFE
:2082A000FFFFFFFFFFFFFFFFFFFFFFFFFFFFFFFFFFFFFFFFFFFFFFFFFFFFFFFFFFFFFFFFDE
:2082C000FFFFFFFFFFFFFFFFFFFFFFFFFFFFFFFFFFFFFFFFFFFFFFFFFFFFFFFFFFFFFFFFBE
:2082E000FFFFFFFFFFFFFFFFFFFFFFFFFFFFFFFFFFFFFFFFFFFFFFFFFFFFFFFFFFFFFFFF9E
:20830000FFFFFFFFFFFFFFFFFFFFFFFFFFFFFFFFFFFFFFFFFFFFFFFFFFFFFFFFFFFFFFFF7D
:20832000FFFFFFFFFFFFFFFFFFFFFFFFFFFFFFFFFFFFFFFFFFFFFFFFFFFFFFFFFFFFFFFF5D
:20834000FFFFFFFFFFFFFFFFFFFFFFFFFFFFFFFFFFFFFFFFFFFFFFFFFFFFFFFFFFFFFFFF3D
:20836000FFFFFFFFFFFFFFFFFFFFFFFFFFFFFFFFFFFFFFFFFFFFFFFFFFFFFFFFFFFFFFFF1D
:20838000FFFFFFFFFFFFFFFFFFFFFFFFFFFFFFFFFFFFFFFFFFFFFFFFFFFFFFFFFFFFFFFFFD
:2083A000FFFFFFFFFFFFFFFFFFFFFFFFFFFFFFFFFFFFFFFFFFFFFFFFFFFFFFFFFFFFFFFFDD
:2083C000FFFFFFFFFFFFFFFFFFFFFFFFFFFFFFFFFFFFFFFFFFFFFFFFFFFFFFFFFFFFFFFFBD
:2083E000FFFFFFFFFFFFFFFFFFFFFFFFFFFFFFFFFFFFFFFFFFFFFFFFFFFFFFFFFFFFFFFF9D
:20840000FFFFFFFFFFFFFFFFFFFFFFFFFFFFFFFFFFFFFFFFFFFFFFFFFFFFFFFFFFFFFFFF7C
:20842000FFFFFFFFFFFFFFFFFFFFFFFFFFFFFFFFFFFFFFFFFFFFFFFFFFFFFFFFFFFFFFFF5C
:20844000FFFFFFFFFFFFFFFFFFFFFFFFFFFFFFFFFFFFFFFFFFFFFFFFFFFFFFFFFFFFFFFF3C
:20846000FFFFFFFFFFFFFFFFFFFFFFFFFFFFFFFFFFFFFFFFFFFFFFFFFFFFFFFFFFFFFFFF1C
:20848000FFFFFFFFFFFFFFFFFFFFFFFFFFFFFFFFFFFFFFFFFFFFFFFFFFFFFFFFFFFFFFFFFC
:2084A000FFFFFFFFFFFFFFFFFFFFFFFFFFFFFFFFFFFFFFFFFFFFFFFFFFFFFFFFFFFFFFFFDC
:2084C000FFFFFFFFFFFFFFFFFFFFFFFFFFFFFFFFFFFFFFFFFFFFFFFFFFFFFFFFFFFFFFFFBC
:2084E000FFFFFFFFFFFFFFFFFFFFFFFFFFFFFFFFFFFFFFFFFFFFFFFFFFFFFFFFFFFFFFFF9C
:20850000FFFFFFFFFFFFFFFFFFFFFFFFFFFFFFFFFFFFFFFFFFFFFFFFFFFFFFFFFFFFFFFF7B
:20852000FFFFFFFFFFFFFFFFFFFFFFFFFFFFFFFFFFFFFFFFFFFFFFFFFFFFFFFFFFFFFFFF5B
:20854000FFFFFFFFFFFFFFFFFFFFFFFFFFFFFFFFFFFFFFFFFFFFFFFFFFFFFFFFFFFFFFFF3B
:20856000FFFFFFFFFFFFFFFFFFFFFFFFFFFFFFFFFFFFFFFFFFFFFFFFFFFFFFFFFFFFFFFF1B
:20858000FFFFFFFFFFFFFFFFFFFFFFFFFFFFFFFFFFFFFFFFFFFFFFFFFFFFFFFFFFFFFFFFFB
:2085A000FFFFFFFFFFFFFFFFFFFFFFFFFFFFFFFFFFFFFFFFFFFFFFFFFFFFFFFFFFFFFFFFDB
:2085C000FFFFFFFFFFFFFFFFFFFFFFFFFFFFFFFFFFFFFFFFFFFFFFFFFFFFFFFFFFFFFFFFBB
:2085E000FFFFFFFFFFFFFFFFFFFFFFFFFFFFFFFFFFFFFFFFFFFFFFFFFFFFFFFFFFFFFFFF9B
:20860000FFFFFFFFFFFFFFFFFFFFFFFFFFFFFFFFFFFFFFFFFFFFFFFFFFFFFFFFFFFFFFFF7A
:20862000FFFFFFFFFFFFFFFFFFFFFFFFFFFFFFFFFFFFFFFFFFFFFFFFFFFFFFFFFFFFFFFF5A
:20864000FFFFFFFFFFFFFFFFFFFFFFFFFFFFFFFFFFFFFFFFFFFFFFFFFFFFFFFFFFFFFFFF3A
:20866000FFFFFFFFFFFFFFFFFFFFFFFFFFFFFFFFFFFFFFFFFFFFFFFFFFFFFFFFFFFFFFFF1A
:20868000FFFFFFFFFFFFFFFFFFFFFFFFFFFFFFFFFFFFFFFFFFFFFFFFFFFFFFFFFFFFFFFFFA
:2086A000FFFFFFFFFFFFFFFFFFFFFFFFFFFFFFFFFFFFFFFFFFFFFFFFFFFFFFFFFFFFFFFFDA
:2086C000FFFFFFFFFFFFFFFFFFFFFFFFFFFFFFFFFFFFFFFFFFFFFFFFFFFFFFFFFFFFFFFFBA
:2086E000FFFFFFFFFFFFFFFFFFFFFFFFFFFFFFFFFFFFFFFFFFFFFFFFFFFFFFFFFFFFFFFF9A
:20870000FFFFFFFFFFFFFFFFFFFFFFFFFFFFFFFFFFFFFFFFFFFFFFFFFFFFFFFFFFFFFFFF79
:20872000FFFFFFFFFFFFFFFFFFFFFFFFFFFFFFFFFFFFFFFFFFFFFFFFFFFFFFFFFFFFFFFF59
:20874000FFFFFFFFFFFFFFFFFFFFFFFFFFFFFFFFFFFFFFFFFFFFFFFFFFFFFFFFFFFFFFFF39
:20876000FFFFFFFFFFFFFFFFFFFFFFFFFFFFFFFFFFFFFFFFFFFFFFFFFFFFFFFFFFFFFFFF19
:20878000FFFFFFFFFFFFFFFFFFFFFFFFFFFFFFFFFFFFFFFFFFFFFFFFFFFFFFFFFFFFFFFFF9
:2087A000FFFFFFFFFFFFFFFFFFFFFFFFFFFFFFFFFFFFFFFFFFFFFFFFFFFFFFFFFFFFFFFFD9
:2087C000FFFFFFFFFFFFFFFFFFFFFFFFFFFFFFFFFFFFFFFFFFFFFFFFFFFFFFFFFFFFFFFFB9
:2087E000FFFFFFFFFFFFFFFFFFFFFFFFFFFFFFFFFFFFFFFFFFFFFFFFFFFFFFFFFFFFFFFF99
:20880000FFFFFFFFFFFFFFFFFFFFFFFFFFFFFFFFFFFFFFFFFFFFFFFFFFFFFFFFFFFFFFFF78
:20882000FFFFFFFFFFFFFFFFFFFFFFFFFFFFFFFFFFFFFFFFFFFFFFFFFFFFFFFFFFFFFFFF58
:20884000FFFFFFFFFFFFFFFFFFFFFFFFFFFFFFFFFFFFFFFFFFFFFFFFFFFFFFFFFFFFFFFF38
:20886000FFFFFFFFFFFFFFFFFFFFFFFFFFFFFFFFFFFFFFFFFFFFFFFFFFFFFFFFFFFFFFFF18
:20888000FFFFFFFFFFFFFFFFFFFFFFFFFFFFFFFFFFFFFFFFFFFFFFFFFFFFFFFFFFFFFFFFF8
:2088A000FFFFFFFFFFFFFFFFFFFFFFFFFFFFFFFFFFFFFFFFFFFFFFFFFFFFFFFFFFFFFFFFD8
:2088C000FFFFFFFFFFFFFFFFFFFFFFFFFFFFFFFFFFFFFFFFFFFFFFFFFFFFFFFFFFFFFFFFB8
:2088E000FFFFFFFFFFFFFFFFFFFFFFFFFFFFFFFFFFFFFFFFFFFFFFFFFFFFFFFFFFFFFFFF98
:20890000FFFFFFFFFFFFFFFFFFFFFFFFFFFFFFFFFFFFFFFFFFFFFFFFFFFFFFFFFFFFFFFF77
:20892000FFFFFFFFFFFFFFFFFFFFFFFFFFFFFFFFFFFFFFFFFFFFFFFFFFFFFFFFFFFFFFFF57
:20894000FFFFFFFFFFFFFFFFFFFFFFFFFFFFFFFFFFFFFFFFFFFFFFFFFFFFFFFFFFFFFFFF37
:20896000FFFFFFFFFFFFFFFFFFFFFFFFFFFFFFFFFFFFFFFFFFFFFFFFFFFFFFFFFFFFFFFF17
:20898000FFFFFFFFFFFFFFFFFFFFFFFFFFFFFFFFFFFFFFFFFFFFFFFFFFFFFFFFFFFFFFFFF7
:2089A000FFFFFFFFFFFFFFFFFFFFFFFFFFFFFFFFFFFFFFFFFFFFFFFFFFFFFFFFFFFFFFFFD7
:2089C000FFFFFFFFFFFFFFFFFFFFFFFFFFFFFFFFFFFFFFFFFFFFFFFFFFFFFFFFFFFFFFFFB7
:2089E000FFFFFFFFFFFFFFFFFFFFFFFFFFFFFFFFFFFFFFFFFFFFFFFFFFFFFFFFFFFFFFFF97
:208A0000FFFFFFFFFFFFFFFFFFFFFFFFFFFFFFFFFFFFFFFFFFFFFFFFFFFFFFFFFFFFFFFF76
:208A2000FFFFFFFFFFFFFFFFFFFFFFFFFFFFFFFFFFFFFFFFFFFFFFFFFFFFFFFFFFFFFFFF56
:208A4000FFFFFFFFFFFFFFFFFFFFFFFFFFFFFFFFFFFFFFFFFFFFFFFFFFFFFFFFFFFFFFFF36
:208A6000FFFFFFFFFFFFFFFFFFFFFFFFFFFFFFFFFFFFFFFFFFFFFFFFFFFFFFFFFFFFFFFF16
:208A8000FFFFFFFFFFFFFFFFFFFFFFFFFFFFFFFFFFFFFFFFFFFFFFFFFFFFFFFFFFFFFFFFF6
:208AA000FFFFFFFFFFFFFFFFFFFFFFFFFFFFFFFFFFFFFFFFFFFFFFFFFFFFFFFFFFFFFFFFD6
:208AC000FFFFFFFFFFFFFFFFFFFFFFFFFFFFFFFFFFFFFFFFFFFFFFFFFFFFFFFFFFFFFFFFB6
:208AE000FFFFFFFFFFFFFFFFFFFFFFFFFFFFFFFFFFFFFFFFFFFFFFFFFFFFFFFFFFFFFFFF96
:208B0000FFFFFFFFFFFFFFFFFFFFFFFFFFFFFFFFFFFFFFFFFFFFFFFFFFFFFFFFFFFFFFFF75
:208B2000FFFFFFFFFFFFFFFFFFFFFFFFFFFFFFFFFFFFFFFFFFFFFFFFFFFFFFFFFFFFFFFF55
:208B4000FFFFFFFFFFFFFFFFFFFFFFFFFFFFFFFFFFFFFFFFFFFFFFFFFFFFFFFFFFFFFFFF35
:208B6000FFFFFFFFFFFFFFFFFFFFFFFFFFFFFFFFFFFFFFFFFFFFFFFFFFFFFFFFFFFFFFFF15
:208B8000FFFFFFFFFFFFFFFFFFFFFFFFFFFFFFFFFFFFFFFFFFFFFFFFFFFFFFFFFFFFFFFFF5
:208BA000FFFFFFFFFFFFFFFFFFFFFFFFFFFFFFFFFFFFFFFFFFFFFFFFFFFFFFFFFFFFFFFFD5
:208BC000FFFFFFFFFFFFFFFFFFFFFFFFFFFFFFFFFFFFFFFFFFFFFFFFFFFFFFFFFFFFFFFFB5
:208BE000FFFFFFFFFFFFFFFFFFFFFFFFFFFFFFFFFFFFFFFFFFFFFFFFFFFFFFFFFFFFFFFF95
:208C0000FFFFFFFFFFFFFFFFFFFFFFFFFFFFFFFFFFFFFFFFFFFFFFFFFFFFFFFFFFFFFFFF74
:208C2000FFFFFFFFFFFFFFFFFFFFFFFFFFFFFFFFFFFFFFFFFFFFFFFFFFFFFFFFFFFFFFFF54
:208C4000FFFFFFFFFFFFFFFFFFFFFFFFFFFFFFFFFFFFFFFFFFFFFFFFFFFFFFFFFFFFFFFF34
:208C6000FFFFFFFFFFFFFFFFFFFFFFFFFFFFFFFFFFFFFFFFFFFFFFFFFFFFFFFFFFFFFFFF14
:208C8000FFFFFFFFFFFFFFFFFFFFFFFFFFFFFFFFFFFFFFFFFFFFFFFFFFFFFFFFFFFFFFFFF4
:208CA000FFFFFFFFFFFFFFFFFFFFFFFFFFFFFFFFFFFFFFFFFFFFFFFFFFFFFFFFFFFFFFFFD4
:208CC000FFFFFFFFFFFFFFFFFFFFFFFFFFFFFFFFFFFFFFFFFFFFFFFFFFFFFFFFFFFFFFFFB4
:208CE000FFFFFFFFFFFFFFFFFFFFFFFFFFFFFFFFFFFFFFFFFFFFFFFFFFFFFFFFFFFFFFFF94
:208D0000FFFFFFFFFFFFFFFFFFFFFFFFFFFFFFFFFFFFFFFFFFFFFFFFFFFFFFFFFFFFFFFF73
:208D2000FFFFFFFFFFFFFFFFFFFFFFFFFFFFFFFFFFFFFFFFFFFFFFFFFFFFFFFFFFFFFFFF53
:208D4000FFFFFFFFFFFFFFFFFFFFFFFFFFFFFFFFFFFFFFFFFFFFFFFFFFFFFFFFFFFFFFFF33
:208D6000FFFFFFFFFFFFFFFFFFFFFFFFFFFFFFFFFFFFFFFFFFFFFFFFFFFFFFFFFFFFFFFF13
:208D8000FFFFFFFFFFFFFFFFFFFFFFFFFFFFFFFFFFFFFFFFFFFFFFFFFFFFFFFFFFFFFFFFF3
:208DA000FFFFFFFFFFFFFFFFFFFFFFFFFFFFFFFFFFFFFFFFFFFFFFFFFFFFFFFFFFFFFFFFD3
:208DC000FFFFFFFFFFFFFFFFFFFFFFFFFFFFFFFFFFFFFFFFFFFFFFFFFFFFFFFFFFFFFFFFB3
:208DE000FFFFFFFFFFFFFFFFFFFFFFFFFFFFFFFFFFFFFFFFFFFFFFFFFFFFFFFFFFFFFFFF93
:208E0000FFFFFFFFFFFFFFFFFFFFFFFFFFFFFFFFFFFFFFFFFFFFFFFFFFFFFFFFFFFFFFFF72
:208E2000FFFFFFFFFFFFFFFFFFFFFFFFFFFFFFFFFFFFFFFFFFFFFFFFFFFFFFFFFFFFFFFF52
:208E4000FFFFFFFFFFFFFFFFFFFFFFFFFFFFFFFFFFFFFFFFFFFFFFFFFFFFFFFFFFFFFFFF32
:208E6000FFFFFFFFFFFFFFFFFFFFFFFFFFFFFFFFFFFFFFFFFFFFFFFFFFFFFFFFFFFFFFFF12
:208E8000FFFFFFFFFFFFFFFFFFFFFFFFFFFFFFFFFFFFFFFFFFFFFFFFFFFFFFFFFFFFFFFFF2
:208EA000FFFFFFFFFFFFFFFFFFFFFFFFFFFFFFFFFFFFFFFFFFFFFFFFFFFFFFFFFFFFFFFFD2
:208EC000FFFFFFFFFFFFFFFFFFFFFFFFFFFFFFFFFFFFFFFFFFFFFFFFFFFFFFFFFFFFFFFFB2
:208EE000FFFFFFFFFFFFFFFFFFFFFFFFFFFFFFFFFFFFFFFFFFFFFFFFFFFFFFFFFFFFFFFF92
:208F0000FFFFFFFFFFFFFFFFFFFFFFFFFFFFFFFFFFFFFFFFFFFFFFFFFFFFFFFFFFFFFFFF71
:208F2000FFFFFFFFFFFFFFFFFFFFFFFFFFFFFFFFFFFFFFFFFFFFFFFFFFFFFFFFFFFFFFFF51
:208F4000FFFFFFFFFFFFFFFFFFFFFFFFFFFFFFFFFFFFFFFFFFFFFFFFFFFFFFFFFFFFFFFF31
:208F6000FFFFFFFFFFFFFFFFFFFFFFFFFFFFFFFFFFFFFFFFFFFFFFFFFFFFFFFFFFFFFFFF11
:208F8000FFFFFFFFFFFFFFFFFFFFFFFFFFFFFFFFFFFFFFFFFFFFFFFFFFFFFFFFFFFFFFFFF1
:208FA000FFFFFFFFFFFFFFFFFFFFFFFFFFFFFFFFFFFFFFFFFFFFFFFFFFFFFFFFFFFFFFFFD1
:208FC000FFFFFFFFFFFFFFFFFFFFFFFFFFFFFFFFFFFFFFFFFFFFFFFFFFFFFFFFFFFFFFFFB1
:208FE000FFFFFFFFFFFFFFFFFFFFFFFFFFFFFFFFFFFFFFFFFFFFFFFFFFFFFFFFFFFFFFFF91
:20900000FFFFFFFFFFFFFFFFFFFFFFFFFFFFFFFFFFFFFFFFFFFFFFFFFFFFFFFFFFFFFFFF70
:20902000FFFFFFFFFFFFFFFFFFFFFFFFFFFFFFFFFFFFFFFFFFFFFFFFFFFFFFFFFFFFFFFF50
:20904000FFFFFFFFFFFFFFFFFFFFFFFFFFFFFFFFFFFFFFFFFFFFFFFFFFFFFFFFFFFFFFFF30
:20906000FFFFFFFFFFFFFFFFFFFFFFFFFFFFFFFFFFFFFFFFFFFFFFFFFFFFFFFFFFFFFFFF10
:20908000FFFFFFFFFFFFFFFFFFFFFFFFFFFFFFFFFFFFFFFFFFFFFFFFFFFFFFFFFFFFFFFFF0
:2090A000FFFFFFFFFFFFFFFFFFFFFFFFFFFFFFFFFFFFFFFFFFFFFFFFFFFFFFFFFFFFFFFFD0
:2090C000FFFFFFFFFFFFFFFFFFFFFFFFFFFFFFFFFFFFFFFFFFFFFFFFFFFFFFFFFFFFFFFFB0
:2090E000FFFFFFFFFFFFFFFFFFFFFFFFFFFFFFFFFFFFFFFFFFFFFFFFFFFFFFFFFFFFFFFF90
:20910000FFFFFFFFFFFFFFFFFFFFFFFFFFFFFFFFFFFFFFFFFFFFFFFFFFFFFFFFFFFFFFFF6F
:20912000FFFFFFFFFFFFFFFFFFFFFFFFFFFFFFFFFFFFFFFFFFFFFFFFFFFFFFFFFFFFFFFF4F
:20914000FFFFFFFFFFFFFFFFFFFFFFFFFFFFFFFFFFFFFFFFFFFFFFFFFFFFFFFFFFFFFFFF2F
:20916000FFFFFFFFFFFFFFFFFFFFFFFFFFFFFFFFFFFFFFFFFFFFFFFFFFFFFFFFFFFFFFFF0F
:20918000FFFFFFFFFFFFFFFFFFFFFFFFFFFFFFFFFFFFFFFFFFFFFFFFFFFFFFFFFFFFFFFFEF
:2091A000FFFFFFFFFFFFFFFFFFFFFFFFFFFFFFFFFFFFFFFFFFFFFFFFFFFFFFFFFFFFFFFFCF
:2091C000FFFFFFFFFFFFFFFFFFFFFFFFFFFFFFFFFFFFFFFFFFFFFFFFFFFFFFFFFFFFFFFFAF
:2091E000FFFFFFFFFFFFFFFFFFFFFFFFFFFFFFFFFFFFFFFFFFFFFFFFFFFFFFFFFFFFFFFF8F
:20920000FFFFFFFFFFFFFFFFFFFFFFFFFFFFFFFFFFFFFFFFFFFFFFFFFFFFFFFFFFFFFFFF6E
:20922000FFFFFFFFFFFFFFFFFFFFFFFFFFFFFFFFFFFFFFFFFFFFFFFFFFFFFFFFFFFFFFFF4E
:20924000FFFFFFFFFFFFFFFFFFFFFFFFFFFFFFFFFFFFFFFFFFFFFFFFFFFFFFFFFFFFFFFF2E
:20926000FFFFFFFFFFFFFFFFFFFFFFFFFFFFFFFFFFFFFFFFFFFFFFFFFFFFFFFFFFFFFFFF0E
:20928000FFFFFFFFFFFFFFFFFFFFFFFFFFFFFFFFFFFFFFFFFFFFFFFFFFFFFFFFFFFFFFFFEE
:2092A000FFFFFFFFFFFFFFFFFFFFFFFFFFFFFFFFFFFFFFFFFFFFFFFFFFFFFFFFFFFFFFFFCE
:2092C000FFFFFFFFFFFFFFFFFFFFFFFFFFFFFFFFFFFFFFFFFFFFFFFFFFFFFFFFFFFFFFFFAE
:2092E000FFFFFFFFFFFFFFFFFFFFFFFFFFFFFFFFFFFFFFFFFFFFFFFFFFFFFFFFFFFFFFFF8E
:20930000FFFFFFFFFFFFFFFFFFFFFFFFFFFFFFFFFFFFFFFFFFFFFFFFFFFFFFFFFFFFFFFF6D
:20932000FFFFFFFFFFFFFFFFFFFFFFFFFFFFFFFFFFFFFFFFFFFFFFFFFFFFFFFFFFFFFFFF4D
:20934000FFFFFFFFFFFFFFFFFFFFFFFFFFFFFFFFFFFFFFFFFFFFFFFFFFFFFFFFFFFFFFFF2D
:20936000FFFFFFFFFFFFFFFFFFFFFFFFFFFFFFFFFFFFFFFFFFFFFFFFFFFFFFFFFFFFFFFF0D
:20938000FFFFFFFFFFFFFFFFFFFFFFFFFFFFFFFFFFFFFFFFFFFFFFFFFFFFFFFFFFFFFFFFED
:2093A000FFFFFFFFFFFFFFFFFFFFFFFFFFFFFFFFFFFFFFFFFFFFFFFFFFFFFFFFFFFFFFFFCD
:2093C000FFFFFFFFFFFFFFFFFFFFFFFFFFFFFFFFFFFFFFFFFFFFFFFFFFFFFFFFFFFFFFFFAD
:2093E000FFFFFFFFFFFFFFFFFFFFFFFFFFFFFFFFFFFFFFFFFFFFFFFFFFFFFFFFFFFFFFFF8D
:20940000FFFFFFFFFFFFFFFFFFFFFFFFFFFFFFFFFFFFFFFFFFFFFFFFFFFFFFFFFFFFFFFF6C
:20942000FFFFFFFFFFFFFFFFFFFFFFFFFFFFFFFFFFFFFFFFFFFFFFFFFFFFFFFFFFFFFFFF4C
:20944000FFFFFFFFFFFFFFFFFFFFFFFFFFFFFFFFFFFFFFFFFFFFFFFFFFFFFFFFFFFFFFFF2C
:20946000FFFFFFFFFFFFFFFFFFFFFFFFFFFFFFFFFFFFFFFFFFFFFFFFFFFFFFFFFFFFFFFF0C
:20948000FFFFFFFFFFFFFFFFFFFFFFFFFFFFFFFFFFFFFFFFFFFFFFFFFFFFFFFFFFFFFFFFEC
:2094A000FFFFFFFFFFFFFFFFFFFFFFFFFFFFFFFFFFFFFFFFFFFFFFFFFFFFFFFFFFFFFFFFCC
:2094C000FFFFFFFFFFFFFFFFFFFFFFFFFFFFFFFFFFFFFFFFFFFFFFFFFFFFFFFFFFFFFFFFAC
:2094E000FFFFFFFFFFFFFFFFFFFFFFFFFFFFFFFFFFFFFFFFFFFFFFFFFFFFFFFFFFFFFFFF8C
:20950000FFFFFFFFFFFFFFFFFFFFFFFFFFFFFFFFFFFFFFFFFFFFFFFFFFFFFFFFFFFFFFFF6B
:20952000FFFFFFFFFFFFFFFFFFFFFFFFFFFFFFFFFFFFFFFFFFFFFFFFFFFFFFFFFFFFFFFF4B
:20954000FFFFFFFFFFFFFFFFFFFFFFFFFFFFFFFFFFFFFFFFFFFFFFFFFFFFFFFFFFFFFFFF2B
:20956000FFFFFFFFFFFFFFFFFFFFFFFFFFFFFFFFFFFFFFFFFFFFFFFFFFFFFFFFFFFFFFFF0B
:20958000FFFFFFFFFFFFFFFFFFFFFFFFFFFFFFFFFFFFFFFFFFFFFFFFFFFFFFFFFFFFFFFFEB
:2095A000FFFFFFFFFFFFFFFFFFFFFFFFFFFFFFFFFFFFFFFFFFFFFFFFFFFFFFFFFFFFFFFFCB
:2095C000FFFFFFFFFFFFFFFFFFFFFFFFFFFFFFFFFFFFFFFFFFFFFFFFFFFFFFFFFFFFFFFFAB
:2095E000FFFFFFFFFFFFFFFFFFFFFFFFFFFFFFFFFFFFFFFFFFFFFFFFFFFFFFFFFFFFFFFF8B
:20960000FFFFFFFFFFFFFFFFFFFFFFFFFFFFFFFFFFFFFFFFFFFFFFFFFFFFFFFFFFFFFFFF6A
:20962000FFFFFFFFFFFFFFFFFFFFFFFFFFFFFFFFFFFFFFFFFFFFFFFFFFFFFFFFFFFFFFFF4A
:20964000FFFFFFFFFFFFFFFFFFFFFFFFFFFFFFFFFFFFFFFFFFFFFFFFFFFFFFFFFFFFFFFF2A
:20966000FFFFFFFFFFFFFFFFFFFFFFFFFFFFFFFFFFFFFFFFFFFFFFFFFFFFFFFFFFFFFFFF0A
:20968000FFFFFFFFFFFFFFFFFFFFFFFFFFFFFFFFFFFFFFFFFFFFFFFFFFFFFFFFFFFFFFFFEA
:2096A000FFFFFFFFFFFFFFFFFFFFFFFFFFFFFFFFFFFFFFFFFFFFFFFFFFFFFFFFFFFFFFFFCA
:2096C000FFFFFFFFFFFFFFFFFFFFFFFFFFFFFFFFFFFFFFFFFFFFFFFFFFFFFFFFFFFFFFFFAA
:2096E000FFFFFFFFFFFFFFFFFFFFFFFFFFFFFFFFFFFFFFFFFFFFFFFFFFFFFFFFFFFFFFFF8A
:20970000FFFFFFFFFFFFFFFFFFFFFFFFFFFFFFFFFFFFFFFFFFFFFFFFFFFFFFFFFFFFFFFF69
:20972000FFFFFFFFFFFFFFFFFFFFFFFFFFFFFFFFFFFFFFFFFFFFFFFFFFFFFFFFFFFFFFFF49
:20974000FFFFFFFFFFFFFFFFFFFFFFFFFFFFFFFFFFFFFFFFFFFFFFFFFFFFFFFFFFFFFFFF29
:20976000FFFFFFFFFFFFFFFFFFFFFFFFFFFFFFFFFFFFFFFFFFFFFFFFFFFFFFFFFFFFFFFF09
:20978000FFFFFFFFFFFFFFFFFFFFFFFFFFFFFFFFFFFFFFFFFFFFFFFFFFFFFFFFFFFFFFFFE9
:2097A000FFFFFFFFFFFFFFFFFFFFFFFFFFFFFFFFFFFFFFFFFFFFFFFFFFFFFFFFFFFFFFFFC9
:2097C000FFFFFFFFFFFFFFFFFFFFFFFFFFFFFFFFFFFFFFFFFFFFFFFFFFFFFFFFFFFFFFFFA9
:2097E000FFFFFFFFFFFFFFFFFFFFFFFFFFFFFFFFFFFFFFFFFFFFFFFFFFFFFFFFFFFFFFFF89
:20980000FFFFFFFFFFFFFFFFFFFFFFFFFFFFFFFFFFFFFFFFFFFFFFFFFFFFFFFFFFFFFFFF68
:20982000FFFFFFFFFFFFFFFFFFFFFFFFFFFFFFFFFFFFFFFFFFFFFFFFFFFFFFFFFFFFFFFF48
:20984000FFFFFFFFFFFFFFFFFFFFFFFFFFFFFFFFFFFFFFFFFFFFFFFFFFFFFFFFFFFFFFFF28
:20986000FFFFFFFFFFFFFFFFFFFFFFFFFFFFFFFFFFFFFFFFFFFFFFFFFFFFFFFFFFFFFFFF08
:20988000FFFFFFFFFFFFFFFFFFFFFFFFFFFFFFFFFFFFFFFFFFFFFFFFFFFFFFFFFFFFFFFFE8
:2098A000FFFFFFFFFFFFFFFFFFFFFFFFFFFFFFFFFFFFFFFFFFFFFFFFFFFFFFFFFFFFFFFFC8
:2098C000FFFFFFFFFFFFFFFFFFFFFFFFFFFFFFFFFFFFFFFFFFFFFFFFFFFFFFFFFFFFFFFFA8
:2098E000FFFFFFFFFFFFFFFFFFFFFFFFFFFFFFFFFFFFFFFFFFFFFFFFFFFFFFFFFFFFFFFF88
:20990000FFFFFFFFFFFFFFFFFFFFFFFFFFFFFFFFFFFFFFFFFFFFFFFFFFFFFFFFFFFFFFFF67
:20992000FFFFFFFFFFFFFFFFFFFFFFFFFFFFFFFFFFFFFFFFFFFFFFFFFFFFFFFFFFFFFFFF47
:20994000FFFFFFFFFFFFFFFFFFFFFFFFFFFFFFFFFFFFFFFFFFFFFFFFFFFFFFFFFFFFFFFF27
:20996000FFFFFFFFFFFFFFFFFFFFFFFFFFFFFFFFFFFFFFFFFFFFFFFFFFFFFFFFFFFFFFFF07
:20998000FFFFFFFFFFFFFFFFFFFFFFFFFFFFFFFFFFFFFFFFFFFFFFFFFFFFFFFFFFFFFFFFE7
:2099A000FFFFFFFFFFFFFFFFFFFFFFFFFFFFFFFFFFFFFFFFFFFFFFFFFFFFFFFFFFFFFFFFC7
:2099C000FFFFFFFFFFFFFFFFFFFFFFFFFFFFFFFFFFFFFFFFFFFFFFFFFFFFFFFFFFFFFFFFA7
:2099E000FFFFFFFFFFFFFFFFFFFFFFFFFFFFFFFFFFFFFFFFFFFFFFFFFFFFFFFFFFFFFFFF87
:209A0000FFFFFFFFFFFFFFFFFFFFFFFFFFFFFFFFFFFFFFFFFFFFFFFFFFFFFFFFFFFFFFFF66
:209A2000FFFFFFFFFFFFFFFFFFFFFFFFFFFFFFFFFFFFFFFFFFFFFFFFFFFFFFFFFFFFFFFF46
:209A4000FFFFFFFFFFFFFFFFFFFFFFFFFFFFFFFFFFFFFFFFFFFFFFFFFFFFFFFFFFFFFFFF26
:209A6000FFFFFFFFFFFFFFFFFFFFFFFFFFFFFFFFFFFFFFFFFFFFFFFFFFFFFFFFFFFFFFFF06
:209A8000FFFFFFFFFFFFFFFFFFFFFFFFFFFFFFFFFFFFFFFFFFFFFFFFFFFFFFFFFFFFFFFFE6
:209AA000FFFFFFFFFFFFFFFFFFFFFFFFFFFFFFFFFFFFFFFFFFFFFFFFFFFFFFFFFFFFFFFFC6
:209AC000FFFFFFFFFFFFFFFFFFFFFFFFFFFFFFFFFFFFFFFFFFFFFFFFFFFFFFFFFFFFFFFFA6
:209AE000FFFFFFFFFFFFFFFFFFFFFFFFFFFFFFFFFFFFFFFFFFFFFFFFFFFFFFFFFFFFFFFF86
:209B0000FFFFFFFFFFFFFFFFFFFFFFFFFFFFFFFFFFFFFFFFFFFFFFFFFFFFFFFFFFFFFFFF65
:209B2000FFFFFFFFFFFFFFFFFFFFFFFFFFFFFFFFFFFFFFFFFFFFFFFFFFFFFFFFFFFFFFFF45
:209B4000FFFFFFFFFFFFFFFFFFFFFFFFFFFFFFFFFFFFFFFFFFFFFFFFFFFFFFFFFFFFFFFF25
:209B6000FFFFFFFFFFFFFFFFFFFFFFFFFFFFFFFFFFFFFFFFFFFFFFFFFFFFFFFFFFFFFFFF05
:209B8000FFFFFFFFFFFFFFFFFFFFFFFFFFFFFFFFFFFFFFFFFFFFFFFFFFFFFFFFFFFFFFFFE5
:209BA000FFFFFFFFFFFFFFFFFFFFFFFFFFFFFFFFFFFFFFFFFFFFFFFFFFFFFFFFFFFFFFFFC5
:209BC000FFFFFFFFFFFFFFFFFFFFFFFFFFFFFFFFFFFFFFFFFFFFFFFFFFFFFFFFFFFFFFFFA5
:209BE000FFFFFFFFFFFFFFFFFFFFFFFFFFFFFFFFFFFFFFFFFFFFFFFFFFFFFFFFFFFFFFFF85
:209C0000FFFFFFFFFFFFFFFFFFFFFFFFFFFFFFFFFFFFFFFFFFFFFFFFFFFFFFFFFFFFFFFF64
:209C2000FFFFFFFFFFFFFFFFFFFFFFFFFFFFFFFFFFFFFFFFFFFFFFFFFFFFFFFFFFFFFFFF44
:209C4000FFFFFFFFFFFFFFFFFFFFFFFFFFFFFFFFFFFFFFFFFFFFFFFFFFFFFFFFFFFFFFFF24
:209C6000FFFFFFFFFFFFFFFFFFFFFFFFFFFFFFFFFFFFFFFFFFFFFFFFFFFFFFFFFFFFFFFF04
:209C8000FFFFFFFFFFFFFFFFFFFFFFFFFFFFFFFFFFFFFFFFFFFFFFFFFFFFFFFFFFFFFFFFE4
:209CA000FFFFFFFFFFFFFFFFFFFFFFFFFFFFFFFFFFFFFFFFFFFFFFFFFFFFFFFFFFFFFFFFC4
:209CC000FFFFFFFFFFFFFFFFFFFFFFFFFFFFFFFFFFFFFFFFFFFFFFFFFFFFFFFFFFFFFFFFA4
:209CE000FFFFFFFFFFFFFFFFFFFFFFFFFFFFFFFFFFFFFFFFFFFFFFFFFFFFFFFFFFFFFFFF84
:209D0000FFFFFFFFFFFFFFFFFFFFFFFFFFFFFFFFFFFFFFFFFFFFFFFFFFFFFFFFFFFFFFFF63
:209D2000FFFFFFFFFFFFFFFFFFFFFFFFFFFFFFFFFFFFFFFFFFFFFFFFFFFFFFFFFFFFFFFF43
:209D4000FFFFFFFFFFFFFFFFFFFFFFFFFFFFFFFFFFFFFFFFFFFFFFFFFFFFFFFFFFFFFFFF23
:209D6000FFFFFFFFFFFFFFFFFFFFFFFFFFFFFFFFFFFFFFFFFFFFFFFFFFFFFFFFFFFFFFFF03
:209D8000FFFFFFFFFFFFFFFFFFFFFFFFFFFFFFFFFFFFFFFFFFFFFFFFFFFFFFFFFFFFFFFFE3
:209DA000FFFFFFFFFFFFFFFFFFFFFFFFFFFFFFFFFFFFFFFFFFFFFFFFFFFFFFFFFFFFFFFFC3
:209DC000FFFFFFFFFFFFFFFFFFFFFFFFFFFFFFFFFFFFFFFFFFFFFFFFFFFFFFFFFFFFFFFFA3
:209DE000FFFFFFFFFFFFFFFFFFFFFFFFFFFFFFFFFFFFFFFFFFFFFFFFFFFFFFFFFFFFFFFF83
:209E0000FFFFFFFFFFFFFFFFFFFFFFFFFFFFFFFFFFFFFFFFFFFFFFFFFFFFFFFFFFFFFFFF62
:209E2000FFFFFFFFFFFFFFFFFFFFFFFFFFFFFFFFFFFFFFFFFFFFFFFFFFFFFFFFFFFFFFFF42
:209E4000FFFFFFFFFFFFFFFFFFFFFFFFFFFFFFFFFFFFFFFFFFFFFFFFFFFFFFFFFFFFFFFF22
:209E6000FFFFFFFFFFFFFFFFFFFFFFFFFFFFFFFFFFFFFFFFFFFFFFFFFFFFFFFFFFFFFFFF02
:209E8000FFFFFFFFFFFFFFFFFFFFFFFFFFFFFFFFFFFFFFFFFFFFFFFFFFFFFFFFFFFFFFFFE2
:209EA000FFFFFFFFFFFFFFFFFFFFFFFFFFFFFFFFFFFFFFFFFFFFFFFFFFFFFFFFFFFFFFFFC2
:209EC000FFFFFFFFFFFFFFFFFFFFFFFFFFFFFFFFFFFFFFFFFFFFFFFFFFFFFFFFFFFFFFFFA2
:209EE000FFFFFFFFFFFFFFFFFFFFFFFFFFFFFFFFFFFFFFFFFFFFFFFFFFFFFFFFFFFFFFFF82
:209F0000FFFFFFFFFFFFFFFFFFFFFFFFFFFFFFFFFFFFFFFFFFFFFFFFFFFFFFFFFFFFFFFF61
:209F2000FFFFFFFFFFFFFFFFFFFFFFFFFFFFFFFFFFFFFFFFFFFFFFFFFFFFFFFFFFFFFFFF41
:209F4000FFFFFFFFFFFFFFFFFFFFFFFFFFFFFFFFFFFFFFFFFFFFFFFFFFFFFFFFFFFFFFFF21
:209F6000FFFFFFFFFFFFFFFFFFFFFFFFFFFFFFFFFFFFFFFFFFFFFFFFFFFFFFFFFFFFFFFF01
:209F8000FFFFFFFFFFFFFFFFFFFFFFFFFFFFFFFFFFFFFFFFFFFFFFFFFFFFFFFFFFFFFFFFE1
:209FA000FFFFFFFFFFFFFFFFFFFFFFFFFFFFFFFFFFFFFFFFFFFFFFFFFFFFFFFFFFFFFFFFC1
:209FC000FFFFFFFFFFFFFFFFFFFFFFFFFFFFFFFFFFFFFFFFFFFFFFFFFFFFFFFFFFFFFFFFA1
:209FE000FFFFFFFFFFFFFFFFFFFFFFFFFFFFFFFFFFFFFFFFFFFFFFFFFFFFFFFFFFFFFFFF81
:20A00000FFFFFFFFFFFFFFFFFFFFFFFFFFFFFFFFFFFFFFFFFFFFFFFFFFFFFFFFFFFFFFFF60
:20A02000FFFFFFFFFFFFFFFFFFFFFFFFFFFFFFFFFFFFFFFFFFFFFFFFFFFFFFFFFFFFFFFF40
:20A04000FFFFFFFFFFFFFFFFFFFFFFFFFFFFFFFFFFFFFFFFFFFFFFFFFFFFFFFFFFFFFFFF20
:20A06000FFFFFFFFFFFFFFFFFFFFFFFFFFFFFFFFFFFFFFFFFFFFFFFFFFFFFFFFFFFFFFFF00
:20A08000FFFFFFFFFFFFFFFFFFFFFFFFFFFFFFFFFFFFFFFFFFFFFFFFFFFFFFFFFFFFFFFFE0
:20A0A000FFFFFFFFFFFFFFFFFFFFFFFFFFFFFFFFFFFFFFFFFFFFFFFFFFFFFFFFFFFFFFFFC0
:20A0C000FFFFFFFFFFFFFFFFFFFFFFFFFFFFFFFFFFFFFFFFFFFFFFFFFFFFFFFFFFFFFFFFA0
:20A0E000FFFFFFFFFFFFFFFFFFFFFFFFFFFFFFFFFFFFFFFFFFFFFFFFFFFFFFFFFFFFFFFF80
:20A10000FFFFFFFFFFFFFFFFFFFFFFFFFFFFFFFFFFFFFFFFFFFFFFFFFFFFFFFFFFFFFFFF5F
:20A12000FFFFFFFFFFFFFFFFFFFFFFFFFFFFFFFFFFFFFFFFFFFFFFFFFFFFFFFFFFFFFFFF3F
:20A14000FFFFFFFFFFFFFFFFFFFFFFFFFFFFFFFFFFFFFFFFFFFFFFFFFFFFFFFFFFFFFFFF1F
:20A16000FFFFFFFFFFFFFFFFFFFFFFFFFFFFFFFFFFFFFFFFFFFFFFFFFFFFFFFFFFFFFFFFFF
:20A18000FFFFFFFFFFFFFFFFFFFFFFFFFFFFFFFFFFFFFFFFFFFFFFFFFFFFFFFFFFFFFFFFDF
:20A1A000FFFFFFFFFFFFFFFFFFFFFFFFFFFFFFFFFFFFFFFFFFFFFFFFFFFFFFFFFFFFFFFFBF
:20A1C000FFFFFFFFFFFFFFFFFFFFFFFFFFFFFFFFFFFFFFFFFFFFFFFFFFFFFFFFFFFFFFFF9F
:20A1E000FFFFFFFFFFFFFFFFFFFFFFFFFFFFFFFFFFFFFFFFFFFFFFFFFFFFFFFFFFFFFFFF7F
:20A20000FFFFFFFFFFFFFFFFFFFFFFFFFFFFFFFFFFFFFFFFFFFFFFFFFFFFFFFFFFFFFFFF5E
:20A22000FFFFFFFFFFFFFFFFFFFFFFFFFFFFFFFFFFFFFFFFFFFFFFFFFFFFFFFFFFFFFFFF3E
:20A24000FFFFFFFFFFFFFFFFFFFFFFFFFFFFFFFFFFFFFFFFFFFFFFFFFFFFFFFFFFFFFFFF1E
:20A26000FFFFFFFFFFFFFFFFFFFFFFFFFFFFFFFFFFFFFFFFFFFFFFFFFFFFFFFFFFFFFFFFFE
:20A28000FFFFFFFFFFFFFFFFFFFFFFFFFFFFFFFFFFFFFFFFFFFFFFFFFFFFFFFFFFFFFFFFDE
:20A2A000FFFFFFFFFFFFFFFFFFFFFFFFFFFFFFFFFFFFFFFFFFFFFFFFFFFFFFFFFFFFFFFFBE
:20A2C000FFFFFFFFFFFFFFFFFFFFFFFFFFFFFFFFFFFFFFFFFFFFFFFFFFFFFFFFFFFFFFFF9E
:20A2E000FFFFFFFFFFFFFFFFFFFFFFFFFFFFFFFFFFFFFFFFFFFFFFFFFFFFFFFFFFFFFFFF7E
:20A30000FFFFFFFFFFFFFFFFFFFFFFFFFFFFFFFFFFFFFFFFFFFFFFFFFFFFFFFFFFFFFFFF5D
:20A32000FFFFFFFFFFFFFFFFFFFFFFFFFFFFFFFFFFFFFFFFFFFFFFFFFFFFFFFFFFFFFFFF3D
:20A34000FFFFFFFFFFFFFFFFFFFFFFFFFFFFFFFFFFFFFFFFFFFFFFFFFFFFFFFFFFFFFFFF1D
:20A36000FFFFFFFFFFFFFFFFFFFFFFFFFFFFFFFFFFFFFFFFFFFFFFFFFFFFFFFFFFFFFFFFFD
:20A38000FFFFFFFFFFFFFFFFFFFFFFFFFFFFFFFFFFFFFFFFFFFFFFFFFFFFFFFFFFFFFFFFDD
:20A3A000FFFFFFFFFFFFFFFFFFFFFFFFFFFFFFFFFFFFFFFFFFFFFFFFFFFFFFFFFFFFFFFFBD
:20A3C000FFFFFFFFFFFFFFFFFFFFFFFFFFFFFFFFFFFFFFFFFFFFFFFFFFFFFFFFFFFFFFFF9D
:20A3E000FFFFFFFFFFFFFFFFFFFFFFFFFFFFFFFFFFFFFFFFFFFFFFFFFFFFFFFFFFFFFFFF7D
:20A40000FFFFFFFFFFFFFFFFFFFFFFFFFFFFFFFFFFFFFFFFFFFFFFFFFFFFFFFFFFFFFFFF5C
:20A42000FFFFFFFFFFFFFFFFFFFFFFFFFFFFFFFFFFFFFFFFFFFFFFFFFFFFFFFFFFFFFFFF3C
:20A44000FFFFFFFFFFFFFFFFFFFFFFFFFFFFFFFFFFFFFFFFFFFFFFFFFFFFFFFFFFFFFFFF1C
:20A46000FFFFFFFFFFFFFFFFFFFFFFFFFFFFFFFFFFFFFFFFFFFFFFFFFFFFFFFFFFFFFFFFFC
:20A48000FFFFFFFFFFFFFFFFFFFFFFFFFFFFFFFFFFFFFFFFFFFFFFFFFFFFFFFFFFFFFFFFDC
:20A4A000FFFFFFFFFFFFFFFFFFFFFFFFFFFFFFFFFFFFFFFFFFFFFFFFFFFFFFFFFFFFFFFFBC
:20A4C000FFFFFFFFFFFFFFFFFFFFFFFFFFFFFFFFFFFFFFFFFFFFFFFFFFFFFFFFFFFFFFFF9C
:20A4E000FFFFFFFFFFFFFFFFFFFFFFFFFFFFFFFFFFFFFFFFFFFFFFFFFFFFFFFFFFFFFFFF7C
:20A50000FFFFFFFFFFFFFFFFFFFFFFFFFFFFFFFFFFFFFFFFFFFFFFFFFFFFFFFFFFFFFFFF5B
:20A52000FFFFFFFFFFFFFFFFFFFFFFFFFFFFFFFFFFFFFFFFFFFFFFFFFFFFFFFFFFFFFFFF3B
:20A54000FFFFFFFFFFFFFFFFFFFFFFFFFFFFFFFFFFFFFFFFFFFFFFFFFFFFFFFFFFFFFFFF1B
:20A56000FFFFFFFFFFFFFFFFFFFFFFFFFFFFFFFFFFFFFFFFFFFFFFFFFFFFFFFFFFFFFFFFFB
:20A58000FFFFFFFFFFFFFFFFFFFFFFFFFFFFFFFFFFFFFFFFFFFFFFFFFFFFFFFFFFFFFFFFDB
:20A5A000FFFFFFFFFFFFFFFFFFFFFFFFFFFFFFFFFFFFFFFFFFFFFFFFFFFFFFFFFFFFFFFFBB
:20A5C000FFFFFFFFFFFFFFFFFFFFFFFFFFFFFFFFFFFFFFFFFFFFFFFFFFFFFFFFFFFFFFFF9B
:20A5E000FFFFFFFFFFFFFFFFFFFFFFFFFFFFFFFFFFFFFFFFFFFFFFFFFFFFFFFFFFFFFFFF7B
:20A60000FFFFFFFFFFFFFFFFFFFFFFFFFFFFFFFFFFFFFFFFFFFFFFFFFFFFFFFFFFFFFFFF5A
:20A62000FFFFFFFFFFFFFFFFFFFFFFFFFFFFFFFFFFFFFFFFFFFFFFFFFFFFFFFFFFFFFFFF3A
:20A64000FFFFFFFFFFFFFFFFFFFFFFFFFFFFFFFFFFFFFFFFFFFFFFFFFFFFFFFFFFFFFFFF1A
:20A66000FFFFFFFFFFFFFFFFFFFFFFFFFFFFFFFFFFFFFFFFFFFFFFFFFFFFFFFFFFFFFFFFFA
:20A68000FFFFFFFFFFFFFFFFFFFFFFFFFFFFFFFFFFFFFFFFFFFFFFFFFFFFFFFFFFFFFFFFDA
:20A6A000FFFFFFFFFFFFFFFFFFFFFFFFFFFFFFFFFFFFFFFFFFFFFFFFFFFFFFFFFFFFFFFFBA
:20A6C000FFFFFFFFFFFFFFFFFFFFFFFFFFFFFFFFFFFFFFFFFFFFFFFFFFFFFFFFFFFFFFFF9A
:20A6E000FFFFFFFFFFFFFFFFFFFFFFFFFFFFFFFFFFFFFFFFFFFFFFFFFFFFFFFFFFFFFFFF7A
:20A70000FFFFFFFFFFFFFFFFFFFFFFFFFFFFFFFFFFFFFFFFFFFFFFFFFFFFFFFFFFFFFFFF59
:20A72000FFFFFFFFFFFFFFFFFFFFFFFFFFFFFFFFFFFFFFFFFFFFFFFFFFFFFFFFFFFFFFFF39
:20A74000FFFFFFFFFFFFFFFFFFFFFFFFFFFFFFFFFFFFFFFFFFFFFFFFFFFFFFFFFFFFFFFF19
:20A76000FFFFFFFFFFFFFFFFFFFFFFFFFFFFFFFFFFFFFFFFFFFFFFFFFFFFFFFFFFFFFFFFF9
:20A78000FFFFFFFFFFFFFFFFFFFFFFFFFFFFFFFFFFFFFFFFFFFFFFFFFFFFFFFFFFFFFFFFD9
:20A7A000FFFFFFFFFFFFFFFFFFFFFFFFFFFFFFFFFFFFFFFFFFFFFFFFFFFFFFFFFFFFFFFFB9
:20A7C000FFFFFFFFFFFFFFFFFFFFFFFFFFFFFFFFFFFFFFFFFFFFFFFFFFFFFFFFFFFFFFFF99
:20A7E000FFFFFFFFFFFFFFFFFFFFFFFFFFFFFFFFFFFFFFFFFFFFFFFFFFFFFFFFFFFFFFFF79
:20A80000FFFFFFFFFFFFFFFFFFFFFFFFFFFFFFFFFFFFFFFFFFFFFFFFFFFFFFFFFFFFFFFF58
:20A82000FFFFFFFFFFFFFFFFFFFFFFFFFFFFFFFFFFFFFFFFFFFFFFFFFFFFFFFFFFFFFFFF38
:20A84000FFFFFFFFFFFFFFFFFFFFFFFFFFFFFFFFFFFFFFFFFFFFFFFFFFFFFFFFFFFFFFFF18
:20A86000FFFFFFFFFFFFFFFFFFFFFFFFFFFFFFFFFFFFFFFFFFFFFFFFFFFFFFFFFFFFFFFFF8
:20A88000FFFFFFFFFFFFFFFFFFFFFFFFFFFFFFFFFFFFFFFFFFFFFFFFFFFFFFFFFFFFFFFFD8
:20A8A000FFFFFFFFFFFFFFFFFFFFFFFFFFFFFFFFFFFFFFFFFFFFFFFFFFFFFFFFFFFFFFFFB8
:20A8C000FFFFFFFFFFFFFFFFFFFFFFFFFFFFFFFFFFFFFFFFFFFFFFFFFFFFFFFFFFFFFFFF98
:20A8E000FFFFFFFFFFFFFFFFFFFFFFFFFFFFFFFFFFFFFFFFFFFFFFFFFFFFFFFFFFFFFFFF78
:20A90000FFFFFFFFFFFFFFFFFFFFFFFFFFFFFFFFFFFFFFFFFFFFFFFFFFFFFFFFFFFFFFFF57
:20A92000FFFFFFFFFFFFFFFFFFFFFFFFFFFFFFFFFFFFFFFFFFFFFFFFFFFFFFFFFFFFFFFF37
:20A94000FFFFFFFFFFFFFFFFFFFFFFFFFFFFFFFFFFFFFFFFFFFFFFFFFFFFFFFFFFFFFFFF17
:20A96000FFFFFFFFFFFFFFFFFFFFFFFFFFFFFFFFFFFFFFFFFFFFFFFFFFFFFFFFFFFFFFFFF7
:20A98000FFFFFFFFFFFFFFFFFFFFFFFFFFFFFFFFFFFFFFFFFFFFFFFFFFFFFFFFFFFFFFFFD7
:20A9A000FFFFFFFFFFFFFFFFFFFFFFFFFFFFFFFFFFFFFFFFFFFFFFFFFFFFFFFFFFFFFFFFB7
:20A9C000FFFFFFFFFFFFFFFFFFFFFFFFFFFFFFFFFFFFFFFFFFFFFFFFFFFFFFFFFFFFFFFF97
:20A9E000FFFFFFFFFFFFFFFFFFFFFFFFFFFFFFFFFFFFFFFFFFFFFFFFFFFFFFFFFFFFFFFF77
:20AA0000FFFFFFFFFFFFFFFFFFFFFFFFFFFFFFFFFFFFFFFFFFFFFFFFFFFFFFFFFFFFFFFF56
:20AA2000FFFFFFFFFFFFFFFFFFFFFFFFFFFFFFFFFFFFFFFFFFFFFFFFFFFFFFFFFFFFFFFF36
:20AA4000FFFFFFFFFFFFFFFFFFFFFFFFFFFFFFFFFFFFFFFFFFFFFFFFFFFFFFFFFFFFFFFF16
:20AA6000FFFFFFFFFFFFFFFFFFFFFFFFFFFFFFFFFFFFFFFFFFFFFFFFFFFFFFFFFFFFFFFFF6
:20AA8000FFFFFFFFFFFFFFFFFFFFFFFFFFFFFFFFFFFFFFFFFFFFFFFFFFFFFFFFFFFFFFFFD6
:20AAA000FFFFFFFFFFFFFFFFFFFFFFFFFFFFFFFFFFFFFFFFFFFFFFFFFFFFFFFFFFFFFFFFB6
:20AAC000FFFFFFFFFFFFFFFFFFFFFFFFFFFFFFFFFFFFFFFFFFFFFFFFFFFFFFFFFFFFFFFF96
:20AAE000FFFFFFFFFFFFFFFFFFFFFFFFFFFFFFFFFFFFFFFFFFFFFFFFFFFFFFFFFFFFFFFF76
:20AB0000FFFFFFFFFFFFFFFFFFFFFFFFFFFFFFFFFFFFFFFFFFFFFFFFFFFFFFFFFFFFFFFF55
:20AB2000FFFFFFFFFFFFFFFFFFFFFFFFFFFFFFFFFFFFFFFFFFFFFFFFFFFFFFFFFFFFFFFF35
:20AB4000FFFFFFFFFFFFFFFFFFFFFFFFFFFFFFFFFFFFFFFFFFFFFFFFFFFFFFFFFFFFFFFF15
:20AB6000FFFFFFFFFFFFFFFFFFFFFFFFFFFFFFFFFFFFFFFFFFFFFFFFFFFFFFFFFFFFFFFFF5
:20AB8000FFFFFFFFFFFFFFFFFFFFFFFFFFFFFFFFFFFFFFFFFFFFFFFFFFFFFFFFFFFFFFFFD5
:20ABA000FFFFFFFFFFFFFFFFFFFFFFFFFFFFFFFFFFFFFFFFFFFFFFFFFFFFFFFFFFFFFFFFB5
:20ABC000FFFFFFFFFFFFFFFFFFFFFFFFFFFFFFFFFFFFFFFFFFFFFFFFFFFFFFFFFFFFFFFF95
:20ABE000FFFFFFFFFFFFFFFFFFFFFFFFFFFFFFFFFFFFFFFFFFFFFFFFFFFFFFFFFFFFFFFF75
:20AC0000FFFFFFFFFFFFFFFFFFFFFFFFFFFFFFFFFFFFFFFFFFFFFFFFFFFFFFFFFFFFFFFF54
:20AC2000FFFFFFFFFFFFFFFFFFFFFFFFFFFFFFFFFFFFFFFFFFFFFFFFFFFFFFFFFFFFFFFF34
:20AC4000FFFFFFFFFFFFFFFFFFFFFFFFFFFFFFFFFFFFFFFFFFFFFFFFFFFFFFFFFFFFFFFF14
:20AC6000FFFFFFFFFFFFFFFFFFFFFFFFFFFFFFFFFFFFFFFFFFFFFFFFFFFFFFFFFFFFFFFFF4
:20AC8000FFFFFFFFFFFFFFFFFFFFFFFFFFFFFFFFFFFFFFFFFFFFFFFFFFFFFFFFFFFFFFFFD4
:20ACA000FFFFFFFFFFFFFFFFFFFFFFFFFFFFFFFFFFFFFFFFFFFFFFFFFFFFFFFFFFFFFFFFB4
:20ACC000FFFFFFFFFFFFFFFFFFFFFFFFFFFFFFFFFFFFFFFFFFFFFFFFFFFFFFFFFFFFFFFF94
:20ACE000FFFFFFFFFFFFFFFFFFFFFFFFFFFFFFFFFFFFFFFFFFFFFFFFFFFFFFFFFFFFFFFF74
:20AD0000FFFFFFFFFFFFFFFFFFFFFFFFFFFFFFFFFFFFFFFFFFFFFFFFFFFFFFFFFFFFFFFF53
:20AD2000FFFFFFFFFFFFFFFFFFFFFFFFFFFFFFFFFFFFFFFFFFFFFFFFFFFFFFFFFFFFFFFF33
:20AD4000FFFFFFFFFFFFFFFFFFFFFFFFFFFFFFFFFFFFFFFFFFFFFFFFFFFFFFFFFFFFFFFF13
:20AD6000FFFFFFFFFFFFFFFFFFFFFFFFFFFFFFFFFFFFFFFFFFFFFFFFFFFFFFFFFFFFFFFFF3
:20AD8000FFFFFFFFFFFFFFFFFFFFFFFFFFFFFFFFFFFFFFFFFFFFFFFFFFFFFFFFFFFFFFFFD3
:20ADA000FFFFFFFFFFFFFFFFFFFFFFFFFFFFFFFFFFFFFFFFFFFFFFFFFFFFFFFFFFFFFFFFB3
:20ADC000FFFFFFFFFFFFFFFFFFFFFFFFFFFFFFFFFFFFFFFFFFFFFFFFFFFFFFFFFFFFFFFF93
:20ADE000FFFFFFFFFFFFFFFFFFFFFFFFFFFFFFFFFFFFFFFFFFFFFFFFFFFFFFFFFFFFFFFF73
:20AE0000FFFFFFFFFFFFFFFFFFFFFFFFFFFFFFFFFFFFFFFFFFFFFFFFFFFFFFFFFFFFFFFF52
:20AE2000FFFFFFFFFFFFFFFFFFFFFFFFFFFFFFFFFFFFFFFFFFFFFFFFFFFFFFFFFFFFFFFF32
:20AE4000FFFFFFFFFFFFFFFFFFFFFFFFFFFFFFFFFFFFFFFFFFFFFFFFFFFFFFFFFFFFFFFF12
:20AE6000FFFFFFFFFFFFFFFFFFFFFFFFFFFFFFFFFFFFFFFFFFFFFFFFFFFFFFFFFFFFFFFFF2
:20AE8000FFFFFFFFFFFFFFFFFFFFFFFFFFFFFFFFFFFFFFFFFFFFFFFFFFFFFFFFFFFFFFFFD2
:20AEA000FFFFFFFFFFFFFFFFFFFFFFFFFFFFFFFFFFFFFFFFFFFFFFFFFFFFFFFFFFFFFFFFB2
:20AEC000FFFFFFFFFFFFFFFFFFFFFFFFFFFFFFFFFFFFFFFFFFFFFFFFFFFFFFFFFFFFFFFF92
:20AEE000FFFFFFFFFFFFFFFFFFFFFFFFFFFFFFFFFFFFFFFFFFFFFFFFFFFFFFFFFFFFFFFF72
:20AF0000FFFFFFFFFFFFFFFFFFFFFFFFFFFFFFFFFFFFFFFFFFFFFFFFFFFFFFFFFFFFFFFF51
:20AF2000FFFFFFFFFFFFFFFFFFFFFFFFFFFFFFFFFFFFFFFFFFFFFFFFFFFFFFFFFFFFFFFF31
:20AF4000FFFFFFFFFFFFFFFFFFFFFFFFFFFFFFFFFFFFFFFFFFFFFFFFFFFFFFFFFFFFFFFF11
:20AF6000FFFFFFFFFFFFFFFFFFFFFFFFFFFFFFFFFFFFFFFFFFFFFFFFFFFFFFFFFFFFFFFFF1
:20AF8000FFFFFFFFFFFFFFFFFFFFFFFFFFFFFFFFFFFFFFFFFFFFFFFFFFFFFFFFFFFFFFFFD1
:20AFA000FFFFFFFFFFFFFFFFFFFFFFFFFFFFFFFFFFFFFFFFFFFFFFFFFFFFFFFFFFFFFFFFB1
:20AFC000FFFFFFFFFFFFFFFFFFFFFFFFFFFFFFFFFFFFFFFFFFFFFFFFFFFFFFFFFFFFFFFF91
:20AFE000FFFFFFFFFFFFFFFFFFFFFFFFFFFFFFFFFFFFFFFFFFFFFFFFFFFFFFFFFFFFFFFF71
:20B00000000000000000000000000000000000000000000000000000000000000000000030
:20B02000000000000000000000000000000000000000000000000000000000000000000010
:20B0400000000000FA3CFA3C0000800200058007000A800C000F8011001480160019801BE2
:20B06000001E802000EC00F600FB0000800200058007000A800C000F00140019001E002314
:20B0800000280032003C00410046004B00EC00F600FB0000800200058007000A800C000FB8
:1CB0A00000140019001E002300280032003C00410046004B8813001E3C78000051
:00000001FF
