:020000040800F2
:10900000C04A0020F1DB0008653B01085DDC000878
:109010000000000000000000000000000000000050
:109020000000000000000000000000005DDC0008FF
:109030000000000000000000C1CC000805CD0008C1
:10904000912F0108A12F0108C5360108D536010866
:10905000E91B0108B93F0108C93F0108D93F0108D0
:10906000D5400108C1390108E9390108DD2E0108A0
:10907000092F01086527010889270108AD27010884
:10908000D1270108D53C0108E53C0108F53C010861
:10909000053D0108E5360108393B01080D3B010893
:1090A000711E0108051E0108F5270108C5290108E0
:1090B000ED290108152A01083D2A0108912A010815
:1090C000002243088B4274D303098B425FD3030A07
:1090D0008B4244D3030B8B4228D3030C8B420DD31A
:1090E000FF22090212BA030C8B4202D312120902A8
:1090F00065D0030B8B4219D300E0090AC30B8B42E6
:1091000001D3CB03C01A5241830B8B4201D38B0393
:10911000C01A5241430B8B4201D34B03C01A524138
:10912000030B8B4201D30B03C01A5241C30A8B427B
:1091300001D3CB02C01A5241830A8B4201D38B0266
:10914000C01A5241430A8B4201D34B02C01A52410A
:10915000030A8B4201D30B02C01A5241CDD2C3097C
:109160008B4201D3CB01C01A524183098B4201D3F8
:109170008B01C01A524143098B4201D34B01C01AE3
:10918000524103098B4201D30B01C01A5241C3085B
:109190008B4201D3CB00C01A524183088B4201D3CA
:1091A0008B00C01A524143088B4201D34B00C01AB6
:1091B0005241411A00D20146524110467047FFE722
:1091C00001B5002000F0F0F802BDC0460029F7D03C
:1091D00076E7704703460B437FD4002243088B4257
:1091E00074D303098B425FD3030A8B4244D3030B2E
:1091F0008B4228D3030C8B420DD3FF22090212BAF3
:10920000030C8B4202D31212090265D0030B8B426E
:1092100019D300E0090AC30B8B4201D3CB03C01A58
:109220005241830B8B4201D38B03C01A5241430B33
:109230008B4201D34B03C01A5241030B8B4201D323
:109240000B03C01A5241C30A8B4201D3CB02C01A8E
:109250005241830A8B4201D38B02C01A5241430A06
:109260008B4201D34B02C01A5241030A8B4201D3F5
:109270000B02C01A5241CDD2C3098B4201D3CB019C
:10928000C01A524183098B4201D38B01C01A52414B
:1092900043098B4201D34B01C01A524103098B424F
:1092A00001D30B01C01A5241C3088B4201D3CB003A
:1092B000C01A524183088B4201D38B00C01A52411D
:1092C00043088B4201D34B00C01A5241411A00D2CD
:1092D00001465241104670475DE0CA0F00D0494236
:1092E000031000D34042534000229C4603098B42A6
:1092F0002DD3030A8B4212D3FC22890112BA030A2E
:109300008B420CD3890192118B4208D389019211AF
:109310008B4204D389013AD0921100E08909C30934
:109320008B4201D3CB01C01A524183098B4201D336
:109330008B01C01A524143098B4201D34B01C01A21
:10934000524103098B4201D30B01C01A5241C30899
:109350008B4201D3CB00C01A524183088B4201D308
:109360008B00C01A5241D9D243088B4201D34B0023
:10937000C01A5241411A00D20146634652415B1065
:10938000104601D34042002B00D549427047634646
:109390005B1000D3404201B5002000F005F802BD8B
:1093A0000029F8D016E770477047C0468446101C65
:1093B00062468C46191C634600E0C0461FB500F0AB
:1093C00073FE002801D40021C8421FBD10B500F073
:1093D000C7FD4042013010BD10B500F065FE002809
:1093E00001DB002010BD012010BDC04610B500F00B
:1093F0005BFE002801DD002010BD012010BDC0462D
:1094000010B500F0EDFD002801DC002010BD0120AA
:1094100010BDC04610B500F0E3FD002801DA0020C1
:1094200010BD012010BDC0468446081C6146FFE700
:109430001FB500F00FFA002801D40021C8421FBD5B
:1094400010B500F09BF94042013010BD10B500F09E
:1094500001FA002801DB002010BD012010BDC0462C
:1094600010B500F0F7F9002801DD002010BD012043
:1094700010BDC04610B500F0A9F9002801DC00209D
:1094800010BD012010BDC04610B500F09FF90028A6
:1094900001DA002010BD012010BDC0469E2110B58C
:1094A000C905041CFFF7F0FF002803D1201C00F0C1
:1094B000AFFC10BD9E21201CC90500F023FB00F06D
:1094C000A7FC80231B069C466044F2E770B500228F
:1094D0000C4B04000D00FFF79DFF002804D1200075
:1094E000290001F019FC70BD064B00222000290064
:1094F00001F0BEF801F010FC80231B069C4660447E
:10950000F1E7C0460000E04170B501F073FC0022B5
:109510000B4B0D00040000F031FEFFF7D7FF0600F3
:1095200001F030FC0022074B00F028FE02000B0087
:109530002000290001F09CF8FFF7C8FF310070BD42
:109540000000F03D0000F041F0B5564644465F464D
:109550004D46F0B444024600C70F83B08846650A02
:10956000360EBA463DD0FF2E22D00023EC008025D7
:1095700099469B46ED0425437F3E43465C025800D6
:10958000DB0F640A000E984636D0FF2830D08023C7
:109590000021E400DB041C437F38301A0190484668
:1095A00042460843724E800030587A401300874686
:1095B000002D44D108239946063B9B46DDE7012256
:1095C000FF2000241A406402C305640AD2071C432A
:1095D0001443200003B03CBC90469946A246AB46DB
:1095E000F0BD002D20D104239946033B9B46C4E7E0
:1095F000002C17D1022102E0002C0AD10121321ADD
:1096000001924A4643460A435A48920082587B4098
:109610009746200001F042FC431F76309C404042B8
:109620000021BAE70321B8E7280001F037FC431F07
:109630009D4000237630464299469B469DE70C2389
:109640009946093B9B4698E780240022E403FF20CB
:10965000B9E70024C2468B465A465346022AAED08A
:10966000032A7DD0012A31D1012200201A40002492
:10967000A9E70122101A1B2856DD1A4000200024F9
:10968000A1E78023DB031D424BD18023DB032B4367
:109690005C02640A3A00FF2095E76D016001854293
:1096A00030D2019A0024013A01921B22012729009D
:1096B00064006D00002901DBA84201D82D1A3C434B
:1096C000013A002AF3D16A1E95412C4301987F305C
:1096D0000028CEDD620704D00F222240042A00D0E9
:1096E0000434220103D5244A019814408030FE2816
:1096F00000DD64E70122A401640AC0B21A4062E7F7
:109700002C00A9E72D1A1A220124CFE76B02BCD541
:1097100000248023DB031C436402640A4246FF20CA
:1097200051E71C42B3D1F4E721002022C140101AB6
:109730008440621E94410C43620704D00F222240F1
:10974000042A00D00434620104D5012201201A4009
:10975000002438E70122A401640A1A40002032E7FD
:109760008023DB031C436402640A5246FF202AE77D
:10977000B0870108F0870108FFFFFFF7430270B5CB
:1097800042004C005D0AC30F4802120E460A240E26
:10979000C90FFF2A0FD0FF2C11D00120A24200D008
:1097A00070BDB542FCD18B420DD0002AF8D1280003
:1097B000431E9841F4E70120002DF1D1EBE7012091
:1097C000002EEDD1E9E70020EAE7C0464302F0B5FC
:1097D00042005D0AC30F4802440A4800120E000E00
:1097E000C90FFF2A1FD0FF2822D0002A09D16E42BC
:1097F0006E4100280FD1002C0DD10020002D09D082
:1098000005E0002801D1002C01D08B4213D0584232
:1098100001231843F0BD002EF7D0484241410120FA
:1098200049420843F6E7002DDDD002204042F1E72F
:10983000002CDAD0F9E78242E9DC04DBA542E6D865
:109840000020A542E6D25842434101205B42184322
:10985000E0E7C0464302F0B542004C005E0AC30F89
:109860004802120E450A240EC90FFF2A17D0FF2CFA
:1098700019D0002A0BD170427041002C17D000285B
:1098800007D048424141012049420843F0BD002C25
:1098900013D08B4214D0584201231843F6E702201C
:1098A000002EF3D1E3E70220002DEFD1E1E7002DF8
:1098B000E5D10020002EE9D0EDE7002DE9D1EAE75F
:1098C000A242E8DC04DBAE42E5D80020AE42DDD2A5
:1098D0005842434101205B421843D7E7F0B5574651
:1098E0004E4645464300E0B446028846760A1F0EBF
:1098F000C40F002F47D0FF2F25D0002380259A4684
:109900009946F600ED042E437F3F434642465D02F2
:10991000D20F5B006D0A1B0E904640D0FF2B39D052
:1099200080220020ED00D20415437F3BFB18424605
:109930005746591C62408C4607430F2F5CD86F492D
:10994000BF00C9598F46002E45D108239A46063BD1
:109950009946DAE7424602282DD0032800D1C3E019
:10996000012800D0A2E0002500260240D4B27602F1
:10997000ED05760A2E43E407264330001CBC9046D2
:109980009946A246F0BD002E1AD104239A46033B05
:109990009946BAE72A00511E8A41901CC6E7012069
:1099A000002DC3D0280001F079FA431F76309D4086
:1099B00043420020BAE70124FF2514400026D6E7E1
:1099C000300001F06BFA431F9E400023763047427F
:1099D0009A46994699E70C239A46093B994694E79B
:1099E00080260024F603FF25C1E735004846B2E78C
:1099F000350022004846AEE72904090C0800370C60
:109A00003604360C2C0C7943704367437443060CC0
:109A100064183619B14203D9802149028846474467
:109A20000004000C310409188D01681E8541890E5F
:109A30002943350CED19AD010D43290104D501234E
:109A400069081D4063460D4319007F31002925DD5B
:109A5000680704D00F202840042800D004352801CE
:109A600003D5274980330D401900FE29A3DC0124CA
:109A7000AD016E0A1440CDB279E78020C0030642E2
:109A800007D0054205D128434602760A4446FF2501
:109A90006DE706437602760AFF2568E70124611A1E
:109AA0001B2905DD14400025002660E76346CBE74F
:109AB0002E002023CE40591A8D406B1E9D412E430F
:109AC000730704D00F233340042B00D004367301F6
:109AD00004D5012401251440002648E70124B601DD
:109AE000760A1440002542E780260124F6032E431F
:109AF0007602760A1440FF2539E7C046308801080F
:109B0000FFFFFFF7F8B54A024E0043024400240E5F
:109B1000C50F9B09360EC90F9209FF2E00D183E0B5
:109B200001204140A01BA9425CD0002800DC95E048
:109B3000002E1CD1002A00D081E05A0704D00F2249
:109B40001A40042A00D004335A013BD50134FF2CBB
:109B500000D191E001209B015B0AE4B205405B0269
:109B6000E4055B0AED0723432B431800F8BDFF2CE7
:109B7000E3D08021C9040A431B2800DD90E01600D1
:109B80002021C640081A8240511E8A4132439B1A46
:109B90005A0115D59B019E09300001F07FF9053867
:109BA000864084426CDC041B330020200134E340F7
:109BB000041BA640721E964100243343BDE70D00EE
:109BC0005A07BCD1DF0801231D40FF2C33D1002FE1
:109BD00000D190E08022D20313003B435B025B0A7A
:109BE000FF24BCE700284FDD002E2ED0FF2CA4D090
:109BF0008025ED042A431B2800DD97E01600202570
:109C0000C640281A8240501E824132439B185A0196
:109C1000D5D50134FF2C6DD001227B481A405B085A
:109C2000034013430D0088E7002A00D07AE777E766
:109C3000031EC5D100257B025B0AE4B28FE7013821
:109C40000028A4D0FF2C97D177E7002A00D174E731
:109C500001380028DAD0FF2CCDD16EE7002821D1C1
:109C6000601CC0B2012858DD80279E1AFF043740CF
:109C70002FD0D61A0D008FE701231D4000236EE779
:109C8000624B241A334058E7002851D1601CC6B2F9
:109C9000012E33DDFF282DD09B185B0804004CE714
:109CA000012274E7002C1AD0FF2E1FD08024E40478
:109CB000404223431B2800DD96E01D002024C540C0
:109CC000201A8340581E83412B43D31A34000D00C1
:109CD0005EE7002E00D05FE700250024ABE7002BF5
:109CE00044D0C0430028F0D0FF2EE3D11300FF245E
:109CF0000D0022E70D00FF24002330E7002C5DD18A
:109D0000002B7DD0002A00D117E79B185A0100D400
:109D100056E73E4A040013400FE7002C1ED1002BEB
:109D20002FD1002A65D013000D0006E701226DE750
:109D3000002C1FD1002B59D0C04300280BD0FF2E80
:109D40004FD01B285EDC1D002024C540201A834014
:109D5000581E83412B439B18340058E7002B1CD11D
:109D6000002A49D013000D00FF24E6E6130034005A
:109D70000D00E2E6FF2E34D08024E4044042234369
:109D8000DFE7002A00D1D8E68027981AFF040740B1
:109D900000D14DE7D31A0D00CFE6FF24002A00D1F1
:109DA000CBE68020DB08C003034204D0D208024285
:109DB00001D113000D00DB00FF24BEE6002B10D004
:109DC000FF24002A00D1B8E68020DB08C00303424C
:109DD00003D0D208024200D11300DB000D00FF24A3
:109DE000ABE61300FF24A8E601236EE7130034005E
:109DF000A3E6002700251EE780270025FF03E9E6EC
:109E000013009AE60123A6E7FFFFFF7DFFFFFFFB9C
:109E10004302590A4300C20F1B0E00207E2B0EDDA9
:109E20009D2B0DDC802000040143952B0BDC96203C
:109E3000C31AD9400B005842002A00D118007047BD
:109E4000034BD018FBE7963B99400B00F3E7C04665
:109E5000FFFFFF7F70B5002830D0C317C5185D40E5
:109E6000C40F280001F01AF89E231B1A962B0DDC54
:109E70009622D21A95406A02520AD8B25202C005FE
:109E8000520AE40702432243100070BD992B19DCEB
:109E90009922D21A9540124A2A40690704D00F210C
:109EA0000D40042D00D00432510103D50C4B1A4053
:109EB0009F231B1A9201520AD8B2DFE70024002028
:109EC0000022DBE705222E00121AB921D6402A0013
:109ED000C91A8A40551EAA4135001543DBE7C04622
:109EE000FFFFFFFB70B5041E28D000F0D7FF9E23B4
:109EF0001B1A962B0ADC9622D21A94406202520A4E
:109F0000D8B25202520AC005104370BD992B18DC1A
:109F10009922D21A9440114A2240610704D00F219D
:109F20000C40042C00D00432510103D50B4B1A40D5
:109F30009F231B1A9201520AD8B2E2E700200022A6
:109F4000DFE705222500121AB921D5402200C91ADF
:109F50008A40541EA2412C001443DCE7FFFFFFFBA4
:109F6000F0B55F4656464D464446F0B41F035C00CC
:109F7000DB0F9A46194B0E034D00C90F8046360B76
:109F80006D0D8B4691463F0B640D9D4219D0134BCE
:109F90009C421BD00123A54206D018003CBC904631
:109FA0009946A246AB46F0BDBE42F6D1C845F4D1B3
:109FB000D34510D0002DF0D1304303005A1E9341F9
:109FC000EBE7310001230143E7D1E0E73A43012306
:109FD000002AE2D1DEE70023DFE7C046FF070000EA
:109FE000F0B55F46444656464D46F0B41F033C0B61
:109FF0002C4F0E034D00A3465C008446360B6D0DBE
:10A00000C90F9046640DDB0FBD422BD0254FBC42DB
:10A010002ED0002D0ED13043070081467842784182
:10A02000002C17D15F463A4314D14B460020002B39
:10A030000AD006E0002C02D15846024301D09942D2
:10A040001AD00123484218433CBC90469946A24688
:10A05000AB46F0BD0028F2D05842584101224042A0
:10A060001043F1E737000743D0D002204042EBE72E
:10A070005F461743CDD0F8E7A542E2DC05DB5E453D
:10A08000DFD808D000205E45DED248424841012397
:10A0900040421843D8E7C445D3D80020C445F4D380
:10A0A000D2E7C046FF070000F0B55F464D46444684
:10A0B0005646F0B41C03240BA4462F4C0F034D004E
:10A0C0005E00C90F80463F0B6D0D8B469146760DA5
:10A0D000DB0FA54220D0284CA64222D0002D12D161
:10A0E000384344424441002E20D0002C0DD05C4225
:10A0F000634101245B421C4320003CBC90469946CE
:10A10000A246AB46F0BD002E17D05B4519D05B468A
:10A110005C4201231C43EFE7390002240143EBD1E9
:10A12000D9E7614602241143E6D1D7E761460A43E5
:10A13000DBD100240028DFD0E9E761460A43E4D1FF
:10A14000E5E7B54203DD01225C421443D4E7B542A2
:10A15000CDDB6745DBD809D000246745CCD2594612
:10A160004C426141012449420C43C5E7C845CED861
:10A170000024C845F3D3BFE7FF070000F0B55F46F2
:10A1800056464D464446F0B40D0399464E002B0BFF
:10A1900087B00700924680469B46760DCC0F002E76
:10A1A00069D06D4B9E4235D05B468022DD001204A3
:10A1B000430F13432B439B46C3009846674B00272E
:10A1C0009C460023664401934A4615035000D20F73
:10A1D00053462D0B400D914600D176E05E4A9042E9
:10A1E0006CD080225B0F120413435C4AED0094464E
:10A1F0001D4353460022DB00604449463618701C5C
:10A200006140029017430F2F00D9AFE05448BF00C0
:10A21000C759BF465B461F4300D088E000239B46DA
:10A220009846023308270193CEE74946022A6AD0AE
:10A23000032A00D109E2012A00D0BBE1114000222B
:10A24000002300259046CCB200212D030A0D1205F3
:10A250002D0B1543434A1B0515401D436D00E407B4
:10A260006D0825434046290007B03CBC90469946FE
:10A27000A246AB46F0BD034352D05B46002B00D153
:10A280008AE1584600F00AFE03000B3B1C2B00DD60
:10A290007BE11D22D31A3A0001005D46DA400839FD
:10A2A0008D4013008F402B439B46B8462E4B002712
:10A2B0009C46002360444642019385E752462A4368
:10A2C0002CD100250023022297E752462A4321D0B1
:10A2D000002D00D154E1280000F0E0FD03000B3B0D
:10A2E0001C2B00DD46E11D21CB1A51460200D9404E
:10A2F0005346083A954093400D431B4A94466044A8
:10A300004042002279E7012400220C40124B002534
:10A31000904699E70025002301226EE703226CE7AF
:10A3200000239B4698460133042701934CE70323FF
:10A330000C27019348E700238025984600242D032D
:10A34000054B81E75D464346019A6FE75D4643460C
:10A350002100019A6AE7C046FF07000001FCFFFFE9
:10A3600070880108FFFF0F80F30300004246120CC3
:10A3700091461A0C9446424617044A461B041B0C8D
:10A380005A43604690464A46424310000392624652
:10A390001C003F0C7A437C4342440192220C9246BB
:10A3A000019A5244904506D9824680204002804658
:10A3B000C24450460390100C049048462404240CD8
:10A3C0001204121905922A0C2D042D0C68432C003E
:10A3D000824648467C4350438146200C8046574382
:10A3E00057444744BA4503D9802040028046C144BF
:10A3F000380C3F04B84648442404240C01900498C7
:10A40000A044404404905846000C81465846040439
:10A41000200C8246070048465F434C464343604653
:10A4200060436446834650464443380C8446E418EF
:10A430006444A34203D980235B029C46E34448461C
:10A440003F04230C3F0C2404E419574668436F4330
:10A4500084464D46504655434243380C814662443B
:10A460004A445B44944503D98020400284466544B5
:10A4700003983F04834604983F0C8446E344C34555
:10A4800080414042824610048446019867448446D5
:10A490006744A344BC46A345A4419946D4446442BE
:10A4A0008742BF41D4458041E144A04699459B4144
:10A4B0007F424042C8440743120CBA18A045A44149
:10A4C0005F423B0064422343D71843467D19DB0DAE
:10A4D0006D021D435B465A02059B1A43531E9A4167
:10A4E0005B46DB0D1A4343465B021343EA0107D583
:10A4F00001225C0813402343EA07029E13436D08C0
:10A50000574AB218002A4BDD580709D00F201840CF
:10A51000042805D0181D98429B415B42ED180300AA
:10A52000E80104D54F4A15408022D200B2184E48A7
:10A53000824200DDE7E60124DB08680718436D026C
:10A54000530580462D0B5B0D0C407DE6802259465D
:10A550001203114208D0154206D115432D03984627
:10A560002D0B4C46414B6FE65D4615432D032D0BDD
:10A570003E4B69E603005546283B9D400023BCE660
:10A58000504600F08BFC2030A8E60300283B9F409B
:10A590000023BB46984689E600F080FC203073E635
:10A5A0000124A61A382E07DD00220C4000230025C6
:10A5B000904649E6029EA3E71F2E20DC20222C00B5
:10A5C0001800921BF040944093400443581E83416E
:10A5D0001C43F540630709D00F232340042B05D00B
:10A5E00023001C1D9C4292415242AD182B021FD5E4
:10A5F000012400220C4001230025904624E61F2060
:10A600002C004042821AD440202E1CD04022961B9F
:10A61000B5402B43581E8341072023431840002593
:10A62000002809D00F2200251A401C00042AD8D186
:10A63000230068076D022D0B0124DB0803439846B5
:10A640000C40002300E60025E3E7802201241203EA
:10A6500015432D0398462D0B0C40044BF4E5C046E2
:10A66000FF030000FFFFFFFEFE070000FF070000E2
:10A67000F0B557464E464546E0B40E001100F20FC5
:10A680009246C500420F180337037400400A4E0F6C
:10A690007F0A3043CF4E17435A00640D520DDB0F33
:10A6A000C900B24200D1E5E001267340A61AB446C3
:10A6B000534500D1AFE0002E00DC0DE1002A3AD175
:10A6C00003000B4300D0E4E06B0709D00F232B40BD
:10A6D000042B05D02B1DAB42AD416D427F191D00EF
:10A6E0003B0200D488E0BB4B01349C4200D110E116
:10A6F0003A00B94B51461A4001235007ED08520267
:10A7000064050543120B640D0B4000212800120361
:10A710000D0D120B64052D0515436208AF4CDB07C8
:10A720002C401443640064081C4321001CBC904668
:10A730009946A246F0BDA74B9C42C5D080231B047E
:10A7400018436346382B00DDFDE01F2B00DD30E1B0
:10A75000624620239B1A02009A40664690460A00F1
:10A760009940F24046464B1E99413243114363469D
:10A770000200DA40691A8D429B410D00BA1A5B4211
:10A78000D71A3B0235D57A02530A98464346002B26
:10A7900000D1C4E0404600F081FB0300083B1F2BC2
:10A7A00000DDC5E020222900D21A4746D1409F4053
:10A7B0000A009D403A439C4200DDC0E01C1B631C24
:10A7C0001F2B00DDE4E0202114002800C91AD84026
:10A7D0008C408D400443DA40681E854117002543B4
:10A7E000002471E7424663461A4300D14CE26746B3
:10A7F00045466B0700D069E7012351467807ED080D
:10A80000FA080B40054373498C4238D012036405A3
:10A81000120B640D79E7002E00DC9AE0002A47D085
:10A820006C4A944200D14FE78022120410436246E2
:10A83000382A00DC08E10143481E81410022C9B2E8
:10A840004919D219A942BF410D007F42BF183A02EF
:10A8500000D442E15F4A0134944200D14EE101202C
:10A860005D4A69083A4028400843D5070543570820
:10A870009A4629E706000E4300D017E714E729009F
:10A88000114300D1F9E1802109030A431203120B9D
:10A890003BE701235B429846C4446346002B72D1D8
:10A8A000691A8D429B413F1A5B42FF1A0D0068E70F
:10A8B00002000A4300D107E7012252429046C444F5
:10A8C0006246002A00D0E6E06918A942B6413F1866
:10A8D0007642F7190D00BAE7002E00D080E0621C26
:10A8E0005205520D012A00DCF9E06A1A91464D45E5
:10A8F000B6413A1A7642921B9046120200D499E071
:10A900004D1BA9428941C71B49427A1A90469A4673
:10A910003CE752460123002513400022F5E62800BB
:10A9200000F0BCFA20300300083B1F2B00DC39E7A5
:10A930002A002838824000259C4200DC3EE7264F52
:10A94000E41A1740C0E60143481E81410022C9B203
:10A9500010E7002E00D0F1E0621C94465205520D23
:10A96000012A00DCA0E01B4A944500D1C5E069182B
:10A97000A94292413F185242D2194908D5070D43C6
:10A9800057086446A0E6134B9C4200D0D9E69BE6EC
:10A9900011001F3CE1400C00202B00D180E0402141
:10A9A000CB1A9A4015436A1E95410027254300247F
:10A9B0001FE763460200203BDA406346202B71D03C
:10A9C000402366469B1B98400143481E814111432A
:10A9D0000022CFE6FF070000FFFF7FFFFFFF0F8091
:10A9E000002C48D0CA4CA24200D1A2E07442A14639
:10A9F0008024240427434C46382C00DDDBE01F2C48
:10AA000000DD44E14E462024A41B3E00A640A246A1
:10AA1000B0464C462E00E640B446464664462643C1
:10AA20005446A5406C1EA54134002C434D46EF40D2
:10AA30000D1B28E04A4643464D461A4300D0A5E682
:10AA4000002300240025DEE61F2A5ADC6646202269
:10AA5000921B060096409146B04662460E00D640D4
:10AA6000424616434A4691404A1E914102006046C2
:10AA70003143C240E4E63C002C435AD0F443A146A3
:10AA8000002C52D14D1BA9428941C71B49427F1A54
:10AA900014009A4675E69E4A944200D0C7E613E633
:10AAA00000227FE700208FE7002C00D0C8E03B00A9
:10AAB0002B4300D10FE103000B4300D104E66918DA
:10AAC000A9429B413F185B42DF193B0200D41AE1C7
:10AAD000904B0D001F406446F6E59A4689E63A0021
:10AAE0002A43002C5CD1002A75D102000A4300D110
:10AAF000CAE007000D009A46E6E5644600220025FC
:10AB000081E662460600203AD6406246B046202AD8
:10AB100000D1B7E040226646921B90400143424676
:10AB2000481E8141114300228AE6794CA24200D09E
:10AB300061E707000D0014009A46C5E5002C41D1DD
:10AB40003C002C4378D0F443A146002C20D0704C1C
:10AB5000A24271D04C46382C00DDB2E01F2C00DD43
:10AB6000BCE02026341BA2463C005646B4404E466C
:10AB7000A0462C00F440A446444666463443A4460E
:10AB80005446A54064466E1EB54125434C46E740F9
:10AB90006D188D4289413F184942CF19140056E67D
:10ABA000002A2FD102000A4300D184E007000D00E3
:10ABB0009A46574C88E53D436F1EBD41ECB20027D5
:10ABC0000D1B60E7524CA24236D0744280263604F8
:10ABD000A1463743BEE702000A4300D174E56A1A72
:10ABE00090464545B6413A1A7642921B9446120267
:10ABF00000D4F7E54D1BA9428941C71B49427F1A82
:10AC00009A4661E502000A433AD0ED087C072C43DE
:10AC10008025FA082D032A4208D0C7082F4205D103
:10AC200045072C003A009A46C9080C43670FD2002A
:10AC3000E5001743364C47E507000D00140043E5D7
:10AC40003A002A4343D002000A4319D0ED087C079A
:10AC50002C438025FA082D032A4207D0C6082E422D
:10AC600004D147073C003200C9080C43D700620FEB
:10AC7000E50017439A46264C26E50022002544E5C8
:10AC8000234C21E5002049E700230025BBE54C4685
:10AC90003E00203CE6404C46B446202C31D04024B7
:10ACA0004E46A61BB7403D436C1EA54164462C434F
:10ACB00000270D1BE7E6802200231203144C002519
:10ACC000A1E53D436F1EBD410027EDB260E70700DF
:10ACD0000D000F4CF8E407000D00F5E44E463C0073
:10ACE000203EF440A0464C46202C0ED040244E4638
:10ACF000A41BA7403D436F1EBD414446002725438A
:10AD000046E70027CFE70D0073E50027F2E7C046CE
:10AD1000FF070000FFFF7FFF0B0330B5134D1A0B39
:10AD20004B005B0DC90F0024AB4211DD104CA34258
:10AD300010DC8024640322430E4CE41A1F2C0CDD2B
:10AD40000D48C31ADA4013005C42002900D11C00F0
:10AD5000200030BD094BCC18FAE7E040084CA4466F
:10AD600063449A4013000343EEE7C046FE0300002D
:10AD70001D0400003304000013040000FFFFFF7FE8
:10AD8000EDFBFFFF70B5051E28D000F087F8154BCE
:10AD9000154A1B1AD21A1F2A16DD2C00134A002549
:10ADA000D21A94405A052403240B520D0021240387
:10ADB0000B0D240B1B0523430D4C1205234013439D
:10ADC0005B002800590870BD0B212C00081AC440F4
:10ADD000954024035A05240B520DE7E70022002476
:10ADE000E4E7C0461E040000330400001304000022
:10ADF000FFFF0F804200120E511C4302C9B270B512
:10AE00005D0AC40F012915DDE02189008C466D071C
:10AE10001B0B6244002128000D0D2D052B431C4DFA
:10AE200052052B40520813435B00E4075B082343A1
:10AE3000190070BD002A15D1002D1FD0280000F088
:10AE40002DF80A281DDC0B232A001B1ADA401300F8
:10AE50000200153295400F4A1B03121A52051B0BB4
:10AE6000520DD7E7002D06D080221B0B120313438F
:10AE70006D07094ACEE7084A0023CBE700220023EA
:10AE8000C8E703000B3B9D402B000025E3E7C046CD
:10AE9000FFFF0F8089030000FF0700001C21012332
:10AEA0001B04984201D3000C10391B0A984201D3AD
:10AEB000000A08391B09984201D30009043902A28B
:10AEC000105C40187047C0460403020201010101F2
:10AED0000000000000000000F8B54A0243024400F0
:10AEE0004E00C50F240E28009B09360EC90F92098B
:10AEF0008D4259D0A01B002800DC8DE0002E1AD115
:10AF0000002A00D079E05A0704D00F221A40042A00
:10AF100000D004335A0138D50134FF2C00D189E028
:10AF200028009B015B0AE4B25B02E4055B0A234351
:10AF3000C0071843F8BDFF2CE5D08021C9040A439F
:10AF40001B2800DD89E016002021C640081A824037
:10AF5000511E8A4132439B1A5A0114D59B019E0906
:10AF60003000FFF79BFF05388640844265DC041BF8
:10AF7000330020200134E340041BA640721E96419A
:10AF800000243343BFE75A07BFD1DF082800FF2C56
:10AF90002FD1002F00D187E08022D20313003B4342
:10AFA0005B025B0AFF24BFE7A11B002949DD002EDD
:10AFB00029D0FF2CA7D08026F60432431B2900DDC0
:10AFC0008DE017002026CF40711A8A40511E8A4119
:10AFD0003A439B185A01D6D50134FF2C64D0012284
:10AFE00076491A405B080B4013438CE7031ECAD115
:10AFF00000207B025B0AE4B296E701380028AAD061
:10B00000FF2C9DD17FE7002A00D17CE70139002980
:10B01000DFD0FF2CD2D176E7002820D1601CC0B24F
:10B02000012853DD80279E1AFF0437402FD0D61AFF
:10B030000D0095E72800002376E7614B241A334082
:10B0400061E700294DD1611CCEB2012E2FDDFF2911
:10B050002AD09B185B080C0055E701227BE7002CE7
:10B060001BD1002B5BD0C04300280CD0FF2E7ED01C
:10B070001B2800DD92E01D002024C540201A8340DB
:10B08000581E83412B43D31A34000D0064E7002E71
:10B0900000D065E700200024ABE7FF2E67D08024B6
:10B0A000E40440422343E3E7FF2400233CE7002C71
:10B0B00061D1002B7ED0002A00D124E79B185A01D1
:10B0C00000D460E73E4A0C0013401CE7002C1ED160
:10B0D000002B2FD1002A66D013000D0013E70122A8
:10B0E00077E7002C1FD1002B5AD0C94300290BD081
:10B0F000FF2E50D01B295FDC1F002024CF40611A97
:10B100008B40591E8B413B439B18340062E7002B58
:10B110001CD1002A4AD013000D00FF24F3E61300CF
:10B1200034000D00EFE6FF2E35D08024E4044942C0
:10B130002343DFE7002A00D1E5E68027981AFF04C1
:10B14000074000D152E7D31A0D00DCE6FF24002AA5
:10B1500000D1D8E68020DB08C003034204D0D20827
:10B16000024201D113000D00DB00FF24CBE61300E7
:10B17000FF240D00C7E6002B0DD0FF24002A00D1CC
:10B18000C1E68021DB08C9030B42EDD0D2080A4298
:10B19000EAD11300E8E71300FF24B4E6012372E7C5
:10B1A00013003400AFE60027002022E780270020AC
:10B1B000FF03F1E61300A6E60123A5E7FFFFFF7DED
:10B1C000FFFFFFFB43025A0A40004B024900000EFA
:10B1D0005B0A090EFF2803D00020FF2906D0704724
:10B1E000FE38002AFBD10020FF29F8D11800431EA9
:10B1F0009841F4E7F0B556464D4644465F46F0B4F4
:10B200001D000E034C00CB0F87B00700924681460D
:10B21000360B640D98466AD06D4B9C4235D0802227
:10B22000430F12041343F6001E43C3009946694BB3
:10B2300000279C460023644402932B0368001B0BE9
:10B24000ED0F51469B46400D009500D178E0604BD4
:10B2500098426CD05B46DA004B0F802109040B4307
:10B2600013439B465346D9005A4B9C4600236044E7
:10B270004246201A6A40924601901F430F2F00D980
:10B28000B0E05548BF00C0598746374300D088E03A
:10B29000002399460233082700260293CDE7434650
:10B2A000B34649460093029B009A9246022B00D077
:10B2B000BFE1002153460122002689461A40444B33
:10B2C000002136030C0D2405360B2643434C1B0589
:10B2D00026401E437600D2077608164348463100C2
:10B2E00007B03CBC90469946A246AB46F0BD330041
:10B2F00003434FD0002E00D1BCE13000FFF7CEFD5C
:10B3000003000B3B1C2B00DDADE11D220100D31A15
:10B3100008393A008F408E40DA40B9461643304B28
:10B3200000279C46002360444442029385E753462D
:10B330005A4613432CD1002300219B46023397E742
:10B340000B4320D05B46002B00D19EE15846FFF70F
:10B35000A5FD03000B3B1C2B00DD8FE102005946CD
:10B36000083A91408B461D21CB1A5146D9400B001B
:10B3700059460B4351469B469140194B9C466044AD
:10B380004042002374E7002300219B4601336FE70E
:10B3900003236DE700239946013304270026029317
:10B3A0004BE703230C27029347E70122D51A382DD8
:10B3B00000DCB0E153461A400021002300268946F4
:10B3C0007EE700238026994600223603004B77E76C
:10B3D000FF07000001FCFFFFB0880108FFFF0F809E
:10B3E000F30300005E4500D972E100D16DE1019BDD
:10B3F0004D46013B01930023340002935B461E023D
:10B400000B0E1E430B020393330C994633041B0CA3
:10B41000494620000093FDF753FE009B370043434D
:10B420000600494620009846FDF7D0FE2C0C090482
:10B430000C43A04509D9E419731EA74200D95CE169
:10B44000A04500D859E1023EE4194346E41A4946B2
:10B450002000FDF735FE0300009A8046534349461D
:10B4600020009B46FDF7B2FE2A040904120C0A4391
:10B4700093450DD94346D219013B974200D93AE191
:10B48000934500D837E102235B429C46D219E04441
:10B490005B46D21A4346360433439B460399180C45
:10B4A0000B0C1D00059309045B46090C0C001B04E2
:10B4B0001B0C4443049159436B4368431B190D0C07
:10B4C000EB189C4203D980246402A44660441C0CFF
:10B4D00009041B04090C20185D18824200D2DEE02A
:10B4E00000D1D7E0161A029B9C465D1BAC459B41E0
:10B4F0005B42F61AB74200D106E149463000FDF73B
:10B50000DFFD009B04004343494630009846FDF7A9
:10B510005DFE2E0C09040E43B04509D9F619631ED1
:10B52000B74200D9F3E0B04500D8F0E0023CF6198C
:10B530004346F31A494618000293FDF7C1FD009BEC
:10B5400006004343494602989846FDF73FFE2D0406
:10B5500009042D0C0D43A84509D9ED19731EAF42FE
:10B5600000D9D6E0A84500D8D3E0023EED19240466
:10B57000210043463143049E059A3000ED1A0B0426
:10B580000C0C1B0C58436643534354439A19030C49
:10B590009B189E4203D980225202944664441A0C9E
:10B5A00000041B04000C14191B18A54250D34DD0E5
:10B5B00001231943964A019B94466344002B00DC07
:10B5C000F3E64A0709D00F220A40042A05D00A1DD3
:10B5D0008A42894149428B4411005A46D20108D51A
:10B5E0005A468C4B1A4093468022D2009446019BC7
:10B5F0006344894A934200DD5BE65A46C908500716
:10B6000008435602514601225B058146360B5B0D0D
:10B610000A4055E680231B031E4211D05A461A42A7
:10B620000ED15E461E433603360B2A0089467B4BFD
:10B6300046E6032B00D1E1E0012BBBD11A40BBE66B
:10B640001E433603360B4246744B39E6002BB1D00D
:10B650007D194A1EAF4252D91100A542A8D1039AC2
:10B660009A42A5D1A6E703003E00283B9E40002356
:10B67000994654E6FFF712FC203041E6030052469B
:10B68000283B9A400021934677E65046FFF706FC98
:10B6900020305EE6029B0026AB4200D323E7039EE8
:10B6A0000299B44661448846B045B6415B4676424D
:10B6B000F619B218013B0291974213D290424FD82B
:10B6C00000D18EE0161A9B460DE7894500D28EE622
:10B6D00074084B46F60735005B081D434B46DB07F5
:10B6E00002938BE69742EDD10399029CA142E5D9E2
:10B6F0003E1A9B46F7E69846CAE61E00A5E6AC420F
:10B700003ED874D0110053E70121494252E71C0092
:10B710000EE71E002BE71F2D3CDC20230A005846B5
:10B720005B1B9840EA4099400243481E81415E46B7
:10B730001143EE404B0709D00F230B40042B05D0DB
:10B740000B00191D99429B415B42F61833023CD510
:10B750005346012200211A40002601238946AFE505
:10B7600002235B429C46039CE344A446029B634441
:10B770009846A045B6417642F6190293B218B1E652
:10B7800003988A1E41008142B6417642F619AD19EE
:10B79000039161E71F225242D31A5A46DA4013003E
:10B7A000202D29D040225846551BA8400143481E51
:10B7B000814107200B4318400026002809D00F22A2
:10B7C00000261A401900042ABBD10B00700776022C
:10B7D000360BDB0803439946012253461A400023E7
:10B7E0006EE502998D42BBD89B4600267BE6039806
:10B7F0009842C5D3110032E70020D7E780265B4688
:10B8000036031E433603360B009A8946034B57E531
:10B81000FF030000FFFFFFFEFE070000FF07000020
:10B820004B0070B55E0D0C03751C640A420F6D056C
:10B830002243C90FC4006D0D012D2ADD3B4BF318C7
:10B84000FE2B1ADC002B42DD8001451EA841D200F0
:10B850001043620F0243500704D00F201040042809
:10B8600000D004328020C004104021D00133FF2BCF
:10B8700003D09201520ADBB201E0FF230022520200
:10B88000520ADB0513435B00C9075B080B43180032
:10B8900070BD002E07D01443EFD08020D20080046A
:10B8A0000243FF23D7E722430023002A03D00522C7
:10B8B000D208FF2B03D05202520ADBB2DFE7002A84
:10B8C00032D08020C00302435202520AD7E7180048
:10B8D000173014DB8020000402431E20C01A1F28EA
:10B8E0000FDC2500124BF3189D406E1EB5419A40A7
:10B8F0002B0013432200C2401A430023ABE700236E
:10B90000D5E702256D42EB1A1500DD40202809D04D
:10B91000084BF3189A401443621E944122000023FE
:10B920002A4398E70022F6E70022A8E780FCFFFF01
:10B9300082FCFFFFA2FCFFFF10B586B001AC142211
:10B94000002120000CF0B0FD0123A3726372034BB1
:10B950000193200008F048FB06B010BDFF1B4E0EFF
:10B9600072B6034B034A9A60034A9A6062B6704704
:10B9700000B0004015AD087979A8D55A00B587B058
:10B9800001A80023837208F02FFB07B000BDC0465A
:10B9900000B589B02022002168460CF085FD0D4BD2
:10B9A0000093343301930C4B029301236A46D37600
:10B9B00003226946CA754B754B740222CA730B7415
:10B9C0000B338B8102338B73044806F013FE09B0EE
:10B9D00000BDC046100500204C3000404020014012
:10B9E00010B588B0564C02220B21200006F070FFE3
:10B9F00002220A21200006F06BFF0222092120000A
:10BA000006F066FF02220821200006F061FF0222F4
:10BA10000721200006F05CFF02220521200006F02D
:10BA200057FF02220421200006F052FF02220321C8
:10BA3000200006F04DFF02220221200006F048FF00
:10BA4000404C02220121200006F042FF0222002188
:10BA5000200006F03DFF02220F213B4806F038FF90
:10BA600001A900230B7001224A708A70CB700B7100
:10BA70004A718B71CB710B724B728B72CA720B73E2
:10BA80004B730C208873CB730B740A762F4C2000F9
:10BA900006F0BAF8002306220021200006F084F9FF
:10BAA000012306220121200006F07EF9022306224E
:10BAB0000221200006F078F903230622032120004A
:10BAC00006F072F9042306220421200006F06CF926
:10BAD000052306220521200006F066F9062306222A
:10BAE0000621200006F060F9072306220721200026
:10BAF00006F05AF9082306220821200006F054F91E
:10BB0000092306220921200006F04EF90A23062205
:10BB10000A21200006F048F90B2306220B21200001
:10BB200006F042F9FFF734FFA26802231343A36033
:10BB30006368802212061343636008B010BDC046DC
:10BB4000000008206000082030000820003000407D
:10BB50008100064B064A8A589A4203D90B000349D2
:10BB6000034A99508000024BC0587047FF0F0000F5
:10BB70001005002010B5064C00220821200006F018
:10BB8000A7FE00220821200006F008FF10BDC046D5
:10BB90003000082010B500F0D3F800F0EDF8FFF702
:10BBA0001FFFFFF7E7FF10BD10B50821014806F0A1
:10BBB00089FE10BD3000082070B590B01B4C0122EA
:10BBC0000121200006F084FE01220021200006F061
:10BBD0007FFE0BAD1422002128000CF065FC07ACA1
:10BBE0001022002120000CF05FFC01AE1822002181
:10BBF00030000CF059FC96235B006B802D33FF3333
:10BC0000AB800223AB71013BEB712B72A370A5607B
:10BC1000637318222273A37374603372044BF3812D
:10BC20003100044807F0E4F910B070BD00000820AE
:10BC3000AF0400000030014070B590B01C4C0122F0
:10BC40000C21200006F044FE01220B21200006F00A
:10BC50003FFE0BAC1422002120000CF025FC07ADA8
:10BC60001022002128000CF01FFC01AE1822002138
:10BC700030000CF019FC02232370962252006280DF
:10BC80002D32FF32A280A371013BE3712372AB70AE
:10BC9000AC606B7318222A73AB7375603372054BFB
:10BCA000F3813100044807F0A3F910B070BDC0461D
:10BCB00030000820AF0400000030014070B590B0A3
:10BCC0001C4C01220321200006F002FE0122022169
:10BCD000200006F0FDFD0BAC1422002120000CF02A
:10BCE000E3FB07AD1022002128000CF0DDFB01AEC4
:10BCF0001822002130000CF0D7FB042323702933D5
:10BD0000FF3363802D33FF33A3800223A371013BF4
:10BD1000E3712372AB70AC606B7318222A73AB7340
:10BD200075603372044BF3813100044807F060F909
:10BD300010B070BD00000820AF04000000300140CA
:10BD400010B5FFF739FFFFF777FFFFF7B7FF10BD1B
:10BD5000C000034B9C46604400230361816170472F
:10BD600000300140C000034B9C466044806880B2B4
:10BD70007047C046083001407047C04610B502F019
:10BD800005F8024A024B9A6062B610BD00900008A6
:10BD900000ED00E010B5FFF7F1FF01F041FD04F008
:10BDA0004BFE04F053FF02F0BDFB05F0F3FD00F085
:10BDB000BDFD02F0E9F902F07BFBFFF7BDFDFFF7E7
:10BDC000E9FE0AF083FE00F02BF9FEE730B583B000
:10BDD00000F04CFF314B01930125009500233022E8
:10BDE0002F49304801F008F92F4B019302240094A9
:10BDF000002318222D492E4801F0FEF82D4B019307
:10BE00000094002318222C492C4801F0F5F82C4B03
:10BE100001930094002318222A492B4801F0ECF8E2
:10BE20002A4B01930094002318222949294801F044
:10BE3000E3F8294B01930095002340222749284825
:10BE400001F0DAF8274B01930094002340222649A1
:10BE5000264801F0D1F8264B01930094002380225C
:10BE600052002449244801F0C7F8244B019300955F
:10BE7000002340222249234801F0BEF8224B0193BF
:10BE80000094002340222149214801F0B5F8002008
:10BE900001F0A8F900F0F6FE03B030BD5005002017
:10BEA000F088010885BF00085405002000890108BA
:10BEB00015BF000860050020108901082DBF00088B
:10BEC000680500202089010849BF000844050020BA
:10BED0003089010865BF0008480500204089010835
:10BEE000C1BF00084C05002060890108D9BF0008C7
:10BEF0006405002078890108A1BF00085C050020C6
:10BF00008C890108F1BF000858050020A8890108A4
:10BF100009C0000800B583B001F0F4F9019000F009
:10BF200011FD0A2101A801F07FFBF8E700B583B0FD
:10BF300001F0E8F90190002000F010F9322101A889
:10BF400001F072FBF7E7C04600B583B001F0DAF903
:10BF50000190012000F002F9642101A801F064FBC6
:10BF6000F7E7C04610B582B001F0CCF90190FA2491
:10BF70006400022000F0F2F8210001A801F054FB57
:10BF8000F7E7C04610B582B001F0BCF90190FA2481
:10BF9000A400FFF7E5FC210001A801F045FBF8E74C
:10BFA00000B583B001F0AEF9019008F0BFF808F0D9
:10BFB000F7FB0AF0E5FC052101A801F035FBF4E7E9
:10BFC00000B583B001F09EF9019004F0CBFF32215F
:10BFD00001A801F029FBF8E700B583B001F092F960
:10BFE000019004F023FB322101A801F01DFBF8E7CA
:10BFF00000B583B001F086F9019002F097F9642151
:10C0000001A801F011FBF8E700B583B001F07AF95F
:10C01000019004F0C7F9642101A801F005FBF8E7DD
:10C0200000B583B000230193013300930023302235
:10C030000449054800F0E0FF012801D101F028F98A
:10C04000FEE7C046C4890108CDBD000830220028A3
:10C0500009D10AE0C046013BDBB2002BFAD101381E
:10C0600080B2002801D01300F4E77047022819D8E5
:10C070000D4A8D23DB00584310180C4B9C4660443E
:10C08000002303706346D35CDB070BD4084BD35CFF
:10C09000DB0707D4074BD35CDB0703D4137A7F217C
:10C0A0000B4013727047C046203400206206000027
:10C0B000CA0A0000320F0000064B002206495A54FB
:10C0C00006495A5406495A541A7A7F210A401A726C
:10C0D0007047C0462034002062060000CA0A0000F3
:10C0E000320F000010B500F0CBFB094B5B7A7022D9
:10C0F0001A4204D001221343054A537205E0044852
:10C1000010221343437200F0BFFB00F0BBFB10BDD5
:10C1100020340020024B00221A755A757047C04621
:10C120002034002070B504000B4B1D7D00203B2DFA
:10C1300010D81E00587D40193C21FDF731F9881CAC
:10C14000C00030180630082221000CF06FF90135CC
:10C150003575012070BDC04620340020F0B557462B
:10C160004E464546E0B484B00190484B1B7A7F2B85
:10C1700000D884E0464E0023984600254246B1464A
:10C18000B379DB076FD5337901998B426BD1738813
:10C19000013B9BB27380002B65D1338873800024F0
:10C1A0008D23DB0053431F00B2462B1902AA1370E4
:10C1B00000F066FBE000001BC000C019F930FF3042
:10C1C000324B9C466044031D443083422ED2E20031
:10C1D000121BD200D2196244FD32FF3211680029CD
:10C1E00024D002AA01321E79042E0AD10E781670CC
:10C1F0000E68360A56704E889670C978D17004322F
:10C200000BE0022E06D10E8816700988090A5170BB
:10C21000023202E0097811700132083304A98A421F
:10C2200004D2984202D019680029DCD1174B5B7AFE
:10C2300070221A4207D002A8FFF774FF002809D124
:10C2400000F020FB08E020221343104A537202A89A
:10C2500000F01AFB00F016FB0134E4B253465B79A0
:10C26000A342A2D24E461435EDB201239C46E044CF
:10C270008D23DB009C4666443C2D00D07EE704B055
:10C280001CBC90469946A246F0BDC0462034002012
:10C290007C3A002010B500F053FB154B154AD35AD9
:10C2A0000020002B22D0FF2B05D8DBB2104A114909
:10C2B0008852104906E0013BFF3B0D4A0D498B5265
:10C2C0000023F6E70A6914788888201888800132EC
:10C2D0000A61013BDBB2002BF4D1054B054AD35A6E
:10C2E0000120002B02D1FFF7FDFE002010BDC0464B
:10C2F000360F000020340020F8B504000378012B2D
:10C3000000D15CE2052B28D154E2D54B1B7ADB0629
:10C3100004D4FFF7D1FE0022D14B5A72D0490B7AD8
:10C3200010229343202213430B72CD4BFF221A702D
:10C3300000225A7061789970FE21D9709A80DA8053
:10C3400035E2C74B1B7A9A0600D43DE22022934384
:10C3500010221343C24A137236E2C14B1A7A930673
:10C3600000D431E2BE4BFF21197000215970417891
:10C3700099700578232D00D916E2AB00B949CB5846
:10C380009F46B94B1A780023002A0FD114E02023CE
:10C390009A43B34B1A728378002B04D110231A43AB
:10C3A000AF4B1A7203E2FFF787FE00E2AE4901339A
:10C3B000DBB2CA5C002AFAD1A94AD37000231371F8
:10C3C0009371433353714B33D371A74BD360EEE179
:10C3D0008378002B06D14168C07800F095FAA04B15
:10C3E000D860E4E132229E4B5A70E0E18178C31CB0
:10C3F0004A1ED2B2002900D1D9E1043284189849EA
:10C400001A78C8680270CA680132CA600133A34250
:10C41000F6D1CCE1831C083491491A78C8680270BF
:10C42000CA680132CA6001339C42F6D1BFE182780A
:10C43000531EDBB2002A00D1B9E1181D884BC01889
:10C4400003338749CA6812781A700133CA68013207
:10C45000CA609842F6D1AAE1C078616800F054FA47
:10C460007F4B1861A278531EDBB2002A00D19EE1F7
:10C47000181D7B4BC018033379490A6912781A706A
:10C4800001330A6901320A618342F6D18FE1807873
:10C49000FFF7ECFDA278022A19D88D23DB005A435E
:10C4A000F932FF326E4BD218131D70498C4662442C
:10C4B000934204D20021197001339342FBD1684AA0
:10C4C000117A02230B431372FFF724FE00E00025CC
:10C4D000634AD570A37814214B43137167E18378C5
:10C4E000022B05D8C178132902D80279072A07D967
:10C4F0005B4B31225A700021C832FF32995056E10D
:10C50000574CC800411A8D204343CB189B183F332A
:10C51000DB001B190433FC225200A35047E183784F
:10C520005A1E012A01D9042B05D1FC235B004C4A79
:10C53000D558002D03D13122494B5A7037E1E179AA
:10C540000906A3791B04C91863791B02CB1821794A
:10C550005918E07800F0D8F92860FC235B00404AC5
:10C56000D358A2781A7122E1930703D422223C4BBC
:10C570005A701CE18378012B08D0002B02D0022BCB
:10C5800041D07DE0C078FFF771FD10E1C678022E42
:10C5900000D90CE105794379C17909028079411804
:10C5A00089B28D20C00070432D4F3818CC27FF0072
:10C5B000BC4660440370002900D101318D23DB00AB
:10C5C00073432748C3182A48181801802949591865
:10C5D00001200880284959180D7028498C46634469
:10C5E00004211970E078022800D9E0E01C498D236D
:10C5F000DB004343CB1863440120187080235B4267
:10C600001A430A72D3E0C578022D00D9CFE0007931
:10C610006379E2791202A1798A1892B28D21C90058
:10C6200069430F4C6118CC24E400A44661440B70AC
:10C63000002A00D101328D23DB006B430849CB185F
:10C640000B4959180A800B4A9A18012111800A4A8D
:10C650009A181070094A9446634404221A70A6E09E
:10C6600020340020DC890108000000206C04000058
:10C670005C0600005E060000610600006206000025
:10C680003122524B5A7092E0930703D422224F4B2F
:10C690005A708CE08378002B02D0012B03D019E074
:10C6A000FFF70AFD83E00023484D0126484C494925
:10C6B000591849190878042800D10E708D21C90035
:10C6C0008C466344A342F2D180235B421A433F4B22
:10C6D0001A726CE031223D4B5A7068E03B4B0222EB
:10C6E000DA7000225A60DA681A6183881B04428873
:10C6F0001A43002B02D03221344B5970334B364948
:10C700005A525B78002B52D15EE0437919060379C7
:10C710001B04CB18C27812029B18817859182B4B36
:10C72000D86800F0FFF842E08278284D0330E968CD
:10C7300000F0FAF8A378EA6894466344EB600228B4
:10C7400035D141E0214D02300622E96800F0ECF8D5
:10C75000EB680633EB60022829D135E01B4BD86823
:10C7600000F0DAF823E0194C0023E37000F0CEF873
:10C7700060601CE044239A4314490A728378442081
:10C7800003401A430A72A278144BCA540FE00F4BAD
:10C79000124A9A5CDA7000221A7108E00B4B0222EE
:10C7A000DA70013A1A7102E03022084B5A70FFF732
:10C7B00099FC09E04388002B00D1B6E5C1E5438828
:10C7C000002B00D0BDE5A0E5F8BDC0462034002018
:10C7D000380D000062060000360F0000340F000024
:10C7E00010B51F4A537A70211800884350720124F3
:10C7F0001C4007D071229343194A5372FFF772FC11
:10C8000001242AE0164B1B7A7F2B26D900F038F83A
:10C81000134B1C7D002C1ED01C005A7A202313437E
:10C820006372607D0230C0000019063000F02CF801
:10C83000637D0133DBB23B2B02D8094A537502E01A
:10C840000022074B5A75064A137D013B137500F011
:10C8500019F8012401E000F015F8200010BDC046D1
:10C8600020340020044B054A991800221A70013325
:10C870008B42FBD17047C04620340020380F0000A7
:10C8800072B6704762B6704710B5184B08225A72DC
:10C8900000225A7300231549C25C0C69E25401332B
:10C8A000082BF9D1114B1B691B78132B03D8104AA5
:10C8B0000E4B1A6011E01A00143A132A03D80D4ADD
:10C8C0000A4B1A6009E0283B132B03D80A4A074B8E
:10C8D0001A6002E0094A054B1A6001220349084820
:10C8E00004F07EF90122074B1A7010BDC4330020FA
:10C8F000D1070000D2070000D3070000D4070000D2
:10C90000007800406D05002008007047014B187842
:10C910007047C0466E050020014B18707047C04636
:10C920006E0500207047C0460020704710B5FFF725
:10C9300099FF0022014B1A7010BDC0466E05002001
:10C940007047C04610B50C4B1B78012B06D1002256
:10C95000094B1A70094B1869FFF7CEFC72B6A02379
:10C96000074AD258C0239B021A4201D1FFF738FF71
:10C9700062B6FFF78FFC10BD6C050020103300205D
:10C980000078004010B5124B00E013001A68824294
:10C99000FBD359685C18A04203D140684118596024
:10C9A0001800446801198A420CD10A4A126891425F
:10C9B00006D04A68141944601A681268026002E0DE
:10C9C000016000E00260984200D0186010BDC046CF
:10C9D0007C0500207805002070B5040000F08AFC7A
:10C9E0003C4B1B68002B20D13B4A530708D0D11D7C
:10C9F00007239943A0239B01D3185B1A0A0001E087
:10CA0000A0239B013548026000214160D318083BF8
:10CA1000072083432F48036059601960991A5160B9
:10CA200013602F4B19602F4B1960002C4CD007233B
:10CA300023401A0010239B1ADA43944244D8E31887
:10CA4000002B3DDD274A1668B34239D8234A1468C3
:10CA500001E022000C0061688B4202D921680029A4
:10CA6000F7D11C4909688C422AD0156821681160E9
:10CA70006268D21A102A08D9E018410701D072B6AC
:10CA8000FEE742606360FFF77DFF6268B31A1549F5
:10CA90000B60134909688B4201D211490B600835BC
:10CAA00080231B061A436260002323600E4A13682A
:10CAB0000133136000F01AFD6B0708D072B6FEE771
:10CAC00000F014FD002502E000F010FD0025280014
:10CAD00070BDC04678050020880500207C05002038
:10CAE000882D0020740500207005002010B5002856
:10CAF00023D00300083B5B68002B01DB72B6FEE726
:10CB00000200083A1268002A01D072B6FEE708381F
:10CB100004005B005B08436000F0ECFB074A6368BD
:10CB200011688C46634413602000FFF72BFF044A12
:10CB300013680133136000F0D9FC10BD74050020A8
:10CB400084050020030008334360012252428260C2
:10CB5000C3600361002303607047C0460023036184
:10CB60007047C04643684B609A688A609A68516013
:10CB700099600861036801330360704730B50C6841
:10CB800002000832631C02D1026904E01A005368F3
:10CB90001D68AC42FAD253684B6099608A6051605C
:10CBA000086103680133036030BDC0460369426811
:10CBB000816891608268416851605A68904201D1F1
:10CBC00082685A60002202611A68013A1A60186885
:10CBD0007047C04682B000230193064B1B680133A7
:10CBE00001D072B6FEE772B6019B002BFCD002B0FA
:10CBF0007047C04610000020000000000000000048
:10CC00000B4A13681868203080F30988022080F3EB
:10CC10001488BFF36F8F3FBCAE4608BC04BC62B63D
:10CC20001847C046C046C046C046C046C046C0467B
:10CC30003C2E002010B5031F802464041C60043BBC
:10CC40001960043B02491960143B1A60403810BD5A
:10CC5000D5CB000880225205034B1A60BFF34F8FDB
:10CC6000BFF36F8F7047C04604ED00E072B6044A10
:10CC7000136801331360BFF34F8FBFF36F8F70479B
:10CC800010000020064B1B68002B01D172B6FEE796
:10CC9000013B034A1360002B00D162B67047C046C7
:10CCA00010000020EFF3108072B6704780F31088F8
:10CCB0007047C046000000000000000000000000B7
:10CCC000EFF309800E4B1A6820381060F0C044461C
:10CCD0004D4656465F46F0C008B572B600F030FDCE
:10CCE00062B60CBC116808681030F0C8A046A946AE
:10CCF000B246BB4680F309882038F0C81847C046C2
:10CD00003C2E002010B5FFF7CDFF040000F032FBF1
:10CD1000002803D080225205024B1A602000FFF742
:10CD2000C5FF10BD04ED00E070B5134D2C6813492C
:10CD30002000FCF7C5F90100114B18601148FCF701
:10CD4000BFF9114B186021002000FCF7B9F9010070
:10CD50005E20FCF7B5F90D4B18600D4C00232360E5
:10CD60000C4A136028680549FCF7AAF901380A4BF8
:10CD700018600723236070BD2000002010270000EA
:10CD80008C2D0020FFFFFF00942D0020902D00200F
:10CD900010E000E018E000E014E000E010B50C4BFB
:10CDA0001A68FF2109040A431A601A68FF2109065C
:10CDB0000A431A60FFF7B8FF0022064B1A60FFF71C
:10CDC0001FFF00F0BDFCFFF705FF002010BDC046AF
:10CDD00020ED00E01000002070B504003F4B1D68FE
:10CDE00072B6BFF34F8FBFF36F8F00F0F7FC0028D0
:10CDF00001D162B670E00622394B1A60394B1968CE
:10CE0000002901D1384B19682B00A54200D9230015
:10CE1000581E354A1268424352183449096849017C
:10CE200006D58024A40431490C602F490968521AA0
:10CE30002F4909688A4200D9521A2E490A600024F3
:10CE400028490C60264C2568012129432160002BCC
:10CE500004D0BFF34F8F30BFBFF36F8F62B6BFF305
:10CE60004F8FBFF36F8F72B6BFF34F8FBFF36F8FCC
:10CE70001B4906240C600968C90310D51A4B1968B0
:10CE8000184B1B68CB18013B9A1A194B1B689A4226
:10CE900001D9914200D24A1E164B1A600EE0114A87
:10CEA0001468114A15686B431C1B29002000FCF70D
:10CEB00007F9431C5D432C1B0E4B1C600022094BE1
:10CEC0001A600732064B1A60074B1B68013B094A80
:10CED000136000F01DFA62B670BDC046942D0020AC
:10CEE00010E000E018E000E08C2D002004ED00E0F0
:10CEF000902D002014E000E0094B1A68094B1B68D4
:10CF0000DB6A0020002B0AD1074B1B68012B06D8D7
:10CF1000002A04D1054B1B68054A1068181A70478F
:10CF2000942E00203C2E0020C02D0020402E0020FA
:10CF3000482E0020084B1B681B68002B04D10122DF
:10CF40005242064B1A6005E0034B1B68DB681A6807
:10CF5000024B1A607047C0469C2D0020402E0020D6
:10CF600070B504000D001E4B1E681E4B186804307F
:10CF7000FFF71CFE631C16D1002D14D01A4A51680D
:10CF8000184B1868816018688C68C4608C681868D1
:10CF9000043060601868043088601B685A61136848
:10CFA000013313601AE034190E4B1B685C60A64213
:10CFB00007D90E4B18680B4B19680431FFF7DEFDDB
:10CFC0000CE00B4B1868074B19680431FFF7D6FDCE
:10CFD000084B1B689C4201D2064B1C6070BDC046CA
:10CFE000482E00203C2E0020802E00204C2E0020B9
:10CFF0009C2D0020402E0020F0B5474680B482B022
:10D0000000900E00019395002800FFF7E5FC041E38
:10D0100000D1C7E05820FFF7DFFC071E0ED05822D2
:10D0200000210BF041FA3C632A00A52120000BF0FF
:10D030003BFA3B6B9846002E04D11EE02000FFF720
:10D0400055FDAFE00022B2563423FA540023F356C4
:10D05000002B0FD0731C3A00353239003E310020CE
:10D060001856107000201856002803D001330132E2
:10D070008A42F4D100223D23FA54089B042B01D9A3
:10D0800072B6FEE7089E042E00D90426FE62BE6436
:10D090003C1D2000FFF762FD38001830FFF75EFDF1
:10D0A0003F6105239B1BBB617F62281F4044072310
:10D0B0009843019A0099FFF7BDFD3860099B002B4A
:10D0C00000D01F60FFF7D2FD394A136801331360A7
:10D0D000384B1B68002B23D1364B1F601368012B84
:10D0E0002AD1354D2E0064362800FFF72BFD14356C
:10D0F000AE42F9D1314E3000FFF724FD304D28000B
:10D10000FFF720FD2F48FFF71DFD2F48FFF71AFD01
:10D110002E48FFF717FD2E4B1E602E4B1D600BE0B7
:10D120002D4B1B68002B07D1224B1B68DB6AFA6A68
:10D13000934201D81F4B1F60284A136801331360C4
:10D140003B64FB6A264A1268934201D9244A136061
:10D1500019499A00D3189B00CB185B68BB609A688A
:10D16000FA609A6854609C60FB6A9800C21892004A
:10D170008A187A61C218920052580132C3189B0073
:10D180005A50FFF77FFD144B1B680120002B0BD07A
:10D19000084B1B68DA6AFB6A9A4205D2FFF75AFD10
:10D1A000012001E00120404202B004BC9046F0BDE5
:10D1B000682E00203C2E0020C02D0020A82D00202D
:10D1C0006C2E0020502E0020242E0020802E0020C7
:10D1D0009C2D00204C2E0020A02D0020642E00202D
:10D1E000942E002070B50400FFF740FD002C01D103
:10D1F000204B1C68251D2800FFF7D8FCA36A002BD4
:10D2000003D020001830FFF7D1FC1B4A136801330C
:10D210001360184B1B689C4208D129001748FFF780
:10D22000A1FC174A13680133136005E0154A13681F
:10D23000013B1360FFF77EFEFFF724FD0D4B1B68DB
:10D240009C4205D0206BFFF751FC2000FFF74EFCFD
:10D250000D4B1B68002B0BD0064B1B689C4207D163
:10D260000A4B1B68002B01D072B6FEE7FFF7F2FCF9
:10D2700070BDC0463C2E0020642E0020242E0020CD
:10D28000382E0020682E0020A02D0020A42D002084
:10D2900000B583B0104B0193002300938022D2008D
:10D2A0000E490F48FFF7A8FE01280DD172B60122E2
:10D2B00052420C4B1A6002320B4B1A6000220B4B8D
:10D2C0001A60FFF76BFD03E0431C01D172B6FEE765
:10D2D000074B1B6803B000BD442E00206C8A010878
:10D2E000A5D60008402E0020A02D0020482E0020AA
:10D2F00014000020024A1368013313607047C046CF
:10D30000A42D0020014B18687047C046482E00200D
:10D3100010B50400134B1B68134A12681B18934284
:10D3200001D972B6FEE70F4B1B680F4A1268C3188B
:10D33000934212D10D4B1B68002B01D172B6FEE750
:10D34000002801D172B6FEE7FFF790FC084A136887
:10D3500001331360FFF796FC013C024A1368E4189E
:10D36000146010BD482E0020402E0020A42D002067
:10D37000BC2D0020F0B5474680B4514B1B68002BF4
:10D3800000D094E04F4B1C6801341C60002C12D17B
:10D390004D4B1B681B68002B01D072B6FEE74A4A52
:10D3A00011684A4B186810601960494A13680133C4
:10D3B0001360FFF7BFFD474B1B6800209C4265D3FD
:10D3C0000020414B9846002643461B681B68002BF3
:10D3D00004D1012252423F4B1A6057E03A4B1B687E
:10D3E000DB68DB685A68944202D23A4B1A604DE01F
:10D3F0005A699968DF688F60D9689F684F60191D06
:10D4000057688F4201D1DF6857605E611768013F3E
:10D4100017609A6A002A10D0DF691D6ABD601F6A12
:10D42000DD697D601F0018375568BD4201D11D6A56
:10D4300055609E621768013F1760DA6A264D2F68B3
:10D44000BA4200D92A609700BA189200234DAC4620
:10D45000624452689A609568DD609768796091606F
:10D46000DA6A9700B9188900654661445961B918AC
:10D47000890049590131BA1892005151184A11686E
:10D48000DA6ACB6A9A429FD901209DE7144B1B6848
:10D49000DB6A9A00D3189B00104A9B58012B00D9D5
:10D4A0000120104B1B68002B06D0012004E00E4A1F
:10D4B000136801331360002004BC9046F0BDC046E1
:10D4C000A42D0020482E00209C2D00204C2E002052
:10D4D000982D0020402E0020942E0020C02D0020EA
:10D4E0003C2E0020982E0020BC2D0020F8B5464B85
:10D4F0001B68002B01D172B6FEE7FFF7B7FB424B6A
:10D500001A68013A1A601B680024002B77D13F4B40
:10D510001A680023002A4ED171E0F368DB689C6A28
:10D52000DA691D6A95601A6ADD6955601A00183259
:10D530006568954201D11A6A626098622268013A70
:10D5400022605D699A68DC689460DA689C6854605F
:10D550001C1D6A68A24201D1DA686A6058612A68B3
:10D56000013A2A60DA6A2A4D2D68AA4201D9284D6B
:10D570002A609500AA1892008A1852689A609568E5
:10D58000DD6095686C609460DA6A9500AC18A40060
:10D590000C195C61AC18A40064580134AA189200FC
:10D5A00054501C4A1268D26ADC6A944207D30122A2
:10D5B000194C226003E0194F3E00002018493A68D8
:10D5C000002AAAD1002B01D0FFF7B4FC154B1C6830
:10D5D000002C0CD0104E0125FFF7CCFE002800D007
:10D5E0003560013C002CF7D100220E4B1A600A4B2B
:10D5F0001B680024002B02D0FFF72CFB0134FFF73F
:10D6000041FB2000F8BDC046A42D0020682E00205C
:10D61000942E00203C2E0020982E0020502E00201A
:10D62000C02D0020BC2D002070B505000C00002886
:10D6300001D172B6FEE7002901D172B6FEE7174BA1
:10D640001B68002B01D072B6FEE7FFF753FE144BA8
:10D6500018682A68A318904208D29A4219D99842A9
:10D66000A44164422B60984209D204E09A420DD84A
:10D6700098420BD30DE0181A0021FFF771FCFFF759
:10D6800035FF002808D1FFF7E5FA05E02B600124FB
:10D69000F1E72B600024F2E7200070BDA42D0020EC
:10D6A000482E0020F0B5474680B41F4B98461F4FC8
:10D6B0001F4E43461B68002B18D01B4DFFF7D6FAB0
:10D6C000FB68DC68201DFFF771FA3368013B3360AB
:10D6D0002B68013B2B60FFF7D5FA206BFFF706FAAA
:10D6E0002000FFF703FA2B68002BE7D1114B1B68D2
:10D6F000012B01D9FFF7AEFAFFF7FEFB0128D8D9BD
:10D70000FFF7F8FD0C4B1A680C4B1B689A4201D2CC
:10D7100072B6FEE7FFF7F0FB012801D9FFF75CFBCB
:10D72000FFF7E4FEC5E7C046382E0020242E002077
:10D73000682E0020C02D0020402E0020482E002002
:10D7400010B5214B1B68002B03D001221F4B1A6020
:10D7500038E000221D4B1A601D4B1B689A00D2183E
:10D7600092001C495258002A0DD1002B02D003E030
:10D77000002B01D172B6FEE7013B9A00D21892004D
:10D780005258002AF4D0134C9A00D118890061181D
:10D79000486840684860D21892000832A218904247
:10D7A00005D141689A00D2189200A21851609A00DF
:10D7B000D218920007498A185268D168064A116047
:10D7C000034A136010BDC046A42D0020982E0020EF
:10D7D000942E0020C02D00203C2E00200B4B1B68F7
:10D7E0000020002B11D10A4B1B68002B0DD1094BD7
:10D7F0001B68002B09D1084B1B68084A10680138C8
:10D80000181A431E98410223181A7047502E002000
:10D81000982E0020BC2D0020802E0020682E002095
:10D8200010B5084C00220821200005F051F8002214
:10D830000721200005F04CF801220721200005F007
:10D84000ADF810BD3000082010B5124C012208219F
:10D85000200005F0A3F801220821200005F028F897
:10D8600001220721200005F023F80420FEF7EEFB3B
:10D8700000220821200005F01BF80420FEF7E6FB3B
:10D8800000220721200005F013F80420FEF7DEFB3C
:10D8900010BDC0463000082010B50E4C01220821F2
:10D8A000200005F07BF800220821200005F000F898
:10D8B0000420FEF7CBFB01220721200004F0F8FF33
:10D8C0000420FEF7C3FB01220821200004F0F0FF32
:10D8D00010BDC04630000820F8B50500012208211F
:10D8E000164805F05BF808248027144E2F4205D017
:10D8F00001220821300004F0DBFF04E000220821AF
:10D90000300004F0D5FF6D00ADB20420FEF79EFBA1
:10D9100001220721300004F0CBFF0420FEF796FB24
:10D9200000220721300004F0C3FF0420FEF78EFB25
:10D93000013CE4B2002CD9D1F8BDC046300008202B
:10D9400070B5184C00220821200005F027F80122AC
:10D950000821200004F0ACFF0420FEF777FB012231
:10D960000721200004F0A4FF0420FEF76FFBFB2436
:10D970000C4D06E0013CE4B2002C02D1FFF78CFF15
:10D980000EE00821280004F09DFF0028F2D10022BB
:10D990000721044804F08CFF0420FEF757FB012404
:10D9A000200070BD3000082010B5124C0122082163
:10D9B000200004F0F3FF00220821200004F078FF8B
:10D9C0000420FEF743FB01220721200004F070FF32
:10D9D0000420FEF73BFB00220721200004F068FF33
:10D9E0000420FEF733FB01220821200004F060FF31
:10D9F00010BDC0463000082010B50F4C0122082190
:10DA0000200004F0CBFF01220821200004F050FF89
:10DA10000420FEF71BFB01220721200004F048FF31
:10DA20000420FEF713FB00220721200004F040FF32
:10DA30000420FEF70BFB10BD30000820F8B50700EE
:10DA40001A4C00220821200004F0A8FF012208211E
:10DA5000200004F02DFF08260024144D0122072188
:10DA6000280004F025FF0420FEF7F0FA6400E4B279
:10DA70000821280004F026FF002801D00134E4B278
:10DA800000220721280004F013FF0420FEF7DEFA2D
:10DA9000013EF6B2002EE1D1002F02D1FFF7ACFF1C
:10DAA00001E0FFF781FF2000F8BDC04630000820EC
:10DAB00070B504000D001600821880235B00002062
:10DAC0009A4238DC002935D0FFF7BEFEA020FFF7D0
:10DAD00003FFFFF735FF002828D0A0B2FFF7FCFEB8
:10DAE000FFF72EFF002821D0FFF7AEFEA120FFF7A1
:10DAF000F3FEFFF725FF002818D0B31E9BB2012EBE
:10DB00000AD02C000133ED182E000120FFF796FFFC
:10DB100020700134B442F8D10020FFF78FFF287045
:10DB2000FFF76AFFFFF7B8FE012004E0FFF7B4FE3D
:10DB3000002000E0002070BDF0B557464E46454637
:10DB4000E0B492468418802252000023944249DCBB
:10DB5000002946D083B299465346002B35D00F009A
:10DB60000025FF2398464B465E19B6B2002D01D022
:10DB700073071ED1FFF790FEFA208000FEF766FAC9
:10DB80000024FFF761FEA020FFF7A6FEFFF7D8FEF6
:10DB9000002804D10134A4B2642CF2D11DE0642C1D
:10DBA0001BD040463040FFF797FEFFF7C9FE002824
:10DBB00013D03878FFF790FEFFF7C2FE00280CD094
:10DBC0000135ADB20137AA45CDD1FFF765FEFA2088
:10DBD0008000FEF73BFA012304E0FFF75DFE01231E
:10DBE00000E0002318001CBC90469946A246F0BDF8
:10DBF000002103E00F4B5B58435004310E480F4B9C
:10DC000042189A42F6D30E4A03E00023136004231D
:10DC10001A440C4B9A42F8D300F048F90A480B49D1
:10DC200001800B48094901800A480B490180FEF731
:10DC3000B1F87047088D0108000000201005002091
:10DC400010050020C046002014000820FFFF00003F
:10DC50004400082074000820FF030000FEE70000D5
:10DC600082B00022019201380A4B58609A60053256
:10DC70001A601900802252020B680193019B134223
:10DC8000FAD0044B1A6801218A431A6000229A6074
:10DC900002B0704710E000E000B583B000226B4690
:10DCA000DA71002005F0B4FE012005F0BDFE012868
:10DCB00005D104F04FFC01226B46DA7105E000202B
:10DCC00004F048FC00226B46DA71002004F02CFCC2
:10DCD000012005F0DBFE01280CD1002004F046FCF9
:10DCE000082004F04FFC602004F05CFC012004F0EC
:10DCF00013FC0BE06B4607331B78012B03D102208A
:10DD000004F00AFC02E0002004F006FC03B000BDB1
:10DD10000B4B0C4A1A600C4A1A600C4B0C4A1A60E6
:10DD2000802189020B4A11608022520019680A433F
:10DD30001A60094A80231B0611680B431360704761
:10DD4000002000401178AC006745230114200040FA
:10DD5000312000004020004004200040F8B50A4B6C
:10DD60001B6843431F001D0E08D000248026760444
:10DD70003000FFF775FF0134A542F9D13802000ADF
:10DD8000FFF76EFFF8BDC0469C2E002010B584B092
:10DD90000F226A44002313700E2169440B700D2179
:10DDA00069440B7003A90B700B2169440B700A21A5
:10DDB00069440B70092169440B7001938020C005F0
:10DDC000036803242340137003689B059B0F0133F2
:10DDD0000B701378DBB2012B08D0002B02D0022B82
:10DDE0004AD04CE02C4A2D4B1A6048E08021C905EE
:10DDF0000B68DB02DB0F0B226A4413700B689B0677
:10DE00009B0F013303A8037025480B589B0F254C2B
:10DE1000E35CDBB20A246C4423700B589B00DB0EDE
:10DE20005B000E246C4423700B58DB0BDBB20D211E
:10DE300069440B701378002B03D0174A174B1A60F4
:10DE400002E0154A154B1A600D236B4418780A231B
:10DE50006B441978C9B2114C23685843FBF730F969
:10DE6000019001980E236B44197803AB1B7859433A
:10DE7000FBF726F9206002E0074A084B1A600923E5
:10DE80006B441978C9B2054B1868FBF719F9064BB2
:10DE9000186004B010BDC04600127A0020000020B7
:10DEA000908800001C0000202400002010B5074BC3
:10DEB000074A9A60074A084B1A60FFF729FFFFF7E5
:10DEC000EBFE012004F03AFB10BDC04600ED00E07F
:10DED00000900008006CDC022000002003789A0704
:10DEE000D20F50005A07D20F92008218D807C00FE5
:10DEF00010181A07D20FD2008018DA06D20F1201BA
:10DF000080189A06D20F520180185A06D20F920139
:10DF10008018DB09DB01C018C0B27047F0B5474676
:10DF200080B407000D001400112200210AF0BCFA91
:10DF30000022194B1A70012C02D0022C14D027E0B9
:10DF4000164C26001036144B98462000FFF7C6FFEB
:10DF50002840854204D143461B7801334246137062
:10DF60000134B442F1D113E00C4E01240A4B98461F
:10DF70003000FFF7B3FF284205D043461B785A1CF8
:10DF800041460A70FC540134E4B20136112CEFD141
:10DF9000380004BC9046F0BD0C3300206D330020E7
:10DFA000F8B5040000220F4B1A70113200210AF05C
:10DFB0007BFA0123002000270B4E0125D9B29A00DD
:10DFC000B218D278D20703D57A1CE155D7B228000F
:10DFD0000133112BF2D1002801D0024B1F70200019
:10DFE000F8BDC0466833002000B001088000034B34
:10DFF0001818C078C007C00FC0B2704700B0010841
:10E0000070B583004F4CE318DB78DB0750D54E4BDF
:10E010001B78012B4CD1012A00D084E00C781C43E2
:10E02000E4B202232343DCB220232343EF24234022
:10E03000AF3CA343082423430B70444B1B78002BB5
:10E0400009D0984214D00123404D1E00DC002C5D05
:10E05000002C08D100E00026F6003C4BF0540124CF
:10E060003B4B1C7004E0A04202D00133042BECD1E6
:10E07000384B187034E00124374B1C70374B1B5C55
:10E08000DB070DD5324B1C700023304D0026EC5CB5
:10E09000844202D12D4C1C1926700833202BF6D156
:10E0A0002E4C235C0825AB43073DAB43235417E0BC
:10E0B000254B1B78002B13D10124274B1C70274DB7
:10E0C0002B5C0826B343A3431F34A3431E3CA34346
:10E0D00010242343DBB2402423437F2423402B54CA
:10E0E0008000184B1818C3789B07DB0F012B0FD14A
:10E0F000154B1B78012B23D1012A1FD10B78813AB4
:10E1000013430B701CE00B787F2213400B7017E059
:10E11000002B15D10C4B1B78012B11D10B787F22D2
:10E1200013400B700CE0002AA5D08000054B181896
:10E13000C3789B07DB0F012BEAD1DDE7002AE2D091
:10E1400070BDC04600B00108F83200204032002007
:10E150001C340020F0320020EC3200206C33002010
:10E16000037808229343043A9343033A93431F32BC
:10E1700093431E3A934310221343DBB240221343CE
:10E180007F2213400370704770B5154C2500103581
:10E190002000FFF7E5FF0134AC42F9D1AB22114B6F
:10E1A0001A700023104A1370104A1370104A13702B
:10E1B000104A002050709070D3700F4A13700122E3
:10E1C0000E49D830FFF774FC20220D49DB20FFF701
:10E1D0006FFC04220B49FB20FFF76AFC70BDC046B0
:10E1E0006D330020EE3200200C3300201C34002060
:10E1F000EC320020F0320020E0320020F832002023
:10E20000403200203C32002010B5012811D00028F7
:10E2100004D0022818D0032821D02AE0082215496A
:10E22000DB20FFF789FC01221349FB20FFF784FC68
:10E230001FE008221149E320FFF77EFC012210496C
:10E24000FC20FFF779FC14E008220E49EB20FFF7D1
:10E2500073FC01220C49FD20FFF76EFC09E0082247
:10E260000A49F320FFF768FC01220949FE20FFF765
:10E2700063FC10BD403200203C32002048320020B8
:10E280003D320020503200203E3200205832002023
:10E290003F320020F0B5474680B41E4E0024B04601
:10E2A00000251D4FE200424455709570F5703570A1
:10E2B000137908218B4304398B4303398B431F3176
:10E2C0008B431E398B4310210B43DBB240210B43A0
:10E2D0007F210B401371E3191D70E0B2FFF794FF2B
:10E2E00001340836042CDDD10C4A00230020507084
:10E2F0009070D3700A4A13700A4A13700A4C2500B2
:10E3000010352000FFF72CFF0134AC42F9D104BCDA
:10E310009046F0BD403200203C320020F032002018
:10E32000E0320020253300206D330020F8B55F4631
:10E3300056464D464446F0B4534B1B78012B5CD1F6
:10E34000524B1B78012B72D100224F4B1A70504D4B
:10E3500018260024A94619234B449A464D4B98464B
:10E36000E7B2287800281DD0830042469A5C934685
:10E3700043445A789446E100454A52185946517030
:10E38000614691709A78EA70434A1055DB789B0792
:10E3900002D50122414B1A7001224049FF20FFF7AC
:10E3A000CBFB21E029000831320028000AF03EF8BA
:10E3B0000023002251460A704A704A46D3761376EB
:10E3C000137F08229343043A9343033A93431F3243
:10E3D00093431E3A934310221343DBB2402213436C
:10E3E0007F2213404A4613773800FFF70DFF0134B0
:10E3F0000835083E33000833B2D1294B1B78002B77
:10E4000015D0224A1278012A11D122499A00545C6F
:10E410008A18507822494C7088709078C8702149C9
:10E420000B70D3789B0702D501221C4B1A701E4B30
:10E430001B78012B21D100221B4B1A7001210123D3
:10E4400014481A4C8A008218D278D20702D5625C2E
:10E45000D20705D40133DBB20131112BF2D101E037
:10E46000112B0AD10E4A00231370002050709070B7
:10E47000D3700C4A1370094A13703CBC90469946FD
:10E48000A246AB46F8BDC0461C340020F83200203E
:10E490004032002000B001083C320020253300202B
:10E4A000F0320020E0320020EC3200206C330020FB
:10E4B000084A002313701371537053719370937152
:10E4C000D370054A1370054A1370054A1370054A44
:10E4D00013707047E4320020ED3200200D3300202D
:10E4E000EB3200200834002010B502F083FF10BD8D
:10E4F00000B585B010220021684609F0D5FF064B13
:10E50000009301236A465371044B02936946044801
:10E5100005F086FB05B000BD7FA90300E9E4000813
:10E520000011014070B582B001266B46DE716B466A
:10E530009D1D00249C71002002F07CFB002002F055
:10E540007FFB1E4B1C701E4B1C701E4B1C70FFF77C
:10E55000CFFF03221C4B1A701C4B1E7001321C4B48
:10E560001A701C4B1C701C4B1C7067321B4900201E
:10E57000FFF79EFA01221A49D720FFF799FA0122E4
:10E580001849D520FFF794FA01221749D620FFF742
:10E590008FFA01222900D820FFF78AFA01280AD130
:10E5A0006B4606331B78012B05D001226B46D91D23
:10E5B000D730FFF7C1FA02B070BDC04683430020D8
:10E5C0008C430020744300205943002084430020E2
:10E5D00065430020AA2E002060430020AC2E0020BE
:10E5E00064430020584300206243002000B585B0FA
:10E5F00010220021684609F057FF074B00930123C2
:10E600006A4653711373054B02936946044805F03B
:10E6100007FB05B000BDC0467FA90300E9E4000880
:10E620000011014000B585B010220021684609F0B4
:10E630003BFF064B009301236A465371044B029340
:10E640006946044805F0ECFA05B000BD7FA9030057
:10E65000E9E400080011014072B6BFF34F8F034A8E
:10E66000034BDA60BFF34F8FC046FDE70400FA05A5
:10E6700000ED00E070B506003E284DD102F044FBED
:10E68000040002F045FB0578427812022A438378A1
:10E690001B0413431A00C3781B06134301220271A3
:10E6A000002242717E321A700578427812022A43A3
:10E6B00083781B0413431A00C3781B0613430279A3
:10E6C000467936021643721C92B20271120A4271E6
:10E6D0002578617809022943A27812040A431100BF
:10E6E000E27812060A4352787F210A409A55207830
:10E6F000627812020243A3781B0413431A00E378E2
:10E700001B0613435B787F2B02D8FFF76FFF50E0A7
:10E710000022284B1A704CE002F0EEFA040002F0DE
:10E72000EFFA0578427812022A4383781B041343D8
:10E730001A00C3781B0613430122027100224271A2
:10E7400040361E700578427812022A4383781B04F3
:10E7500013431A00C3781B06134302794679360225
:10E760001643721C92B20271120A427125786178C6
:10E7700009022943A27812040A431100E278120622
:10E780000A4352787F210A409A5520786278120213
:10E790000243A3781B0413431A00E3781B061343B8
:10E7A0005B787F2B02D8FFF721FF02E00022014BAC
:10E7B0001A7070BD6143002070B506000D003E2840
:10E7C00042D102F0A1FA02F0A3FA047842781202D0
:10E7D000224383781B0413431A00C3781B06134398
:10E7E00001220271002242717F321A70047842784D
:10E7F0001202224383781B0413431A00C3781B06BA
:10E80000134302794179090211434A1C92B2027101
:10E81000120A42713E225A5404784278120222436C
:10E8200083781B0413431A00C3781B061343027931
:10E830004179090211434A1C92B20271120A4271D3
:10E840005D54FFF7D3FE3EE002F05AFA04784278B6
:10E850001202224383781B0413431A00C3781B0659
:10E86000134301220271002242717F321A70047830
:10E8700042781202224383781B0413431A00C378A0
:10E880001B06134302794179090211434A1C92B2D3
:10E890000271120A42715E540478427812022243D5
:10E8A00083781B0413431A00C3781B0613430279B1
:10E8B0004179090211434A1C92B20271120A427153
:10E8C0005D54FFF793FE70BDF8B502F015FA040031
:10E8D00002F016FA0578427812022A4383781B0464
:10E8E00013431A00C3781B0613430122027100224E
:10E8F000427150321A700578427812022A438378A6
:10E900001B0413431A00C3781B061343027947798B
:10E910003F0217437A1C92B20271120A42712678A2
:10E92000617809023143A27812040A431100E278A7
:10E9300012060A4352787F210A40DA550578427858
:10E9400012022A4383781B0413431A00C3781B0660
:10E95000134302794179090211434A1C92B20271B0
:10E96000120A427100225A540578427812022A4350
:10E9700083781B0413431A00C3781B0613430279E0
:10E980004179090211434A1C92B20271120A427182
:10E9900032225A540578427812022A4383781B04A3
:10E9A00013431A00C3781B06134302794179090205
:10E9B00011434A1C92B20271120A427102225A5445
:10E9C0000578427812022A4383781B0413431A0005
:10E9D000C3781B06134302794179090211434A1C8B
:10E9E00092B20271120A4271BC225A5420786278A3
:10E9F00012020243A3781B0413431A00E3781B0698
:10EA000013435B787F2B02D8FFF7F0FD02E0002272
:10EA1000014B1A70F8BDC04661430020F8B50500EF
:10EA20000E0017001C0002F067F902F069F9037884
:10EA3000427812021A4383781B0413431A00C378E6
:10EA40001B061343012202710022427140351D70E2
:10EA50000578427812022A4383781B0413431A0074
:10EA6000C3781B06134302794179090211434A1CFA
:10EA700092B20271120A4271320A5A5405784278EF
:10EA800012022A4383781B0413431A00C3781B061F
:10EA9000134302794179090211434A1C92B202716F
:10EAA000120A42715E541A235F43134BDF19FB7C39
:10EAB000002B1DD02600013BDBB20133E3180578A3
:10EAC000417809022943827812040A431100C2786E
:10EAD00012060A430179447924020C43611C89B26D
:10EAE0000171090A41713178115501369E42E6D112
:10EAF000FFF77CFDF8BDC046D48A0108F8B50600D2
:10EB000002F0FAF8040002F0FBF8057842781202ED
:10EB10002A4383781B0413431A00C3781B0613434C
:10EB2000012202710022427140361E70057842783F
:10EB300012022A4383781B0413431A00C3781B066E
:10EB40001343027947793F0217437A1C92B202714C
:10EB5000120A42712678617809023143A2781204C0
:10EB60000A431100E27812060A435278DA55057812
:10EB7000427812022A4383781B0413431A00C37895
:10EB80001B0613430279467936021643721C92B271
:10EB90000271120A42712578617809022943A2782C
:10EBA00012040A431100E27812060A4392789A5539
:10EBB000FFF71CFDF8BDC046F8B5050002F09CF853
:10EBC000060002F09DF8047842781202224383780E
:10EBD0001B0413431A00C3781B061343012202715E
:10EBE0000022427140351D7004784278120222439F
:10EBF00083781B0413431A00C3781B06134302795E
:10EC000047793F0217437A1C92B20271120A42718D
:10EC10003578717809022943B27812040A43110049
:10EC2000F27812060A4352787F210A40DA559E4B49
:10EC30001B78012B58D10478427812022243837842
:10EC40001B0413431A00C3781B061343027941794E
:10EC5000090211434A1C92B20271120A42712D221A
:10EC60005A54047842781202224383781B041343D7
:10EC70001A00C3781B061343027941790902114334
:10EC80004A1C92B20271120A4271CF225A5404787D
:10EC900042781202224383781B0413431A00C3787C
:10ECA0001B06134302794179090211434A1C92B2AF
:10ECB0000271120A427146225A54047842781202B2
:10ECC000224383781B0413431A00C3781B061343A3
:10ECD00002794179090211434A1C92B20271120A67
:10ECE000427129225A54DCE0704B1B78012B0ED163
:10ECF0003478727812022243B3781B0413431A004B
:10ED0000F3781B0613439B78012B66D10FE0032B8E
:10ED100063D13478727812022243B3781B04134310
:10ED20001A00F3781B0613439B78032B55D1047804
:10ED300042781202224383781B0413431A00C378DB
:10ED40001B06134302794179090211434A1C92B20E
:10ED500000250271120A42715D5404784278120251
:10ED6000224383781B0413431A00C3781B06134302
:10ED700002794179090211434A1C92B20271120AC6
:10ED800042715D54047842781202224383781B0456
:10ED900013431A00C3781B06134302794179090211
:10EDA00011434A1C92B20271120A42715D540478F6
:10EDB00042781202224383781B0413431A00C3785B
:10EDC0001B06134302794179090211434A1C92B28E
:10EDD0000271120A42715D5463E0047842781202B3
:10EDE000224383781B0413431A00C3781B06134382
:10EDF00002794179090211434A1C92B20271120A46
:10EE000042712B4D1C2252422C6862405A540478A5
:10EE100042781202224383781B0413431A00C378FA
:10EE20001B06134302794179090211434A1C92B22D
:10EE30000271120A4271732252422C6862405A5483
:10EE4000047842781202224383781B0413431A0089
:10EE5000C3781B06134302794179090211434A1C06
:10EE600092B20271120A427119222C6862405A54FD
:10EE7000047842781202224383781B0413431A0059
:10EE8000C3781B06134302794179090211434A1CD6
:10EE900092B20271120A42712A681E204042424018
:10EEA0005A54FFF7A3FBF8BD18000020654300206B
:10EEB000DC33002070B501F01FFF050001F020FFDA
:10EEC00029786B781B020B431A00AC7824042300CA
:10EED0001343EC7824061C43057843781B022B432C
:10EEE0001A00817809040B001343C17809061943FD
:10EEF0008A781206CB781B04D2184B79D21809797C
:10EF000009025218D30912041A435200264B5340E7
:10EF100058011B0BA2781106E27812048A18617955
:10EF2000521821790902521803439A4206D1092244
:10EF30001E4B1A7000221E4B1A7034E01D4B1B78BA
:10EF4000022B27D91A4B1B78002B09D10B22174B08
:10EF50001A700A3A164B1A700332174B1A7022E0D5
:10EF6000164B1B88002B0ED10022124B1A70013257
:10EF70000F4B1A70124A114B1A8004230B4A13705C
:10EF80000D4A13700FE00C22084B1A70083A0A4B16
:10EF90001A7008E00133074A13700A22034B1A70F3
:10EFA000063A054B1A7070BD82FD3E7DA12E0020F1
:10EFB00060430020A32E002065430020280000208D
:10EFC00060EAFFFFF0B583B001F096FE040001F0A7
:10EFD00097FE6C4A6C4B1A80BB226B46DA71227921
:10EFE00063791B021343022B07D00522674B1A706B
:10EFF00013211020FFF7E0FBC2E0257862781202AF
:10F000002A43A3781B0413431A00E3781B06134317
:10F010005B787F221340022B19D0DAB2022A02D881
:10F02000012B05D044E0032B28D0042B33D03FE044
:10F030000123564A1370564A13700422554B1A7016
:10F040000022554B1A701020FFF73EFC98E04F4B02
:10F050001B78032B05D1013B4C4A13704C4A1370AB
:10F0600035E0022B33D00722484B1A70063A484B42
:10F070001A7022211020FFF79FFB81E00323434AEF
:10F080001370434A1370454B1A78434B1A70102083
:10F09000FFF71AFC74E004233C4A13703C4A1370D7
:10F0A0003E4B1A783C4B1A701020FFF70DFC67E0BE
:10F0B0000622364B1A70053A354B1A701221102071
:10F0C000FFF77AFB5CE0FCF759FCFFF7C5FA334B1E
:10F0D0001A78314B1A700122314B1A700578427838
:10F0E00012022A4383781B0413431A00C3781B06B9
:10F0F000134301220271002242717F321A70057897
:10F10000427812022A4383781B0413431A00C378FF
:10F110001B061343027947793F0217437A1C92B2C8
:10F120000271120A42712678617809023143A2788D
:10F1300012040A431100E27812060A431278DA55E3
:10F14000047842781202224383781B0413431A0086
:10F15000C3781B06134302794179090211434A1C03
:10F1600092B20271120A427178225A5402F042F9A4
:10F1700001226B46D91DD720FEF7DEFC0128A2D064
:10F1800003B0F0BD10270000A42E0020A02E002008
:10F190008443002065430020824300206343002015
:10F1A00074430020F8B501F0A7FD040001F0A8FDAC
:10F1B0006F4B1B88002B09D06E4A6D4B1A80227949
:10F1C00063791B021343022B13D00DE001236A4A1B
:10F1D00013700421694A1170694A137022796379A6
:10F1E0001B021343022B09D013211120FFF7E4FA6D
:10F1F000BCE0614B1B78023B012B04D97E2111201E
:10F20000FFF7DAFAB2E05D4B1B7802229343012B41
:10F2100004D033211120FFF7CFFAA7E025786278D8
:10F2200012022A43A3781B0413431A00E3781B0637
:10F2300013435B787F221340DAB2052A00D991E0AC
:10F240009B00504AD3589F464B4D01262E7007789D
:10F25000427812023A4383781B0413431A00C3789E
:10F260001B061343012202710022427151321A70AF
:10F270000778427812023A4383781B0413431A003A
:10F28000C3781B0613430179427912020A4394465C
:10F29000013292B20271120A427127786178090232
:10F2A0003943A27812040A431100E27812060A4395
:10F2B00052787F210A4061465A54FFF797F92D484A
:10F2C000FCF7C4FE2E70FFF7C7F901222A4B1A7013
:10F2D0004CE0294D01262E700778427812023A43FD
:10F2E00083781B0413431A00C3781B0613430122BF
:10F2F00002710022427151321A700778427812026C
:10F300003A4383781B0413431A00C3781B06134344
:10F310000179427912020A439446013292B2027193
:10F32000120A42712778617809023943A2781204DF
:10F330000A431100E27812060A4352787F210A40FC
:10F3400061465A54FFF752F90A48FCF77FFE2E70C7
:10F35000FFF782F90122084B1A7007E00122064BE1
:10F360001A7003E012211020FFF726FAF8BDC046FC
:10F37000A42E002010270000A02E002065430020AE
:10F3800084430020748A010870B501F0B5FC0400C4
:10F3900001F0B6FC05002F4B1B88002B09D02E4A2C
:10F3A0002C4B1A80227963791B021343042B13D050
:10F3B0000DE00123294A13700421294A1170294ABA
:10F3C0001370227963791B021343042B0FD013218E
:10F3D0001420FFF7F1F93CE0204B1B780222934305
:10F3E000012B04D022211420FFF7E6F931E0207828
:10F3F000627812020243A3781B0413431A00E378D5
:10F400001B0613435A7811049A7812028A18DB7883
:10F41000D218154B9A4218D1FEF73CFF0122134B2C
:10F420001A7028786A7812020243AB781B041343DF
:10F430001A00EB781B06134301222A7100226A711D
:10F4400054321A70FFF7D2F803E031211420FFF78D
:10F45000B3F970BDA42E002010270000A02E0020BC
:10F460006543002084430020FFFFFF00AA2E0020F8
:10F47000F0B55F4656464D464446F0B48DB001F0B7
:10F480003BFC050001F03CFC0400D24B1B88002B28
:10F4900003D0D14ACF4B1A8007E00123CF4A137023
:10F4A0000421CF4A1170CF4A13702A796B791B025D
:10F4B0001343023B9BB2012B04D913211920FFF700
:10F4C0007BF965E228786A7812020243AB781B0464
:10F4D00013431A00EB781B06134399785B78022BD1
:10F4E00000D194E00A2B00D188E1012B00D04BE23F
:10F4F00001226846FEF712FD20786278120202436C
:10F50000A3781B0413431A00E3781B06134301225C
:10F5100022710022627159321A70207862781202C8
:10F520000243A3781B0413431A00E3781B0613431A
:10F53000227967793F0217437A1C92B22271120A2C
:10F5400062712E78697809023143AA7812040A435D
:10F550001100EA7812060A435278DA552078627868
:10F5600012020243A3781B0413431A00E3781B061C
:10F57000134322796179090211434A1C92B2227124
:10F58000120A6271984A12785A54207862781202EC
:10F590000243A3781B0413431A00E3781B061343AA
:10F5A00022796179090211434A1C92B22271120A2E
:10F5B000627101225A542078627812020243A378C1
:10F5C0001B0413431A00E3781B0613432279617965
:10F5D000090211434A1C92B22271120A6271834AD3
:10F5E00012785A5428786A7812020243AB781B04C6
:10F5F00013431A00EB781B0613435B787F2B02D86A
:10F60000FEF7F4FFC4E10022794B1A70C0E1022238
:10F6100007A8FEF783FC2078627812020243A378E1
:10F620001B0413431A00E3781B06134301222271C3
:10F630000022627159321A702078627812020243F5
:10F64000A3781B0413431A00E3781B0613432279A3
:10F6500067793F0217437A1C92B22271120A6271D3
:10F660002E78697809023143AA7812040A431100FE
:10F67000EA7812060A435278DA5520786278120244
:10F680000243A3781B0413431A00E3781B061343B9
:10F6900022796179090211434A1C92B22271120A3D
:10F6A0006271514A12785A54504B1B78002B7BD010
:10F6B0000026504F504B99464C4B98462078627824
:10F6C00012020243A3781B0413431A00E3781B06BB
:10F6D00013432179627912020A439246013292B2AF
:10F6E0002271120A627107AA925D934692009446B3
:10F6F000D25D6246B9184A7850461A542378627827
:10F7000012021A43A3781B041A43E3781B0613431F
:10F7100022799246627912025046104382460200D4
:10F72000013292B22271120A62716246D25D487849
:10F7300050461A542378627812021A43A3781B04A5
:10F740001A43E3781B061343227994466279120226
:10F75000604610430200013292B22271120A6271B5
:10F760008A781A542378627812021A43A3781B0409
:10F7700013431A00E3781B061343227961790902C7
:10F7800011434A1C92B22271120A62719A468A444B
:10F7900058464844FEF7A2FB534618700136F6B2AD
:10F7A00043461B78B34289D828786A78120202430C
:10F7B000AB781B0413431A00EB781B0613435B78EA
:10F7C0007F2B02D8FEF712FFE2E00022084B1A70EE
:10F7D000DEE0C046A42E002010270000A02E00204E
:10F7E0006543002084430020EE3200200C330020CB
:10F7F0006143002000B001086C33002007A8FEF729
:10F80000CFFB2078627812020243A3781B041343D3
:10F810001A00E3781B061343012222710022627151
:10F8200059321A702078627812020243A3781B04BE
:10F8300013431A00E3781B061343227967793F02CA
:10F8400017437A1C92B22271120A62712E7869787B
:10F8500009023143AA7812040A431100EA78120619
:10F860000A435278DA552078627812020243A3786C
:10F870001B0413431A00E3781B06134322796179B2
:10F88000090211434A1C92B22271120A6271444A5F
:10F8900012785A54434B1B78002B72D00025424EED
:10F8A000424B98463F4B9A462078627812020243B8
:10F8B000A3781B0413431A00E3781B061343217932
:10F8C000627912020A431700013292B22271120ABF
:10F8D000627107AA505D82009446925D6246B1183B
:10F8E0004A78DA552378627812021A43A3781B0407
:10F8F0001A43E3781B06134399462779627912026B
:10F9000017437A1C92B22271120A62716246925DAA
:10F910004B784B46DA552378627812021A43A37863
:10F920001B041A43E3781B061343227967793F02CD
:10F9300017437A1C92B22271120A62718A78DA55E0
:10F940002378627812021A43A3781B0413431A0027
:10F95000E3781B06134322796179090211434A1C9B
:10F9600092B22271120A6271994689444044FEF7AC
:10F97000B5FA4B4618700135EDB253461B78AB42D1
:10F9800092D8FEF733FE03E012211920FEF714FF90
:10F990000DB03CBC90469946A246AB46F0BDC04671
:10F9A000EE3200206833002000B001086C330020E4
:10F9B000F8B501F0A1F9040001F0A2F90122884B89
:10F9C0001A70884B1B88002B03D0874A854B1A80FE
:10F9D00007E00123854A13700421854A1170854A86
:10F9E0001370227963791B021343032B04D0132174
:10F9F0002220FEF7E1FEF1E0207862781202024355
:10FA0000A3781B0413431A00E3781B0613435978A9
:10FA100009029B78591889B2774B1F78002F2AD09A
:10FA2000764B1A785B781B021343994200D1C6E0EB
:10FA30000120724D1A239C4618E0060001306346EF
:10FA400073435C5DEB185B781B02234399420DD135
:10FA50001A235E43694B9E19B378002B09D0022B01
:10FA600007D031212220FEF7A7FEB7E0C2B2BA428A
:10FA7000E3D3BA4205D131212220FEF79DFEADE04D
:10FA8000002216001A2757435C4BDF19FD783B799B
:10FA90001B022B4318007C79240423000343BC7908
:10FAA00024061C4317D02378002B0FD0514805782B
:10FAB000AB4209D0002301E0A84205D00133DBB2FC
:10FAC000E05C0028F8D101E0002D04D13121222092
:10FAD000FEF772FE82E01A277743484BDF19FD7963
:10FAE0003B7A1B022B4318007C7A24042300034337
:10FAF000BC7A24061C4317D02378002B0FD03C4837
:10FB00000578AB4209D0002301E0A84205D00133BB
:10FB1000DBB2E05C0028F8D101E0002D04D13321F4
:10FB20002220FEF749FE59E0354B994223D11A2392
:10FB300073433248C3189B78002B0ED11A335E43AF
:10FB40008619B57DF07D00022843337E1B040343F4
:10FB50001800737E1B06034309E01A20464327481A
:10FB60008619347D737D1B02234326481B18082405
:10FB70001B48047029E01A2373432048C3189B785C
:10FB8000002B0ED11A335E438619B57DF07D00023D
:10FB90002843337E1B0403431800737E1B06034374
:10FBA00009E01A20464315488619347D737D1B02EF
:10FBB000234314481B1808240948047005E00F4B20
:10FBC0009B78002B00D15BE703E02220FEF726FFA5
:10FBD00004E00022022B00D153E742E7F8BDC04603
:10FBE000A22E0020A42E002010270000A02E00200E
:10FBF000654300208443002077000020D48A010858
:10FC000087F10000AC2E002010B501F075F804005B
:10FC100001F076F8614B1B88002B09D0604A5F4BDE
:10FC20001A80227963791B021343022B10D118E04A
:10FC300001235C4A137004215B4A11705B4A137004
:10FC4000227963791B021343022B00D0A0E00DE060
:10FC5000062B06D01122564B1A700D3A524B1A70D1
:10FC600091E0504B1B78023B012B06D90E22504BE2
:10FC70001A700A3A4C4B1A7062E0207862781202CD
:10FC80000243A3781B0413431A00E3781B061343B3
:10FC90005B787F221340012B02D0022B1DD040E065
:10FCA000444B1B78012B0ED1434B1B78022B0AD9F6
:10FCB000424B1B88002B06D00B223D4B1A70073A93
:10FCC000394B1A7046E001223D4B1A700132384B15
:10FCD0001A700232344B1A702EE0394B1B78002B0D
:10FCE00006D10D22324B1A70093A2F4B1A7040E0A0
:10FCF0002F4C062323702720FFF7DCF82378092BED
:10FD000006D10122284B1A7000222D4B1A700FE0E9
:10FD100000212B4A1170112B3ED89B00294AD35841
:10FD20009F461022224B1A700C3A1F4B1A700CE09F
:10FD30002720FEF79FFC2FE02720FEF73DFF2BE05A
:10FD40007F212720FEF738FD26E012212720FEF72D
:10FD500033FD21E036212720FEF72EFD1CE0352162
:10FD60002720FEF729FD17E037212720FEF724FD85
:10FD700012E024212720FEF71FFD0DE0222127207D
:10FD8000FEF71AFD08E013212720FEF715FD03E01A
:10FD9000062B00D05EE769E710BDC046A42E002008
:10FDA00010270000A02E002065430020844300207F
:10FDB000A12E002060430020A32E00202800002058
:10FDC000A72E00208C8A010810B582B000F094FFA5
:10FDD000040000F095FF00226B46DA7101236A46A9
:10FDE0009371614A1370614B1B88002B09D0604AE4
:10FDF0005E4B1A80227963791B021343022B0ED9C2
:10FE000015E001235B4A137004215B4A11705B4AC1
:10FE10001370227963791B021343022B0BD8032240
:10FE2000514B1A7013212820FEF7C6FC9AE0514B63
:10FE30001B78032B07D004224B4B1A707E212820FD
:10FE4000FEF7BAFC8EE02078627812020243A378B3
:10FE50001B0413431A00E3781B0613435A787F21CF
:10FE60000A40012A1DD0002A04D0022A30D0032AD9
:10FE700045D05BE09B78012B0FD106223A4B1A70DC
:10FE800000F072FE00F094FE01226B46991DD9200D
:10FE9000FDF752FE012865D150E00222324B1A7064
:10FEA0005CE09B78012B0FD107222F4B1A7000F0DA
:10FEB0007FFE00F05FFE01226B46D91DD920FDF7C1
:10FEC0003BFE01284ED13DE00222274B1A7045E04F
:10FED0009B78012B0FD10822234B1A7000F050FEA3
:10FEE00000F042FE01226B46991DD920FDF724FE49
:10FEF000012837D12AE002221B4B1A702EE09B7892
:10FF0000012B0FD10922184B1A7000F039FE00F0B6
:10FF100031FE01226B46D91DD920FDF70DFE0128C7
:10FF200020D117E00222104B1A7017E005220E4B69
:10FF30001A7012212820FEF73FFC13E02820FEF75C
:10FF400099FB0FE02820FEF795FB0BE02820FEF739
:10FF500091FB07E02820FEF78DFB03E031212820EC
:10FF6000FEF72AFC02B010BDA82E0020A42E00200F
:10FF700010270000A02E00206543002084430020AD
:10FF8000F0B54F464646C0B483B000F0B5FE04005D
:10FF900000F0B6FE2078627812020243A3781B04B8
:10FFA00013431A00E3781B061343587800029B782A
:10FFB000181880B200282ED100226B465A716B4669
:10FFC000991DFF230B706A46D3710122D530FDF7CE
:10FFD000B3FD012800D06AE101226B46D91DD5305E
:10FFE000FDF7AAFD012800D061E101226B46591DF1
:10FFF000D730FDF7A1FD012800D058E101226B4662
:020000040801F1
:10000000591DD830FDF798FD002800D14FE12E2072
:10001000FEF774FD4BE101282FD101226B465A7186
:100020006B46991DAA230B70CB326B46DA71CB3A23
:10003000D430FDF781FD012800D038E101226B4664
:10004000D91DD530FDF778FD012800D02FE1012220
:100050006B46591DD730FDF76FFD012800D026E112
:1000600001226B46591DD830FDF766FD012800D0EE
:100070001DE12D30FEF742FD19E103282ED10022AB
:100080006B465A716B46991DFF230B706A46D371FC
:100090000122D230FDF750FD012800D007E10122F6
:1000A0006B46D91DD530FDF747FD012800D0FEE095
:1000B00001226B46591DD730FDF73EFD012800D0C7
:1000C000F5E001226B46591DD830FDF735FD0028BB
:1000D00000D1ECE02E20FEF711FDE8E0764B1B8806
:1000E000002B03D0754A744B1A8007E00123744A31
:1000F00013700421734A1170734A13702279637963
:100100001B0213439946032B11D9704B1B789C4655
:10011000002B2ED06E4B1A785B781B02134398424B
:1001200000D1BCE001226A4E1A2398461CE013213C
:100130002E20FEF741FBBAE01700013243467B4315
:10014000995DF3185B781B020B4398420CD11A237C
:100150005F435F4BDF19BB78013B012B07D931218E
:100160002E20FEF729FBA2E0D5B26545E4D3654514
:1001700004D131212E20FEF71FFB98E02F001A2317
:100180006B43534AD318DA7CD31C994504D013210E
:100190002E20FEF711FB8AE01A235D434C4B5D19BC
:1001A000EE7A2B7B1B0233431900687B00040300AB
:1001B0000B43A87B0006184318D00378002B10D0FF
:1001C00041490D78AB4209D0002301E0A94206D095
:1001D0000133DBB2C15C0029F8D102E00023002D1D
:1001E00005D131212E20FEF7E7FA60E000231A2521
:1001F0007D4337494D19EE7B297C090231430800C4
:10020000697C083509040143AD7A2D060D4317D0EA
:10021000297800290FD02B480678B14209D0002157
:1002200001E0B04205D00131C9B2685C0028F8D1C4
:1002300001E0002E04D133212E20FEF7BDFA36E076
:100240001A214B432249CB18187D10335B791B02CE
:10025000034320499C468C44002A13D00021267871
:10026000607800023043A3781B0403431800E3784E
:100270001B060343CB18DB78604643540131CBB2F5
:100280009A42ECD892B21A235F43114BDF19387DA2
:100290006146FDF751FC2E20FEF730FC07E00C4BC9
:1002A0009B78013B0025012B00D867E757E703B097
:1002B0000CBC90469946F0BDA42E002010270000EB
:1002C000A02E0020654300208443002077000020FA
:1002D000D48A0108AC2E002010B500F015FD0400F2
:1002E00000F016FD294B1B88002B09D0284A274B0C
:1002F0001A80227963791B021343022B0ED115E079
:100300000123244A13700421234A1170234A1370D5
:10031000227963791B021343022B0BD00222204B5C
:100320001A7013213E20FEF747FA2DE0194B1B7877
:10033000012B07D106221A4B1A707E213E20FEF7B0
:100340003BFA21E02078627812020243A3781B0472
:1003500013431A00E3781B0613435B78002B09D084
:10036000802B0ED003220E4B1A7012213E20FEF776
:1003700023FA09E004220A4B1A703E20FEF77AF9AC
:1003800002E00122064B1A7010BDC046A42E0020C8
:1003900010270000A02E0020654300208443002089
:1003A000A62E002010B500F0AFFC124B1B78012BDD
:1003B0001FD1114B1B78012B03D0104B1B78012B45
:1003C00017D1047842781202224383781B04134326
:1003D0001A00C3781B0613431B783E2B01D1FFF78D
:1003E0007BFF002000F02CFC0023034A1370034A1B
:1003F000137010BD8D4300201E340020C133002037
:1004000070B582B000F078FC040000F079FC0500C3
:1004100001226B46DA7100226B469A717C4B1B8875
:10042000002B09D07B4A7A4B1A80227963791B0210
:100430001343022B0ED112E00123774A13700421DB
:10044000764A1170764A1370227963791B0213433E
:10045000022B09D013218520FEF7AEF9D6E06E4BB2
:100460001B78023B012B04D922218520FEF7A4F939
:10047000CCE02078627812020243A3781B04134375
:100480001A00E3781B0613435B787F221340012B8D
:1004900002D0022B5BD0B5E001226B46D91DD820DB
:1004A000FDF74AFB01284DD101225E49D730FDF707
:1004B000FFFA28786A7812020243AB781B041343D0
:1004C0001A00EB781B06134301222A7100226A717D
:1004D000C5321A7028786A7812020243AB781B047E
:1004E00013431A00EB781B0613432A796E79360200
:1004F0001643721C92B22A71120A6A7125786178C9
:1005000009022943A27812040A431100E278120674
:100510000A4352787F210A409A5520786278120265
:100520000243A3781B0413431A00E3781B0613430A
:100530005B787F2B02D8FEF759F867E000223A4B30
:100540001A7063E022218520FEF736F95EE0012271
:100550006B46991DD820FDF7EFFA01284DD10122F5
:100560003049D730FDF7A4FA28786A78120202439E
:10057000AB781B0413431A00EB781B0613430122CC
:100580002A7100226A71C5321A7028786A781202BC
:100590000243AB781B0413431A00EB781B0613438A
:1005A0002A796E7936021643721C92B22A71120AA7
:1005B0006A712578617809022943A27812040A43F6
:1005C0001100E27812060A4352787F210A409A55B8
:1005D0002078627812020243A3781B0413431A00A6
:1005E000E3781B0613435B787F2B02D8FDF7FEFFF1
:1005F0000CE000220C4B1A7008E022218520FEF747
:10060000DBF803E012218520FEF7D6F802B070BDBA
:10061000A42E002010270000A02E002065430020FB
:1006200084430020F83200206143002010B582B0DE
:1006300000F062FB040001226B46DA7100226B4677
:100640009A71714B1B78012B0DD1704B1B780A33BB
:10065000DBB2312B02D86D4A137004E000236B4AE1
:100660001370694A13706A4B1B78022B0DD9694BC2
:100670001B88002B06D10022664B1A800332644B84
:100680001A7002E0053B634A1380634B1B78012B11
:1006900022D1624B1B88002B1BD10133604A13709F
:1006A000604A13700422604B1A70033A6B46991D1E
:1006B000D820FDF7FDF901280ED16B4606331B78D3
:1006C000012B09D001226B46D91DD730FDF734FA32
:1006D00002E0053B514A1380544B1B78012B00D09C
:1006E0008FE0534B1B78012B4ED120786278120299
:1006F0000243A3781B0413431A00E3781B06134339
:100700001878222824D00AD8112818D002D8102806
:1007100012D02FE0142815D0192816D02AE02E2840
:100720001FD004D8272816D0282817D022E03E282A
:100730001AD085281BD01DE0FEF744FC1DE0FEF713
:1007400031FD1AE0FEF720FE17E0FEF791FE14E0FF
:10075000FFF72EF911E0FFF757FA0EE0FFF734FB31
:100760000BE0FFF70DFC08E0FFF7B6FD05E0FFF733
:1007700047FE02E01121FEF71FF8002000F05AFAB0
:1007800000222B4B1A703CE02A4B1B78012B38D1EE
:100790002078627812020243A3781B0413431A00E4
:1007A000E3781B0613431B78192B1AD0DAB2192AE7
:1007B00006D8112B0FD0142B10D0102B1CD107E012
:1007C000282B14D0DAB2852A14D0222B14D10BE0B6
:1007D000FEF7F8FB10E0FEF7E5FC0DE0FEF7D4FDB8
:1007E0000AE0FEF745FE07E0FFF7E2F804E0FFF756
:1007F000EBFA01E0FFF704FE00230C4A13700D4AE8
:10080000137002B010BDC046AA2E0020A92E0020F1
:10081000A32E00202800002082430020A42E0020C8
:10082000A02E002084430020654300206343002065
:10083000D833002069330020F0B557464E46454670
:10084000E0B40600884692460B009B0506D5A0231F
:10085000C358DB0702D50122694B1A7043461B04BB
:1008600000D58CE092E03900300001F039FC3968A5
:10087000FC23DB0099421DD1624B1B691A78022AC6
:1008800009D15B783E2B06D1013A5F4B1A700022EA
:100890005E4B1A7005E001225D4B1A7000225D4B21
:1008A0001A7001225C4B1A7000235C4A13705C4A78
:1008B000137065E05B4B99421DD1524B1B691A784E
:1008C000022A09D15B783E2B06D100224E4B1A70CA
:1008D00001324E4B1A7005E000224D4B1A70013266
:1008E0004C4B1A7001224C4B1A7000234B4A137068
:1008F0004B4A137044E0FA23DB0099420ED10023E7
:10090000434A1370434A13700121454A11703E4A0D
:1009100013703E4A1370414A137031E0424B9942C2
:100920001FD8424B9C46374B99466346484634C8CD
:1009300034C314C814C3002335480370354803700A
:100940003748037030480370304803700120334B40
:1009500018704B465B7A4A461269354800F0C4FD70
:100960000EE000232A4A13702A4A1370264A137095
:10097000264A1370294A1370294A137000E0214F48
:10098000A023F3589B019B0F00D06CE743465B0507
:100990000FD5A023F258C0239B021A4209D0A023EE
:1009A000F3589B0405D4A022B3588021C9000B43FF
:1009B000B3504346DB031DD55346062B1AD89B0084
:1009C0001C4AD3589F4601220D4B5A7012E0012257
:1009D0000B4B9A700EE00122094BDA700AE00122FB
:1009E000074B1A7106E00122054B5A7102E0012201
:1009F000034B9A711CBC90469946A246F0BDC04676
:100A0000E4320020103300201E340020C1330020C7
:100A1000D833002069330020243300201F34002005
:100A20006C050020DF070000FF060000E033002017
:100A3000FC3200208C8B0108F0B58DB002AC28226E
:100A40000021200007F030FD01AE002501952F4F59
:100A500001220021380001F03BFF01220121380072
:100A600001F036FF2A4F00220821380001F030FF44
:100A700001220821380001F091FF002208213800EE
:100A800001F016FF0523337006337370093BB37012
:100A9000F370013BA3711F4A6261A570E5700422E7
:100AA00022701D4A22621D4A6262A66163711C4A5D
:100AB0001C4B1A611C4A1D4B1A611D4A1D4B1A61C1
:100AC0001D4A1E4B1A6121001D4801F089FB1D4B78
:100AD0001D701D4B1D701D4B1D701D4B1D701D4B42
:100AE0001D701D4B1D7001221C49D920FCF7E0FF31
:100AF0001B4C10220021200007F0D6FC08238C227A
:100B00001849200000F0C2FC0DB0F0BD30000820F4
:100B100060000820FE002A007C000020390801083F
:100B200060320020C433002028330020103300201E
:100B3000A0320020F433002080330020E033002076
:100B40000078004024330020D8330020693300208F
:100B50001E340020C13300201F3400201D3400202B
:100B6000FC320020B03100200122014B1A70704786
:100B70001D3400200022014B1A7070471D340020E4
:100B800070B582B0084C26003036084DA368626804
:100B9000217860780090280001F0F2FA0C34B44219
:100BA000F4D102B070BDC046AC0000200078004017
:100BB00070B582B0084C26003036084DA3686268D4
:100BC000217860780090280001F0DAFA0C34B44201
:100BD000F4D102B070BDC0467C0000200078004017
:100BE00010B5104B1B78012B07D10F4B0A689A42A6
:100BF00003D8012201F00EFA12E00A680B4B1340F1
:100C0000BD24E400A34203D1012201F003FA07E06E
:100C1000074B9C466244032A02D8012201F0FAF9EC
:100C200010BDC0461D340020FF060000FFFDFFFF81
:100C30002FF8FFFF014B18707047C0466343002038
:100C4000014B18707047C0468D43002000231B489D
:100C500000221B491A545A540133882BFAD100231D
:100C60001848002218491A545A540133082BFAD153
:100C7000164A124B136000239380D380144A104904
:100C800011609380D380134A0E4911609380D38002
:100C9000114A0D4911609380D380104A13600122DC
:100CA0000F490A700F490A700F490A700F4A1380E2
:100CB0000F4A13800F4B00221A707047642F0020D8
:100CC000EC2F00204C2F0020382F00202C2F00204C
:100CD000402F0020542F002074300020602F00206F
:100CE0006C4300208E4300207C4300208043002082
:100CF0007E43002061430020004870472C2F0020D5
:100D000000487047402F002000487047542F0020B3
:100D1000004870477430002070B5437A082B15D016
:100D200019000822D31A002B0EDD00220023FF2613
:100D300008250469A446624456540133DBB21A0004
:100D4000417A6C1AA342F4DB0823437270BDC0469B
:100D5000F0B5474680B41A4B1B691B780F2213402D
:100D60005A1E062A29D802689BB2137100235371B8
:100D7000134B1B691A7812071CD00025104A9446A1
:100D80000F275B195B7898460668347872781202F0
:100D90002243B3781B0413431A00F3781B06134352
:100DA00042465A550135EDB263461B691A783A40FE
:100DB0009542E6DB0522034B1A7004BC9046F0BD59
:100DC0001033002061430020F0B5184B1A691378E6
:100DD0001B025178F02212011A405218072A23DD13
:100DE00002681B0511711B0F537100250F4B9C46A8
:100DF00063461B695B199F78066834787278120223
:100E00002243B3781B0413431A00F3781B061343E1
:100E10005F550135062DEBD1036806229A71002239
:100E2000DA710232024B1A70F0BDC0461033002056
:100E300061430020F0B5474680B40468444B1F6905
:100E4000A379E5792D021D433B780F261E4007212B
:100E50002800F8F735F980B201300F231840864298
:100E60004CD100223B4B1A80394B5B7A012B2DD998
:100E7000227963791B0213439D424CD326E06246DC
:100E80001269925D90462578617809022943A2781B
:100E900012040A431100E27812060A434146D15473
:100EA000A279E3791B02134301339BB2A3711A0A9F
:100EB000E2710136082E09D0797AF2B2914205D951
:100EC0002179627912020A439A42D8D80322224B2E
:100ED0001A70A079E1790902227963791B02014332
:100EE00013430920994230D301231C4A13701C4A32
:100EF00013700522184B1A70083826E00122174B90
:100F00001A70002323716371A371E371124B0022E5
:100F10001A70092019E07E78207862781202024364
:100F2000A3781B0413431A00E3781B0613435E5592
:100F3000A279E3791B02134301339BB2A3711A0A0E
:100F4000E2710226024FBC46B6E704BC9046F0BDF3
:100F5000103300207E430020614300206C430020BA
:100F60006343002010B582B0614B0193614B009345
:100F7000614B1B78002B17D1604BDB88062B13D1FC
:100F80005F4A138805339BB213805E4A93420BD9A4
:100F90000122594B1A70594A00239380D380584A32
:100FA0001380594B00221A70584B1B78002B17D115
:100FB000574B1B78012B13D1564A138805339BB22C
:100FC0001380504A93420BD90122504B1A70484A61
:100FD00000239380D3804F4A13804B4B00221A701A
:100FE0004D4B1B78012B03D04C4B1B78012B17D199
:100FF0004B4B1B78012B13D14A4B1B691B781B09E8
:101000000BD1414B1B78002B07D10124464B1C70A0
:101010006846FFF79DFE454B1C700022404B1A703E
:10102000434B1B78012B03D0424B1B78012B5CD127
:101030003B4B1B78012B58D13A4B1B691B781B0982
:10104000012B13D0002B04D0022B37D0032B23D03D
:1010500048E02D4B1B78002B44D10124364B1C70EB
:1010600001A8FFF775FE354B1C703BE0264B1B7843
:10107000002B37D10322304B1A7001A8FFF7A4FED2
:101080000023224A1370224A1370294A1370294AF6
:101090001370FDF7ABFA25E01B4B1B78082B21D111
:1010A0000422194B1A70023A234B1A700023204A6B
:1010B0001370204A1370FDF799FA13E0124B1B7856
:1010C0000A2B01D0032B0DD1104B1B78002B09D11B
:1010D0000F4B1B78012B05D10122174B1A7001A869
:1010E000FFF7A8FE00220E4B1A7002B010BDC046DA
:1010F0002C2F0020542F00207C430020402F002064
:1011000080430020CF070000614300206C43002093
:101110008E4300207E4300201E340020C133002077
:1011200024330020103300208C4300208D43002006
:10113000D83300206933002074430020634300202B
:1011400010B5094CFD23DB00236000236373E372B9
:101150002000FFF7E1FD082363720122210003480C
:10116000FFF73EFD10BDC046C433002000780040AC
:1011700070B505001D4B1B6902791A7000241B4EC7
:1011800028786A7812020243AB781B0413431A00D2
:10119000EB781B0613431A5D33691B195A7001342F
:1011A000E4B22A796B791B021343A2B29A42E7D9BF
:1011B0000E4C013363722000FFF7C2FF00232B7136
:1011C0006B71AB71EB7123691A78032A09D15A78D4
:1011D0007F2A06D1DB78782B03D1783A044B1A703A
:1011E00002E00022024B1A7070BDC046C4330020DA
:1011F0006143002070B5204B1A6913781909012941
:1012000011D10E310B4052789B183224822B14DC02
:10121000A0231A4AD458A403A40F033C624262419B
:101220003032140009E0A023144AD458A403A40FB8
:10123000033C6242624130321400114D2B691C7034
:1012400012232A6953700B3B2A699370043B6B721B
:1012500000236B73FD23DB002B602800FFF75CFD90
:1012600008236B72012229000448FFF7B9FC0A2207
:10127000044B1A70200070BD10330020007800402D
:10128000C43300206143002010B50400FD23DB00BF
:10129000036000234373FFF73FFD01222100024852
:1012A000FFF79EFC10BDC0460078004070B50500F9
:1012B000154A43790F210B40103311690B701369E4
:1012C00002795A700024104E28786A78120202437C
:1012D000AB781B0413431A00EB781B0613431A5D0B
:1012E00033691B199A700134062CEDD10623AB71BA
:1012F0000023EB71044802344472FFF7C5FF034B2F
:101300001D60034B1C7070BDC4330020602F002093
:1013100061430020F8B5334B1C68002C60D0324B81
:101320001D69A379E079000218430721F7F7C8FE89
:1013300001300F23184020302870A279E3791B0276
:1013400013432179627912020A43934223D2012680
:10135000254F2578617809022943A27812040A43AF
:101360001100E27812060A43D35C3A699355A279D8
:10137000E3791B02134301339BB2A3711A0AE27192
:10138000F5B2072E08D001362179627912020A439C
:101390009A42DED800E00025134801354572FFF778
:1013A00073FF0922114B1A70A079E17909022279A1
:1013B00063791B02014313430020994211D3002596
:1013C000084B1D60002323716371A371E371012237
:1013D000074B1A70FDF726F9044B1D70012000E041
:1013E0000020F8BD602F0020C4330020614300209E
:1013F0007C43002010B51E4B9A88531E9BB2062BCF
:1014000005D81B48FFF7B4FEFDF70CF92EE0072ABC
:1014100012D9174BDB88002B0AD11548FFF746FF7E
:101420000023144A1370144A1380FDF7FBF81DE0E3
:101430000F48FFF76FFF19E0104B1B78022B0AD102
:10144000FFF7D8FE01220E4B1A7000220D4B1A80B6
:10145000FDF7E8F80AE00C4B9B88013B9BB2062B9A
:1014600004D80948FFF784FEFDF7DCF810BDC0463C
:10147000402F00207C430020804300206143002057
:101480008E4300207E4300207430002070B5041E7F
:1014900015D0002915D00120002A13D09D1DAA4285
:1014A00010D32260E160A36029001000F7F708FE66
:1014B000207100236371A371E371002002E0012019
:1014C00000E0012070BDC046002809D04279032306
:1014D000002A06D0017900238A425B415B0000E0CC
:1014E000012318007047C046F0B557464E46C0B4B9
:1014F00083B00700894614000193002842D0002AD7
:1015000042D08268924601209A423ED33800FFF7CB
:10151000DBFF022839D03D79002D13D0FE685146FB
:1015200006313378002B0AD0002303E07618327896
:10153000002A06D00133DBB2AB42F7D102E000252E
:1015400000E01D00B01D019A210006F06FFF4B4620
:10155000B3704B461B0AF3704B461B0C33714B4662
:101560001B0E737101233370BB689A1DFB795343C3
:10157000FA68944663445D70FD717B7901337B7139
:10158000002002E0012000E0012003B00CBC9146E5
:101590009A46F0BDF0B55F4656464D46E0B482B07F
:1015A000071E894601929A4658D0002A58D05346C1
:1015B000002B57D0FFF788FF032803D100235246A2
:1015C00013605BE0BD79FB689C46BB689B46981D39
:1015D00000E0150004006C436444A378E278120232
:1015E0001A4323791B0413431A0063791B06134320
:1015F0004B453ED062782E00FB79AB42E9D133E017
:1016000053465A461A60A11D53461A68019806F0BF
:101610000DFF002323707B79013B7B713800FFF7BE
:1016200053FF032804D10023BB71FB71002025E088
:10163000BB79AB4203D16378BB7100201EE0FB791C
:10164000AB4202D1FE71002018E06278BB6806331D
:101650007343F968CB185A7000200FE001200DE0A9
:1016600001200BE0012009E0002352461360012015
:1016700004E053461B689B45C2D3C4E702B01CBCC0
:1016800091469A46A346F0BDF0B583B00C005307CF
:101690000ED5B34B06221A700022B2494A701A7254
:1016A0005A721A74DA73B04A516A04230B435362B4
:1016B000E30700D41FE100230193AB4802F0A0FB35
:1016C000A84B5B78012B16D1A54B5A7A5A7A013276
:1016D000D2B25A725A7A997AD3B28B4200D00AE1C6
:1016E0009F4B1B78072B00D005E19D4B00221A7001
:1016F0000132DA73FFE0C0B2994B1B78042B0BD197
:10170000552803D10622964B1A70F4E0944B002220
:101710001A701A74DA73EEE0914B1B78062B00D026
:101720009EE03F2101408A07D20FCF06FF0F0B0733
:10173000DB0F53407B404D096B40DB43DB010B4328
:101740001E00DB07DB0F7A4053407507ED0F6B403F
:101750001A00012313409B013343DBB2984279D135
:10176000824B1E78002E10D0814B1B788B4212D0FA
:101770007F4A0432002304E00432151F2D788D4285
:101780000AD00133DBB2B342F6D1754B00221A7096
:101790001A74DA73AFE000239B00754A9A58130A53
:1017A000704D2A606E4A90735173DBB2012B46D1A3
:1017B000EB780193526801AB6E48FFF7EBFE00280F
:1017C00004D1684BDA78019B9A4205D0644B002221
:1017D0001A701A74DA738EE0614B072119709A72CD
:1017E0005D68997A69185F4B9A7800239A4201D113
:1017F0005B4B9B7B5A4A927AD2B29BB2002A0ED0A4
:101800002800013AD2B20132AA1805785B199BB2BE
:10181000FF2B01D9FF3B9BB201308242F5D1DB4364
:101820000B704F4A937A0133DBB293720023137229
:1018300053724D4AD16902330B43D3615BE0484A8E
:1018400008231370474BDB780133DBB2D3720023DC
:10185000537250E0424B00221A701A74DA734AE055
:101860003F4B1B78082B46D13D4A537AD27ADBB2E4
:10187000934208D23A4A537ADBB25168C854537A39
:101880000133DBB25372364A537AD27ADBB29342D7
:1018900031D1344B9A780023002A01D1304B9B7B05
:1018A0002F4AD07AC0B252689BB201280ED01100E4
:1018B0000238C5B20135551908781B189BB2FF2BA9
:1018C00001D9FF3B9BB20131A942F5D12449497AA4
:1018D00051180139DB430978DBB2994206D120491E
:1018E0004B7A013B497B2448FFF7FEFD1C4B00224D
:1018F0001A7001321A74A3062FD51A4B5B78012B8C
:101900002BD1174B1B78072B22D1154A137A927AC9
:10191000DBB2934216D2124C237ADBB26268D15CFE
:10192000114802F057FA237A0133DBB22372237A8B
:10193000A27ADBB2934210D10B4AD36902218B43C6
:10194000D3610AE0084AD36902218B43D36104E0E2
:10195000054AD36902218B43D36103B0F0BDC04671
:10196000BC300020803000200090014084300020F6
:10197000943000202C4400209043002010B5012218
:101980000521034800F094FF0A20FAF75FFB10BD21
:101990006000082070B584B010220021684606F06F
:1019A00083FD334C00220521200000F091FF01222D
:1019B0000521200000F0F2FF00220521200000F0A8
:1019C00077FF01220321200000F082FF0122022183
:1019D000200000F07DFFFFF7D1FF9623DB0100938D
:1019E00008236A46137100255571957115720126F9
:1019F000D67155721F4B03931F4C6946200002F0AD
:101A000033FA1E4B1E4A5A601D701D74DD731D4B48
:101A10001E70E36DFE229343163A1343E365E369B8
:101A2000B3431E43E661E369E63A9343E361164B31
:101A30003E32C02149005A501A60144C303A0021FD
:101A4000200006F031FD08238C2211492000FFF709
:101A50001DFD104C10220021200006F025FD08235A
:101A60008C220D492000FFF711FD04B070BDC04667
:101A7000600008208916010800900140BC30002059
:101A8000883000209230002000E100E090430020E8
:101A9000A04300202C4400203C440020F0B5174C0B
:101AA0002778002F1CD0164C247884420DD0144D7A
:101AB0000435002404E004352E1F3678864205D014
:101AC0000134E4B2BC42F6D108E00024A4000C4882
:101AD00004196170A270E37001200EE00A2F0BD090
:101AE000074DBC006055281941708270C3700137E2
:101AF000024B1F70012000E00020F0BD8430002068
:101B00009430002010B5114B186008205872002046
:101B1000587318690170080A1C696070080C1C6908
:101B2000A070090E1869C17019690A71110A186943
:101B30004171110C18698171120E1969CA71012263
:101B400019000348FFF74CF810BDC046F4330020DD
:101B50000078004010B5130001394A1E9141C9B206
:101B60000022FFF79BFF10BD10B582B06B461970C5
:101B70000B0A6C4663700B0CA370090EE1702271A6
:101B8000130A6371130CA371120EE27108236A46E3
:101B900001000248FFF7A8FC02B010BD2C44002051
:101BA00000B583B00A000823019301AB010004488B
:101BB000FFF7F0FC43425841C0B203B000BDC0463D
:101BC000FC32002000B583B00A000823019301AB6A
:101BD00001000448FFF7DEFC43425841C0B203B0A5
:101BE00000BDC0469043002010B5054B996999612E
:101BF000044B1B68002B02D000220148984710BDFF
:101C000000500040D030002070B504000D000121CC
:101C1000222000F019FC0121222000F049FCA368D9
:101C2000297809034E4A13400B43A360636869781F
:101C3000C9034C4A13400B4363606368A978890366
:101C4000494A13400B4363606368E9784903474A94
:101C500013400B436360636829790903444A1340C6
:101C60000B43636063686979C902424A13400B43BE
:101C700063606368A97909063F4A13400B436360B8
:101C80006368E97909023D4A13400B436360636866
:101C9000297B09053A4A13400B4363606368697BFB
:101CA0004905384A13400B4363606368297C890502
:101CB000354A13400B436360AB7B002B04D1E26ACF
:101CC000324B1340E36207E0E16A013BDBB21B05E4
:101CD0002E4A0A401343E362EB7B002B04D1A26B34
:101CE0002B4B1340A36307E0A16B013BDBB21B0549
:101CF000274A0A401343A363FF2323409B00254A3E
:101D0000696999506368297A0904234A13400B438F
:101D100063606368697A4904204A13400B43636037
:101D2000AB7A012B04D1802292041D4B1A6008E08B
:101D30008021890480231A4AD150BFF34F8FBFF30B
:101D40006F8F6368E97AC904164A13400B436360D6
:101D5000A368012293432A7E1343A36070BDC0464B
:101D6000FF0FFFFFFF7FFFFFFFBFFFFFFFDFFFFF53
:101D7000FFEFFFFFFFF7FFFFFFFFFFFEFFF8FFFF93
:101D8000FFFFEFFFFFFFDFFFFFFFBFFFFFFF0FFFC3
:101D9000FFFFCFFFD4300020FFFFFEFFFFFFFDFF5E
:101DA00000E100E0FFFFF7FF70B5092909D80569D8
:101DB0004C0064180726A640B543A2402A4302619E
:101DC00009E0C5684C0064181E3C0726A640B543D0
:101DD000A2402A43C260052B09D8446B9A00D3184D
:101DE0001F229A40944399402143416309E0026BCA
:101DF0009C00E3181E3B1F249C40A24399401143C2
:101E0000016370BD10B5064B1968CA431A60054BD3
:101E10001B68002B02D000220148984710BDC04625
:101E200000300040D430002070B50E4BC3189B0327
:101E30001B0EA42284580C4921400C4D5E00F4185E
:101E4000A400615184580C438450F3189B00EB1894
:101E50009B68002B04D00C3282581206520F984710
:101E600070BDC0460088FFBF00FFD500D8300020FD
:101E700010B50248FFF7D8FF10BDC04600780040FB
:101E80000F4BC3189B031B0E5A00D3189B000D4A1F
:101E9000D3181B79002B10D1002907D1A433C258C5
:101EA000C258802109010A43C25006E0A423C25847
:101EB000C2588021C9000A43C25000207047C04662
:101EC0000088FFBFD830002030B500290BD1002298
:101ED000A024802149010C4D03590B420FD001323F
:101EE000AA42F9D10BE00022A0240321064D035998
:101EF0001B0C0B40032B02D10132AA42F7D103483D
:101F000090428041404230BDA18601009F86010081
:101F1000082816D90938C3B2062B11D89800094BE6
:101F20001B589F460C200CE010200AE0142008E00B
:101F3000182006E0202004E0302002E0402000E0ED
:101F400000207047A88B010870B505000C00161E14
:101F500005D1A02281582C4B0B40835005E0A022D4
:101F60008358802109020B4383502368DA00D2088A
:101F7000264BEB189B031B0E5900CB189B002449E2
:101F8000CB185B79002B02D080231B061A432A65ED
:101F9000637A0F221340A27A002A01D01022134341
:101FA000227B002A01D040221343E27A002A03D088
:101FB00040229343203A1343627B002A01D08022BF
:101FC00013436B65237B002B14D1607A002811D05A
:101FD0002369002B0ED0FFF79BFF00280AD00023B7
:101FE0009A082169C9581632920051510433DBB264
:101FF0009842F5D8012E05D1A022AB588021C90303
:102000000B43AB5070BDC046FF7FFFFF0088FFBF92
:10201000D8300020F8B507000D0014002E4BC6186C
:10202000B603360E73009B199B002C4AD3181B79FC
:10203000002B10D0002C04D1A023C358DB04DB0FED
:1020400006E0A023C3589B039B0F033B5A42534116
:10205000002B30D104E02100FFF736FF00282DD1FE
:10206000220029003800FFF76FFFA023FB589B04D4
:102070001ED4002C06D1A022BB58802149010B435D
:10208000BB501EE073009E19B600144B9E19B37925
:10209000012B06D1A022BB588021C9000B43BB50A5
:1020A0000FE0A022BB58802189000B43BB5008E001
:1020B000032040420EE0012040420BE0022040425B
:1020C00008E021003800FFF7DBFE03000020002BB2
:1020D00000D00438F8BDC0460088FFBFD8300020CB
:1020E00070B504000D00A023C3589B019B0F012075
:1020F000002B43D02368DB00DB080B602368DB0F79
:102100000B7263681B0901210B40AB72666876098C
:102110000E40EE7263689B090B402B736268D20914
:102120000A406A7362680E3010406872002B1CD13E
:1021300000281AD02B69002B17D0FFF7E9FE010009
:10214000002E05D1011CC0B2082800D90821C9B24F
:1021500000290AD000239A080232920012592869F5
:10216000C2500433DBB29942F5D8A36C6B60A02255
:10217000A358802149050B43A350002070BDC046E1
:1021800070B504AC2678A02405599F3C2D0625D5B2
:10219000002E1BD0B334065980256D028D40354387
:1021A000055105590F26B5432943015105592021F1
:1021B0008D430551D200D208B8254251025911432E
:1021C00001515B005B084351002407E0B42403592C
:1021D000802252028A40934303510024200070BDA4
:1021E000F0B54F464646C0B483B005000E00894B9B
:1021F000C718BF0AFBB29946FF231F407B00DB19BB
:102200009B000021844A9950F378012B03D1484662
:1022100000F0D8F903E00121484600F0D3F97B0033
:10222000DB197E4AD3185878012100F00DF90121FD
:102230001C2000F03DF9A022A95880230B43AB508D
:10224000B1690B781A06CB781B04D3188A7812026E
:102250009B184A789B18A822AB50B37B002B28D040
:10226000A0202B58F17BC9056D4A13400B432B501E
:10227000F1690B781A06CB781B04D3188A781202FE
:102280009B184A789B18AC22AB50337C002B10D0A3
:10229000B0216858634A0240DB0313436B506B580C
:1022A000707C0002FE22D20110405F4A13400343BB
:1022B0006B50336A9846002B14D03378002B11D022
:1022C000002460000019800040448368426801785F
:1022D000407800902800FFF753FF0134E4B23378D0
:1022E000A342EED8A022AB5880218B43AB50B378E9
:1022F000012B05D1AB588021C9010B43AB5015E030
:10230000022B05D1A022A9581E330B43AB500DE080
:10231000032B0BD1A022A9583D330B43AB50AB5834
:10232000717BC9075B005B080B43AB50A4216B5862
:102330001B011B09C022D20513436B506B587078E8
:1023400000063A4A134003436B50A023EA58F17940
:102350000901102082430A43EA50EA58317AC90041
:10236000083882430A43EA50EA5830794005304938
:102370000A400243EA50EA58307B80072D490A4060
:102380000243EA507B00DB199B00234AD318727981
:102390009A71726A9A60737A002B19D0B17A4846A2
:1023A00000F01CF97B00DB199B001B4AD318727AE2
:1023B0005A71B4216B58F07A40021F4A134003430C
:1023C0006B506A581D4B13408022520013436B50D0
:1023D000B379002B19D0A422A958194B0B4071696D
:1023E0000B43AB507A00D3199B000B49CB18B17942
:1023F0001971D719094BFB56002B06DB1F2213401E
:102400001E3A9A4013000F4A136003B00CBC90466A
:102410009946F0BD0088FFBFD8300020C48B01086A
:10242000FFFF7FFFFF7FFFFFFF80FFFFFFFFFFF04A
:10243000FFFFDFFFFFFFFFBFFFFDFFFFFFFEFFFF0F
:1024400001FFD5FF00E100E082B00190019B1F2B4E
:1024500013D8012908D101988021C9054A680123B0
:10246000834013434B6021E001988021C9054B68EC
:102470000122824093434B6018E0019B252B15D825
:10248000019B203B0193012908D101988021C905B6
:102490008A680123834013438B6007E00198802101
:1024A000C9058B680122824093438B6002B070475C
:1024B00082B00190019B1F2B13D8012908D10198EC
:1024C0008021C9058A690123834013438B6121E080
:1024D00001988021C9058B690122824093438B6159
:1024E00018E0019B252B15D8019B203B0193012966
:1024F00008D101988021C905CA690123834013438B
:10250000CB6107E001988021C905CB690122824097
:102510009343CB6102B070478022D2051368032138
:102520008B431843106070478022D2051368302116
:102530008B430001184310607047C0468022D205CB
:102540001168034B0B400002184310607047C046EF
:10255000FFFCFFFF8022D2051168034B0B400005F2
:10256000184310607047C046FFFFEFFF8021C90588
:10257000034A8B589B009B0880071843885070477C
:102580009088000010B58021C905044A8C58044B7E
:10259000234040061843885010BDC0469088000074
:1025A000FFFFFFC110B58021C905044A8C58044BB8
:1025B0002340C0031843885010BDC04690880000D7
:1025C000FF7F80FF8022D2051068034B03408906FD
:1025D000194311607047C046FFFFFFFB8022D20500
:1025E0001068034B03404905194311607047C0460A
:1025F000FFFF9FFF70B504000D0001211520FFF7BC
:1026000023FF01211520FFF753FF454BE3189B04DF
:102610001B0E9900434AE8698850A26802210A43C8
:10262000A260A2688A43A2602A68A2616A68E26125
:10263000AA682262AA6912020DD0DB003A4AD318B6
:102640001B795BB2002B06DB1F2213401E3A9A4017
:102650001300364A1360636801229343297E0B43BB
:1026600063606368697E4900022083430B436360B3
:102670006368A97E8900023083430B43636023694A
:10268000E97D4900023083430B4323612369687D60
:10269000400227490B40034323612369E87C800201
:1026A00024490B400343236123699343297D0B4352
:1026B00023612369A87DC0021F490B4003432361A6
:1026C0002369A87B00041D490B4003432361236950
:1026D000697CC901802083430B4323612369A87C63
:1026E000000217490B40034323612369E97BC900BA
:1026F000182083430B4323612369297C4901483017
:1027000083430B43236163691B0C1B04A9890B439F
:102710006361636A9343EA7E1343636270BDC0469C
:10272000C0DFFEBFE4300020C88B010800E100E0FC
:10273000FFFDFFFFFFFBFFFFFFE7FFFFFFFFF0FFD6
:10274000FFFEFFFF03000068420706D59A680221DA
:102750000A439A609A688A439A601A6882431A60A8
:102760007047C04610B50648FFF7ECFF054B1B68E5
:10277000002B03D0002201000148984710BDC0463D
:1027800040200140E430002010B50648FFF7DAFF92
:10279000054B5B68002B03D00022010001489847DD
:1027A00010BDC04680200140E430002010B506482E
:1027B000FFF7C8FF054B9B68002B03D000220100E8
:1027C0000148984710BDC046C0200140E4300020B9
:1027D00010B50648FFF7B6FF054BDB68002B03D0AA
:1027E000002201000148984710BDC0460021014069
:1027F000E430002010B5094B19684907C90F0BD008
:102800001A001B68022083431360054B1B68002BD2
:1028100002D000220148984710BDC0462000004069
:10282000F4300020032808D81D4B1B6903221040F8
:102830008000C3400C32134024E0031F032B08D850
:10284000174B5B69032210408000C3400C321340D9
:1028500018E00300083B032B08D8114B9B690322A7
:1028600010408000C3400C3213400BE003000C3BCF
:10287000022B10D80A4BDB69032210408000C340B2
:102880000C321340012B02D0022B02D005E0054888
:1028900004E0054802E0054800E004487047C046EF
:1028A0006001082030000820600008200000082097
:1028B00010B5836801248C40A3438A401A43826088
:1028C00010BDC0464068C840012318407047C0464C
:1028D00010B52B4B984206D02A4B9C46604444428C
:1028E0004441600100E010204118C9B209290AD80A
:1028F0004B005918244807238B4004689C438A40A6
:10290000224302603AE013290CD80A39C9B24B00BD
:1029100059181E4807238B4004689C438A40224371
:1029200002602BE01D290CD81439C9B24B0059188C
:10293000174807238B4004689C438A402243026067
:102940001CE027290CD81E39C9B24B005918114870
:1029500007238B4004689C438A40224302600DE0B9
:1029600029290BD82839C9B24B0059180A4807231E
:102970008B4004689C438A402243026010BDC046DD
:1029800030000820A0FFF7DF4001082044010820A4
:10299000480108204C0108205001082010B50368A8
:1029A00001248C40A3438A401A43026010BDC046F4
:1029B00003490A680123834013430B607047C046F4
:1029C0006001082010B50020FFF72CFF0400002054
:1029D000FFF7EEFF044B1B68002B03D00022002101
:1029E0002000984710BDC046F830002010B50120E7
:1029F000FFF718FF04000120FFF7DAFF044B5B68C4
:102A0000002B03D0002201212000984710BDC046B2
:102A1000F830002010B50220FFF704FF0400022068
:102A2000FFF7C6FF044B9B68002B03D00022022156
:102A30002000984710BDC046F8300020F0B547464A
:102A400080B482B0104B1D68ADB2032401270F4B38
:102A500098463B00A3402B420FD0E6B23000FFF770
:102A6000E1FE01903000FFF7A3FF4346DB68002B37
:102A700003D000222100019898470134092CE8D1A5
:102A800002B004BC9046F0BD60010820F830002080
:102A9000F0B5474680B482B0104B1D68ADB2092432
:102AA00001270F4B98463B00A3402B420FD0E6B2C4
:102AB0003000FFF7B7FE01903000FFF779FF434683
:102AC0001B69002B03D00022210001989847013494
:102AD000102CE8D102B004BC9046F0BD6001082083
:102AE000F83000200269102313430361C36A0B709E
:102AF000802303627047C04670B50400D34BC318EF
:102B00001B0B826AD20611D5826A92060ED5826AA2
:102B100040218A4330390A438262FF221340CC4964
:102B20009B000132585802435A50D2E1A26A520621
:102B300012D5A26A92060FD5A26A10218A433031BB
:102B40000A43A262FF221340C1499B000A32FF32AE
:102B5000585802435A50BCE12269920600D400E161
:102B6000E269D20700D5ECE0E269920700D5E8E01F
:102B70002269D20600D487E0FF2213401801B54A2B
:102B80008058002842D1CA070ED5B1499B000D22BA
:102B9000585802435A50802323627F3B2362226BA2
:102BA00001331343236394E11A01AA498A18526836
:102BB000002A22D01A018A18127B002A08D10A00A2
:102BC0001B01C9188968012098500B78E36280E1E5
:102BD000226910218A4322611B019E4AD3185B6837
:102BE000012B04D1226907331343236103E02369D6
:102BF000082293432361E36A6BE195499B000A2213
:102C0000585802435A508023236262E11A01914DC1
:102C1000AA185268904219D2CA070ED58C499B0057
:102C20000C22585802435A50802323627F3B236270
:102C3000226B0133134323634BE1864A1B01D118F6
:102C40008968451C9D500B5CE36242E1CA0707D5C9
:102C50007F499800042245582A43425001222262AB
:102C60007B499800082245582A434250802222621C
:102C70001B01784AD3185B7B012B00D029E1226B22
:102C800001331343236324E1FF2213401A017149E6
:102C90008A185268012A18D16D49980008254258AF
:102CA0002A4342506B481B01C21891681A58561C9F
:102CB0001E5089182000FFF715FF2369AB432361DD
:102CC000226B02231343236303E1023A1901614893
:102CD00009588A420DD9226908218A4322610200DB
:102CE0001B01C118886899584D1C9D50E36A4354D4
:102CF000EFE08A420DD1216908220A432261554A38
:102D00001B01D118886899584D1C9D50E36A4354A3
:102D1000DFE04F489E00082532582A4332504D4A82
:102D20001B01D01880684E1C9E5041182000FFF7F0
:102D3000D9FE2369AB432361226B02231343236330
:102D4000C7E0CA0700D4C4E0FF22134040499B00FB
:102D5000F33A585802435A50802323627F3B236240
:102D6000B7E0E269D20700D59BE0E269920700D59F
:102D700097E04A0623D540222262BF3213403448EE
:102D80009D00FD3A2E5832432A504A0707D5314A52
:102D90001B01D11889689B58CB5CE36299E01B0149
:102DA0002C4AD3185B68012B04D1226907331343E3
:102DB00023618EE0236908229343236189E04A0757
:102DC0004AD5FF221340234A180115186D6882580E
:102DD000681E904203D3180101321E4E8251CA0769
:102DE0000DD5626A520705D4194998000C2245583E
:102DF0002A434250802222627F3A22621CE01A015A
:102E0000144951588D4205D9124882189268525C73
:102E1000E26211E06269D20703D5626901218A4347
:102E20006261626A520705D4094998000822455830
:102E30002A43425080222262626A520749D50449DD
:102E40009B001022585802435A5042E00020FFBF16
:102E50003431002014310020FF2213401D49180195
:102E60000A1852684158901E884204D121690822EC
:102E70000A4322610BE0013A914208D116489D00B5
:102E800008212A580A432A5022698A432261114A9A
:102E90001B01D118886899584D1C9D50E36A435412
:102EA00017E04A0609D540222262BF321A400A4D75
:102EB00092000220565930435051CA0709D50122C9
:102EC0002262FE32134004499B00F33A58580243F1
:102ED0005A5070BD143100203431002070B50848BC
:102EE000046A456A2A002100FFF706FE054B1B68AD
:102EF000002B03D02A0021000148984770BDC0462E
:102F000000E000400C31002070B50848046A456AB2
:102F10002A002100FFF7F0FD054B5B68002B03D072
:102F20002A0021000148984770BDC04600F00040CB
:102F30000C31002070B50400134BC318DB0A026883
:102F400003211140D00703D520680125A843206044
:102F500092070ED5FF2213409B000C4A9B58002B72
:102F600002D0002220009847236802229343236066
:102F700009E0FF2213409B00044A9B58002B02D01B
:102F800000222000984770BD0090FEBF3C31002019
:102F900010B50248FFF7CEFF10BDC04600700140DB
:102FA00010B50248FFF7C6FF10BDC04600780140CB
:102FB00010B50D4BC3181B0B02688021114003D0C4
:102FC00002688024A2430260026DFF24224002D0E6
:102FD000046D94430465FF2423409B00034C1B595C
:102FE000002B00D0984710BD00D0FEBF4431002018
:102FF000F0B55F4656464D464446F0B483B00400F3
:103000008A46E34BC5182D032D0EE24F6B005E1967
:10301000F05D0121FFF718FABE1970780121FFF762
:1030200047FA2368524651890902DB4A13400B4391
:10303000236053469B89E36453469B8963605346F0
:10304000DB89A360AA00D54B51464969D150842140
:1030500063587F2293435246527C13436350236844
:103060005246127C920144398B43134323605346EA
:103070009B7C012B0FD16B005D19C64B5D190223A0
:10308000EB56002B1BDB1F2213401E3A9A40130005
:10309000C34A136013E06B005D19BE4B5D19022338
:1030A000EB56002B0BDB1F2213401E3A9A401300F5
:1030B0008022BB498B50BFF34F8FBFF36F8F5346B6
:1030C0001B78012B00D16FE1002B06D0022B00D121
:1030D0004AE2032B00D1A6E2E2E253465B68226893
:1030E00019784901202082430A4322605A78002A35
:1030F00056D0002730229346243A90460B3A914608
:10310000009700998A008C466244520059688D5C91
:10311000E8002018C1685E46B14320263143C160F3
:10312000C668596889180979890047463940BE43FD
:103130003143C1605968891849880161266F494641
:10314000A940C9435F68BC46944467467F79AF4055
:103150000E403E432667C6685F68BC469444674697
:10316000BF79BF01BC464027BE4367463E43C660A9
:10317000E06D5E68B618F679AE4008403043E06511
:10318000E06E5E68B4466244127AAA400140114380
:10319000E166009F0137F9B200915A788A42B0D8AF
:1031A0009A78002A00D1D5E00022009200998A0086
:1031B0008C46624492009968895C8C46606E49082E
:1031C000C90001258D4028436066656E98688018A7
:1031D000C0790001884010278F40BD4328436066B6
:1031E000606E9D68AD182D7A6D008D4002278F406E
:1031F000B8432900014361666146CD006519E8685E
:1032000099688918897989000C263140B0430143B7
:10321000E960996889184988296161464F1CFFB2A5
:10322000996889188988F8008046A0444046016161
:10323000E96898688018407A40000A3EB14301432B
:10324000E9604146C96898688018807A4000B143B7
:1032500001434046C160216F01206646B040C6432D
:1032600001969E68B14691444E46F67A6046864085
:10327000B146019E3140484601432167216F89468E
:103280000121B940C9439868834693445846007B5E
:103290000600BE40B3464E460E40B1465E46484626
:1032A00006432667E86881469868834693445846F3
:1032B000407B800183464E4640208643B1465E46B1
:1032C00048460643EE604046C5689868814691448A
:1032D0004846807B8001814640208543484605431F
:1032E0004046C560E56D9868804690444046C07B86
:1032F000060060468640B046019E35404046054384
:10330000E565E56D9868804690444046007C06007F
:10331000BE400D403543E565E06E804698688518EF
:103320006D7C604685404046019E06403000284343
:10333000E066E06E9D68AC466244927CBA40014013
:103340001143E166009E0136F1B200919A788A42FB
:1033500000D92BE7626D997B4900022082430A4322
:103360006265197BA26E587B8001C025AA43024387
:10337000A266A26E3F2082430A43A266E06ED97B1A
:103380000902084A030013400B43E36688E1C04684
:1033900000D0FEBFE88B0108FF0000FF4431002091
:1033A00000E100E0FFFEFFFF53465868236820223B
:1033B000934323600378002B00D171E10021302377
:1033C0009846243B9C4678339B460091009AD30054
:1033D00091464B444268D5182A786D78002D2DD13E
:1033E000D5006519EE6841468E43EE60EF6841688E
:1033F000CE18B678B60061460E408F433E43EE606D
:1034000059466758510089464168CE18F678360407
:1034100049468E400196C02189024E46B1408F43F5
:10342000019E3E4359466650EE684168CF183F7A88
:10343000BF0140218E433E43EE6074E0666E550846
:10344000ED000427AF403E436666666E0821A94042
:103450000D0035436566D5006519EF684168CE18E3
:103460007679360141460E408F433E43EE60416817
:10347000CE183679012E17D0002E04D0022E24D07B
:10348000032E33D042E0EE6861468E4304210E43A2
:10349000EE60551CEDB2ED006519EE6861468E4395
:1034A00008210E43EE6031E0EE6861468E4308214C
:1034B0000E43EE60551CEDB2ED006519EE686146F5
:1034C0008E4304210E43EE6020E0EE6861468E4399
:1034D00004210E43EE60551CEDB2ED006519EE6857
:1034E00061468E4304210E43EE600FE0EE686146B4
:1034F0008E4308210E43EE60551CEDB2ED006519B8
:10350000EE6861468E4308210E43EE60551CEDB215
:10351000ED006519EE684168CF183F7ABF01402180
:103520008E433E43EE604568A9464B449D79012D8C
:103530000AD1A66F9500AA181F259540AE43DB79E6
:1035400093403343A36706E0A36F9500AA181F2595
:103550009540AB43A36700990131CAB2009203784A
:10356000934200D932E79BE05346586823682022F3
:10357000934323600378002B4DD0002510239946F8
:103580000C27303398463F3B9C460095009DEA004F
:103590004368995CCB00E318DE683025AE434D46A6
:1035A0002E43DE60DE684568AB4693445D462D7968
:1035B000AD003D40BE432E43DE604568AE187688C0
:1035C0001E61DE684568AB4693445D466D79AD018A
:1035D000AB464546AE435D462E43DE60E66D634630
:1035E0008B40DB434568AB4693445D46AD798D40E7
:1035F0001E402E43E665E66E4568AB465A44D279D6
:103600008A4033401343E366009D0135EAB20092DD
:1036100003789342BAD8636D027A520002218B4339
:10362000134363653CE053465B688022A1581878D9
:10363000C0000825A9430143A150A1585878400172
:103640001835A9430143A150A15818790001103D34
:10365000A9430143A1509A78002A06D0A26F1F21E6
:103660008A43D9780A43A26703E0A26F1F218A43E5
:10367000A2675A79002A07D0A26F987940011049B1
:103680000A400243A26703E0A16F0D4A0A40A26705
:103690008020215801229143DA790B0013432350F3
:1036A00023685246127AD20018218B4313432360B9
:1036B00003B03CBC90469946A246AB46F0BDC0461E
:1036C0001FFCFFFF10B50248FFF772FC10BDC0469B
:1036D0000030014010B50248FFF76AFC10BDC0463B
:1036E0000040014010B50E4B19680B0606D50C487A
:1036F00002680C4B13408022134303608B0307D5F1
:10370000074A1368802083438020800203431360AC
:10371000054B1B68002B02D000220148984710BDC2
:1037200000840040FFFFFDFF4C310020F0B54368EE
:10373000DB0400D4A8E0994BC3181B0BC2685207E6
:103740000BD5C16804220A43C260FF221A40944C80
:1037500092000221155929431151C26812070BD555
:10376000C16808220A43C260FF221A408C4C9200B2
:103770000121155929431151C26892073ED5FF22F4
:103780001A40940087496158874D6459A14223D259
:103790009500864EAD59002D30D0013CA14203D199
:1037A00044690826B44344614468240207D5940060
:1037B0004F1C7C4EA751046949004C5305E094000E
:1037C0004F1C784EA75104696C549100754C0C59EC
:1037D000754D49598C4211D3446875492140416067
:1037E0006F4C920008211559294311518021C2685C
:1037F0001142FCD1816820220A438260C268D2074C
:1038000031D5FF221A4094006A496158664D6459C7
:10381000A14216D29400684D6459002C23D045680B
:103820002D0207D592004E1C624D565149000A5B8D
:10383000026118E092004E1C5E4D5651625C0261BE
:1038400011E044685D4921404160554C92001021CF
:103850001559294311518021C2681142FCD1816858
:1038600020220A438260C268D20600D495E08168B3
:1038700010220A438260FF22134049499B00FB3A11
:10388000585802435A5088E0444BC3181B0BC26877
:1038900052070FD5C16804220A43C2604168474AF3
:1038A0000A404260FF221A403D4C92000221155905
:1038B00029431151C26812070FD5C16808220A4373
:1038C000C26041683A4A0A404260FF221A40344CC2
:1038D00092000121155929431151C26892072FD531
:1038E000FF221A4091002F4C0D592F4C09598D423F
:1038F0001CD291002D4C0959002921D04468240282
:1039000007D594006F1C274EA75104696D006C52B7
:1039100005E094006F1C234EA75104694C5591009B
:10392000204C0C59204D49598C4209D344682049F8
:10393000214041601A4C9200082115592943115128
:10394000C268D20729D5FF2213409900194A8A5824
:10395000154C09598A4216D29900174C0959002969
:103960001BD04468240207D59B00551C114C1D51E7
:103970005200535A036110E09B00551C0D4C1D5121
:103980008B5C036109E041680C4A0A4042600449CB
:103990009B001022585802435A50F0BD0040FFBF10
:1039A0005831002078310020603100208031002023
:1039B000FFFDFFFF6831002050310020FFFEFFFFB8
:1039C00070B50748C4684568FFF7B0FE054B1B6833
:1039D000002B03D02A0021000148984770BDC04643
:1039E00000C000407031002070B50748C4684568C9
:1039F000FFF79CFE054B5B68002B03D02A002100DB
:103A00000148984770BDC04600D00040703100208A
:103A1000034A1168034B0B400007184310607047BE
:103A2000B0880040FFFFFFEF82B000230193012820
:103A300011D1134A5368802189050B435360114803
:103A40005368DB0FDB0701930138019B002B12D178
:103A50000028F5D10FE00A4A51680B4B0B40536028
:103A600008485368DB0FDB0701930138019B002BEB
:103A700001D00028F5D1431E9841C0B202B0704772
:103A80000080004010270000FFFFFFDF82B000230E
:103A90000193012813D1154A5368802109050B436E
:103AA0005360134811008022D2054B6813400193E4
:103AB0000138019B002B14D10028F6D111E00B4AEC
:103AC00051680C4B0B405360094811008022D2050D
:103AD0004B68134001930138019B002B01D0002853
:103AE000F6D1431E9841C0B202B07047008000403A
:103AF00010270000FFFFFFF782B0034BDB69019343
:103B0000019802B07047C0460080004000B583B005
:103B1000FFF7F2FF0190019A054BDA61054B1B6834
:103B2000002B03D001990248C268984703B000BD3A
:103B3000008000408C31002000B583B0FFF7DCFF2F
:103B40000190019A054BDA61054B1B68002B03D0ED
:103B5000019900220148984703B000BD0080004051
:103B60008831002010B5FFF7C7FF430305D51E4A73
:103B7000D3698021C9020B43D3618023DB051B6914
:103B80009B050FD58022D2051369802149020B4382
:103B900013610020FEF7C0FC0020FEF7DBFC0120D3
:103BA000FEF7BAFC8023DB051B69DB051BD58022F1
:103BB000D2051369802149020B4313610020FEF7EF
:103BC000ABFC0020FEF7C6FC0020FFF75FFF0128DA
:103BD00009D16330FAF7C2F80120FFF757FF012837
:103BE00001D1FEF799FC10BD0080004010B5C368FC
:103BF000012119400ED0C26801231343C360064B54
:103C0000C3181B051B0E9B00044A9B58002B01D0B8
:103C10000022984710BDC04600EFFEBF9031002043
:103C200070B504000D0001211320FEF70DFC0121E9
:103C30001320FEF73DFC224A13680220834304212F
:103C400049420B4313602B682360A3682A799200D2
:103C500008318B431343A3601A4BE3181B051B0E5B
:103C60009900194AAE688E50A2686979490082436A
:103C70000A43A2606A79012A0BD1144AD356002B59
:103C800017DB1F2213401E3A9A401300104A13609C
:103C90000FE00E4AD356002B0BDB1F2213401E3AB7
:103CA0009A40130080220A498B50BFF34F8FBFF315
:103CB0006F8FA368012293432A7B1343A36070BDD7
:103CC0000010014000EFFEBF90310020F08B010892
:103CD00000E100E010B50248FFF788FF10BDC046C4
:103CE0000011014010B50248FFF780FF10BDC0462B
:103CF0001011014010B50248FFF778FF10BDC04613
:103D00002011014010B50248FFF770FF10BDC046FA
:103D10003011014070B5016A426A016242620A4B89
:103D2000C3181B0BDCB2C569ED0701D40125A943FB
:103D3000022C07D8FF2423409B00044C1B59002B66
:103D400000D0984770BDC0460080FEBFA031002063
:103D500070B504000D00012A03D00420022A03D00C
:103D600001E0082000E0102003231A40A262F6F7C9
:103D700071F8011C1648F5F7E7FB061C2800F6F75A
:103D8000B1F8011C301CF5F7DFFB061CF5F7BCFB96
:103D90000500F6F7A7F8011C301CF5F7B3FE8421E7
:103DA000C905F5F79BFDF5F779FBFF231A002A40BB
:103DB00062602D0A1D40A5606064626BEF3B1A4390
:103DC0006263626B0F218A431343636370BDC04615
:103DD000001BB74B10B5036ADB0505D5074B8024E4
:103DE0006400026A224204D1C905C90D01600120A4
:103DF00003E0013B002BF4D1002010BDFE0F0000BA
:103E00000068C005C00D7047C36820229343C3609B
:103E1000012904D0002914D0022909D01AE0C2686F
:103E200008231343C360C36810229343C36019E09F
:103E3000C26808231343C360C26810231343C360DE
:103E400010E0C36808229343C360C36808329343F9
:103E5000C36007E0C36808229343C360C3680832A5
:103E60009343C3607047C04670B504000D004D4ACF
:103E70008618360B4C4A90420ED04C4A904214D0D1
:103E80004B4A904219D101210020FEF7DDFA0121B1
:103E90000020FEF70DFB10E001210120FEF7D4FA0F
:103EA00001210120FEF704FB07E001210220FEF7BB
:103EB000CBFA01210220FEF7FBFAFF231E40B600D9
:103EC0003C4BEA68F2502B795A1F032A0AD8E26861
:103ED00003218A43053B1343E36023692022934374
:103EE000236109E0092B07D1E36803229343E360D0
:103EF0002269202313432361A9792000FFF784FF5F
:103F00006A7A29682000FFF723FFE3686A79920044
:103F100004218B431343E3602B7A002B02D1EB790E
:103F2000002B04D0626901231343636103E06369DA
:103F30000122934363612B7A012B0FD0002B04D015
:103F4000022B14D0032B1BD022E0236C01229343BD
:103F50002364236C01329343236419E0226C012310
:103F600013432364236C02229343236410E0236CE5
:103F7000012293432364226C02231343236407E04A
:103F8000226C012313432364226C02231343236412
:103F9000226902231343236122690123134323610E
:103FA00070BDC0460080FEBF0090014000A00140EF
:103FB00000800140A031002010B50248FFF7AAFEA2
:103FC00010BDC0460080014010B50248FFF7A2FEB8
:103FD00010BDC0460090014010B50248FFF79AFEA0
:103FE00010BDC04600A0014070B50400344B1E68EF
:103FF0005D6801211920FEF727FA01211920FEF73B
:1040000057FA43239D43237A032213402B43627ABA
:10401000002A03D120329643320001E020223243AD
:10402000A17A002902D180318A4301E080210A432C
:10403000E17A002902D110318B4303E0012901D13B
:104040000F310B43217B002902D180318B4303E0E8
:10405000012901D17F310B43617B002911D140310E
:104060008A4318492069086017498020400080254C
:104070004851BFF34F8FBFF36F8F0135FF35485164
:104080000AE0012916D13F310A430E492069086030
:10409000802040000C49086072B609490B488860CE
:1040A0000B4888602068C860606808614B600A60DF
:1040B00062B603E0034920690860EDE770BDC046C1
:1040C00000B00040AC31002000E100E087D964E09E
:1040D00078848A8610B5044B1B68002B03D000221D
:1040E00000210248984710BDAC31002000B00040CC
:1040F00010B51400FDF754FD207010BD0A480022D1
:104100009423C25003000830FF321A741900303172
:104110000A7001338342F8D1034B0122F0215A5433
:1041200001315A547047C046C844002070B58EB063
:10413000A54C2000F9F7D2FEA44B1870601CF9F7CB
:10414000CDFEA34B1870A34B1B785A1E9341A24A75
:1041500013700120F9F74AFFA04B18700220F9F7FD
:1041600045FF9F4B18700320F9F740FF9D4B1870D7
:104170000420F9F73BFF9C4B18700520F9F736FF38
:104180009A4B18700620F9F731FF994B18700720E9
:10419000F9F72CFF974B18700820F9F727FF964B7B
:1041A00018700920F9F722FF944B18700A20F9F7CC
:1041B0001DFF934B18700B20F9F718FF914B1870E7
:1041C0000C20F9F713FF904B18700D20F9F70EFF34
:1041D0008E4B18700E20F9F709FF8D4B18700F20C9
:1041E000F9F704FF8B4B18701020F9F7FFFE8A4B8C
:1041F00018708A4A9423D158481CD0501421F4F7DF
:10420000E5FF002900D0B7E00020F7F7A1FC844DBE
:10421000400380B2830018180303C018000E0E2359
:104220002A00804902F03AFF7F4B18800120F7F7FF
:104230008FFC2A0020327D4C400380B28300181886
:104240000303C018000E1323210002F0E9FE784B8F
:1042500018800820F7F77CFC2A004832400380B21F
:1042600083001818000B1323210002F0D9FE714BB4
:1042700018800920F7F76CFC01006F4803F03CF947
:10428000F0239B019C46604400B2984203DD1A0073
:104290006A4B1A8008E06A4B984203DA1A00674BAF
:1042A0001A8001E0654B18800A20F7F751FC0100E5
:1042B000614803F021F9F0239B019C46604400B261
:1042C000031C5F4A904201DA5E4B1B881A1CF021E6
:1042D00089011BB28B4201DD5B4B1A885B4B1A8054
:1042E0000B20F7F735FC0100534803F005F9F023E4
:1042F0009B019C46604400B2984203DD1A00544B77
:104300001A8008E04E4B984203DA1A00504B1A808C
:1043100001E04F4B18800020F7F724FD4D4C60431F
:10432000000A4D4B18800120F7F71CFD6043000A7E
:104330004A4B18800220F7F715FD6043000A484BEE
:1043400018800320F7F70EFD6043000A454B1880E4
:104350000420F7F707FD6043000A434B188005204F
:10436000F7F700FD4443240A404B1C80F7F71CFC80
:10437000431E98413E4B18709423284AD058C821B8
:10438000F4F724FF002900D06CE137246C442200AC
:104390000BA9CC204000FFF7ABFE247800231F4D73
:1043A00018000BAA9A5C002C01D1EA18127C0BA908
:1043B00042540133082BF3D10B78FF2B5AD037220C
:1043C0006A4413705AE0C0466D3300205A460020FC
:1043D000A0460020AA2E00204B460020B446002014
:1043E00066460020CF450020294600208546002053
:1043F0008C4600207B46002048460020774600205F
:10440000A64600209846002065460020B0460020C1
:104410004F4600203A460020C9450020C8440020ED
:1044200048B001085C8C0108404600207C8C0108E3
:10443000BC460020384600200FF0000FA4460020A4
:1044400000C4FFFFF48B0108F68B0108D045002063
:104450006E4600209D360000324600208E46002029
:10446000A84600203E460020B246002034460020E8
:1044700064460020002137226A44117037246C44BE
:10448000227864214A4378490A80FF3B59425941C6
:10449000764A1170220009A98020C000FFF728FE8B
:1044A00024780023724D180009AA9A5C002C01D1CF
:1044B000EA18127E09A942540133082BF3D137249C
:1044C0006C4422704B799B096A4A1370220007A939
:1044D00080208000FFF70CFE24780023644D180034
:1044E00007AA9A5C002C02D11A002032AA5C07A904
:1044F00042540133082BF2D137246C4422700A0055
:104500004B7803210B405C490B7093789A00D218CA
:10451000D200D3181B09594A1380220005A9A420F0
:10452000C000FFF7E5FD24780023514D180005AACF
:104530009A5C002C02D11A002832AA5C05A94254C8
:104540000133082BF2D137246C442270CB785B07FF
:104550009B0F4B4A1370220003A98220C000FFF773
:10456000C7FD24780023424D180003AA9A5C002C52
:1045700002D11A003032AA5C03A942540133082B3D
:10458000F2D12F336B441A708B781B02CA78D31880
:104590009BB23C4A9A18504250413B4908703B4AF2
:1045A000934203D100223A4B1A8008E0394A9446DC
:1045B0006344394A934200DD1300354A138037249F
:1045C0006C44220001A93548FFF792FD267828485F
:1045D0000200203200210B0001AC0C5D002E00D146
:1045E000147E0BAD5D5D057409AD5D5D057607ADAF
:1045F0005D5D157005AD5D5D157203AD5D5D157496
:10460000147601AD5C550131013001320829E2D147
:1046100037236B441C70AB781B02EA789B18204A46
:1046200053439B0B1F4A1380F023114AD35C002B8A
:1046300004D0082207390C20FDF78CFAF1230C4A2C
:10464000D35C002B04D0082200212620FDF782FA3B
:104650000BA90C20FDF7B6FA054B0022F0215A54A5
:1046600001315A540EB070BD7846002049460020F2
:10467000C844002028460020B94600202A460020D1
:10468000704600200100FFFF4E460020FFFF0000A3
:10469000D2450020E0B1FFFFFF7F00006B04000067
:1046A000CDCC00007246002010B502AC24788C42BC
:1046B00007D1002801D1147006E0137004E01470D3
:1046C00002E00028FBD0F8E710BDC0460022274BCF
:1046D0001A60274B0132C4215A5401315A54013116
:1046E0005A5401315A5401315A5402315A54013149
:1046F0005A5401315A5401315A5401315A54023139
:104700005A5401315A5401315A5401315A54013129
:104710005A5402315A5401315A5401315A54013118
:104720005A5401315A5402315A5401315A54013108
:104730005A5401315A5401315A5401315A540231F8
:104740005A5401315A5401315A5401315A540131E9
:104750005A5401315A5402315A5401315A540131D8
:104760005A5401315A5401315A547047D4450020EB
:10477000C8440020084A9821535C04208343013830
:104780008343535400200021106051609060D16039
:104790000022024BDA847047C8440020D84500202C
:1047A000F0B55F4656464D464446F0B4BDB0C84AE3
:1047B000136801331360DB0701D501F0B9F8C5496F
:1047C00070228B5A8A5ADB431B041B0CC2493020CF
:1047D000095EC910514309144022C048825E5A4301
:1047E00012148918BE4A914200DA11007022B948A9
:1047F000805AB94A3224125FD21042431214422026
:10480000B64C205E584300141218B548824200DAB4
:1048100002007020AF4C245AAF483425405FC010CE
:10482000604300144424AD4D2C5F63431B14C31834
:10483000AB48834200DA0300AA48814200DD010050
:1048400009B208000391A8490880A6498A4200DD00
:104850000A0012B211000492A44A1180A14A9342A4
:1048600000DD13001BB29B46A14B5A461A80039BE6
:104870001B01049AD10009B25B1A5A46D10009B251
:10488000591A9C4B994204DC9B4B994203DB490427
:1048900003E09A4901E080210906994802F04CFDA5
:1048A000984B1880914B0021595E974A51438912C9
:1048B0000BB28F490020095E4A43921211B2591A75
:1048C0008C4B994204DC8C4B994203DB490403E096
:1048D0008A4901E080210906894802F02DFD8B4BB1
:1048E00018807E4B5F6EBA229A5E150005929A6E12
:1048F00016000692B8229B5E07933900180002F05A
:1049000051FC04003100280002F04CFC2318002C5C
:1049100003DA002801DA002B07DA002C07DD002873
:1049200005DD002B03DC754B01E080231B06784D71
:104930005B142B80674C7226A05B636F0004C01A67
:10494000010002F0F5FD0101AF20000502F016FBA9
:104950008046704B1868010002F040FC4346DB02C1
:104960001818C317C018584003F002F80890A35B4A
:1049700069485843C008010002F0DAFD0990606FF1
:10498000A25B4308D003181A4010010002F08CFC0F
:10499000C3009846616F0023E85E02F091FD060BAC
:1049A0005E4B9C4666443900059802F0FBFB05000F
:1049B0000699079802F0F6FB2C1A002D06DA00285B
:1049C00009DB002C07DB8024240604E0002802DA3F
:1049D000002C00DA494C6414514B1C803D4D72236D
:1049E0009946EB5A4F4F3A6892465C43A401240C17
:1049F0003100300002F072FD6443240C24012018C1
:104A000003F0A6F80100504602F05AFD05903968FF
:104A1000082202F04FFA010002F00EFC01004046AD
:104A200002F00AFC099B9B081818C317C0185840CD
:104A300003F01AF80600696F374802F06BFD400872
:104A4000F612841B686F4B46EA5A696F8900430867
:104A5000D003181A401002F01BFD01001D22200097
:104A600002F000FA0600696F2F4C0E22200002F0BF
:104A700017FA371A4B46E95A6B6F0904C91A8900AD
:104A80000122200002F0E2F9C002089BC01ABB100C
:104A9000C01A264B1B78002B03D00E4B996FDC6F8E
:104AA00002E0234B19685C680C4B9B6CC218914662
:104AB000002803DA002B01DA002A3BDA00283CDD6B
:104AC000002B3ADD4B46002B37DC0C4B994634E08B
:104AD000D445002048B00108D8450020C844002033
:104AE0000080FFFFFF7F0000CC4500202E46002005
:104AF00030460020FF3F000001C0FFFFFFFFFF7FA7
:104B0000555555553C4600206D3700007E46002027
:104B1000A246002060460020D94A0000B29500005D
:104B200058460020944600200000B2957A460020A6
:104B3000C8B0010880231B06994602F023FC05003B
:104B40002100484602F01EFC2B18002D03DA002835
:104B500001DA002B0FDA002D03DD002801DD002B28
:104B600002DDCA4A934203DDC84AC94B1A6008E015
:104B7000C84A934203DAC74AC54B1A6001E0C44AE7
:104B80001360C54D288900B24001372102F0CAF9EF
:104B900004006B89C14A0026965F5E43760072234B
:104BA000BF4AD35ABF4A0020105E584380123100DA
:104BB00002F006FBF5F74EF9DE218905F4F78EFECB
:104BC00080231B069C4660448E21C905F4F786FEAF
:104BD00003F0B0FC9F21C90503F0FAFC051C00217D
:104BE000F4F734FC002806D080231B06E818F4F7FD
:104BF00055FC404202E0281CF4F750FC63421BB213
:104C00009A46A4022200A04204DC9B0202009842C1
:104C100000DA1A009E4B1D686D10AD18A04B596F3D
:104C2000A14B0020185E02F091FB01129F4B9C46A5
:104C30006144300002F00EFB844205DB53469B02C8
:104C40000400984200DA1C00994B19680A22059862
:104C500002F030F90590924B9A46596F380002F0F5
:104C600009FC4610914B9C4666440598010002F0F1
:104C7000FFFA07003100300002F0ECFA7F10381A1A
:104C8000C317C018584002F0B1FE0600894B1F68D8
:104C900072235246D15A89B205228020000602F0C2
:104CA0001FF90100300002F0A9FB0011381A824BF5
:104CB0001B78002B04D07A4B996FDB6F984603E08A
:104CC000754B19685B6898467C4BDB6CC7180028ED
:104CD00003DA002B01DA002F07DA002807DD002BAA
:104CE00005DD002F03DC764F01E080273F0602F050
:104CF00049FB06004146380002F044FB3318002E01
:104D000003DA002801DA002B0FDA002E03DD002879
:104D100001DD002B02DD5D4A934203DD5B4A694BF6
:104D20001A6008E05B4A934203DA5A4A654B1A60FC
:104D300001E0644A1360634B1B685B101C19290077
:104D4000280002F0AFFB06002100200002F0AAFBC1
:104D50003018514A138919B2128913B24B43DB0040
:104D6000984221D902F0BEFE011E01D180218901A5
:104D700080200006F4F7A4F90590474E308900B270
:104D8000290002F0A9FA059D290002F029FB4E4BEB
:104D90001860308900B2210002F09EFA290002F06A
:104DA0001FFB4A4B186005E06D00474B1D60640017
:104DB000464B1C60C223414AD35C182B00D9CAE081
:104DC000354BDB68424A12689A4201D901F05FFC18
:104DD000C1E040493C228B5C01338B54314B0024B1
:104DE0001C5F231E01DA63421BB22F4A0026965F26
:104DF000BC2232498A5EB24208DABE222F498A5E5C
:104E00009A4203DD3C23334AD55C02E0C3232B4A9C
:104E1000D55C9823294AD35C5A0715D4274B982090
:104E2000195C04220A43FC210A4002210A431A5455
:104E30000021284AD184002000219860D9600020F8
:104E400025491860596063E003221340012B45D1C6
:104E50000022214B19498868C968F4F7DBFA002859
:104E600056D0164B98201A5C03218A431100022267
:104E70000A431A540021174AD18400200021986067
:104E8000D960002014491860596041E000C38700D0
:104E900044460020003D78FFC8B00108B646002017
:104EA00048B0010858460020A2460020D94A000018
:104EB00094460020604600207A460020C844002026
:104EC000FFFFFF7F54460020684600209C460020DC
:104ED000D4450020D84500200000F03F0022C14BFF
:104EE000C14908684968F4F795FA002810D0BE4B0C
:104EF00098201A5C03218A4301210A431A54BB4AB1
:104F0000127C9201BA49CA840020B6499860D960DF
:104F1000B74BDB8C9B0298462B000C3B5B10B54AD1
:104F20005343B54A1360B04B42469A65BC229E5229
:104F3000002C04DA6442BE23AB4AD45202E0BE2302
:104F4000A94AD452C323A84AD5540022AB4B1A70A5
:104F500000239A4608E00122A84B1A70A84B1B6850
:104F60009846A84B1B689A469F4BDE6E1D6F586D86
:104F7000310002F0BFF90400A34B984200DA1C0094
:104F8000994B186D290002F0B5F99F4B984200DA51
:104F900018009E4B9C4200DD1C009C4B984200DD9B
:104FA0001800241A24B2A402994B1C608E4B186D71
:104FB000310002F09FF9944B984200DA1800040087
:104FC000924B984200DD1C00874B586D290002F07F
:104FD00091F98D4B984200DA18008C4B984200DD15
:104FE00018000419884B9C4200DA1C00874B9C4235
:104FF00000DD1C00A402874B1C607B4B40226946ED
:105000008989995202326946098A9952023259466F
:105010009952814A1188B8229952754A5068586647
:105020007E490C88BA215C52116899664C469C6492
:10503000DF643C24145DC2229C5452461A65D86633
:1050400042465A651967764B00241C5F6B4B1B78F0
:10505000002B5ED0654D288900B2698A09B201F043
:1050600061FF6B694343D900C90B6E4802F02AF90E
:1050700001006D4802F00AF903902B891BB26B4ABC
:1050800093420BDC594B1B891BB2694A934207DBE5
:10509000564B188900B2C00000B202E05B4800E045
:1050A0005948524B1E8BB6B2598A09B201F03AFFE9
:1050B0004643B300584E0022B15E0493180002F03C
:1050C00035F8534B1D68AD13451B474F3388B42249
:1050D000B95A591A09B2039802F028F8A846804430
:1050E0004C4B1D68AD134D4E0022B15E049802F08A
:1050F0001DF82D1A3388B622B95A591A09B20398E5
:1051000002F014F8291A404602F0D8FA494B186008
:1051100003E0394B1A68474B1A60464B1B68324A0A
:10512000926F9A4207DD304A526F9B1A424A944668
:10513000634403930CE080222B498A58934203DD99
:10514000CA6F9B1A039303E08423274AD35803931F
:1051500003993A4802F0B6F80822394901F082FE74
:10516000384B18600301191A8900374802F01AF801
:105170001E4E718B89B202F0F7F80500718B890918
:105180008023DB00591A8823174AD05801F0DCFF2E
:105190002B189946002D03DA002801DA002B09DAD2
:1051A000002D0ADD002808DD4B46002B05DC274BCF
:1051B000994602E080231B06994646230C4AD35C9D
:1051C000002B0AD1138C002B07D04B465B121EB26A
:1051D000134A1680002E3BDB3CE00022104B1A8065
:1051E000002637E00000F03FC8440020C8B00108A6
:1051F000D84500200052C110AC460020CA4500200E
:10520000684600209C4600200080FFFFFF7F0000D2
:105210005C460020504600203C4600207E46002090
:10522000B6460020E7D39D3555008002FF0F0000F1
:1052300001F0FFFF80460020A2DA0FC9B7C17C5100
:105240002506010094460020AB0A0000FFFFFF7F07
:105250005E4236B2BD4B9D8B2DB20123AE4200DCC7
:105260000023BB4A1370B223BA4AD25AB74BDB8B26
:105270009BB29A422FD3002C01DA644224B2B64B7F
:105280001B8C5B001B1B1BB2B04A128C92B2B34941
:105290008A4205D8AD4A108C400000B2834204DC3B
:1052A000181C002B00DA002000B20A23AC4AAD49DA
:1052B00001F070FEB023A74AD35A5B001818AA4B1E
:1052C000984200DD1800401083B29A460021B223B4
:1052D000A04AD15206E09F4BB021595A8A4601326A
:1052E000B2215A52A14B1B780020002B2CD1A04B8D
:1052F0001B78002B28D19F4B1B78002B24D19E4B71
:105300001B78002B20D19D4B1B78002B1CD19C4B74
:105310001B78002B18D13D338F4AD35C002B13D060
:105320004623D35C002B0FD13E33D35C002B0BD034
:105330005046AE4200DD108C844B5B8C9BB2984291
:1053400002D3824B588C80B240008E4B00229B5E71
:10535000C01A854B984200DD18007D4B1B78002B4E
:1053600003D07A4B596A9D6A0FE0784CE16AE36A90
:10537000890C01221140DB0CC918C904256B236B71
:10538000AD0C1540DB0CED18ED0400B2C023714AE2
:10539000D65E36187C4B9E4200DA1E0002F03CF8C6
:1053A000794B984200DA180004006F4B984200DDF8
:1053B0001C006D4B9E4200DD1E0033B20493290099
:1053C000180002F029F8704B984200DA1800664B7A
:1053D000984200DD180004196B4B9C4200DA1C0057
:1053E000614B9C4200DD1C00E403584B5B8A1BB2FE
:1053F0001B029C4204DD654A13600023644909E0F6
:10540000644B9C4203DA1A00604B1A60F5E75F4B6D
:105410001C60F2E731AA5858985004332C2BF9D16C
:105420002DAC5D4B18680222210002F0C7FB2FABA8
:105430001F220221200001F0C7FC584B220003CBA1
:1054400003C2022221002FA802F04CFC002841D008
:1054500025A9534B0A0011CB11C227AC022322000D
:105460002FA801F0D3FC2BAB1F220221200001F05A
:10547000ABFC4A4B220003CB03C2022221002BA823
:1054800002F038FC002812D023A9454B0A0011CBAA
:1054900011C2022325AA2FA801F0B8FC2FAB1F22AE
:1054A000022125A801F090FC01239B4690E023A94E
:1054B0003C4B0A0011CB11C2022325AA2FA801F0F0
:1054C000A5FC2FAB1F22022125A801F07DFC0023A3
:1054D0009B467DE02BA9344B0A0011CB11C202225E
:1054E0002FA802F00FFC00239B46002870D02BA9A8
:1054F0002B4B0A0011CB11C227AC022322002FA88C
:1055000001F042FC29AB1F220221200001F05CFCCB
:10551000254B220003CB03C20222210029A802F05E
:10552000DBFB002842D027A91D4B0A0011CB11C27A
:1055300002232BAA2FA801F027FC2FAB1F22022148
:105540002BA801F041FC01239B4641E0C8B00108B3
:105550007A460020C8440020D8450020FF3F0000C4
:10556000448C0108A48C0108FF7F00002C46002019
:10557000C84500202D4600207C4600204A460020D9
:10558000CE450020B64600200080FFFF6046002088
:10559000088C01080000E2FF80460020F88B01081B
:1055A000008C01083C8C0108348C010827A9A04B11
:1055B0000A0011CB11C202232BAA2FA801F0E4FB91
:1055C0002FAB1F2202212BA801F0FEFB00239B46DC
:1055D0000223009325AB012202212FA802F070FCC8
:1055E00025A801F0CFFB31AD2A0001230024914F03
:1055F00000263900A846002805DA1568AC46604444
:105600008919E41B03E01568401B891BE4190F008E
:105610001F4126001E41013304320C2BEBD14546BD
:105620000023854931AA5858985004332C2BF9D1BE
:1056300023AF824B18680222390002F0BFFA2FAB69
:105640001F220221380001F0BFFB7D4B3A0003CB43
:1056500003C2022239002FA802F044FB002841D0E7
:105660001BA9784B0A0041CB41C21FAF02233A006D
:105670002FA801F0CBFB1DAB1F220221380001F047
:10568000A3FB6F4B3A0003CB03C2022239001DA8D3
:1056900002F030FB002812D02BA96A4B0A0041CB44
:1056A00041C202231BAA2FA801F0B0FB2FAB1F227F
:1056B00002211BA801F088FB0123984660E02BA97A
:1056C0005B4B0A0041CB41C202231BAA2FA801F069
:1056D0009DFB2FAB1F2202211BA801F075FB0023AD
:1056E00098464DE02BA9584B0A0041CB41C20222FB
:1056F0002FA802F007FB00239846002840D01DA9E0
:10570000504B0A0041CB41C21FAF02233A002FA8E1
:1057100001F03AFB21AB1F220221380001F054FBBB
:10572000494B3A0003CB03C20222390021A802F000
:10573000D3FA002812D01FA9424B0A0041CB41C224
:1057400002231DAA2FA801F01FFB2FAB1F2202214D
:105750001DA801F039FB0123984611E01FA9344B25
:105760000A0041CB41C202231DAA2FA801F00CFB65
:105770002FAB1F2202211DA801F026FB0023984613
:10578000022300931BAB012202212FA802F098FBF9
:105790001BA801F0F7FA0123264F002600213A004A
:1057A0000594002805DA2C68A44660449219C91BA8
:1057B00003E02C68001B921BC91917001F410E0043
:1057C0001E41013304350C2BEBD1059C1F49204BA6
:1057D000D86D0860186E48601E490888B421585278
:1057E0001D490888B62158521449096859679967B4
:1057F000D9678020195084210398585004314846B5
:10580000585028315046585210316846008A585234
:105810005B46002B03D064420D4BDC6501E00C4B72
:10582000DC654346002B19D05242094B1A6617E03B
:105830003C8C0108D23BDD26088C01088046002004
:10584000F88B0108008C0108348C0108D845002031
:10585000C84400203C4600207E460020CC4B1A66FF
:10586000CC4B1B681B131BB29A03CB490C68241347
:1058700024B2CA494C43611055104D1BAD132DB2D3
:1058800092105242A410141B641324B21A1CAB428F
:1058900000DA2A1C10B21A1CAB4200DD2A1C11B21D
:1058A000261C844200DA061C221C8C4200DD0A1CE5
:1058B000B21812B2D203BA4F398909B21B04564248
:1058C000D01A052201F0CEFA0390398909B22D04CD
:1058D000AD196842052201F0C5FA0500398909B2FF
:1058E0002404A4196042052201F0BCFA039EF3438C
:1058F000DB171E4080235B039E4200DD1E00361135
:10590000A84B1E80EB43DB171D4080235B039D42A9
:1059100000DD1D002D11A44B1D80C343DB17184073
:1059200080235B03984200DD180000119F4B188014
:105930009F4B1C680A212000F3F748FC002931D155
:105940009C4B19889C4B9D4A4A439A6019859C4AF6
:1059500012881A849B4A1178462299549A4A1178DF
:105960003D229954994A11783E229954984A1288B6
:105970005A84984A117847229954974A12889A84EF
:10598000964A12881A86964A12885A86954A12882A
:105990009A86844A12885A85834A12889A85834A4D
:1059A0001288DA8514212000F3F710FC002901D0B9
:1059B00000F0C1FF4723804AD25C002A0BD0744913
:1059C0007D33C85C43424341DBB21893C523CB5CB3
:1059D000002B07D001E000231893002A17D00023E2
:1059E000199301E001231993C7236949CB5C002B6C
:1059F00004D0002A0FD000230D9301E001230D9362
:105A0000C8236349C95CC73B002907D005E00023D0
:105A10000D93199301E000230D930023DBB2994607
:105A2000C9235B49CB5C002B01D100F038FE624BEF
:105A300000219981D98108E09C235549CB5A013333
:105A40005D498B8101345C4BDC81554B9B8E9BB255
:105A500059498989994205D301203F235649C854A1
:105A600000F0B5FE4E4BDB8E9BB25349C98999427B
:105A700001D200F0BCFE00203F234F49C85400F083
:105A8000A6FE00231793C623414AD35C002B08D1FE
:105A90000022554B1A70179B002B01D100F012FE0B
:105AA00007E03F23444AD25C4F4B1A70179B002BF0
:105AB0000CD04E4AF2233649C95C10004E38B33B35
:105AC000C05C3E3B00930133FEF7EEFD47233A4AAC
:105AD000D35C00220492002B10D0CA222C498A5C8D
:105AE000002A04D0002B16D00022049201E00122EB
:105AF0000492CB2226498A5C002A04D0002B1BD0BA
:105B000000220E9201E001220E92CD2220498A5CF1
:105B1000002A08D002E000220E920492002B0FD03F
:105B200000230F9301E001230F93CE23184AD25C88
:105B3000CD3B002A07D005E000230F930E9301E030
:105B400000230F930023DBB29A46CF23104AD35C85
:105B5000002B01D100F0BBFD174B00221A825A82A4
:105B600008E0A0230A49CB5A013313490B820132C2
:105B7000114B5A820A4B1B8F9BB20F4A128A9A42D0
:105B800036D3012140230C4AD1543F3B98463DE097
:105B9000C84400205C46002050460020DA6E000019
:105BA000C8B00108BA4600204C4600203646002006
:105BB000D445002040460020D8450020CDCC000030
:105BC000784600204946002028460020B94600209B
:105BD000BC4600204B46002038460020A44600204A
:105BE000D04500206E460020CE45002026460020ED
:105BF000BF4B5B8F9BB2BF4A528A002188469A42B4
:105C000004D34023BB4AD1543F3B98464723B94A6B
:105C1000D35C002B0BD0CC22B7498A5C002A06D17A
:105C20000021B64A11704246002A1CD007E04023EA
:105C3000B04AD25CB14B1A704346002B0CD0B04A2C
:105C4000F323AD49C95C10004D38B33BC05C3F3B0A
:105C500000930133FEF728FD4723A64AD35C0022B8
:105C60000592002B10D0D022A3498A5C002A04D0D0
:105C7000002B16D00022059201E001220592D122CC
:105C80009D498A5C002A04D0002B1BD00022109270
:105C900001E001221092D32297498A5C002A08D0A1
:105CA00002E0002210920592002B0FD000231193E6
:105CB00001E001231193D4238F4AD25CD33B002A05
:105CC00007D005E000231193109301E00023119306
:105CD0000023DBB29B46D523874AD35C002B01D13E
:105CE00000F00DFD834B00229A82DA8208E0A423A3
:105CF0008149CB5A01337F498B8201327D4BDA8255
:105D00007B4B9B8F9BB27B4A928A9A4205D301219F
:105D10004123784AD15401270CE0754BDB8F9BB2AD
:105D2000744AD28A00279A4204D300214123714A3F
:105D3000D154013747236F4AD25C002A0AD08B33F3
:105D40006D49CB5C002B05D100216E4B1970002FE3
:105D50001BD006E04123674AD25C6A4B1A70002FC1
:105D60000CD0694AF4236449C95C10004C38B33B39
:105D7000C05C403B00930133FEF796FC47235D4A2D
:105D8000D25C00230693002A15D0D9235A49CB5C54
:105D9000002B04D0002A0CD00023069301E001233D
:105DA0000693DA235449CB5C002B01D100F0CBFCE5
:105DB00001E000230693DB234F49C85C00230A93CC
:105DC000002808D001E001230A934A4B002138241F
:105DD00019550134195540234549C95A89B24B4BCD
:105DE0001C6800238C425B41DBB249490B70002ADE
:105DF0000CD0DC21404C615C002907D100244549CE
:105E00000C70002801D100F0FAFC23E04221384C4C
:105E1000615A89B2374C248DA142894149423D4C97
:105E20002170002810D1002B0ED03B4B1B7821781D
:105E3000002905D039490978013138302D4C2154D9
:105E4000013339212B484354002A01D100F0EBFCE7
:105E500000F0E1FCD6232849CB5C002B03D10021C4
:105E60002E4B197006E038232249C95C2B4B197060
:105E7000002A08D0D7232049CB5C002B03D1002176
:105E8000254B197004E039231A49C95C224B19705B
:105E900044231749CB5CDBB238211648415C994258
:105EA00005D3012042231349C85400F0CCFC4523FC
:105EB0000F49CB5CDBB239210E48415C994201D2DB
:105EC00000F0D1FC002042230A49C85400F0BBFC7A
:105ED00000231693D823084AD35C002B22D100223A
:105EE0000F4B1A70169B002B01D100F033FC21E000
:105EF000C8B00108D8450020C84400207C460020D6
:105F0000254600204A46002024460020D445002093
:105F100084460020B14600207446002076460020CA
:105F2000C84500204223CC4AD25CCC4B1A70169B49
:105F3000002B0CD0CA4AF523CA49C95C10004B3863
:105F4000B33BC05C413B00930133FEF7ADFB4723FD
:105F5000C14AD25C00230393002A14D0E023C14934
:105F6000CB5C002B06D0002A01D100F080FC00237E
:105F7000039301E001230393E123BA49CB5C002B97
:105F800001D100F0ECFBE223B649C95C0023099380
:105F900000290CD005E00123099302E000230993B6
:105FA0000393AD4B00203A24185501341855002AAC
:105FB0000CD0E323AB48C35C002B07D10020AA4BD5
:105FC0001870002901D100F063FC25E04623A748A2
:105FD000C35A98B2A04B1B8D83429B415B42A2489F
:105FE0000370002912D1A24B1B78002B0ED0A14BBD
:105FF0001B780178002905D09F49097801313A20A2
:10600000954C215401333B2193484354002A01D13C
:1060100000F054FC00F04AFCDD239249CB5C002BDD
:1060200003D10021944B197006E03A238A49C95CD8
:10603000914B1970002A08D0DE238A49CB5C002BD3
:1060400003D100218B4B197004E03B238249C95CCA
:10605000884B197044238549CB5CDBB23A217E48DA
:10606000415C994205D3012043237B49C85400F089
:1060700035FC45237D49CB5CDBB23B217648415C56
:10608000994201D200F03AFC002043237249C854DF
:1060900000F024FC00230B93DF23724AD35C002B17
:1060A00007D10022754B1A700B9B002B00D161E3C6
:1060B00007E04323684AD25C704B1A700B9B002B9D
:1060C0000CD06F4AF6236749C95C10004A38B33BCD
:1060D000C05C423B00930133FEF7E6FA47235E4A79
:1060E000D25C00230793002A10D0E4235D49CB5CE7
:1060F000002B04D0002A16D00023079301E00123CF
:106100000793E5235749CB5C002B04D0002A1BD012
:106110000023129301E001231293E7235149CB5C42
:10612000002B08D002E0002312930793002A0FD01F
:106130000023139301E001231393E8234949CB5C27
:106140000124002B07D005E000231393129301E0F4
:10615000002313930024E4B2E9234249CB5C002BD3
:1061600000D10BE33C4B00211983598308E0A8239D
:106170003C49CB5A013338490B830130364B5883A5
:1061800048233A49CB5A9BB23349098B994204D3ED
:10619000012044233049C854BCE34A233349CB5A35
:1061A0009BB22D49498B994200D2C1E30020442380
:1061B0002949C854AEE300230C93E623294AD35C53
:1061C000002B07D100222F4B1A700C9B002B00D103
:1061D000E2E207E04423204AD25C2A4B1A700C9B6F
:1061E000002B0CD0284AF7231E49C95C10004938FF
:1061F000B33BC05C433B00930133FEF755FA4723A2
:10620000154AD25C00230893002A10D0EA231549CE
:10621000CB5C002B04D0002A16D00023089301E0A9
:1062200001230893EB230F49CB5C002B04D0002AF9
:1062300035D00023149301E001231493ED23094981
:10624000CB5C002B22D002E0002314930893002A99
:1062500029D0002315931BE0D8450020C845002015
:1062600023460020C844002075460020C8B001081D
:10627000844600206C460020B84600202C460020B2
:10628000224600202D4600202146002001231593A0
:10629000EE23D249CB5C0125002B07D005E000237B
:1062A0001593149301E0002315930025EDB2EF231D
:1062B000CA49CB5C002B00D172E2C94B0021998303
:1062C000D98308E0AC23C549CB5A0133C4498B8339
:1062D0000130C34BD8834C23C249CB5A9BB2C0492F
:1062E000898B994205D301204523BD49C854012615
:1062F0000DE04E23BB49CB5A9BB2B949C98B00264E
:10630000994204D300204523B549C8540136002AD8
:1063100008D0EC23B14AD35C002B03D10022B24B4E
:106320001A7004E04523AE4AD25CAF4B1A70002EBF
:106330000CD0AE4AF823A949C95C10004838B33BD9
:10634000C05C443B00930133FEF7AEF94723A44AF7
:10635000D35CA24AC42153540131535401315354E4
:1063600001315354013153540D9A002A04D00020B6
:10637000C9229A49885408E0C92294469749684638
:106380006D3A8018007862468854189A002A04D022
:1063900000209C229149885204E0914A90899C22D5
:1063A0008E498852199A002A04D000209E228B49D7
:1063B000885204E08A4AD0899E22884988524A46F7
:1063C000002A04D00020F2228449885405E04E229D
:1063D0008349885CA43281498854804ACA21535435
:1063E0000131535401315354013153540131535449
:1063F0000F9A002A04D00020CF227849885403E065
:10640000CF22764940468854049A002A04D00020BE
:10641000A0227249885204E0714A108AA0226F4972
:1064200088520E9A002A04D00020A2226B4988527A
:1064300004E06B4A508AA222684988525246002AD8
:1064400004D00020F3226549885405E04D226449B8
:10645000885CA63261498854604AD0215354013186
:106460005354013153540131535401315354119A4F
:10647000002A04D00020D5225849885402E0D522B1
:1064800056498F54059A002A04D00020A42253496B
:10649000885204E0524A908AA42250498852109AA5
:1064A000002A04D00020A6224C49885204E04C4A1D
:1064B000D08AA622494988525A46002A04D0002090
:1064C000F4224649885405E04C224549885CA832AC
:1064D00042498854414AD621535401315354013121
:1064E00053540131535401315354069A002A04D0B5
:1064F0000020DB223949885406E0DB223749684610
:106500005827C01900788854DC2234498B540A9AE1
:10651000002A03D00020F522885405E04B223049A0
:10652000885CAA322D4988542C4ADD21535401310C
:106530005354013153540131535401315354039A8C
:10654000002A04D00020E2222449885406E0E222F6
:10655000224968462C27C01900788854E3221F4935
:106560008B54099A002A03D00020F622885405E0B3
:106570004A221B49885CAC3218498854174AE421E6
:1065800053540131535401315354013153540131A7
:106590005354139A002A04D00020E9220F4988544A
:1065A00006E0E9220D4968463027C0190078885472
:1065B000079A002A04D00020A8220849885204E043
:1065C000074A108BA82205498852129A002A0FD038
:1065D0000020AA22014988520FE0C046C84400208A
:1065E000D8450020C8B00108904600202046002071
:1065F000D44A508BAA22D4498852002C04D00020BF
:10660000F722D149885405E04922CE49885CAE3250
:10661000CD498854CC4AEA215354013153540131B5
:1066200053540131535401315354159B002B03D063
:106630000021EF23D15402E0EF23C34AD654089B34
:10664000002B04D00021AC23BF4AD15204E0BD4B43
:10665000998BAC23BC4AD152149B002B04D000214F
:10666000AE23B94AD15204E0B64BD98BAE23B64A19
:10667000D152002D04D00021F823B34AD1545AE15D
:106680004823B04AD15CB033AF4AD15453E1AE4B4A
:106690009B6D002B01D0FEF79CFBFEF79FFBA94BE7
:1066A0009B685021A948415A9E20A74C245A98071C
:1066B000C00F9B08C31809048B4201DDFFF7BCF92A
:1066C000FFF7C0F947239F4AD35CFFF706FA9D4BBB
:1066D00099689F4800F02CFF01009E4800F032FFAF
:1066E00052239A4AD35A1BB2A22297498A5A80B29D
:1066F0005B00984201DDFFF734FAFFF738FA914B5F
:106700009968934800F028FF5423904AD35A1BB24B
:10671000A6228D498A5A80B25B00984201DDFFF7BC
:10672000E6FAFFF7EAFA40238849C95A89B28A4B48
:106730001C6800238C425B41DBB288490B7001214D
:106740000A91FFF756FBDB237F49C85C0028EAD09B
:10675000FFF739FB47237B4AD25CFFF7FFFBE223BD
:106760007949C95C002901D0FFF715FCE13B099389
:10677000FFF71FFC4723734AD25CB6E456237349E4
:10678000CB5A1BB2AA217048405A6E492425495F52
:10679000994200DDEBE4F0E447236A4AD25C35E538
:1067A00058236A49CB5A1BB2AE216748405A654903
:1067B0002226895F994200DD84E589E53F23614A0D
:1067C000D25C674B1A7001231793FFF772F901230C
:1067D0001793002A01D0FFF756F9EFE73F23594AF4
:1067E000D25C5F4B1A7000231793FFF76FF9002AF2
:1067F000F4D0FFF746F95B4B1B78FFF721FB002B2A
:1068000001D1FFF721FBF6E738234E49C95C564B0F
:106810001970FFF72FFBD6234B49CB5C002B01D11E
:10682000FFF71DFBF0E738234649C95C4E4B197052
:10683000FFF729FB4223434AD25C4C4B1A700123D9
:106840001693FFF777FB01231693002A01D0FFF779
:1068500041FBEFE742233B4AD25C444B1A700023D2
:106860001693FFF774FB002AF4D0FFF731FBE22305
:106870003549C95C002901D0FFF790FB0A000023CD
:1068800009930393FFF7A2FB394B1B78FFF7BAFB81
:10689000324B1B78002B01D1FFF7B8FBF4E73A230A
:1068A0002849C95C334B1970FFF7C6FBDD23264925
:1068B000CB5C002B01D1FFF7B4FBF0E73A23214971
:1068C000C95C2C4B1970FFF7C0FB43231D4AD25CF7
:1068D000294B1A7001230B93FFF7F3FB01230B9352
:1068E000002A01D0FFF7D8FBEFE74323154AD25C1B
:1068F000214B1A7000230B93FFF7F0FB002AF4D012
:10690000FFF7C8FB44230F4AD25C1C4B1A700123CB
:106910000C9367E401230C93002A00D04DE4F1E7C7
:106920004423084AD25C154B1A7000230C9366E48A
:10693000002AF5D03FE43DB03CBC90469946A246C3
:10694000AB46F0BDD8450020C8440020C8B00108BF
:106950002D3ACD93CD3C412DD445002084460020D6
:10696000CE4500207446002076460020C845002011
:106970006C460020B84600202C4600202D46002002
:1069800010B54C4A9023D158481CD0500A21F2F738
:106990001DFC00291ED1484C638D9900C9180B01BC
:1069A000591A090B89B20020F5F7D2F9A38D990085
:1069B000C9180B01591A090B89B20220F5F7C8F959
:1069C000E38D9900C9180B01591A090B89B20420EB
:1069D000F5F7BEF99023374AD0581421F2F7F6FBA9
:1069E000002945D1354C002221000520F7F708FB8E
:1069F000611C00220620F7F703FBA11C00220720E0
:106A0000F7F7FEFAE11C00220820F7F7F9FA611EF9
:106A100000220420F7F7F4FA211D00220920F7F7DD
:106A2000EFFA611D00220A20F7F7EAFAA11D002201
:106A30000B20F7F7E5FAE11D00220C20F7F7E0FA4A
:106A40002100083100220D20F7F7DAFA2100093180
:106A500000220E20F7F7D4FA21000A3100220F207D
:106A6000F7F7CEFA21000B3100221020F7F7C8FA11
:106A70009023104AD058C821F2F7A8FB002917D15B
:106A80000D4A3623D15C0902C0239B0019403723ED
:106A9000D35C9B028022D2001340C9180A31002225
:106AA0000748FBF72FF8074A07492620FBF75CF851
:106AB00010BDC046C8440020D845002071330020D6
:106AC00002030000AAEFCDAB7856341270B5002453
:106AD0005A4B1C6050220021594801F0E5FC594BEB
:106AE0001C60594B1C60594B1C60594B1C60594B26
:106AF0001C60594B1C60594B1C60594B1C60594B16
:106B00001C60594B1C60594B1C600023584A148070
:106B1000584A1480584A1480584A1480584A14809D
:106B2000584A1480584A1480584A1480584A14808D
:106B3000584A1480584A1480584A1480584A14807D
:106B4000584A1480584A1480584A1480584A14806D
:106B5000584A1480584A1480584A1480584A14805D
:106B6000584A1480584A1480584A1480584A14804D
:106B7000584A1480584A1480584A1370584A13705F
:106B8000584A1370584A1370584A1370584A137071
:106B9000584A1370584A1370584A1370584A137061
:106BA000584A1370584A1370584A1370584A137051
:106BB000584A1370584A1370584A1370584A137041
:106BC000584A1370584A1370584A1370584A137031
:106BD000584A1370584A1370584A1370584A137021
:106BE000584A1370584A1370584A1370584A137011
:106BF000584A1370584A1370584A1370584A137001
:106C0000584A1370584A1370584A1370584A1370F0
:106C1000584A1370584A1370584A1370584D8022BE
:106C200052000021280001F03FFCFDF7A3FDFDF715
:106C300065FAFDF74BFD9023EC5070BD88460020AF
:106C4000D8450020D445002060460020444600205E
:106C500054460020684600209C4600205C460020E8
:106C60005046002080460020AC460020944600207C
:106C7000D245002078460020BC460020384600203F
:106C80002A46002072460020404600203C46002054
:106C90007E460020A246002058460020CC45002019
:106CA0002E46002030460020BA4600204C460020E8
:106CB00036460020324600208E460020A84600209E
:106CC0003E460020B246002034460020B646002052
:106CD000A4460020D04500206E46002076460020C5
:106CE00074460020B84600206C460020284600204C
:106CF000B9460020704600205A460020A0460020D9
:106D0000CE4500207C4600204A46002084460020D4
:106D1000B1460020C8450020754600202C460020C2
:106D20002D460020904600207A460020CA450020CB
:106D3000494600204E460020644600204B46002075
:106D4000B446002066460020CF450020294600209A
:106D5000854600208C4600207B46002048460020C7
:106D600077460020A6460020984600206546002071
:106D7000B04600204F4600203A460020C94500207A
:106D8000C844002000687047F0B5474680B4002B27
:106D900016DD9B0098460025002600239C46475997
:106DA0004C593C19A4195451002E03D06646A742F1
:106DB000764102E0BC42A441664204354545EED12D
:106DC00004BC9046F0BDC04670B54D1E002D09DDD7
:106DD0000D4CA44661448900002406591E51043418
:106DE0008C42FAD11F218A1A01249440AD004059E7
:106DF000010021404A1E91414A4264005040013C3A
:106E0000044062405A5170BDFFFFFF3FF0B5474656
:106E100080B4002B16DD9B00984600250027002338
:106E20009C4646594C59341BE41B5451002F03D047
:106E30006746B4427F4102E0A642A441674204355E
:106E40004545EED104BC9046F0BDC04610B50029C2
:106E500003D001F061FA00B200E0014810BDC04665
:106E6000FF7F000070B5002905D1C043C00F80230B
:106E70001B06181A13E0C317C5185D40CB17CE18B0
:106E80005E40C30FCC0FA34205D03100280001F0B3
:106E90005FFA404203E03100280001F03DFA70BD86
:106EA00010B5002902D001F037FA00E0004810BD0B
:106EB000FFFFFF7F10B500290DD0CC170B196340E1
:106EC000002904DA190001F043FA404204E01900F5
:106ED00001F022FA00E0014810BDC046FFFFFF7F2D
:106EE000F8B507000D001600002916D0F2F7E8F8F3
:106EF000040029003800F2F769F9002E0FD00023B2
:106F00000A0049006400002A01DB8D4201D80134E7
:106F1000491B01339E42F3D101E001246442200069
:106F2000F8BDC046F0B583B006000D1E03D10028A1
:106F30001BDA10481CE0C21783185340CA178F1879
:106F40005740390001931800F2F7BAF80400F30F24
:106F5000ED0FAB420BD039000198F2F737F94B1E19
:106F600099416418604200B202E0034800E000B2B8
:106F700003B0F0BD0080FFFFFF7F000010B50029C7
:106F800003D0F2F79DF800B200E0014810BDC04602
:106F9000FF7F0000F0B5474680B490461E000022F7
:106FA0008B5E834222DA73005B5E834222DD7308CC
:106FB000012E0ED9320000245F007F5E874201DC83
:106FC0001C0000E01A0013195B08171B012FF3D8EF
:106FD00000E000246300CA5A801A0004C9184B88D4
:106FE000991A89B2F2F76CF882B201E0002400220B
:106FF000B44203D176004346F05E0DE001346400F4
:1070000043461B19023B00215B5E4146085FC01AE4
:1070100050430014C31818B204BC9046F0BDC046DB
:10702000F8B515001E000B88834222D273005B5A0C
:10703000834222D97308012E0ED9320000245F004A
:107040007F5A874201D81C0000E01A0013195B0820
:10705000171B012FF3D800E000246300CA5A801ADE
:107060000004C9184B88991A89B2F2F729F882B23C
:1070700001E000240022B44202D17600705F0BE0F0
:10708000013464002B19023B00215B5E285FC01AAB
:1070900050430014C31818B2F8BDC046F8B5150027
:1070A0001E000B88834222D273005B5A834222D98E
:1070B0007308012E0ED9320000245F007F5A8742E8
:1070C00001D81C0000E01A0013195B08171B012FE0
:1070D000F3D800E000246300CA5A801A0004C918DB
:1070E0004B88991A89B2F1F7EBFF81B201E00024D5
:1070F0000021B44202D17600705B15E0631C5C0095
:107100002B5B2C19023C2088834207D31A1A92B2B7
:107110000B0053431B0CC01880B205E0C21A93B297
:107120004B431B0CC01A80B2F8BDC04600B583B0FB
:107130006B4601AA00F01AFA019B9805009B9B0A76
:10714000184303B000BDC04600B583B06B4601AA2A
:1071500000F00CFA0198009B8212002A0EDC8005D8
:107160009B0A1843131E02D1002814DA08E00132EA
:1071700008DB013311D1002807DA0EE008480CE0E3
:1071800007480AE08020000607E08020000604E0AF
:107190008020000601E0531CFADB03B000BDC046AE
:1071A000FFFFFF7F00B583B06B4601AA00F0DEF958
:1071B000019BD804009B5B0B184303B000BDC04685
:1071C00000B583B06B4601AA00F0D0F9019B5804CA
:1071D000009BDB0B184303B000BDC04600B583B075
:1071E0006B4601AA00F0C2F90198009B0214002A24
:1071F0000EDC00041B0C1843131E02D1002814DA05
:1072000008E0013208DB013311D1002807DA0EE073
:1072100008480CE007480AE08020000607E08020CC
:10722000000604E08020000601E0531CFADB03B0F6
:1072300000BDC046FFFFFF7F00B583B06B4601AACB
:1072400000F094F9019B9803009B9B0C184303B03A
:1072500000BDC04600B583B06B4601AA00F086F9B8
:10726000019B5803009BDB0C184303B000BDC046D4
:1072700000B583B06B4601AA00F078F9019B1803B2
:10728000009B1B0D184303B000BDC04600B583B082
:107290006B4601AA00F06AF9019B9802009B9B0DC6
:1072A000184303B000BDC04600B583B06B4601AAC9
:1072B00000F05CF9019B9800009B9B0F184303B002
:1072C00000BDC04600B583B06B4601AA00F04EF980
:1072D000019B581003B000BD00B583B06B4601AAF6
:1072E00000F044F9019B1807009B1B09184303B0E9
:1072F00000BDC04600B583B06B4601AA00F036F968
:107300000198C3171A1E0DDC0012002B01D10028B2
:107310000ADB01320ADB01330AD1002808DB8020B6
:10732000000605E0034803E0024801E08020000673
:1073300003B000BDFFFFFF7F00B583B06B4601AA1D
:1073400000F014F9019B181403B000BD00B583B020
:107350006B4601AA00F050F9019B5804009BDB0B1F
:10736000184303B000BDC04600B583B06B4601AA08
:1073700000F042F9019B1804009B1B0C184303B05A
:1073800000BDC04600B583B06B4601AA00F034F9D9
:107390000198009B0214002A0EDC00041B0C184309
:1073A000131E02D1002814DA08E0013208DB013391
:1073B00011D1002807DA0EE008480CE007480AE07F
:1073C0008020000607E08020000604E08020000600
:1073D00001E0531CFADB03B000BDC046FFFFFF7F96
:1073E00000B583B06B4601AA00F006F9019B980333
:1073F000009B9B0C184303B000BDC04600B583B092
:107400006B4601AA00F0F8F8019B5803009BDB0CC7
:10741000184303B000BDC04600B583B06B4601AA57
:1074200000F0EAF80198009B0215002A0EDC000328
:107430001B0D1843131E02D1002814DA08E0013294
:1074400008DB013311D1002807DA0EE008480CE010
:1074500007480AE08020000607E08020000604E0DC
:107460008020000601E0531CFADB03B000BDC046DB
:10747000FFFFFF7F00B583B06B4601AA00F0BCF8A8
:10748000019B9800009B9B0F184303B000BDC046B2
:1074900000B583B06B4601AA00F0AEF8019803B0C6
:1074A00000BDC04600B583B001AB6A4600F05EF88F
:1074B000009BD803019B5B0C184303B000BDC04682
:1074C00000B583B001AB6A4600F096F8009B9805C2
:1074D000019B9B0A184303B000BDC04600B583B0B2
:1074E00001AB6A4600F0C2F8009B1803019B1B0D1C
:1074F000184303B000BDC04600B583B001AB6A4677
:1075000000F0B4F8009BD801019B5B0E184303B058
:1075100000BDC04600B583B001AB6A4600F0A6F8D6
:10752000009B5800019BDB0F184303B000BDC04611
:1075300000B583B06B4601AA00F098F8019803B03B
:1075400000BDC04600B583B06B4601AA00F08EF8BE
:10755000019B980B03B000BD00B583B06B4601AA38
:1075600000F084F8019B580C03B000BDF0B54F4605
:107570004646C0B49C46C317C5185D40CB17CE180D
:107580005E402B0C2D042C0C370C35042D0C2E00DA
:107590005E43B0463E006643B14665433604761905
:1075A000AE42AD416C4245462D04AD19B542B641DF
:1075B0007642A4194E46360CB1464646360C4E4429
:1075C0005F43F7193F1900280FD000290DD0C317CA
:1075D000181ACB17591AC00FC90F884205D06D422F
:1075E000002D01D0FF4300E07F42176063461D601D
:1075F0000CBC90469946F0BDF0B54F464646C0B427
:1076000094469846C317C6185E40320C3604360CB2
:107610000F0C0D042D0C2B0053433C007443A1466A
:107620006E432504AD19B542B64174421E04761965
:10763000AE42AD416D4264194D462D0C1B0CEB184A
:107640005743DF193F19002907D0002805DA764291
:10765000002E01D0FF4300E07F4263461F60434697
:107660001E600CBC90469946F0BDC046F0B547463A
:1076700080B49846050C0004000C0C0C0904090C9D
:107680000E006E43270047434143380440188842A8
:107690008941494233049C468444844580414042A8
:1076A00009183F0C360CBE196C4334196418146069
:1076B00063464246136004BC9046F0BDF0B55F4699
:1076C00056464D464446F0B4A9B004000D000023D0
:1076D000A2491DAA5858985004332C2BF9D1002CDC
:1076E00014DA80231B069C4201D0604200E09C48D3
:1076F000022213A900F062FA19AB1E22022113A87C
:10770000FFF762FB012398469A4610E0022213A974
:10771000200000F053FA19AB1E22022113A8FFF734
:1077200053FBE017041BE30F984600239A46002DF5
:1077300013DA80231B069D4201D0684200E088488E
:10774000022213A900F03AFA1BAB1E22022113A851
:10775000FFF73AFB012399460CE0022213A9280007
:1077600000F02CFA1BAB1E22022113A8FFF72CFB02
:107770000023994617AA1BAB03CB03C215AA19AB6A
:1077800003CB03C21DAD01240027764B9B4609A9FC
:107790000B005A4641CA41C3022219A800F0B2FAAE
:1077A00000281AD0022307AA15A91BA8FFF72EFB51
:1077B0001BAB1E22022107A8FFF706FB022307AA24
:1077C00017A919A8FFF7E0FA19AB1E22022107A892
:1077D000FFF7FAFA2B68FF1A1AE0022307AA15A985
:1077E0001BA8FFF7D1FA1BAB1E22022107A8FFF747
:1077F000EBFA022307AA17A919A8FFF707FB19AB91
:107800001E22022107A8FFF7DFFA2B689C46674477
:107810000226009617AB220002211BA800F0D4FB21
:10782000009615AB2200022119A800F0CDFB01340F
:1078300004350C2CABD14346002B7ED04B46002B9D
:1078400072D05346002B37D003AC022221003800FF
:1078500000F0B4F905AB1F2202212000FFF7B4FAB3
:10786000414B220003CB03C2022307AA210005A833
:10787000FFF7CCFA03230BAA022107A800F0AAF90C
:10788000032300930EAB1F2203210BA800F018FB6B
:10789000022309AA03210EA800F0C8F902230093CD
:1078A00011AB1F22022109A800F08EFB022111A8B2
:1078B00000F0B2F9070048E007AC2B4B220003CBE5
:1078C00003C2022203A9380000F078F905AB1F2299
:1078D000022103A8FFF778FA022309AA05A92000CC
:1078E000FFF794FA03230BAA022109A800F072F90A
:1078F000032300930EAB1F2203210BA800F0E0FA34
:10790000022311AA03210EA800F090F9022300938C
:1079100013AB1F22022111A800F056FB022113A86D
:1079200000F07AF9070010E05346002B0DD08023B9
:107930001B069F4206D07F4207E04B460027002BE4
:1079400003D001E0064F00E0084F380029B03CBCEE
:1079500090469946A246AB46F0BDC046CC8C010885
:10796000FFFFFF7FBC8C0108C48C010851ED8764C8
:10797000F0B54F464646C0B489B000282DDD02223E
:1079800004A900F01BF90223009306AB1022022188
:1079900004A800F095FA1F258026F60500239946D5
:1079A000023398464C463443039402944346019371
:1079B00004AF0097012302AA012103A800F0A8F94F
:1079C000424606A9380000F095F9002800D0A146EB
:1079D0007608013D002DE5D101E000239946484697
:1079E00009B00CBC90469946F0BDC046F0B54F4674
:1079F0004646C0B489B000282DDD022204A900F05B
:107A0000DDF80223009306AB1322022104A800F044
:107A100057FA1F258026F60500239946023398461B
:107A20004C463443039402944346019304AF0097B9
:107A3000012302AA012103A800F06AF9424606A91F
:107A4000380000F057F9002800D0A1467608013D23
:107A5000002DE5D101E000239946484609B00CBC51
:107A600090469946F0BDC046F0B54F464646C0B474
:107A700089B000282DDD022204A900F09FF802231E
:107A8000009306AB1E22022104A800F019FA1F255C
:107A90008026F60500239946023398464C46344327
:107AA000039402944346019304AF0097012302AA72
:107AB000012103A800F02CF9424606A9380000F085
:107AC00019F9002800D0A1467608013D002DE5D126
:107AD00001E000239946484609B00CBC90469946FF
:107AE000F0BDC046F0B5474680B488B00023984644
:107AF000002828D0022203A900F0E2FA0223009312
:107B000005AB0D22022103A800F082FB2024802572
:107B10002D06022703AE43462B4307930197009699
:107B2000012307AA0121100000F0DEFA3A0005A99E
:107B3000300000F0D1FA002801D0079B98466D086C
:107B4000013C002CE7D1404608B004BC9046F0BD93
:107B5000F0B5474680B488B000239846002828D066
:107B6000022203A900F0ACFA0223009305AB142211
:107B7000022103A800F04CFB202480252D060227BB
:107B800003AE43462B43079301970096012307AAB0
:107B90000121100000F0A8FA3A0005A9300000F019
:107BA0009BFA002801D0079B98466D08013C002CE9
:107BB000E7D1404608B004BC9046F0BD0860C0174D
:107BC000012A05DD0B1D9200891801C38B42FCD1EF
:107BD0007047C046F0B51D008B4200DD0D00002D42
:107BE00006DDAE000024075917510434B442FAD11F
:107BF0008B420EDD074CA446614489000858C0172B
:107C0000AB4206DDA90051189B00D21801C1914278
:107C1000FCD1F0BDFFFFFF3F00B583B0012301AAF7
:107C200000F004F8019803B000BDC046F0B5574617
:107C30004E464546E0B44E1EB400A14681444C4633
:107C40002568AC46ED178B4238DA5F1EB846BC009B
:107C5000A24667460459674028D4B3422EDC4C46FE
:107C6000013E2768AF4221D1043CB342F8DD25E054
:107C700020C18142FCD1013B00E000239B00802118
:107C800009068C4665449D5021E047585750043101
:107C9000B142FAD100E00024A34218DDA10051183E
:107CA0009B00D21820C18A42FCD110E0ED4341462E
:107CB0000029E2DD110050461018D9E71C008B4264
:107CC00000DD0C00002CE6DDA6000021DDE71CBC79
:107CD00090469946A246F0BD10B500F059FBC0434E
:107CE000C00F10BD10B500F053FBC317181AC00F1A
:107CF00010BDC04610B500F04BFB431E1843C00F2B
:107D000010BDC04610B500F043FBC00F10BDC0460B
:107D1000F0B55F4656464D464446F0B493B00B91DD
:107D20000E921D000D93654CA44661448B001958BA
:107D30000C91C90F10912B0063449B009B58049336
:107D4000DB0F11931D9B002B08DD1C9B1D9A9200DD
:107D50009C466244002102C39342FCD10B9B002B42
:107D600000DC8FE007901C9B089301230F930023F6
:107D70000693079B1B680C9A002A06DA0F9AD31AFF
:107D8000013B9342924152420F921A0C90461B04BF
:107D90001B0C0293069B09931D9AD31A0D998B42D3
:107DA00000DD0B00002B58DD0E998A460A939B00DC
:107DB00053440393089B99460123059300231C0019
:107DC0004B46C1469B46196852461068049A002AE1
:107DD00006DA059A101A01389042924152420592F1
:107DE000070C0004000C4E464643029A15007D43E2
:107DF0000919A142A4416442009450430918320475
:107E000090468A1814002A0494460194A4185A46ED
:107E100014604A465743009A93465F44360CBF1994
:107E20002D0C7F19814289414D427F19019A934659
:107E3000C34592415242BF186445A4416442E419CB
:107E4000043304229446E244039A5245BAD12300F3
:107E5000099A0A998C46624401E0069A00231D990A
:107E6000914202DD92001C995350069B0133069308
:107E7000079A04320792089A043208920B9A9A429F
:107E800000D076E7109B119A934210D01D9B002BD7
:107E90000DDD1C98990084466144012302689A1AFA
:107EA000013A04C09A429B415B428842F6D113B02A
:107EB0003CBC90469946A246AB46F0BDFFFFFF3F53
:107EC000F0B55F4656464D464446F0B483B00400D4
:107ED00091469846520992463A4BCB189B001F5840
:107EE000FF1715000C9B9A4200DD1D00002D07DDD9
:107EF0004346A8004044002640C39842FCD100E01D
:107F000000250C9B9A453DDA53014846C31A511887
:107F10000C9A8A4200DD0A00521B9246002B02D1C5
:107F2000002A33DC2EE02022D21A91465246002A43
:107F30001BDD92009346AC46A9004144002200207C
:107F40004E460191B94627005C46F0400500B858FE
:107F5000010099400D4301998D500432A242F4D1A1
:107F60004F46B1465546654400E000200C9AAA42AF
:107F700021DDAA004946C8403900994008434346DC
:107F8000D05001350C9B9D420DDB14E0920029007E
:107F9000AD0045440023E058E85004339A42FAD13A
:107FA00051440D00EEE7A90041440C9B9C00444461
:107FB00080C18C42FCD103B03CBC90469946A2469D
:107FC000AB46F0BDFFFFFF3FF0B55F4656464D465E
:107FD0004446F0B483B080468C469A465309180054
:107FE000364C6444A40041466658F61700246345A5
:107FF00043DA0C995918644600948C4500DD0091D1
:108000005901511A04D1009A0024904235DA38E01F
:108010002022521A91469A00404617585A1C009C3A
:1080200094421ADD9200424450460194A400444414
:108030004D4699462300B3463C00CC4080CA3E00E2
:10804000AE40344310C09A42F6D14B46A9465E4634
:10805000DC43019B9B465C4400E00024CF4033009E
:1080600000998C4502DD8B0042469B58A200494690
:108070008B401F435346D75001340C9BA3420DDC69
:1080800014E09A00424451460098040080004044A5
:1080900020CA20C18242FBD1E41AEEE7A20052447A
:1080A0000C9B9B00534440C29A42FCD103B03CBCA1
:1080B00090469946A246AB46F0BDC046FFFFFF3F43
:1080C0000860012A06DD0B1D92008918002204C3F6
:1080D0008B42FCD17047C04610B500F085F9431EB5
:1080E0001843C00F10BDC046F0B55F4656464D461A
:1080F0004446F0B48DB009910B920A93179B002B64
:1081000008DD169B179A92009C466244002102C328
:108110009342FCD1099B002B72DD0590169B0693C0
:1081200000230493059B1B681A0C90461B041B0C30
:108130009B46049B0793179AD31A0A998B4200DD3A
:108140000B00002B48DD0B998A4608939B00534493
:108150000393069B994600231C000091434601931C
:10816000009A01CA0092060C0004000C019F4743CC
:108170005D4675434B461B681919A142A4416342F1
:1081800002935A46504309183A0490468A182C0420
:10819000A44614194B4610C399463F0C029B9A46BD
:1081A0005744019B5E43BF192D0C7F1981428941C1
:1081B00049427F18424592415242BF186445A4414A
:1081C0006442E419039B009A9A42C9D12300079A9A
:1081D00008998C46624401E0049A00231799914261
:1081E00002DD920016995350049B01330493059AC3
:1081F00004320592069A04320692099A9A4291D163
:108200000DB03CBC90469946A246AB46F0BDC04678
:10821000F0B55F4656464D464446F0B483B0040080
:1082200091469846520992463A4BCB189B001F58EC
:10823000FF1715000C9B9A4200DD1D00002D07DD85
:108240004346A8004044002640C39842FCD100E0C9
:1082500000250C9B9A453DDA53014846C31A511834
:108260000C9A8A4200DD0A00521B9246002B02D172
:10827000002A33DC2EE02022D21A91465246002AF0
:108280001BDD92009346AC46A90041440022002029
:108290004E460191B94627005C46F0400500B858AB
:1082A000010099400D4301998D500432A242F4D14E
:1082B0004F46B1465546654400E000200C9AAA425C
:1082C00021DDAA004946C840390099400843434689
:1082D000D05001350C9B9D420DDB14E0920029002B
:1082E000AD0045440023E058E85004339A42FAD1E7
:1082F00051440D00EEE7A90041440C9B9C0044440E
:1083000080C18C42FCD103B03CBC90469946A24649
:10831000AB46F0BDFFFFFF3FF8B507000D001600AC
:10832000F0F7CEFE040029003800F0F74FFF002ED2
:108330000CD000230A0049006400002A01DB8D42B2
:1083400001D80134491B01339E42F3D12000F8BD0E
:10835000F8B507000D001600F0F7B2FE0400290082
:108360003800F0F733FF002E0CD000230A0049003C
:108370006400002A01DB8D4201D80134491B01331E
:108380009E42F3D14B1E994164182000F8BDC046AF
:1083900070B5144BD3189B00C458E40FCD58EE0FA2
:1083A000E507A64205D1C018C918002A07DC00203D
:1083B00016E0681E854168420123184310E0013A27
:1083C00003680C68A34206D000209C424041404212
:1083D0000123184304E004380439002AEFD10020B7
:1083E00070BDC046FFFFFF3F10B5002A15DD531ECC
:1083F0009B00C018C918013A03680C68A34206D054
:1084000000209C42404140420123184306E00438CA
:108410000439002AEFD1002000E0002010BDC04642
:10842000014B18687047C0460805002070B50F2A38
:1084300032D90C0004430B00A40731D1150004000D
:10844000103D2D0901352D0149191E6826605E6811
:1084500066609E68A660DE681033E660103499425C
:10846000F3D10F2345191340032B1BD91C1F0023E5
:10847000A4080134A400CE58EE5004339C42FAD133
:1084800003232D1909191A4005D00023CC5CEC54A4
:1084900001339A42FAD170BD0500002AF5D1FAE7FE
:1084A0000500F2E71A00F8E770B583073FD0541EC5
:1084B000002A3BD0CEB20300032503E0621E002C4D
:1084C00034D0140001335A1E16702B42F6D1032CFF
:1084D00024D9FF250D402A0215432A0415430F2CE9
:1084E00011D92600103E3609013636011A009B19B3
:1084F000156055609560D56010329342F8D10F2217
:108500001440032C0AD9261FB6080136B6001A00FB
:108510009B1920C29342FCD103221440002C05D0A9
:10852000C9B21C19197001339C42FBD170BD1400F3
:108530000300CCE7F0B54746430080B45F081B0E4C
:108540007F3B051C1C00162B18DC8046002B1EDB15
:108550001B4F061C1F4107420CD01A49F2F7BCFC06
:108560000021F0F787FF002804D0002D1DDB4346D3
:10857000BB431E00301C04BC9046F0BD124B061CD1
:108580009F42F7D9011CF2F7A7FC061CF2E70D4940
:10859000F2F7A2FC0021F0F76DFF002803D0002DB8
:1085A00009DB0026E6E72E1CE4E780231B042341B9
:1085B0009846A844DBE7002FF5D0044EDAE7C04622
:1085C000FFFF7F00CAF24971FFFF7F7F000080BF7D
:1085D000F0B5474680B48CB0051C0C1C00F060F868
:1085E0002D4B061C1B785BB29846013335D0211CFD
:1085F000201CF2F7E7FD00282FD1291C281CF2F7D8
:10860000E1FD071E29D10021201CF0F719FF0028E9
:1086100023D001230293214B281C03930A97F2F7DE
:10862000E9FB06000F00201C04960597F2F7E2FB19
:10863000434606900791002B14D10896099702A88B
:1086400000F0B4F8002818D00A9B0193002B1CD12D
:1086500008980999F3F7E4F800E0301C0CB004BC6A
:108660009046F0BD0023002219001000F2F7C2FD71
:10867000434608900991022BE1D1FFF7D1FE212357
:1086800003600A9B0193002BE2D0FFF7C9FE0A9B0F
:1086900001930360DCE7C0460C050020F88C01085C
:1086A0004A0070B5520838D0C50FED072B003B4C7F
:1086B0004340A34231DC0134A2422EDC934231DB41
:1086C00036D03748834238DC7E24180264420028C2
:1086D00003DD013C40000028FBDC314882423ADDEA
:1086E000D6157F3E20007E3030DB80205B025B0AA7
:1086F0000004034330007E3022DB80204902490A17
:1087000000040143A41B002C0DD05A1A5B00002A60
:1087100001DB0DD05300013CF5E7F1F7DFF8011C58
:10872000F0F712FF70BD591A00D51900002919D1B0
:10873000E90F1C4B8900C858F4E7DC157F3CCCE7F7
:108740007E214942891B8A401100DBE77E2040429E
:10875000001B8340CEE77E2610027642013E400099
:10876000FCD5BFE70E4A1300914203DC4900013EED
:108770009942FBDD33007E3306DA7E235B429E1B8B
:10878000314108002843CDE7074B30009C467F303D
:1087900061442943C0050843C4E7C046FFFF7F7F0B
:1087A000FFFF7F00008D0108000080FF0020704760
:1087B0009A960008BE9500087C960008549600081A
:1087C0007C960008489600087C960008549600089D
:1087D000BE950008BE95000848960008549600080B
:1087E000009700080097000800970008829600088C
:1087F000BE950008BE9500086896000852960008CD
:108800006896000848960008689600085296000886
:10881000BE950008BE9500084896000852960008CC
:108820000097000800970008009700080C970008C0
:10883000F8990008569900085699000854990008BC
:10884000EA990008EA990008E0990008549900089C
:10885000EA990008E0990008EA990008549900088C
:10886000F0990008F0990008F09900087A9A000839
:108870006CA300082CA200082CA200082AA2000861
:1088800044A3000844A3000836A300082AA2000855
:1088900044A3000836A3000844A300082AA2000845
:1088A0004CA300084CA300084CA300084CA50008EA
:1088B000E4B30008B2B20008B8B30008A8B20008D8
:1088C000B8B30008C2B30008B8B30008A8B20008E3
:1088D000B2B20008B2B20008C2B30008A8B20008E1
:1088E0009EB200089EB200089EB2000814B60008AE
:1088F0004F53544B5F46656564446F67000000004A
:108900004F53544B5F4343505F72656376000000E2
:108910004F53544B5F43435044617130000000009B
:108920004F53544B5F43435044617131000000008A
:108930004F53544B5F434350446171320000000079
:108940004F53544B5F434F4D4D5F43414E54505F27
:1089500052585F4D736750726F6365737300000008
:108960004F53544B5F4443414E5F4474726D6E539A
:1089700065727669636500004F53544B5F547269AA
:10898000675F316D735F5461736B00004F53544BDD
:108990005F4454434D5F5550444154455F445443F4
:1089A0005F5461736B0000004F53544B5F4443416D
:1089B0004E5F4474726D6E334553657276696365BC
:1089C000000000004F53544B5F4170705F5461735F
:1089D0006B5F43726561746500000000A8C7000802
:1089E000A8C70008D0C30008ECC300082EC40008C4
:1089F000A8C7000868C500088EC3000888C600081C
:108A000066C70008A8C70008A8C7000874C7000800
:108A10008EC70008DCC6000858C400080AC7000852
:108A20005CC70008A8C70008A8C700088EC40008D3
:108A3000DEC400081EC5000882C3000828C700085D
:108A4000A8C70008A8C700089CC70008A8C7000856
:108A5000A8C70008A8C70008A8C70008A8C700083A
:108A6000A8C7000844C7000814C4000849444C457E
:108A70000000000064F3000848F20008CAF2000891
:108A8000D2F2000854F300085CF3000898FD0008D7
:108A900098FD000838FD000898FD000898FD0008C2
:108AA00098FD000898FD000898FD000898FD000852
:108AB00030FD00085EFD000854FD000868FD000858
:108AC00072FD000840FD00087CFD00084AFD00081A
:108AD00086FD0008F0F0027000002074000020788D
:108AE000000020740000200E28000000000086F125
:108AF0000070000020740000207800002074000046
:108B0000200100008443002087F1007000002074E1
:108B100000002078000020740000200900005400AC
:108B2000002089F10070000020000000000000001B
:108B300000000000000F000060000020C1F1007084
:108B400000002000000000000000000000000011F4
:108B500000002C000020C2F1007000002000000086
:108B60000000000000000000001100004000002094
:108B7000C3F10070000020000000000000000000B1
:108B8000000000110000182F00200000F409010867
:108B9000C6090108CE090108D6090108DE09010845
:108BA000E6090108EE090108241F0108281F010831
:108BB0002C1F0108301F0108341F0108381F01084D
:108BC0003C1F0108181C1C00402001400D00000043
:108BD000802001400E000000C02001400F00000076
:108BE00000210140100000000B0B020C0C030000E0
:108BF0001112131400C4003CA9F643320000000017
:108C000051ED876400000000A9F643320567AC1DF2
:108C1000FDBAAD0FA76EF50777ABFE035CD5FF017C
:108C2000ABFAFF0055FF7F00EBFF3F00FDFF1F0089
:108C3000000010005709BCCDFFFFFFFFA2DA0FC9EB
:108C40000000000038FF60FF88FFB0FFD8FF000081
:108C5000280050007800A000C80000000000660650
:108C6000001000200030004000509A590060007051
:108C70000080009066969A9900A00000000000080D
:108C80000010001800200028003000380040004884
:108C90000050005800600068007000780080008874
:108CA000009000A030F8C0F950FBE0FC70FE00001E
:108CB00090012003B0044006D0070000000000002F
:108CC0000000000051ED87640000000054FB2119F2
:108CD0008333D60E7EDDD60753B7FA03BB55FF01AB
:108CE000AEEAFF0055FD7F00ABFF3F00F5FF1F0020
:108CF000FFFF0F0000000800666D6F646600000053
:108D00000000000000000080434F4D505245535377
:108D10004F525F4543550000AAAAAAAA04000000CA
:108D20000000000001020400006CDC0200366E014D
:108D300060EA00005631313031303030315342304A
:108D4000315F303031000000563131303130303059
:108D500031534131305F3030310000005631333013
:108D60003130303031000000563131303130303068
:108D700031535F303030310001020300010300073E
:108D8000030000000001000000000000FF0F0000D1
:108D900001010000E00700000000000002010000E7
:108DA000DF0700000000000003010000D007000002
:108DB000000000000000000000000000FF0F0000A5
:108DC00001010000E00700000000000002010000B7
:108DD000DF0700000000000003010000D0070000D2
:108DE000000000000000000000000000CC03002094
:108DF000340400209C04002000000000000000005B
:108E00000000000000000000000000000000000062
:108E10000000000000000000000000000000000052
:108E20000000000000000000000000000000000042
:108E30000000000000000000000000000000000032
:108E40000000000000000000000000000000000022
:108E50000000000000000000000000000000000012
:108E60000000000000000000000000000000000002
:108E700000000000000000000000000000000000F2
:108E800000000000000000000000000000000000E2
:108E900001000000000000000E33CDAB34126DE67F
:108EA000ECDE05000B0000000000000000000000E8
:108EB00000000000000000000000000000000000B2
:108EC00000000000000000000000000000000000A2
:108ED0000000000000000000000000000000000092
:108EE0000000000000000000000000000000000082
:108EF0000000000000000000000000000000000072
:108F00000000000000000000000000000000000061
:108F10000000000000000000000000000000000051
:108F20000000000000000000000000000000000041
:108F30000000000000000000000000000000000031
:108F40000000000000000000000000000000000021
:108F50000000000000000000000000000000000011
:108F60000000000000000000000000000000000001
:108F700000000000000000000000000000000000F1
:108F800000000000000000000000000000000000E1
:108F900000000000000000000000000000000000D1
:108FA00000000000000000000000000000000000C1
:108FB00000000000000000000000000000000000B1
:108FC00000000000000000000000000000000000A1
:108FD0000000000000000000000000000000000091
:108FE0000000000000000000000000000000000081
:108FF0000000000000000000000000000000000071
:109000000000000000000000000000000000000060
:109010000000000000000000000000000000000050
:109020000000000000000000000000000000000040
:109030000000000000000000000000000000000030
:109040000000000000000000000000000000000020
:109050000000000000000000000000000000000010
:109060000000000000000000000000000000000000
:1090700000000000000000000000000000000000F0
:1090800000000000000000000000000000000000E0
:1090900000000000000000000000000000000000D0
:1090A00000000000000000000000000000000000C0
:1090B00000000000000000000000000000000000B0
:1090C00000000000000000000000000000000000A0
:1090D0000000000000000000000000000000000090
:1090E0000000000000000000000000000000000080
:1090F0000000000000000000000000000000000070
:10910000000000000000000000000000000000005F
:10911000000000000000000000000000000000004F
:10912000000000000000000000000000000000003F
:10913000000000000000000000000000000000002F
:10914000000000000000000000000000000000001F
:10915000000000000000000000000000000000000F
:1091600000000000000000000000000000000000FF
:1091700000000000000000000000000000000000EF
:1091800000000000000000000000000000000000DF
:1091900000000000000000000000000000000000CF
:1091A00000000000000000000000000000000000BF
:1091B00000000000000000000000000000000000AF
:1091C000000000000000000000000000000000009F
:1091D000000000000000000000000000000000008F
:1091E000000000000000000000000000000000007F
:1091F000000000000000000000000000000000006F
:10920000000000000000000000000000000000005E
:10921000E000002001000000FFFFFFFFFFFFFFFF55
:10922000FFFFFFFFFFFFFFFFFFFFFFFFFFFFFFFF4E
:10923000FFFFFFFFFFFFFFFFFFFFFFFFFFFFFFFF3E
:10924000FFFFFFFFFFFFFFFFFFFFFFFFFFFFFFFF2E
:10925000FFFFFFFFFFFFFFFFFFFFFFFFFFFFFFFF1E
:10926000FFFFFFFFFFFFFFFFFFFFFFFFFFFFFFFF0E
:10927000FFFFFFFFFFFFFFFFFFFFFFFFFFFFFFFFFE
:10928000FFFFFFFFFFFFFFFFFFFFFFFFFFFFFFFFEE
:10929000FFFFFFFFFFFFFFFFFFFFFFFFFFFFFFFFDE
:1092A000FFFFFFFFFFFFFFFFFFFFFFFFFFFFFFFFCE
:1092B000FFFFFFFFFFFFFFFFFFFFFFFFFFFFFFFFBE
:1092C000FFFFFFFFFFFFFFFFFFFFFFFFFFFFFFFFAE
:1092D000FFFFFFFFFFFFFFFFFFFFFFFFFFFFFFFF9E
:1092E000FFFFFFFFFFFFFFFFFFFFFFFFFFFFFFFF8E
:1092F000FFFFFFFFFFFFFFFFFFFFFFFFFFFFFFFF7E
:10930000FFFFFFFFFFFFFFFFFFFFFFFFFFFFFFFF6D
:10931000FFFFFFFFFFFFFFFFFFFFFFFFFFFFFFFF5D
:10932000FFFFFFFFFFFFFFFFFFFFFFFFFFFFFFFF4D
:10933000FFFFFFFFFFFFFFFFFFFFFFFFFFFFFFFF3D
:10934000FFFFFFFFFFFFFFFFFFFFFFFFFFFFFFFF2D
:10935000FFFFFFFFFFFFFFFFFFFFFFFFFFFFFFFF1D
:10936000FFFFFFFFFFFFFFFFFFFFFFFFFFFFFFFF0D
:10937000FFFFFFFFFFFFFFFFFFFFFFFFFFFFFFFFFD
:10938000FFFFFFFFFFFFFFFFFFFFFFFFFFFFFFFFED
:10939000FFFFFFFFFFFFFFFFFFFFFFFFFFFFFFFFDD
:1093A000FFFFFFFFFFFFFFFFFFFFFFFFFFFFFFFFCD
:1093B000FFFFFFFFFFFFFFFFFFFFFFFFFFFFFFFFBD
:1093C000FFFFFFFFFFFFFFFFFFFFFFFFFFFFFFFFAD
:1093D000FFFFFFFFFFFFFFFFFFFFFFFFFFFFFFFF9D
:1093E000FFFFFFFFFFFFFFFFFFFFFFFFFFFFFFFF8D
:1093F000FFFFFFFFFFFFFFFFFFFFFFFFFFFFFFFF7D
:10940000FFFFFFFFFFFFFFFFFFFFFFFFFFFFFFFF6C
:10941000FFFFFFFFFFFFFFFFFFFFFFFFFFFFFFFF5C
:10942000FFFFFFFFFFFFFFFFFFFFFFFFFFFFFFFF4C
:10943000FFFFFFFFFFFFFFFFFFFFFFFFFFFFFFFF3C
:10944000FFFFFFFFFFFFFFFFFFFFFFFFFFFFFFFF2C
:10945000FFFFFFFFFFFFFFFFFFFFFFFFFFFFFFFF1C
:10946000FFFFFFFFFFFFFFFFFFFFFFFFFFFFFFFF0C
:10947000FFFFFFFFFFFFFFFFFFFFFFFFFFFFFFFFFC
:10948000FFFFFFFFFFFFFFFFFFFFFFFFFFFFFFFFEC
:10949000FFFFFFFFFFFFFFFFFFFFFFFFFFFFFFFFDC
:1094A000FFFFFFFFFFFFFFFFFFFFFFFFFFFFFFFFCC
:1094B000FFFFFFFFFFFFFFFFFFFFFFFFFFFFFFFFBC
:1094C000FFFFFFFFFFFFFFFFFFFFFFFFFFFFFFFFAC
:1094D000FFFFFFFFFFFFFFFFFFFFFFFFFFFFFFFF9C
:1094E000FFFFFFFFFFFFFFFFFFFFFFFFFFFFFFFF8C
:1094F000FFFFFFFFFFFFFFFFFFFFFFFFFFFFFFFF7C
:10950000FFFFFFFFFFFFFFFFFFFFFFFFFFFFFFFF6B
:10951000FFFFFFFFFFFFFFFFFFFFFFFFFFFFFFFF5B
:10952000FFFFFFFFFFFFFFFFFFFFFFFFFFFFFFFF4B
:10953000FFFFFFFFFFFFFFFFFFFFFFFFFFFFFFFF3B
:10954000FFFFFFFFFFFFFFFFFFFFFFFFFFFFFFFF2B
:10955000FFFFFFFFFFFFFFFFFFFFFFFFFFFFFFFF1B
:10956000FFFFFFFFFFFFFFFFFFFFFFFFFFFFFFFF0B
:10957000FFFFFFFFFFFFFFFFFFFFFFFFFFFFFFFFFB
:10958000FFFFFFFFFFFFFFFFFFFFFFFFFFFFFFFFEB
:10959000FFFFFFFFFFFFFFFFFFFFFFFFFFFFFFFFDB
:1095A000FFFFFFFFFFFFFFFFFFFFFFFFFFFFFFFFCB
:1095B000FFFFFFFFFFFFFFFFFFFFFFFFFFFFFFFFBB
:1095C000FFFFFFFFFFFFFFFFFFFFFFFFFFFFFFFFAB
:1095D000FFFFFFFFFFFFFFFFFFFFFFFFFFFFFFFF9B
:1095E000FFFFFFFFFFFFFFFFFFFFFFFFFFFFFFFF8B
:1095F000FFFFFFFFFFFFFFFFFFFFFFFFFFFFFFFF7B
:10960000FFFFFFFFFFFFFFFFFFFFFFFFFFFFFFFF6A
:10961000FFFFFFFFFFFFFFFFFFFFFFFFFFFFFFFF5A
:10962000FFFFFFFFFFFFFFFFFFFFFFFFFFFFFFFF4A
:10963000FFFFFFFFFFFFFFFFFFFFFFFFFFFFFFFF3A
:10964000FFFFFFFFFFFFFFFFFFFFFFFFFFFFFFFF2A
:10965000FFFFFFFFFFFFFFFFFFFFFFFFFFFFFFFF1A
:10966000FFFFFFFFFFFFFFFFFFFFFFFFFFFFFFFF0A
:10967000FFFFFFFFFFFFFFFFFFFFFFFFFFFFFFFFFA
:10968000FFFFFFFFFFFFFFFFFFFFFFFFFFFFFFFFEA
:10969000FFFFFFFFFFFFFFFFFFFFFFFFFFFFFFFFDA
:1096A000FFFFFFFFFFFFFFFFFFFFFFFFFFFFFFFFCA
:1096B000FFFFFFFFFFFFFFFFFFFFFFFFFFFFFFFFBA
:1096C000FFFFFFFFFFFFFFFFFFFFFFFFFFFFFFFFAA
:1096D000FFFFFFFFFFFFFFFFFFFFFFFFFFFFFFFF9A
:1096E000FFFFFFFFFFFFFFFFFFFFFFFFFFFFFFFF8A
:1096F000FFFFFFFFFFFFFFFFFFFFFFFFFFFFFFFF7A
:10970000FFFFFFFFFFFFFFFFFFFFFFFFFFFFFFFF69
:10971000FFFFFFFFFFFFFFFFFFFFFFFFFFFFFFFF59
:10972000FFFFFFFFFFFFFFFFFFFFFFFFFFFFFFFF49
:10973000FFFFFFFFFFFFFFFFFFFFFFFFFFFFFFFF39
:10974000FFFFFFFFFFFFFFFFFFFFFFFFFFFFFFFF29
:10975000FFFFFFFFFFFFFFFFFFFFFFFFFFFFFFFF19
:10976000FFFFFFFFFFFFFFFFFFFFFFFFFFFFFFFF09
:10977000FFFFFFFFFFFFFFFFFFFFFFFFFFFFFFFFF9
:10978000FFFFFFFFFFFFFFFFFFFFFFFFFFFFFFFFE9
:10979000FFFFFFFFFFFFFFFFFFFFFFFFFFFFFFFFD9
:1097A000FFFFFFFFFFFFFFFFFFFFFFFFFFFFFFFFC9
:1097B000FFFFFFFFFFFFFFFFFFFFFFFFFFFFFFFFB9
:1097C000FFFFFFFFFFFFFFFFFFFFFFFFFFFFFFFFA9
:1097D000FFFFFFFFFFFFFFFFFFFFFFFFFFFFFFFF99
:1097E000FFFFFFFFFFFFFFFFFFFFFFFFFFFFFFFF89
:1097F000FFFFFFFFFFFFFFFFFFFFFFFFFFFFFFFF79
:10980000FFFFFFFFFFFFFFFFFFFFFFFFFFFFFFFF68
:10981000FFFFFFFFFFFFFFFFFFFFFFFFFFFFFFFF58
:10982000FFFFFFFFFFFFFFFFFFFFFFFFFFFFFFFF48
:10983000FFFFFFFFFFFFFFFFFFFFFFFFFFFFFFFF38
:10984000FFFFFFFFFFFFFFFFFFFFFFFFFFFFFFFF28
:10985000FFFFFFFFFFFFFFFFFFFFFFFFFFFFFFFF18
:10986000FFFFFFFFFFFFFFFFFFFFFFFFFFFFFFFF08
:10987000FFFFFFFFFFFFFFFFFFFFFFFFFFFFFFFFF8
:10988000FFFFFFFFFFFFFFFFFFFFFFFFFFFFFFFFE8
:10989000FFFFFFFFFFFFFFFFFFFFFFFFFFFFFFFFD8
:1098A000FFFFFFFFFFFFFFFFFFFFFFFFFFFFFFFFC8
:1098B000FFFFFFFFFFFFFFFFFFFFFFFFFFFFFFFFB8
:1098C000FFFFFFFFFFFFFFFFFFFFFFFFFFFFFFFFA8
:1098D000FFFFFFFFFFFFFFFFFFFFFFFFFFFFFFFF98
:1098E000FFFFFFFFFFFFFFFFFFFFFFFFFFFFFFFF88
:1098F000FFFFFFFFFFFFFFFFFFFFFFFFFFFFFFFF78
:10990000FFFFFFFFFFFFFFFFFFFFFFFFFFFFFFFF67
:10991000FFFFFFFFFFFFFFFFFFFFFFFFFFFFFFFF57
:10992000FFFFFFFFFFFFFFFFFFFFFFFFFFFFFFFF47
:10993000FFFFFFFFFFFFFFFFFFFFFFFFFFFFFFFF37
:10994000FFFFFFFFFFFFFFFFFFFFFFFFFFFFFFFF27
:10995000FFFFFFFFFFFFFFFFFFFFFFFFFFFFFFFF17
:10996000FFFFFFFFFFFFFFFFFFFFFFFFFFFFFFFF07
:10997000FFFFFFFFFFFFFFFFFFFFFFFFFFFFFFFFF7
:10998000FFFFFFFFFFFFFFFFFFFFFFFFFFFFFFFFE7
:10999000FFFFFFFFFFFFFFFFFFFFFFFFFFFFFFFFD7
:1099A000FFFFFFFFFFFFFFFFFFFFFFFFFFFFFFFFC7
:1099B000FFFFFFFFFFFFFFFFFFFFFFFFFFFFFFFFB7
:1099C000FFFFFFFFFFFFFFFFFFFFFFFFFFFFFFFFA7
:1099D000FFFFFFFFFFFFFFFFFFFFFFFFFFFFFFFF97
:1099E000FFFFFFFFFFFFFFFFFFFFFFFFFFFFFFFF87
:1099F000FFFFFFFFFFFFFFFFFFFFFFFFFFFFFFFF77
:109A0000FFFFFFFFFFFFFFFFFFFFFFFFFFFFFFFF66
:109A1000FFFFFFFFFFFFFFFFFFFFFFFFFFFFFFFF56
:109A2000FFFFFFFFFFFFFFFFFFFFFFFFFFFFFFFF46
:109A3000FFFFFFFFFFFFFFFFFFFFFFFFFFFFFFFF36
:109A4000FFFFFFFFFFFFFFFFFFFFFFFFFFFFFFFF26
:109A5000FFFFFFFFFFFFFFFFFFFFFFFFFFFFFFFF16
:109A6000FFFFFFFFFFFFFFFFFFFFFFFFFFFFFFFF06
:109A7000FFFFFFFFFFFFFFFFFFFFFFFFFFFFFFFFF6
:109A8000FFFFFFFFFFFFFFFFFFFFFFFFFFFFFFFFE6
:109A9000FFFFFFFFFFFFFFFFFFFFFFFFFFFFFFFFD6
:109AA000FFFFFFFFFFFFFFFFFFFFFFFFFFFFFFFFC6
:109AB000FFFFFFFFFFFFFFFFFFFFFFFFFFFFFFFFB6
:109AC000FFFFFFFFFFFFFFFFFFFFFFFFFFFFFFFFA6
:109AD000FFFFFFFFFFFFFFFFFFFFFFFFFFFFFFFF96
:109AE000FFFFFFFFFFFFFFFFFFFFFFFFFFFFFFFF86
:109AF000FFFFFFFFFFFFFFFFFFFFFFFFFFFFFFFF76
:109B0000FFFFFFFFFFFFFFFFFFFFFFFFFFFFFFFF65
:109B1000FFFFFFFFFFFFFFFFFFFFFFFFFFFFFFFF55
:109B2000FFFFFFFFFFFFFFFFFFFFFFFFFFFFFFFF45
:109B3000FFFFFFFFFFFFFFFFFFFFFFFFFFFFFFFF35
:109B4000FFFFFFFFFFFFFFFFFFFFFFFFFFFFFFFF25
:109B5000FFFFFFFFFFFFFFFFFFFFFFFFFFFFFFFF15
:109B6000FFFFFFFFFFFFFFFFFFFFFFFFFFFFFFFF05
:109B7000FFFFFFFFFFFFFFFFFFFFFFFFFFFFFFFFF5
:109B8000FFFFFFFFFFFFFFFFFFFFFFFFFFFFFFFFE5
:109B9000FFFFFFFFFFFFFFFFFFFFFFFFFFFFFFFFD5
:109BA000FFFFFFFFFFFFFFFFFFFFFFFFFFFFFFFFC5
:109BB000FFFFFFFFFFFFFFFFFFFFFFFFFFFFFFFFB5
:109BC000FFFFFFFFFFFFFFFFFFFFFFFFFFFFFFFFA5
:109BD000FFFFFFFFFFFFFFFFFFFFFFFFFFFFFFFF95
:109BE000FFFFFFFFFFFFFFFFFFFFFFFFFFFFFFFF85
:109BF000FFFFFFFFFFFFFFFFFFFFFFFFFFFFFFFF75
:109C0000FFFFFFFFFFFFFFFFFFFFFFFFFFFFFFFF64
:109C1000FFFFFFFFFFFFFFFFFFFFFFFFFFFFFFFF54
:109C2000FFFFFFFFFFFFFFFFFFFFFFFFFFFFFFFF44
:109C3000FFFFFFFFFFFFFFFFFFFFFFFFFFFFFFFF34
:109C4000FFFFFFFFFFFFFFFFFFFFFFFFFFFFFFFF24
:109C5000FFFFFFFFFFFFFFFFFFFFFFFFFFFFFFFF14
:109C6000FFFFFFFFFFFFFFFFFFFFFFFFFFFFFFFF04
:109C7000FFFFFFFFFFFFFFFFFFFFFFFFFFFFFFFFF4
:109C8000FFFFFFFFFFFFFFFFFFFFFFFFFFFFFFFFE4
:109C9000FFFFFFFFFFFFFFFFFFFFFFFFFFFFFFFFD4
:109CA000FFFFFFFFFFFFFFFFFFFFFFFFFFFFFFFFC4
:109CB000FFFFFFFFFFFFFFFFFFFFFFFFFFFFFFFFB4
:109CC000FFFFFFFFFFFFFFFFFFFFFFFFFFFFFFFFA4
:109CD000FFFFFFFFFFFFFFFFFFFFFFFFFFFFFFFF94
:109CE000FFFFFFFFFFFFFFFFFFFFFFFFFFFFFFFF84
:109CF000FFFFFFFFFFFFFFFFFFFFFFFFFFFFFFFF74
:109D0000FFFFFFFFFFFFFFFFFFFFFFFFFFFFFFFF63
:109D1000FFFFFFFFFFFFFFFFFFFFFFFFFFFFFFFF53
:109D2000FFFFFFFFFFFFFFFFFFFFFFFFFFFFFFFF43
:109D3000FFFFFFFFFFFFFFFFFFFFFFFFFFFFFFFF33
:109D4000FFFFFFFFFFFFFFFFFFFFFFFFFFFFFFFF23
:109D5000FFFFFFFFFFFFFFFFFFFFFFFFFFFFFFFF13
:109D6000FFFFFFFFFFFFFFFFFFFFFFFFFFFFFFFF03
:109D7000FFFFFFFFFFFFFFFFFFFFFFFFFFFFFFFFF3
:109D8000FFFFFFFFFFFFFFFFFFFFFFFFFFFFFFFFE3
:109D9000FFFFFFFFFFFFFFFFFFFFFFFFFFFFFFFFD3
:109DA000FFFFFFFFFFFFFFFFFFFFFFFFFFFFFFFFC3
:109DB000FFFFFFFFFFFFFFFFFFFFFFFFFFFFFFFFB3
:109DC000FFFFFFFFFFFFFFFFFFFFFFFFFFFFFFFFA3
:109DD000FFFFFFFFFFFFFFFFFFFFFFFFFFFFFFFF93
:109DE000FFFFFFFFFFFFFFFFFFFFFFFFFFFFFFFF83
:109DF000FFFFFFFFFFFFFFFFFFFFFFFFFFFFFFFF73
:109E0000FFFFFFFFFFFFFFFFFFFFFFFFFFFFFFFF62
:109E1000FFFFFFFFFFFFFFFFFFFFFFFFFFFFFFFF52
:109E2000FFFFFFFFFFFFFFFFFFFFFFFFFFFFFFFF42
:109E3000FFFFFFFFFFFFFFFFFFFFFFFFFFFFFFFF32
:109E4000FFFFFFFFFFFFFFFFFFFFFFFFFFFFFFFF22
:109E5000FFFFFFFFFFFFFFFFFFFFFFFFFFFFFFFF12
:109E6000FFFFFFFFFFFFFFFFFFFFFFFFFFFFFFFF02
:109E7000FFFFFFFFFFFFFFFFFFFFFFFFFFFFFFFFF2
:109E8000FFFFFFFFFFFFFFFFFFFFFFFFFFFFFFFFE2
:109E9000FFFFFFFFFFFFFFFFFFFFFFFFFFFFFFFFD2
:109EA000FFFFFFFFFFFFFFFFFFFFFFFFFFFFFFFFC2
:109EB000FFFFFFFFFFFFFFFFFFFFFFFFFFFFFFFFB2
:109EC000FFFFFFFFFFFFFFFFFFFFFFFFFFFFFFFFA2
:109ED000FFFFFFFFFFFFFFFFFFFFFFFFFFFFFFFF92
:109EE000FFFFFFFFFFFFFFFFFFFFFFFFFFFFFFFF82
:109EF000FFFFFFFFFFFFFFFFFFFFFFFFFFFFFFFF72
:109F0000FFFFFFFFFFFFFFFFFFFFFFFFFFFFFFFF61
:109F1000FFFFFFFFFFFFFFFFFFFFFFFFFFFFFFFF51
:109F2000FFFFFFFFFFFFFFFFFFFFFFFFFFFFFFFF41
:109F3000FFFFFFFFFFFFFFFFFFFFFFFFFFFFFFFF31
:109F4000FFFFFFFFFFFFFFFFFFFFFFFFFFFFFFFF21
:109F5000FFFFFFFFFFFFFFFFFFFFFFFFFFFFFFFF11
:109F6000FFFFFFFFFFFFFFFFFFFFFFFFFFFFFFFF01
:109F7000FFFFFFFFFFFFFFFFFFFFFFFFFFFFFFFFF1
:109F8000FFFFFFFFFFFFFFFFFFFFFFFFFFFFFFFFE1
:109F9000FFFFFFFFFFFFFFFFFFFFFFFFFFFFFFFFD1
:109FA000FFFFFFFFFFFFFFFFFFFFFFFFFFFFFFFFC1
:109FB000FFFFFFFFFFFFFFFFFFFFFFFFFFFFFFFFB1
:109FC000FFFFFFFFFFFFFFFFFFFFFFFFFFFFFFFFA1
:109FD000FFFFFFFFFFFFFFFFFFFFFFFFFFFFFFFF91
:109FE000FFFFFFFFFFFFFFFFFFFFFFFFFFFFFFFF81
:109FF000FFFFFFFFFFFFFFFFFFFFFFFFFFFFFFFF71
:10A00000FFFFFFFFFFFFFFFFFFFFFFFFFFFFFFFF60
:10A01000FFFFFFFFFFFFFFFFFFFFFFFFFFFFFFFF50
:10A02000FFFFFFFFFFFFFFFFFFFFFFFFFFFFFFFF40
:10A03000FFFFFFFFFFFFFFFFFFFFFFFFFFFFFFFF30
:10A04000FFFFFFFFFFFFFFFFFFFFFFFFFFFFFFFF20
:10A05000FFFFFFFFFFFFFFFFFFFFFFFFFFFFFFFF10
:10A06000FFFFFFFFFFFFFFFFFFFFFFFFFFFFFFFF00
:10A07000FFFFFFFFFFFFFFFFFFFFFFFFFFFFFFFFF0
:10A08000FFFFFFFFFFFFFFFFFFFFFFFFFFFFFFFFE0
:10A09000FFFFFFFFFFFFFFFFFFFFFFFFFFFFFFFFD0
:10A0A000FFFFFFFFFFFFFFFFFFFFFFFFFFFFFFFFC0
:10A0B000FFFFFFFFFFFFFFFFFFFFFFFFFFFFFFFFB0
:10A0C000FFFFFFFFFFFFFFFFFFFFFFFFFFFFFFFFA0
:10A0D000FFFFFFFFFFFFFFFFFFFFFFFFFFFFFFFF90
:10A0E000FFFFFFFFFFFFFFFFFFFFFFFFFFFFFFFF80
:10A0F000FFFFFFFFFFFFFFFFFFFFFFFFFFFFFFFF70
:10A10000FFFFFFFFFFFFFFFFFFFFFFFFFFFFFFFF5F
:10A11000FFFFFFFFFFFFFFFFFFFFFFFFFFFFFFFF4F
:10A12000FFFFFFFFFFFFFFFFFFFFFFFFFFFFFFFF3F
:10A13000FFFFFFFFFFFFFFFFFFFFFFFFFFFFFFFF2F
:10A14000FFFFFFFFFFFFFFFFFFFFFFFFFFFFFFFF1F
:10A15000FFFFFFFFFFFFFFFFFFFFFFFFFFFFFFFF0F
:10A16000FFFFFFFFFFFFFFFFFFFFFFFFFFFFFFFFFF
:10A17000FFFFFFFFFFFFFFFFFFFFFFFFFFFFFFFFEF
:10A18000FFFFFFFFFFFFFFFFFFFFFFFFFFFFFFFFDF
:10A19000FFFFFFFFFFFFFFFFFFFFFFFFFFFFFFFFCF
:10A1A000FFFFFFFFFFFFFFFFFFFFFFFFFFFFFFFFBF
:10A1B000FFFFFFFFFFFFFFFFFFFFFFFFFFFFFFFFAF
:10A1C000FFFFFFFFFFFFFFFFFFFFFFFFFFFFFFFF9F
:10A1D000FFFFFFFFFFFFFFFFFFFFFFFFFFFFFFFF8F
:10A1E000FFFFFFFFFFFFFFFFFFFFFFFFFFFFFFFF7F
:10A1F000FFFFFFFFFFFFFFFFFFFFFFFFFFFFFFFF6F
:10A20000FFFFFFFFFFFFFFFFFFFFFFFFFFFFFFFF5E
:10A21000FFFFFFFFFFFFFFFFFFFFFFFFFFFFFFFF4E
:10A22000FFFFFFFFFFFFFFFFFFFFFFFFFFFFFFFF3E
:10A23000FFFFFFFFFFFFFFFFFFFFFFFFFFFFFFFF2E
:10A24000FFFFFFFFFFFFFFFFFFFFFFFFFFFFFFFF1E
:10A25000FFFFFFFFFFFFFFFFFFFFFFFFFFFFFFFF0E
:10A26000FFFFFFFFFFFFFFFFFFFFFFFFFFFFFFFFFE
:10A27000FFFFFFFFFFFFFFFFFFFFFFFFFFFFFFFFEE
:10A28000FFFFFFFFFFFFFFFFFFFFFFFFFFFFFFFFDE
:10A29000FFFFFFFFFFFFFFFFFFFFFFFFFFFFFFFFCE
:10A2A000FFFFFFFFFFFFFFFFFFFFFFFFFFFFFFFFBE
:10A2B000FFFFFFFFFFFFFFFFFFFFFFFFFFFFFFFFAE
:10A2C000FFFFFFFFFFFFFFFFFFFFFFFFFFFFFFFF9E
:10A2D000FFFFFFFFFFFFFFFFFFFFFFFFFFFFFFFF8E
:10A2E000FFFFFFFFFFFFFFFFFFFFFFFFFFFFFFFF7E
:10A2F000FFFFFFFFFFFFFFFFFFFFFFFFFFFFFFFF6E
:10A30000FFFFFFFFFFFFFFFFFFFFFFFFFFFFFFFF5D
:10A31000FFFFFFFFFFFFFFFFFFFFFFFFFFFFFFFF4D
:10A32000FFFFFFFFFFFFFFFFFFFFFFFFFFFFFFFF3D
:10A33000FFFFFFFFFFFFFFFFFFFFFFFFFFFFFFFF2D
:10A34000FFFFFFFFFFFFFFFFFFFFFFFFFFFFFFFF1D
:10A35000FFFFFFFFFFFFFFFFFFFFFFFFFFFFFFFF0D
:10A36000FFFFFFFFFFFFFFFFFFFFFFFFFFFFFFFFFD
:10A37000FFFFFFFFFFFFFFFFFFFFFFFFFFFFFFFFED
:10A38000FFFFFFFFFFFFFFFFFFFFFFFFFFFFFFFFDD
:10A39000FFFFFFFFFFFFFFFFFFFFFFFFFFFFFFFFCD
:10A3A000FFFFFFFFFFFFFFFFFFFFFFFFFFFFFFFFBD
:10A3B000FFFFFFFFFFFFFFFFFFFFFFFFFFFFFFFFAD
:10A3C000FFFFFFFFFFFFFFFFFFFFFFFFFFFFFFFF9D
:10A3D000FFFFFFFFFFFFFFFFFFFFFFFFFFFFFFFF8D
:10A3E000FFFFFFFFFFFFFFFFFFFFFFFFFFFFFFFF7D
:10A3F000FFFFFFFFFFFFFFFFFFFFFFFFFFFFFFFF6D
:10A40000FFFFFFFFFFFFFFFFFFFFFFFFFFFFFFFF5C
:10A41000FFFFFFFFFFFFFFFFFFFFFFFFFFFFFFFF4C
:10A42000FFFFFFFFFFFFFFFFFFFFFFFFFFFFFFFF3C
:10A43000FFFFFFFFFFFFFFFFFFFFFFFFFFFFFFFF2C
:10A44000FFFFFFFFFFFFFFFFFFFFFFFFFFFFFFFF1C
:10A45000FFFFFFFFFFFFFFFFFFFFFFFFFFFFFFFF0C
:10A46000FFFFFFFFFFFFFFFFFFFFFFFFFFFFFFFFFC
:10A47000FFFFFFFFFFFFFFFFFFFFFFFFFFFFFFFFEC
:10A48000FFFFFFFFFFFFFFFFFFFFFFFFFFFFFFFFDC
:10A49000FFFFFFFFFFFFFFFFFFFFFFFFFFFFFFFFCC
:10A4A000FFFFFFFFFFFFFFFFFFFFFFFFFFFFFFFFBC
:10A4B000FFFFFFFFFFFFFFFFFFFFFFFFFFFFFFFFAC
:10A4C000FFFFFFFFFFFFFFFFFFFFFFFFFFFFFFFF9C
:10A4D000FFFFFFFFFFFFFFFFFFFFFFFFFFFFFFFF8C
:10A4E000FFFFFFFFFFFFFFFFFFFFFFFFFFFFFFFF7C
:10A4F000FFFFFFFFFFFFFFFFFFFFFFFFFFFFFFFF6C
:10A50000FFFFFFFFFFFFFFFFFFFFFFFFFFFFFFFF5B
:10A51000FFFFFFFFFFFFFFFFFFFFFFFFFFFFFFFF4B
:10A52000FFFFFFFFFFFFFFFFFFFFFFFFFFFFFFFF3B
:10A53000FFFFFFFFFFFFFFFFFFFFFFFFFFFFFFFF2B
:10A54000FFFFFFFFFFFFFFFFFFFFFFFFFFFFFFFF1B
:10A55000FFFFFFFFFFFFFFFFFFFFFFFFFFFFFFFF0B
:10A56000FFFFFFFFFFFFFFFFFFFFFFFFFFFFFFFFFB
:10A57000FFFFFFFFFFFFFFFFFFFFFFFFFFFFFFFFEB
:10A58000FFFFFFFFFFFFFFFFFFFFFFFFFFFFFFFFDB
:10A59000FFFFFFFFFFFFFFFFFFFFFFFFFFFFFFFFCB
:10A5A000FFFFFFFFFFFFFFFFFFFFFFFFFFFFFFFFBB
:10A5B000FFFFFFFFFFFFFFFFFFFFFFFFFFFFFFFFAB
:10A5C000FFFFFFFFFFFFFFFFFFFFFFFFFFFFFFFF9B
:10A5D000FFFFFFFFFFFFFFFFFFFFFFFFFFFFFFFF8B
:10A5E000FFFFFFFFFFFFFFFFFFFFFFFFFFFFFFFF7B
:10A5F000FFFFFFFFFFFFFFFFFFFFFFFFFFFFFFFF6B
:10A60000FFFFFFFFFFFFFFFFFFFFFFFFFFFFFFFF5A
:10A61000FFFFFFFFFFFFFFFFFFFFFFFFFFFFFFFF4A
:10A62000FFFFFFFFFFFFFFFFFFFFFFFFFFFFFFFF3A
:10A63000FFFFFFFFFFFFFFFFFFFFFFFFFFFFFFFF2A
:10A64000FFFFFFFFFFFFFFFFFFFFFFFFFFFFFFFF1A
:10A65000FFFFFFFFFFFFFFFFFFFFFFFFFFFFFFFF0A
:10A66000FFFFFFFFFFFFFFFFFFFFFFFFFFFFFFFFFA
:10A67000FFFFFFFFFFFFFFFFFFFFFFFFFFFFFFFFEA
:10A68000FFFFFFFFFFFFFFFFFFFFFFFFFFFFFFFFDA
:10A69000FFFFFFFFFFFFFFFFFFFFFFFFFFFFFFFFCA
:10A6A000FFFFFFFFFFFFFFFFFFFFFFFFFFFFFFFFBA
:10A6B000FFFFFFFFFFFFFFFFFFFFFFFFFFFFFFFFAA
:10A6C000FFFFFFFFFFFFFFFFFFFFFFFFFFFFFFFF9A
:10A6D000FFFFFFFFFFFFFFFFFFFFFFFFFFFFFFFF8A
:10A6E000FFFFFFFFFFFFFFFFFFFFFFFFFFFFFFFF7A
:10A6F000FFFFFFFFFFFFFFFFFFFFFFFFFFFFFFFF6A
:10A70000FFFFFFFFFFFFFFFFFFFFFFFFFFFFFFFF59
:10A71000FFFFFFFFFFFFFFFFFFFFFFFFFFFFFFFF49
:10A72000FFFFFFFFFFFFFFFFFFFFFFFFFFFFFFFF39
:10A73000FFFFFFFFFFFFFFFFFFFFFFFFFFFFFFFF29
:10A74000FFFFFFFFFFFFFFFFFFFFFFFFFFFFFFFF19
:10A75000FFFFFFFFFFFFFFFFFFFFFFFFFFFFFFFF09
:10A76000FFFFFFFFFFFFFFFFFFFFFFFFFFFFFFFFF9
:10A77000FFFFFFFFFFFFFFFFFFFFFFFFFFFFFFFFE9
:10A78000FFFFFFFFFFFFFFFFFFFFFFFFFFFFFFFFD9
:10A79000FFFFFFFFFFFFFFFFFFFFFFFFFFFFFFFFC9
:10A7A000FFFFFFFFFFFFFFFFFFFFFFFFFFFFFFFFB9
:10A7B000FFFFFFFFFFFFFFFFFFFFFFFFFFFFFFFFA9
:10A7C000FFFFFFFFFFFFFFFFFFFFFFFFFFFFFFFF99
:10A7D000FFFFFFFFFFFFFFFFFFFFFFFFFFFFFFFF89
:10A7E000FFFFFFFFFFFFFFFFFFFFFFFFFFFFFFFF79
:10A7F000FFFFFFFFFFFFFFFFFFFFFFFFFFFFFFFF69
:10A80000FFFFFFFFFFFFFFFFFFFFFFFFFFFFFFFF58
:10A81000FFFFFFFFFFFFFFFFFFFFFFFFFFFFFFFF48
:10A82000FFFFFFFFFFFFFFFFFFFFFFFFFFFFFFFF38
:10A83000FFFFFFFFFFFFFFFFFFFFFFFFFFFFFFFF28
:10A84000FFFFFFFFFFFFFFFFFFFFFFFFFFFFFFFF18
:10A85000FFFFFFFFFFFFFFFFFFFFFFFFFFFFFFFF08
:10A86000FFFFFFFFFFFFFFFFFFFFFFFFFFFFFFFFF8
:10A87000FFFFFFFFFFFFFFFFFFFFFFFFFFFFFFFFE8
:10A88000FFFFFFFFFFFFFFFFFFFFFFFFFFFFFFFFD8
:10A89000FFFFFFFFFFFFFFFFFFFFFFFFFFFFFFFFC8
:10A8A000FFFFFFFFFFFFFFFFFFFFFFFFFFFFFFFFB8
:10A8B000FFFFFFFFFFFFFFFFFFFFFFFFFFFFFFFFA8
:10A8C000FFFFFFFFFFFFFFFFFFFFFFFFFFFFFFFF98
:10A8D000FFFFFFFFFFFFFFFFFFFFFFFFFFFFFFFF88
:10A8E000FFFFFFFFFFFFFFFFFFFFFFFFFFFFFFFF78
:10A8F000FFFFFFFFFFFFFFFFFFFFFFFFFFFFFFFF68
:10A90000FFFFFFFFFFFFFFFFFFFFFFFFFFFFFFFF57
:10A91000FFFFFFFFFFFFFFFFFFFFFFFFFFFFFFFF47
:10A92000FFFFFFFFFFFFFFFFFFFFFFFFFFFFFFFF37
:10A93000FFFFFFFFFFFFFFFFFFFFFFFFFFFFFFFF27
:10A94000FFFFFFFFFFFFFFFFFFFFFFFFFFFFFFFF17
:10A95000FFFFFFFFFFFFFFFFFFFFFFFFFFFFFFFF07
:10A96000FFFFFFFFFFFFFFFFFFFFFFFFFFFFFFFFF7
:10A97000FFFFFFFFFFFFFFFFFFFFFFFFFFFFFFFFE7
:10A98000FFFFFFFFFFFFFFFFFFFFFFFFFFFFFFFFD7
:10A99000FFFFFFFFFFFFFFFFFFFFFFFFFFFFFFFFC7
:10A9A000FFFFFFFFFFFFFFFFFFFFFFFFFFFFFFFFB7
:10A9B000FFFFFFFFFFFFFFFFFFFFFFFFFFFFFFFFA7
:10A9C000FFFFFFFFFFFFFFFFFFFFFFFFFFFFFFFF97
:10A9D000FFFFFFFFFFFFFFFFFFFFFFFFFFFFFFFF87
:10A9E000FFFFFFFFFFFFFFFFFFFFFFFFFFFFFFFF77
:10A9F000FFFFFFFFFFFFFFFFFFFFFFFFFFFFFFFF67
:10AA0000FFFFFFFFFFFFFFFFFFFFFFFFFFFFFFFF56
:10AA1000FFFFFFFFFFFFFFFFFFFFFFFFFFFFFFFF46
:10AA2000FFFFFFFFFFFFFFFFFFFFFFFFFFFFFFFF36
:10AA3000FFFFFFFFFFFFFFFFFFFFFFFFFFFFFFFF26
:10AA4000FFFFFFFFFFFFFFFFFFFFFFFFFFFFFFFF16
:10AA5000FFFFFFFFFFFFFFFFFFFFFFFFFFFFFFFF06
:10AA6000FFFFFFFFFFFFFFFFFFFFFFFFFFFFFFFFF6
:10AA7000FFFFFFFFFFFFFFFFFFFFFFFFFFFFFFFFE6
:10AA8000FFFFFFFFFFFFFFFFFFFFFFFFFFFFFFFFD6
:10AA9000FFFFFFFFFFFFFFFFFFFFFFFFFFFFFFFFC6
:10AAA000FFFFFFFFFFFFFFFFFFFFFFFFFFFFFFFFB6
:10AAB000FFFFFFFFFFFFFFFFFFFFFFFFFFFFFFFFA6
:10AAC000FFFFFFFFFFFFFFFFFFFFFFFFFFFFFFFF96
:10AAD000FFFFFFFFFFFFFFFFFFFFFFFFFFFFFFFF86
:10AAE000FFFFFFFFFFFFFFFFFFFFFFFFFFFFFFFF76
:10AAF000FFFFFFFFFFFFFFFFFFFFFFFFFFFFFFFF66
:10AB0000FFFFFFFFFFFFFFFFFFFFFFFFFFFFFFFF55
:10AB1000FFFFFFFFFFFFFFFFFFFFFFFFFFFFFFFF45
:10AB2000FFFFFFFFFFFFFFFFFFFFFFFFFFFFFFFF35
:10AB3000FFFFFFFFFFFFFFFFFFFFFFFFFFFFFFFF25
:10AB4000FFFFFFFFFFFFFFFFFFFFFFFFFFFFFFFF15
:10AB5000FFFFFFFFFFFFFFFFFFFFFFFFFFFFFFFF05
:10AB6000FFFFFFFFFFFFFFFFFFFFFFFFFFFFFFFFF5
:10AB7000FFFFFFFFFFFFFFFFFFFFFFFFFFFFFFFFE5
:10AB8000FFFFFFFFFFFFFFFFFFFFFFFFFFFFFFFFD5
:10AB9000FFFFFFFFFFFFFFFFFFFFFFFFFFFFFFFFC5
:10ABA000FFFFFFFFFFFFFFFFFFFFFFFFFFFFFFFFB5
:10ABB000FFFFFFFFFFFFFFFFFFFFFFFFFFFFFFFFA5
:10ABC000FFFFFFFFFFFFFFFFFFFFFFFFFFFFFFFF95
:10ABD000FFFFFFFFFFFFFFFFFFFFFFFFFFFFFFFF85
:10ABE000FFFFFFFFFFFFFFFFFFFFFFFFFFFFFFFF75
:10ABF000FFFFFFFFFFFFFFFFFFFFFFFFFFFFFFFF65
:10AC0000FFFFFFFFFFFFFFFFFFFFFFFFFFFFFFFF54
:10AC1000FFFFFFFFFFFFFFFFFFFFFFFFFFFFFFFF44
:10AC2000FFFFFFFFFFFFFFFFFFFFFFFFFFFFFFFF34
:10AC3000FFFFFFFFFFFFFFFFFFFFFFFFFFFFFFFF24
:10AC4000FFFFFFFFFFFFFFFFFFFFFFFFFFFFFFFF14
:10AC5000FFFFFFFFFFFFFFFFFFFFFFFFFFFFFFFF04
:10AC6000FFFFFFFFFFFFFFFFFFFFFFFFFFFFFFFFF4
:10AC7000FFFFFFFFFFFFFFFFFFFFFFFFFFFFFFFFE4
:10AC8000FFFFFFFFFFFFFFFFFFFFFFFFFFFFFFFFD4
:10AC9000FFFFFFFFFFFFFFFFFFFFFFFFFFFFFFFFC4
:10ACA000FFFFFFFFFFFFFFFFFFFFFFFFFFFFFFFFB4
:10ACB000FFFFFFFFFFFFFFFFFFFFFFFFFFFFFFFFA4
:10ACC000FFFFFFFFFFFFFFFFFFFFFFFFFFFFFFFF94
:10ACD000FFFFFFFFFFFFFFFFFFFFFFFFFFFFFFFF84
:10ACE000FFFFFFFFFFFFFFFFFFFFFFFFFFFFFFFF74
:10ACF000FFFFFFFFFFFFFFFFFFFFFFFFFFFFFFFF64
:10AD0000FFFFFFFFFFFFFFFFFFFFFFFFFFFFFFFF53
:10AD1000FFFFFFFFFFFFFFFFFFFFFFFFFFFFFFFF43
:10AD2000FFFFFFFFFFFFFFFFFFFFFFFFFFFFFFFF33
:10AD3000FFFFFFFFFFFFFFFFFFFFFFFFFFFFFFFF23
:10AD4000FFFFFFFFFFFFFFFFFFFFFFFFFFFFFFFF13
:10AD5000FFFFFFFFFFFFFFFFFFFFFFFFFFFFFFFF03
:10AD6000FFFFFFFFFFFFFFFFFFFFFFFFFFFFFFFFF3
:10AD7000FFFFFFFFFFFFFFFFFFFFFFFFFFFFFFFFE3
:10AD8000FFFFFFFFFFFFFFFFFFFFFFFFFFFFFFFFD3
:10AD9000FFFFFFFFFFFFFFFFFFFFFFFFFFFFFFFFC3
:10ADA000FFFFFFFFFFFFFFFFFFFFFFFFFFFFFFFFB3
:10ADB000FFFFFFFFFFFFFFFFFFFFFFFFFFFFFFFFA3
:10ADC000FFFFFFFFFFFFFFFFFFFFFFFFFFFFFFFF93
:10ADD000FFFFFFFFFFFFFFFFFFFFFFFFFFFFFFFF83
:10ADE000FFFFFFFFFFFFFFFFFFFFFFFFFFFFFFFF73
:10ADF000FFFFFFFFFFFFFFFFFFFFFFFFFFFFFFFF63
:10AE0000FFFFFFFFFFFFFFFFFFFFFFFFFFFFFFFF52
:10AE1000FFFFFFFFFFFFFFFFFFFFFFFFFFFFFFFF42
:10AE2000FFFFFFFFFFFFFFFFFFFFFFFFFFFFFFFF32
:10AE3000FFFFFFFFFFFFFFFFFFFFFFFFFFFFFFFF22
:10AE4000FFFFFFFFFFFFFFFFFFFFFFFFFFFFFFFF12
:10AE5000FFFFFFFFFFFFFFFFFFFFFFFFFFFFFFFF02
:10AE6000FFFFFFFFFFFFFFFFFFFFFFFFFFFFFFFFF2
:10AE7000FFFFFFFFFFFFFFFFFFFFFFFFFFFFFFFFE2
:10AE8000FFFFFFFFFFFFFFFFFFFFFFFFFFFFFFFFD2
:10AE9000FFFFFFFFFFFFFFFFFFFFFFFFFFFFFFFFC2
:10AEA000FFFFFFFFFFFFFFFFFFFFFFFFFFFFFFFFB2
:10AEB000FFFFFFFFFFFFFFFFFFFFFFFFFFFFFFFFA2
:10AEC000FFFFFFFFFFFFFFFFFFFFFFFFFFFFFFFF92
:10AED000FFFFFFFFFFFFFFFFFFFFFFFFFFFFFFFF82
:10AEE000FFFFFFFFFFFFFFFFFFFFFFFFFFFFFFFF72
:10AEF000FFFFFFFFFFFFFFFFFFFFFFFFFFFFFFFF62
:10AF0000FFFFFFFFFFFFFFFFFFFFFFFFFFFFFFFF51
:10AF1000FFFFFFFFFFFFFFFFFFFFFFFFFFFFFFFF41
:10AF2000FFFFFFFFFFFFFFFFFFFFFFFFFFFFFFFF31
:10AF3000FFFFFFFFFFFFFFFFFFFFFFFFFFFFFFFF21
:10AF4000FFFFFFFFFFFFFFFFFFFFFFFFFFFFFFFF11
:10AF5000FFFFFFFFFFFFFFFFFFFFFFFFFFFFFFFF01
:10AF6000FFFFFFFFFFFFFFFFFFFFFFFFFFFFFFFFF1
:10AF7000FFFFFFFFFFFFFFFFFFFFFFFFFFFFFFFFE1
:10AF8000FFFFFFFFFFFFFFFFFFFFFFFFFFFFFFFFD1
:10AF9000FFFFFFFFFFFFFFFFFFFFFFFFFFFFFFFFC1
:10AFA000FFFFFFFFFFFFFFFFFFFFFFFFFFFFFFFFB1
:10AFB000FFFFFFFFFFFFFFFFFFFFFFFFFFFFFFFFA1
:10AFC000FFFFFFFFFFFFFFFFFFFFFFFFFFFFFFFF91
:10AFD000FFFFFFFFFFFFFFFFFFFFFFFFFFFFFFFF81
:10AFE000FFFFFFFFFFFFFFFFFFFFFFFFFFFFFFFF71
:10AFF000FFFFFFFFFFFFFFFFFFFFFFFFFFFFFFFF61
:10B000000000000000000000000000000000000040
:10B010000000000000000000000000000000000030
:10B020000000000000000000000000000000000020
:10B030000000000000000000000000000000000010
:10B0400000000000FA3CFA3C000080020005800786
:10B05000000A800C000F8011001480160019801B5C
:10B06000001E80208025000000EC00F600FB0000A0
:10B07000800200058007000A800C000F00140019F0
:10B08000001E002300280032003C00410046004B17
:10B0900000EC00F600FB0000800200058007000ABB
:10B0A000800C000F00140019001E0023002800323D
:10B0B000003C00410046004BEC216B005CAB3D00C6
:10B0C0008901000076000000890100007600000080
:10B0D000000C0060B80B00000A00001E7B664900EF
:10B0E0004E128F0240060100E803881393180000F7
:10B0F000690000009318000069000000F401E803F3
:10B10000F401E803F401E8038813001E3C78000012
:10B11000F401E803F401E8038007800C00058034A3
:10B1200080340000FFFFFFFFFFFFFFFFFFFFFFFF77
:10B13000FFFFFFFFFFFFFFFFFFFFFFFFFFFFFFFF1F
:10B14000FFFFFFFFFFFFFFFFFFFFFFFFFFFFFFFF0F
:10B15000FFFFFFFFFFFFFFFFFFFFFFFFFFFFFFFFFF
:10B16000FFFFFFFFFFFFFFFFFFFFFFFFFFFFFFFFEF
:10B17000FFFFFFFFFFFFFFFFFFFFFFFFFFFFFFFFDF
:10B18000FFFFFFFFFFFFFFFFFFFFFFFFFFFFFFFFCF
:10B19000FFFFFFFFFFFFFFFFFFFFFFFFFFFFFFFFBF
:10B1A000FFFFFFFFFFFFFFFFFFFFFFFFFFFFFFFFAF
:10B1B000FFFFFFFFFFFFFFFFFFFFFFFFFFFFFFFF9F
:10B1C000FFFFFFFFFFFFFFFFFFFFFFFFFFFFFFFF8F
:10B1D000FFFFFFFFFFFFFFFFFFFFFFFFFFFFFFFF7F
:10B1E000FFFFFFFFFFFFFFFFFFFFFFFFFFFFFFFF6F
:10B1F000FFFFFFFFFFFFFFFFFFFFFFFFFFFFFFFF5F
:10B20000FFFFFFFFFFFFFFFFFFFFFFFFFFFFFFFF4E
:10B21000FFFFFFFFFFFFFFFFFFFFFFFFFFFFFFFF3E
:10B22000FFFFFFFFFFFFFFFFFFFFFFFFFFFFFFFF2E
:10B23000FFFFFFFFFFFFFFFFFFFFFFFFFFFFFFFF1E
:10B24000FFFFFFFFFFFFFFFFFFFFFFFFFFFFFFFF0E
:10B25000FFFFFFFFFFFFFFFFFFFFFFFFFFFFFFFFFE
:10B26000FFFFFFFFFFFFFFFFFFFFFFFFFFFFFFFFEE
:10B27000FFFFFFFFFFFFFFFFFFFFFFFFFFFFFFFFDE
:10B28000FFFFFFFFFFFFFFFFFFFFFFFFFFFFFFFFCE
:10B29000FFFFFFFFFFFFFFFFFFFFFFFFFFFFFFFFBE
:10B2A000FFFFFFFFFFFFFFFFFFFFFFFFFFFFFFFFAE
:10B2B000FFFFFFFFFFFFFFFFFFFFFFFFFFFFFFFF9E
:10B2C000FFFFFFFFFFFFFFFFFFFFFFFFFFFFFFFF8E
:10B2D000FFFFFFFFFFFFFFFFFFFFFFFFFFFFFFFF7E
:10B2E000FFFFFFFFFFFFFFFFFFFFFFFFFFFFFFFF6E
:10B2F000FFFFFFFFFFFFFFFFFFFFFFFFFFFFFFFF5E
:10B30000FFFFFFFFFFFFFFFFFFFFFFFFFFFFFFFF4D
:10B31000FFFFFFFFFFFFFFFFFFFFFFFFFFFFFFFF3D
:10B32000FFFFFFFFFFFFFFFFFFFFFFFFFFFFFFFF2D
:10B33000FFFFFFFFFFFFFFFFFFFFFFFFFFFFFFFF1D
:10B34000FFFFFFFFFFFFFFFFFFFFFFFFFFFFFFFF0D
:10B35000FFFFFFFFFFFFFFFFFFFFFFFFFFFFFFFFFD
:10B36000FFFFFFFFFFFFFFFFFFFFFFFFFFFFFFFFED
:10B37000FFFFFFFFFFFFFFFFFFFFFFFFFFFFFFFFDD
:10B38000FFFFFFFFFFFFFFFFFFFFFFFFFFFFFFFFCD
:10B39000FFFFFFFFFFFFFFFFFFFFFFFFFFFFFFFFBD
:10B3A000FFFFFFFFFFFFFFFFFFFFFFFFFFFFFFFFAD
:10B3B000FFFFFFFFFFFFFFFFFFFFFFFFFFFFFFFF9D
:10B3C000FFFFFFFFFFFFFFFFFFFFFFFFFFFFFFFF8D
:10B3D000FFFFFFFFFFFFFFFFFFFFFFFFFFFFFFFF7D
:10B3E000FFFFFFFFFFFFFFFFFFFFFFFFFFFFFFFF6D
:10B3F000FFFFFFFFFFFFFFFFFFFFFFFFFFFFFFFF5D
:10B40000FFFFFFFFFFFFFFFFFFFFFFFFFFFFFFFF4C
:10B41000FFFFFFFFFFFFFFFFFFFFFFFFFFFFFFFF3C
:10B42000FFFFFFFFFFFFFFFFFFFFFFFFFFFFFFFF2C
:10B43000FFFFFFFFFFFFFFFFFFFFFFFFFFFFFFFF1C
:10B44000FFFFFFFFFFFFFFFFFFFFFFFFFFFFFFFF0C
:10B45000FFFFFFFFFFFFFFFFFFFFFFFFFFFFFFFFFC
:10B46000FFFFFFFFFFFFFFFFFFFFFFFFFFFFFFFFEC
:10B47000FFFFFFFFFFFFFFFFFFFFFFFFFFFFFFFFDC
:10B48000FFFFFFFFFFFFFFFFFFFFFFFFFFFFFFFFCC
:10B49000FFFFFFFFFFFFFFFFFFFFFFFFFFFFFFFFBC
:10B4A000FFFFFFFFFFFFFFFFFFFFFFFFFFFFFFFFAC
:10B4B000FFFFFFFFFFFFFFFFFFFFFFFFFFFFFFFF9C
:10B4C000FFFFFFFFFFFFFFFFFFFFFFFFFFFFFFFF8C
:10B4D000FFFFFFFFFFFFFFFFFFFFFFFFFFFFFFFF7C
:10B4E000FFFFFFFFFFFFFFFFFFFFFFFFFFFFFFFF6C
:10B4F000FFFFFFFFFFFFFFFFFFFFFFFFFFFFFFFF5C
:10B50000FFFFFFFFFFFFFFFFFFFFFFFFFFFFFFFF4B
:10B51000FFFFFFFFFFFFFFFFFFFFFFFFFFFFFFFF3B
:10B52000FFFFFFFFFFFFFFFFFFFFFFFFFFFFFFFF2B
:10B53000FFFFFFFFFFFFFFFFFFFFFFFFFFFFFFFF1B
:10B54000FFFFFFFFFFFFFFFFFFFFFFFFFFFFFFFF0B
:10B55000FFFFFFFFFFFFFFFFFFFFFFFFFFFFFFFFFB
:10B56000FFFFFFFFFFFFFFFFFFFFFFFFFFFFFFFFEB
:10B57000FFFFFFFFFFFFFFFFFFFFFFFFFFFFFFFFDB
:10B58000FFFFFFFFFFFFFFFFFFFFFFFFFFFFFFFFCB
:10B59000FFFFFFFFFFFFFFFFFFFFFFFFFFFFFFFFBB
:10B5A000FFFFFFFFFFFFFFFFFFFFFFFFFFFFFFFFAB
:10B5B000FFFFFFFFFFFFFFFFFFFFFFFFFFFFFFFF9B
:10B5C000FFFFFFFFFFFFFFFFFFFFFFFFFFFFFFFF8B
:10B5D000FFFFFFFFFFFFFFFFFFFFFFFFFFFFFFFF7B
:10B5E000FFFFFFFFFFFFFFFFFFFFFFFFFFFFFFFF6B
:10B5F000FFFFFFFFFFFFFFFFFFFFFFFFFFFFFFFF5B
:10B60000FFFFFFFFFFFFFFFFFFFFFFFFFFFFFFFF4A
:10B61000FFFFFFFFFFFFFFFFFFFFFFFFFFFFFFFF3A
:10B62000FFFFFFFFFFFFFFFFFFFFFFFFFFFFFFFF2A
:10B63000FFFFFFFFFFFFFFFFFFFFFFFFFFFFFFFF1A
:10B64000FFFFFFFFFFFFFFFFFFFFFFFFFFFFFFFF0A
:10B65000FFFFFFFFFFFFFFFFFFFFFFFFFFFFFFFFFA
:10B66000FFFFFFFFFFFFFFFFFFFFFFFFFFFFFFFFEA
:10B67000FFFFFFFFFFFFFFFFFFFFFFFFFFFFFFFFDA
:10B68000FFFFFFFFFFFFFFFFFFFFFFFFFFFFFFFFCA
:10B69000FFFFFFFFFFFFFFFFFFFFFFFFFFFFFFFFBA
:10B6A000FFFFFFFFFFFFFFFFFFFFFFFFFFFFFFFFAA
:10B6B000FFFFFFFFFFFFFFFFFFFFFFFFFFFFFFFF9A
:10B6C000FFFFFFFFFFFFFFFFFFFFFFFFFFFFFFFF8A
:10B6D000FFFFFFFFFFFFFFFFFFFFFFFFFFFFFFFF7A
:10B6E000FFFFFFFFFFFFFFFFFFFFFFFFFFFFFFFF6A
:10B6F000FFFFFFFFFFFFFFFFFFFFFFFFFFFFFFFF5A
:10B70000FFFFFFFFFFFFFFFFFFFFFFFFFFFFFFFF49
:10B71000FFFFFFFFFFFFFFFFFFFFFFFFFFFFFFFF39
:10B72000FFFFFFFFFFFFFFFFFFFFFFFFFFFFFFFF29
:10B73000FFFFFFFFFFFFFFFFFFFFFFFFFFFFFFFF19
:10B74000FFFFFFFFFFFFFFFFFFFFFFFFFFFFFFFF09
:10B75000FFFFFFFFFFFFFFFFFFFFFFFFFFFFFFFFF9
:10B76000FFFFFFFFFFFFFFFFFFFFFFFFFFFFFFFFE9
:10B77000FFFFFFFFFFFFFFFFFFFFFFFFFFFFFFFFD9
:10B78000FFFFFFFFFFFFFFFFFFFFFFFFFFFFFFFFC9
:10B79000FFFFFFFFFFFFFFFFFFFFFFFFFFFFFFFFB9
:10B7A000FFFFFFFFFFFFFFFFFFFFFFFFFFFFFFFFA9
:10B7B000FFFFFFFFFFFFFFFFFFFFFFFFFFFFFFFF99
:10B7C000FFFFFFFFFFFFFFFFFFFFFFFFFFFFFFFF89
:10B7D000FFFFFFFFFFFFFFFFFFFFFFFFFFFFFFFF79
:10B7E000FFFFFFFFFFFFFFFFFFFFFFFFFFFFFFFF69
:10B7F000FFFFFFFFFFFFFFFFFFFFFFFFFFFFFFFF59
:10B80000FFFFFFFFFFFFFFFFFFFFFFFFFFFFFFFF48
:10B81000FFFFFFFFFFFFFFFFFFFFFFFFFFFFFFFF38
:10B82000FFFFFFFFFFFFFFFFFFFFFFFFFFFFFFFF28
:10B83000FFFFFFFFFFFFFFFFFFFFFFFFFFFFFFFF18
:10B84000FFFFFFFFFFFFFFFFFFFFFFFFFFFFFFFF08
:10B85000FFFFFFFFFFFFFFFFFFFFFFFFFFFFFFFFF8
:10B86000FFFFFFFFFFFFFFFFFFFFFFFFFFFFFFFFE8
:10B87000FFFFFFFFFFFFFFFFFFFFFFFFFFFFFFFFD8
:10B88000FFFFFFFFFFFFFFFFFFFFFFFFFFFFFFFFC8
:10B89000FFFFFFFFFFFFFFFFFFFFFFFFFFFFFFFFB8
:10B8A000FFFFFFFFFFFFFFFFFFFFFFFFFFFFFFFFA8
:10B8B000FFFFFFFFFFFFFFFFFFFFFFFFFFFFFFFF98
:10B8C000FFFFFFFFFFFFFFFFFFFFFFFFFFFFFFFF88
:10B8D000FFFFFFFFFFFFFFFFFFFFFFFFFFFFFFFF78
:10B8E000FFFFFFFFFFFFFFFFFFFFFFFFFFFFFFFF68
:10B8F000FFFFFFFFFFFFFFFFFFFFFFFFFFFFFFFF58
:10B90000FFFFFFFFFFFFFFFFFFFFFFFFFFFFFFFF47
:10B91000FFFFFFFFFFFFFFFFFFFFFFFFFFFFFFFF37
:10B92000FFFFFFFFFFFFFFFFFFFFFFFFFFFFFFFF27
:10B93000FFFFFFFFFFFFFFFFFFFFFFFFFFFFFFFF17
:10B94000FFFFFFFFFFFFFFFFFFFFFFFFFFFFFFFF07
:10B95000FFFFFFFFFFFFFFFFFFFFFFFFFFFFFFFFF7
:10B96000FFFFFFFFFFFFFFFFFFFFFFFFFFFFFFFFE7
:10B97000FFFFFFFFFFFFFFFFFFFFFFFFFFFFFFFFD7
:10B98000FFFFFFFFFFFFFFFFFFFFFFFFFFFFFFFFC7
:10B99000FFFFFFFFFFFFFFFFFFFFFFFFFFFFFFFFB7
:10B9A000FFFFFFFFFFFFFFFFFFFFFFFFFFFFFFFFA7
:10B9B000FFFFFFFFFFFFFFFFFFFFFFFFFFFFFFFF97
:10B9C000FFFFFFFFFFFFFFFFFFFFFFFFFFFFFFFF87
:10B9D000FFFFFFFFFFFFFFFFFFFFFFFFFFFFFFFF77
:10B9E000FFFFFFFFFFFFFFFFFFFFFFFFFFFFFFFF67
:10B9F000FFFFFFFFFFFFFFFFFFFFFFFFFFFFFFFF57
:10BA0000FFFFFFFFFFFFFFFFFFFFFFFFFFFFFFFF46
:10BA1000FFFFFFFFFFFFFFFFFFFFFFFFFFFFFFFF36
:10BA2000FFFFFFFFFFFFFFFFFFFFFFFFFFFFFFFF26
:10BA3000FFFFFFFFFFFFFFFFFFFFFFFFFFFFFFFF16
:10BA4000FFFFFFFFFFFFFFFFFFFFFFFFFFFFFFFF06
:10BA5000FFFFFFFFFFFFFFFFFFFFFFFFFFFFFFFFF6
:10BA6000FFFFFFFFFFFFFFFFFFFFFFFFFFFFFFFFE6
:10BA7000FFFFFFFFFFFFFFFFFFFFFFFFFFFFFFFFD6
:10BA8000FFFFFFFFFFFFFFFFFFFFFFFFFFFFFFFFC6
:10BA9000FFFFFFFFFFFFFFFFFFFFFFFFFFFFFFFFB6
:10BAA000FFFFFFFFFFFFFFFFFFFFFFFFFFFFFFFFA6
:10BAB000FFFFFFFFFFFFFFFFFFFFFFFFFFFFFFFF96
:10BAC000FFFFFFFFFFFFFFFFFFFFFFFFFFFFFFFF86
:10BAD000FFFFFFFFFFFFFFFFFFFFFFFFFFFFFFFF76
:10BAE000FFFFFFFFFFFFFFFFFFFFFFFFFFFFFFFF66
:10BAF000FFFFFFFFFFFFFFFFFFFFFFFFFFFFFFFF56
:10BB0000FFFFFFFFFFFFFFFFFFFFFFFFFFFFFFFF45
:10BB1000FFFFFFFFFFFFFFFFFFFFFFFFFFFFFFFF35
:10BB2000FFFFFFFFFFFFFFFFFFFFFFFFFFFFFFFF25
:10BB3000FFFFFFFFFFFFFFFFFFFFFFFFFFFFFFFF15
:10BB4000FFFFFFFFFFFFFFFFFFFFFFFFFFFFFFFF05
:10BB5000FFFFFFFFFFFFFFFFFFFFFFFFFFFFFFFFF5
:10BB6000FFFFFFFFFFFFFFFFFFFFFFFFFFFFFFFFE5
:10BB7000FFFFFFFFFFFFFFFFFFFFFFFFFFFFFFFFD5
:10BB8000FFFFFFFFFFFFFFFFFFFFFFFFFFFFFFFFC5
:10BB9000FFFFFFFFFFFFFFFFFFFFFFFFFFFFFFFFB5
:10BBA000FFFFFFFFFFFFFFFFFFFFFFFFFFFFFFFFA5
:10BBB000FFFFFFFFFFFFFFFFFFFFFFFFFFFFFFFF95
:10BBC000FFFFFFFFFFFFFFFFFFFFFFFFFFFFFFFF85
:10BBD000FFFFFFFFFFFFFFFFFFFFFFFFFFFFFFFF75
:10BBE000FFFFFFFFFFFFFFFFFFFFFFFFFFFFFFFF65
:10BBF000FFFFFFFFFFFFFFFFFFFFFFFFFFFFFFFF55
:10BC0000FFFFFFFFFFFFFFFFFFFFFFFFFFFFFFFF44
:10BC1000FFFFFFFFFFFFFFFFFFFFFFFFFFFFFFFF34
:10BC2000FFFFFFFFFFFFFFFFFFFFFFFFFFFFFFFF24
:10BC3000FFFFFFFFFFFFFFFFFFFFFFFFFFFFFFFF14
:10BC4000FFFFFFFFFFFFFFFFFFFFFFFFFFFFFFFF04
:10BC5000FFFFFFFFFFFFFFFFFFFFFFFFFFFFFFFFF4
:10BC6000FFFFFFFFFFFFFFFFFFFFFFFFFFFFFFFFE4
:10BC7000FFFFFFFFFFFFFFFFFFFFFFFFFFFFFFFFD4
:10BC8000FFFFFFFFFFFFFFFFFFFFFFFFFFFFFFFFC4
:10BC9000FFFFFFFFFFFFFFFFFFFFFFFFFFFFFFFFB4
:10BCA000FFFFFFFFFFFFFFFFFFFFFFFFFFFFFFFFA4
:10BCB000FFFFFFFFFFFFFFFFFFFFFFFFFFFFFFFF94
:10BCC000FFFFFFFFFFFFFFFFFFFFFFFFFFFFFFFF84
:10BCD000FFFFFFFFFFFFFFFFFFFFFFFFFFFFFFFF74
:10BCE000FFFFFFFFFFFFFFFFFFFFFFFFFFFFFFFF64
:10BCF000FFFFFFFFFFFFFFFFFFFFFFFFFFFFFFFF54
:10BD0000FFFFFFFFFFFFFFFFFFFFFFFFFFFFFFFF43
:10BD1000FFFFFFFFFFFFFFFFFFFFFFFFFFFFFFFF33
:10BD2000FFFFFFFFFFFFFFFFFFFFFFFFFFFFFFFF23
:10BD3000FFFFFFFFFFFFFFFFFFFFFFFFFFFFFFFF13
:10BD4000FFFFFFFFFFFFFFFFFFFFFFFFFFFFFFFF03
:10BD5000FFFFFFFFFFFFFFFFFFFFFFFFFFFFFFFFF3
:10BD6000FFFFFFFFFFFFFFFFFFFFFFFFFFFFFFFFE3
:10BD7000FFFFFFFFFFFFFFFFFFFFFFFFFFFFFFFFD3
:10BD8000FFFFFFFFFFFFFFFFFFFFFFFFFFFFFFFFC3
:10BD9000FFFFFFFFFFFFFFFFFFFFFFFFFFFFFFFFB3
:10BDA000FFFFFFFFFFFFFFFFFFFFFFFFFFFFFFFFA3
:10BDB000FFFFFFFFFFFFFFFFFFFFFFFFFFFFFFFF93
:10BDC000FFFFFFFFFFFFFFFFFFFFFFFFFFFFFFFF83
:10BDD000FFFFFFFFFFFFFFFFFFFFFFFFFFFFFFFF73
:10BDE000FFFFFFFFFFFFFFFFFFFFFFFFFFFFFFFF63
:10BDF000FFFFFFFFFFFFFFFFFFFFFFFFFFFFFFFF53
:10BE0000FFFFFFFFFFFFFFFFFFFFFFFFFFFFFFFF42
:10BE1000FFFFFFFFFFFFFFFFFFFFFFFFFFFFFFFF32
:10BE2000FFFFFFFFFFFFFFFFFFFFFFFFFFFFFFFF22
:10BE3000FFFFFFFFFFFFFFFFFFFFFFFFFFFFFFFF12
:10BE4000FFFFFFFFFFFFFFFFFFFFFFFFFFFFFFFF02
:10BE5000FFFFFFFFFFFFFFFFFFFFFFFFFFFFFFFFF2
:10BE6000FFFFFFFFFFFFFFFFFFFFFFFFFFFFFFFFE2
:10BE7000FFFFFFFFFFFFFFFFFFFFFFFFFFFFFFFFD2
:10BE8000FFFFFFFFFFFFFFFFFFFFFFFFFFFFFFFFC2
:10BE9000FFFFFFFFFFFFFFFFFFFFFFFFFFFFFFFFB2
:10BEA000FFFFFFFFFFFFFFFFFFFFFFFFFFFFFFFFA2
:10BEB000FFFFFFFFFFFFFFFFFFFFFFFFFFFFFFFF92
:10BEC000FFFFFFFFFFFFFFFFFFFFFFFFFFFFFFFF82
:10BED000FFFFFFFFFFFFFFFFFFFFFFFFFFFFFFFF72
:10BEE000FFFFFFFFFFFFFFFFFFFFFFFFFFFFFFFF62
:10BEF000FFFFFFFFFFFFFFFFFFFFFFFFFFFFFFFF52
:10BF0000FFFFFFFFFFFFFFFFFFFFFFFFFFFFFFFF41
:10BF1000FFFFFFFFFFFFFFFFFFFFFFFFFFFFFFFF31
:10BF2000FFFFFFFFFFFFFFFFFFFFFFFFFFFFFFFF21
:10BF3000FFFFFFFFFFFFFFFFFFFFFFFFFFFFFFFF11
:10BF4000FFFFFFFFFFFFFFFFFFFFFFFFFFFFFFFF01
:10BF5000FFFFFFFFFFFFFFFFFFFFFFFFFFFFFFFFF1
:10BF6000FFFFFFFFFFFFFFFFFFFFFFFFFFFFFFFFE1
:10BF7000FFFFFFFFFFFFFFFFFFFFFFFFFFFFFFFFD1
:10BF8000FFFFFFFFFFFFFFFFFFFFFFFFFFFFFFFFC1
:10BF9000FFFFFFFFFFFFFFFFFFFFFFFFFFFFFFFFB1
:10BFA000FFFFFFFFFFFFFFFFFFFFFFFFFFFFFFFFA1
:10BFB000FFFFFFFFFFFFFFFFFFFFFFFFFFFFFFFF91
:10BFC000FFFFFFFFFFFFFFFFFFFFFFFFFFFFFFFF81
:10BFD000FFFFFFFFFFFFFFFFFFFFFFFFFFFFFFFF71
:10BFE000FFFFFFFFFFFFFFFFFFFFFFFFFFFFFFFF61
:10BFF000FFFFFFFFFFFFFFFFFFFFFFFFFFFFFFFF51
:10C00000FFFFFFFFFFFFFFFFFFFFFFFFFFFFFFFF40
:10C01000FFFFFFFFFFFFFFFFFFFFFFFFFFFFFFFF30
:10C02000FFFFFFFFFFFFFFFFFFFFFFFFFFFFFFFF20
:10C03000FFFFFFFFFFFFFFFFFFFFFFFFFFFFFFFF10
:10C04000FFFFFFFFFFFFFFFFFFFFFFFFFFFFFFFF00
:10C05000FFFFFFFFFFFFFFFFFFFFFFFFFFFFFFFFF0
:10C06000FFFFFFFFFFFFFFFFFFFFFFFFFFFFFFFFE0
:10C07000FFFFFFFFFFFFFFFFFFFFFFFFFFFFFFFFD0
:10C08000FFFFFFFFFFFFFFFFFFFFFFFFFFFFFFFFC0
:10C09000FFFFFFFFFFFFFFFFFFFFFFFFFFFFFFFFB0
:10C0A000FFFFFFFFFFFFFFFFFFFFFFFFFFFFFFFFA0
:10C0B000FFFFFFFFFFFFFFFFFFFFFFFFFFFFFFFF90
:10C0C000FFFFFFFFFFFFFFFFFFFFFFFFFFFFFFFF80
:10C0D000FFFFFFFFFFFFFFFFFFFFFFFFFFFFFFFF70
:10C0E000FFFFFFFFFFFFFFFFFFFFFFFFFFFFFFFF60
:10C0F000FFFFFFFFFFFFFFFFFFFFFFFFFFFFFFFF50
:10C10000FFFFFFFFFFFFFFFFFFFFFFFFFFFFFFFF3F
:10C11000FFFFFFFFFFFFFFFFFFFFFFFFFFFFFFFF2F
:10C12000FFFFFFFFFFFFFFFFFFFFFFFFFFFFFFFF1F
:10C13000FFFFFFFFFFFFFFFFFFFFFFFFFFFFFFFF0F
:10C14000FFFFFFFFFFFFFFFFFFFFFFFFFFFFFFFFFF
:10C15000FFFFFFFFFFFFFFFFFFFFFFFFFFFFFFFFEF
:10C16000FFFFFFFFFFFFFFFFFFFFFFFFFFFFFFFFDF
:10C17000FFFFFFFFFFFFFFFFFFFFFFFFFFFFFFFFCF
:10C18000FFFFFFFFFFFFFFFFFFFFFFFFFFFFFFFFBF
:10C19000FFFFFFFFFFFFFFFFFFFFFFFFFFFFFFFFAF
:10C1A000FFFFFFFFFFFFFFFFFFFFFFFFFFFFFFFF9F
:10C1B000FFFFFFFFFFFFFFFFFFFFFFFFFFFFFFFF8F
:10C1C000FFFFFFFFFFFFFFFFFFFFFFFFFFFFFFFF7F
:10C1D000FFFFFFFFFFFFFFFFFFFFFFFFFFFFFFFF6F
:10C1E000FFFFFFFFFFFFFFFFFFFFFFFFFFFFFFFF5F
:10C1F000FFFFFFFFFFFFFFFFFFFFFFFFFFFFFFFF4F
:10C20000FFFFFFFFFFFFFFFFFFFFFFFFFFFFFFFF3E
:10C21000FFFFFFFFFFFFFFFFFFFFFFFFFFFFFFFF2E
:10C22000FFFFFFFFFFFFFFFFFFFFFFFFFFFFFFFF1E
:10C23000FFFFFFFFFFFFFFFFFFFFFFFFFFFFFFFF0E
:10C24000FFFFFFFFFFFFFFFFFFFFFFFFFFFFFFFFFE
:10C25000FFFFFFFFFFFFFFFFFFFFFFFFFFFFFFFFEE
:10C26000FFFFFFFFFFFFFFFFFFFFFFFFFFFFFFFFDE
:10C27000FFFFFFFFFFFFFFFFFFFFFFFFFFFFFFFFCE
:10C28000FFFFFFFFFFFFFFFFFFFFFFFFFFFFFFFFBE
:10C29000FFFFFFFFFFFFFFFFFFFFFFFFFFFFFFFFAE
:10C2A000FFFFFFFFFFFFFFFFFFFFFFFFFFFFFFFF9E
:10C2B000FFFFFFFFFFFFFFFFFFFFFFFFFFFFFFFF8E
:10C2C000FFFFFFFFFFFFFFFFFFFFFFFFFFFFFFFF7E
:10C2D000FFFFFFFFFFFFFFFFFFFFFFFFFFFFFFFF6E
:10C2E000FFFFFFFFFFFFFFFFFFFFFFFFFFFFFFFF5E
:10C2F000FFFFFFFFFFFFFFFFFFFFFFFFFFFFFFFF4E
:10C30000FFFFFFFFFFFFFFFFFFFFFFFFFFFFFFFF3D
:10C31000FFFFFFFFFFFFFFFFFFFFFFFFFFFFFFFF2D
:10C32000FFFFFFFFFFFFFFFFFFFFFFFFFFFFFFFF1D
:10C33000FFFFFFFFFFFFFFFFFFFFFFFFFFFFFFFF0D
:10C34000FFFFFFFFFFFFFFFFFFFFFFFFFFFFFFFFFD
:10C35000FFFFFFFFFFFFFFFFFFFFFFFFFFFFFFFFED
:10C36000FFFFFFFFFFFFFFFFFFFFFFFFFFFFFFFFDD
:10C37000FFFFFFFFFFFFFFFFFFFFFFFFFFFFFFFFCD
:10C38000FFFFFFFFFFFFFFFFFFFFFFFFFFFFFFFFBD
:10C39000FFFFFFFFFFFFFFFFFFFFFFFFFFFFFFFFAD
:10C3A000FFFFFFFFFFFFFFFFFFFFFFFFFFFFFFFF9D
:10C3B000FFFFFFFFFFFFFFFFFFFFFFFFFFFFFFFF8D
:10C3C000FFFFFFFFFFFFFFFFFFFFFFFFFFFFFFFF7D
:10C3D000FFFFFFFFFFFFFFFFFFFFFFFFFFFFFFFF6D
:10C3E000FFFFFFFFFFFFFFFFFFFFFFFFFFFFFFFF5D
:10C3F000FFFFFFFFFFFFFFFFFFFFFFFFFFFFFFFF4D
:10C40000FFFFFFFFFFFFFFFFFFFFFFFFFFFFFFFF3C
:10C41000FFFFFFFFFFFFFFFFFFFFFFFFFFFFFFFF2C
:10C42000FFFFFFFFFFFFFFFFFFFFFFFFFFFFFFFF1C
:10C43000FFFFFFFFFFFFFFFFFFFFFFFFFFFFFFFF0C
:10C44000FFFFFFFFFFFFFFFFFFFFFFFFFFFFFFFFFC
:10C45000FFFFFFFFFFFFFFFFFFFFFFFFFFFFFFFFEC
:10C46000FFFFFFFFFFFFFFFFFFFFFFFFFFFFFFFFDC
:10C47000FFFFFFFFFFFFFFFFFFFFFFFFFFFFFFFFCC
:10C48000FFFFFFFFFFFFFFFFFFFFFFFFFFFFFFFFBC
:10C49000FFFFFFFFFFFFFFFFFFFFFFFFFFFFFFFFAC
:10C4A000FFFFFFFFFFFFFFFFFFFFFFFFFFFFFFFF9C
:10C4B000FFFFFFFFFFFFFFFFFFFFFFFFFFFFFFFF8C
:10C4C000FFFFFFFFFFFFFFFFFFFFFFFFFFFFFFFF7C
:10C4D000FFFFFFFFFFFFFFFFFFFFFFFFFFFFFFFF6C
:10C4E000FFFFFFFFFFFFFFFFFFFFFFFFFFFFFFFF5C
:10C4F000FFFFFFFFFFFFFFFFFFFFFFFFFFFFFFFF4C
:10C50000FFFFFFFFFFFFFFFFFFFFFFFFFFFFFFFF3B
:10C51000FFFFFFFFFFFFFFFFFFFFFFFFFFFFFFFF2B
:10C52000FFFFFFFFFFFFFFFFFFFFFFFFFFFFFFFF1B
:10C53000FFFFFFFFFFFFFFFFFFFFFFFFFFFFFFFF0B
:10C54000FFFFFFFFFFFFFFFFFFFFFFFFFFFFFFFFFB
:10C55000FFFFFFFFFFFFFFFFFFFFFFFFFFFFFFFFEB
:10C56000FFFFFFFFFFFFFFFFFFFFFFFFFFFFFFFFDB
:10C57000FFFFFFFFFFFFFFFFFFFFFFFFFFFFFFFFCB
:10C58000FFFFFFFFFFFFFFFFFFFFFFFFFFFFFFFFBB
:10C59000FFFFFFFFFFFFFFFFFFFFFFFFFFFFFFFFAB
:10C5A000FFFFFFFFFFFFFFFFFFFFFFFFFFFFFFFF9B
:10C5B000FFFFFFFFFFFFFFFFFFFFFFFFFFFFFFFF8B
:10C5C000FFFFFFFFFFFFFFFFFFFFFFFFFFFFFFFF7B
:10C5D000FFFFFFFFFFFFFFFFFFFFFFFFFFFFFFFF6B
:10C5E000FFFFFFFFFFFFFFFFFFFFFFFFFFFFFFFF5B
:10C5F000FFFFFFFFFFFFFFFFFFFFFFFFFFFFFFFF4B
:10C60000FFFFFFFFFFFFFFFFFFFFFFFFFFFFFFFF3A
:10C61000FFFFFFFFFFFFFFFFFFFFFFFFFFFFFFFF2A
:10C62000FFFFFFFFFFFFFFFFFFFFFFFFFFFFFFFF1A
:10C63000FFFFFFFFFFFFFFFFFFFFFFFFFFFFFFFF0A
:10C64000FFFFFFFFFFFFFFFFFFFFFFFFFFFFFFFFFA
:10C65000FFFFFFFFFFFFFFFFFFFFFFFFFFFFFFFFEA
:10C66000FFFFFFFFFFFFFFFFFFFFFFFFFFFFFFFFDA
:10C67000FFFFFFFFFFFFFFFFFFFFFFFFFFFFFFFFCA
:10C68000FFFFFFFFFFFFFFFFFFFFFFFFFFFFFFFFBA
:10C69000FFFFFFFFFFFFFFFFFFFFFFFFFFFFFFFFAA
:10C6A000FFFFFFFFFFFFFFFFFFFFFFFFFFFFFFFF9A
:10C6B000FFFFFFFFFFFFFFFFFFFFFFFFFFFFFFFF8A
:10C6C000FFFFFFFFFFFFFFFFFFFFFFFFFFFFFFFF7A
:10C6D000FFFFFFFFFFFFFFFFFFFFFFFFFFFFFFFF6A
:10C6E000FFFFFFFFFFFFFFFFFFFFFFFFFFFFFFFF5A
:10C6F000FFFFFFFFFFFFFFFFFFFFFFFFFFFFFFFF4A
:10C70000FFFFFFFFFFFFFFFFFFFFFFFFFFFFFFFF39
:10C71000FFFFFFFFFFFFFFFFFFFFFFFFFFFFFFFF29
:10C72000FFFFFFFFFFFFFFFFFFFFFFFFFFFFFFFF19
:10C73000FFFFFFFFFFFFFFFFFFFFFFFFFFFFFFFF09
:10C74000FFFFFFFFFFFFFFFFFFFFFFFFFFFFFFFFF9
:10C75000FFFFFFFFFFFFFFFFFFFFFFFFFFFFFFFFE9
:10C76000FFFFFFFFFFFFFFFFFFFFFFFFFFFFFFFFD9
:10C77000FFFFFFFFFFFFFFFFFFFFFFFFFFFFFFFFC9
:10C78000FFFFFFFFFFFFFFFFFFFFFFFFFFFFFFFFB9
:10C79000FFFFFFFFFFFFFFFFFFFFFFFFFFFFFFFFA9
:10C7A000FFFFFFFFFFFFFFFFFFFFFFFFFFFFFFFF99
:10C7B000FFFFFFFFFFFFFFFFFFFFFFFFFFFFFFFF89
:10C7C000FFFFFFFFFFFFFFFFFFFFFFFFFFFFFFFF79
:10C7D000FFFFFFFFFFFFFFFFFFFFFFFFFFFFFFFF69
:10C7E000FFFFFFFFFFFFFFFFFFFFFFFFFFFFFFFF59
:10C7F000FFFFFFFFFFFFFFFFFFFFFFFFFFFFFFFF49
:10C80000FFFFFFFFFFFFFFFFFFFFFFFFFFFFFFFF38
:10C81000FFFFFFFFFFFFFFFFFFFFFFFFFFFFFFFF28
:10C82000FFFFFFFFFFFFFFFFFFFFFFFFFFFFFFFF18
:10C83000FFFFFFFFFFFFFFFFFFFFFFFFFFFFFFFF08
:10C84000FFFFFFFFFFFFFFFFFFFFFFFFFFFFFFFFF8
:10C85000FFFFFFFFFFFFFFFFFFFFFFFFFFFFFFFFE8
:10C86000FFFFFFFFFFFFFFFFFFFFFFFFFFFFFFFFD8
:10C87000FFFFFFFFFFFFFFFFFFFFFFFFFFFFFFFFC8
:10C88000FFFFFFFFFFFFFFFFFFFFFFFFFFFFFFFFB8
:10C89000FFFFFFFFFFFFFFFFFFFFFFFFFFFFFFFFA8
:10C8A000FFFFFFFFFFFFFFFFFFFFFFFFFFFFFFFF98
:10C8B000FFFFFFFFFFFFFFFFFFFFFFFFFFFFFFFF88
:10C8C000FFFFFFFFFFFFFFFFFFFFFFFFFFFFFFFF78
:10C8D000FFFFFFFFFFFFFFFFFFFFFFFFFFFFFFFF68
:10C8E000FFFFFFFFFFFFFFFFFFFFFFFFFFFFFFFF58
:10C8F000FFFFFFFFFFFFFFFFFFFFFFFFFFFFFFFF48
:10C90000FFFFFFFFFFFFFFFFFFFFFFFFFFFFFFFF37
:10C91000FFFFFFFFFFFFFFFFFFFFFFFFFFFFFFFF27
:10C92000FFFFFFFFFFFFFFFFFFFFFFFFFFFFFFFF17
:10C93000FFFFFFFFFFFFFFFFFFFFFFFFFFFFFFFF07
:10C94000FFFFFFFFFFFFFFFFFFFFFFFFFFFFFFFFF7
:10C95000FFFFFFFFFFFFFFFFFFFFFFFFFFFFFFFFE7
:10C96000FFFFFFFFFFFFFFFFFFFFFFFFFFFFFFFFD7
:10C97000FFFFFFFFFFFFFFFFFFFFFFFFFFFFFFFFC7
:10C98000FFFFFFFFFFFFFFFFFFFFFFFFFFFFFFFFB7
:10C99000FFFFFFFFFFFFFFFFFFFFFFFFFFFFFFFFA7
:10C9A000FFFFFFFFFFFFFFFFFFFFFFFFFFFFFFFF97
:10C9B000FFFFFFFFFFFFFFFFFFFFFFFFFFFFFFFF87
:10C9C000FFFFFFFFFFFFFFFFFFFFFFFFFFFFFFFF77
:10C9D000FFFFFFFFFFFFFFFFFFFFFFFFFFFFFFFF67
:10C9E000FFFFFFFFFFFFFFFFFFFFFFFFFFFFFFFF57
:10C9F000FFFFFFFFFFFFFFFFFFFFFFFFFFFFFFFF47
:10CA0000FFFFFFFFFFFFFFFFFFFFFFFFFFFFFFFF36
:10CA1000FFFFFFFFFFFFFFFFFFFFFFFFFFFFFFFF26
:10CA2000FFFFFFFFFFFFFFFFFFFFFFFFFFFFFFFF16
:10CA3000FFFFFFFFFFFFFFFFFFFFFFFFFFFFFFFF06
:10CA4000FFFFFFFFFFFFFFFFFFFFFFFFFFFFFFFFF6
:10CA5000FFFFFFFFFFFFFFFFFFFFFFFFFFFFFFFFE6
:10CA6000FFFFFFFFFFFFFFFFFFFFFFFFFFFFFFFFD6
:10CA7000FFFFFFFFFFFFFFFFFFFFFFFFFFFFFFFFC6
:10CA8000FFFFFFFFFFFFFFFFFFFFFFFFFFFFFFFFB6
:10CA9000FFFFFFFFFFFFFFFFFFFFFFFFFFFFFFFFA6
:10CAA000FFFFFFFFFFFFFFFFFFFFFFFFFFFFFFFF96
:10CAB000FFFFFFFFFFFFFFFFFFFFFFFFFFFFFFFF86
:10CAC000FFFFFFFFFFFFFFFFFFFFFFFFFFFFFFFF76
:10CAD000FFFFFFFFFFFFFFFFFFFFFFFFFFFFFFFF66
:10CAE000FFFFFFFFFFFFFFFFFFFFFFFFFFFFFFFF56
:10CAF000FFFFFFFFFFFFFFFFFFFFFFFFFFFFFFFF46
:10CB0000FFFFFFFFFFFFFFFFFFFFFFFFFFFFFFFF35
:10CB1000FFFFFFFFFFFFFFFFFFFFFFFFFFFFFFFF25
:10CB2000FFFFFFFFFFFFFFFFFFFFFFFFFFFFFFFF15
:10CB3000FFFFFFFFFFFFFFFFFFFFFFFFFFFFFFFF05
:10CB4000FFFFFFFFFFFFFFFFFFFFFFFFFFFFFFFFF5
:10CB5000FFFFFFFFFFFFFFFFFFFFFFFFFFFFFFFFE5
:10CB6000FFFFFFFFFFFFFFFFFFFFFFFFFFFFFFFFD5
:10CB7000FFFFFFFFFFFFFFFFFFFFFFFFFFFFFFFFC5
:10CB8000FFFFFFFFFFFFFFFFFFFFFFFFFFFFFFFFB5
:10CB9000FFFFFFFFFFFFFFFFFFFFFFFFFFFFFFFFA5
:10CBA000FFFFFFFFFFFFFFFFFFFFFFFFFFFFFFFF95
:10CBB000FFFFFFFFFFFFFFFFFFFFFFFFFFFFFFFF85
:10CBC000FFFFFFFFFFFFFFFFFFFFFFFFFFFFFFFF75
:10CBD000FFFFFFFFFFFFFFFFFFFFFFFFFFFFFFFF65
:10CBE000FFFFFFFFFFFFFFFFFFFFFFFFFFFFFFFF55
:10CBF000FFFFFFFFFFFFFFFFFFFFFFFFFFFFFFFF45
:10CC0000FFFFFFFFFFFFFFFFFFFFFFFFFFFFFFFF34
:10CC1000FFFFFFFFFFFFFFFFFFFFFFFFFFFFFFFF24
:10CC2000FFFFFFFFFFFFFFFFFFFFFFFFFFFFFFFF14
:10CC3000FFFFFFFFFFFFFFFFFFFFFFFFFFFFFFFF04
:10CC4000FFFFFFFFFFFFFFFFFFFFFFFFFFFFFFFFF4
:10CC5000FFFFFFFFFFFFFFFFFFFFFFFFFFFFFFFFE4
:10CC6000FFFFFFFFFFFFFFFFFFFFFFFFFFFFFFFFD4
:10CC7000FFFFFFFFFFFFFFFFFFFFFFFFFFFFFFFFC4
:10CC8000FFFFFFFFFFFFFFFFFFFFFFFFFFFFFFFFB4
:10CC9000FFFFFFFFFFFFFFFFFFFFFFFFFFFFFFFFA4
:10CCA000FFFFFFFFFFFFFFFFFFFFFFFFFFFFFFFF94
:10CCB000FFFFFFFFFFFFFFFFFFFFFFFFFFFFFFFF84
:10CCC000FFFFFFFFFFFFFFFFFFFFFFFFFFFFFFFF74
:10CCD000FFFFFFFFFFFFFFFFFFFFFFFFFFFFFFFF64
:10CCE000FFFFFFFFFFFFFFFFFFFFFFFFFFFFFFFF54
:10CCF000FFFFFFFFFFFFFFFFFFFFFFFFFFFFFFFF44
:10CD0000FFFFFFFFFFFFFFFFFFFFFFFFFFFFFFFF33
:10CD1000FFFFFFFFFFFFFFFFFFFFFFFFFFFFFFFF23
:10CD2000FFFFFFFFFFFFFFFFFFFFFFFFFFFFFFFF13
:10CD3000FFFFFFFFFFFFFFFFFFFFFFFFFFFFFFFF03
:10CD4000FFFFFFFFFFFFFFFFFFFFFFFFFFFFFFFFF3
:10CD5000FFFFFFFFFFFFFFFFFFFFFFFFFFFFFFFFE3
:10CD6000FFFFFFFFFFFFFFFFFFFFFFFFFFFFFFFFD3
:10CD7000FFFFFFFFFFFFFFFFFFFFFFFFFFFFFFFFC3
:10CD8000FFFFFFFFFFFFFFFFFFFFFFFFFFFFFFFFB3
:10CD9000FFFFFFFFFFFFFFFFFFFFFFFFFFFFFFFFA3
:10CDA000FFFFFFFFFFFFFFFFFFFFFFFFFFFFFFFF93
:10CDB000FFFFFFFFFFFFFFFFFFFFFFFFFFFFFFFF83
:10CDC000FFFFFFFFFFFFFFFFFFFFFFFFFFFFFFFF73
:10CDD000FFFFFFFFFFFFFFFFFFFFFFFFFFFFFFFF63
:10CDE000FFFFFFFFFFFFFFFFFFFFFFFFFFFFFFFF53
:10CDF000FFFFFFFFFFFFFFFFFFFFFFFFFFFFFFFF43
:10CE0000FFFFFFFFFFFFFFFFFFFFFFFFFFFFFFFF32
:10CE1000FFFFFFFFFFFFFFFFFFFFFFFFFFFFFFFF22
:10CE2000FFFFFFFFFFFFFFFFFFFFFFFFFFFFFFFF12
:10CE3000FFFFFFFFFFFFFFFFFFFFFFFFFFFFFFFF02
:10CE4000FFFFFFFFFFFFFFFFFFFFFFFFFFFFFFFFF2
:10CE5000FFFFFFFFFFFFFFFFFFFFFFFFFFFFFFFFE2
:10CE6000FFFFFFFFFFFFFFFFFFFFFFFFFFFFFFFFD2
:10CE7000FFFFFFFFFFFFFFFFFFFFFFFFFFFFFFFFC2
:10CE8000FFFFFFFFFFFFFFFFFFFFFFFFFFFFFFFFB2
:10CE9000FFFFFFFFFFFFFFFFFFFFFFFFFFFFFFFFA2
:10CEA000FFFFFFFFFFFFFFFFFFFFFFFFFFFFFFFF92
:10CEB000FFFFFFFFFFFFFFFFFFFFFFFFFFFFFFFF82
:10CEC000FFFFFFFFFFFFFFFFFFFFFFFFFFFFFFFF72
:10CED000FFFFFFFFFFFFFFFFFFFFFFFFFFFFFFFF62
:10CEE000FFFFFFFFFFFFFFFFFFFFFFFFFFFFFFFF52
:10CEF000FFFFFFFFFFFFFFFFFFFFFFFFFFFFFFFF42
:10CF0000FFFFFFFFFFFFFFFFFFFFFFFFFFFFFFFF31
:10CF1000FFFFFFFFFFFFFFFFFFFFFFFFFFFFFFFF21
:10CF2000FFFFFFFFFFFFFFFFFFFFFFFFFFFFFFFF11
:10CF3000FFFFFFFFFFFFFFFFFFFFFFFFFFFFFFFF01
:10CF4000FFFFFFFFFFFFFFFFFFFFFFFFFFFFFFFFF1
:10CF5000FFFFFFFFFFFFFFFFFFFFFFFFFFFFFFFFE1
:10CF6000FFFFFFFFFFFFFFFFFFFFFFFFFFFFFFFFD1
:10CF7000FFFFFFFFFFFFFFFFFFFFFFFFFFFFFFFFC1
:10CF8000FFFFFFFFFFFFFFFFFFFFFFFFFFFFFFFFB1
:10CF9000FFFFFFFFFFFFFFFFFFFFFFFFFFFFFFFFA1
:10CFA000FFFFFFFFFFFFFFFFFFFFFFFFFFFFFFFF91
:10CFB000FFFFFFFFFFFFFFFFFFFFFFFFFFFFFFFF81
:10CFC000FFFFFFFFFFFFFFFFFFFFFFFFFFFFFFFF71
:10CFD000FFFFFFFFFFFFFFFFFFFFFFFFFFFFFFFF61
:10CFE000FFFFFFFFFFFFFFFFFFFFFFFFFFFFFFFF51
:10CFF000FFFFFFFFFFFFFFFFFFFFFFFFFFFFFFFF41
:10D00000FFFFFFFFFFFFFFFFFFFFFFFFFFFFFFFF30
:10D01000FFFFFFFFFFFFFFFFFFFFFFFFFFFFFFFF20
:10D02000FFFFFFFFFFFFFFFFFFFFFFFFFFFFFFFF10
:10D03000FFFFFFFFFFFFFFFFFFFFFFFFFFFFFFFF00
:10D04000FFFFFFFFFFFFFFFFFFFFFFFFFFFFFFFFF0
:10D05000FFFFFFFFFFFFFFFFFFFFFFFFFFFFFFFFE0
:10D06000FFFFFFFFFFFFFFFFFFFFFFFFFFFFFFFFD0
:10D07000FFFFFFFFFFFFFFFFFFFFFFFFFFFFFFFFC0
:10D08000FFFFFFFFFFFFFFFFFFFFFFFFFFFFFFFFB0
:10D09000FFFFFFFFFFFFFFFFFFFFFFFFFFFFFFFFA0
:10D0A000FFFFFFFFFFFFFFFFFFFFFFFFFFFFFFFF90
:10D0B000FFFFFFFFFFFFFFFFFFFFFFFFFFFFFFFF80
:10D0C000FFFFFFFFFFFFFFFFFFFFFFFFFFFFFFFF70
:10D0D000FFFFFFFFFFFFFFFFFFFFFFFFFFFFFFFF60
:10D0E000FFFFFFFFFFFFFFFFFFFFFFFFFFFFFFFF50
:10D0F000FFFFFFFFFFFFFFFFFFFFFFFFFFFFFFFF40
:10D10000FFFFFFFFFFFFFFFFFFFFFFFFFFFFFFFF2F
:10D11000FFFFFFFFFFFFFFFFFFFFFFFFFFFFFFFF1F
:10D12000FFFFFFFFFFFFFFFFFFFFFFFFFFFFFFFF0F
:10D13000FFFFFFFFFFFFFFFFFFFFFFFFFFFFFFFFFF
:10D14000FFFFFFFFFFFFFFFFFFFFFFFFFFFFFFFFEF
:10D15000FFFFFFFFFFFFFFFFFFFFFFFFFFFFFFFFDF
:10D16000FFFFFFFFFFFFFFFFFFFFFFFFFFFFFFFFCF
:10D17000FFFFFFFFFFFFFFFFFFFFFFFFFFFFFFFFBF
:10D18000FFFFFFFFFFFFFFFFFFFFFFFFFFFFFFFFAF
:10D19000FFFFFFFFFFFFFFFFFFFFFFFFFFFFFFFF9F
:10D1A000FFFFFFFFFFFFFFFFFFFFFFFFFFFFFFFF8F
:10D1B000FFFFFFFFFFFFFFFFFFFFFFFFFFFFFFFF7F
:10D1C000FFFFFFFFFFFFFFFFFFFFFFFFFFFFFFFF6F
:10D1D000FFFFFFFFFFFFFFFFFFFFFFFFFFFFFFFF5F
:10D1E000FFFFFFFFFFFFFFFFFFFFFFFFFFFFFFFF4F
:10D1F000FFFFFFFFFFFFFFFFFFFFFFFFFFFFFFFF3F
:10D20000FFFFFFFFFFFFFFFFFFFFFFFFFFFFFFFF2E
:10D21000FFFFFFFFFFFFFFFFFFFFFFFFFFFFFFFF1E
:10D22000FFFFFFFFFFFFFFFFFFFFFFFFFFFFFFFF0E
:10D23000FFFFFFFFFFFFFFFFFFFFFFFFFFFFFFFFFE
:10D24000FFFFFFFFFFFFFFFFFFFFFFFFFFFFFFFFEE
:10D25000FFFFFFFFFFFFFFFFFFFFFFFFFFFFFFFFDE
:10D26000FFFFFFFFFFFFFFFFFFFFFFFFFFFFFFFFCE
:10D27000FFFFFFFFFFFFFFFFFFFFFFFFFFFFFFFFBE
:10D28000FFFFFFFFFFFFFFFFFFFFFFFFFFFFFFFFAE
:10D29000FFFFFFFFFFFFFFFFFFFFFFFFFFFFFFFF9E
:10D2A000FFFFFFFFFFFFFFFFFFFFFFFFFFFFFFFF8E
:10D2B000FFFFFFFFFFFFFFFFFFFFFFFFFFFFFFFF7E
:10D2C000FFFFFFFFFFFFFFFFFFFFFFFFFFFFFFFF6E
:10D2D000FFFFFFFFFFFFFFFFFFFFFFFFFFFFFFFF5E
:10D2E000FFFFFFFFFFFFFFFFFFFFFFFFFFFFFFFF4E
:10D2F000FFFFFFFFFFFFFFFFFFFFFFFFFFFFFFFF3E
:10D30000FFFFFFFFFFFFFFFFFFFFFFFFFFFFFFFF2D
:10D31000FFFFFFFFFFFFFFFFFFFFFFFFFFFFFFFF1D
:10D32000FFFFFFFFFFFFFFFFFFFFFFFFFFFFFFFF0D
:10D33000FFFFFFFFFFFFFFFFFFFFFFFFFFFFFFFFFD
:10D34000FFFFFFFFFFFFFFFFFFFFFFFFFFFFFFFFED
:10D35000FFFFFFFFFFFFFFFFFFFFFFFFFFFFFFFFDD
:10D36000FFFFFFFFFFFFFFFFFFFFFFFFFFFFFFFFCD
:10D37000FFFFFFFFFFFFFFFFFFFFFFFFFFFFFFFFBD
:10D38000FFFFFFFFFFFFFFFFFFFFFFFFFFFFFFFFAD
:10D39000FFFFFFFFFFFFFFFFFFFFFFFFFFFFFFFF9D
:10D3A000FFFFFFFFFFFFFFFFFFFFFFFFFFFFFFFF8D
:10D3B000FFFFFFFFFFFFFFFFFFFFFFFFFFFFFFFF7D
:10D3C000FFFFFFFFFFFFFFFFFFFFFFFFFFFFFFFF6D
:10D3D000FFFFFFFFFFFFFFFFFFFFFFFFFFFFFFFF5D
:10D3E000FFFFFFFFFFFFFFFFFFFFFFFFFFFFFFFF4D
:10D3F000FFFFFFFFFFFFFFFFFFFFFFFFFFFFFFFF3D
:10D40000FFFFFFFFFFFFFFFFFFFFFFFFFFFFFFFF2C
:10D41000FFFFFFFFFFFFFFFFFFFFFFFFFFFFFFFF1C
:10D42000FFFFFFFFFFFFFFFFFFFFFFFFFFFFFFFF0C
:10D43000FFFFFFFFFFFFFFFFFFFFFFFFFFFFFFFFFC
:10D44000FFFFFFFFFFFFFFFFFFFFFFFFFFFFFFFFEC
:10D45000FFFFFFFFFFFFFFFFFFFFFFFFFFFFFFFFDC
:10D46000FFFFFFFFFFFFFFFFFFFFFFFFFFFFFFFFCC
:10D47000FFFFFFFFFFFFFFFFFFFFFFFFFFFFFFFFBC
:10D48000FFFFFFFFFFFFFFFFFFFFFFFFFFFFFFFFAC
:10D49000FFFFFFFFFFFFFFFFFFFFFFFFFFFFFFFF9C
:10D4A000FFFFFFFFFFFFFFFFFFFFFFFFFFFFFFFF8C
:10D4B000FFFFFFFFFFFFFFFFFFFFFFFFFFFFFFFF7C
:10D4C000FFFFFFFFFFFFFFFFFFFFFFFFFFFFFFFF6C
:10D4D000FFFFFFFFFFFFFFFFFFFFFFFFFFFFFFFF5C
:10D4E000FFFFFFFFFFFFFFFFFFFFFFFFFFFFFFFF4C
:10D4F000FFFFFFFFFFFFFFFFFFFFFFFFFFFFFFFF3C
:10D50000FFFFFFFFFFFFFFFFFFFFFFFFFFFFFFFF2B
:10D51000FFFFFFFFFFFFFFFFFFFFFFFFFFFFFFFF1B
:10D52000FFFFFFFFFFFFFFFFFFFFFFFFFFFFFFFF0B
:10D53000FFFFFFFFFFFFFFFFFFFFFFFFFFFFFFFFFB
:10D54000FFFFFFFFFFFFFFFFFFFFFFFFFFFFFFFFEB
:10D55000FFFFFFFFFFFFFFFFFFFFFFFFFFFFFFFFDB
:10D56000FFFFFFFFFFFFFFFFFFFFFFFFFFFFFFFFCB
:10D57000FFFFFFFFFFFFFFFFFFFFFFFFFFFFFFFFBB
:10D58000FFFFFFFFFFFFFFFFFFFFFFFFFFFFFFFFAB
:10D59000FFFFFFFFFFFFFFFFFFFFFFFFFFFFFFFF9B
:10D5A000FFFFFFFFFFFFFFFFFFFFFFFFFFFFFFFF8B
:10D5B000FFFFFFFFFFFFFFFFFFFFFFFFFFFFFFFF7B
:10D5C000FFFFFFFFFFFFFFFFFFFFFFFFFFFFFFFF6B
:10D5D000FFFFFFFFFFFFFFFFFFFFFFFFFFFFFFFF5B
:10D5E000FFFFFFFFFFFFFFFFFFFFFFFFFFFFFFFF4B
:10D5F000FFFFFFFFFFFFFFFFFFFFFFFFFFFFFFFF3B
:10D60000FFFFFFFFFFFFFFFFFFFFFFFFFFFFFFFF2A
:10D61000FFFFFFFFFFFFFFFFFFFFFFFFFFFFFFFF1A
:10D62000FFFFFFFFFFFFFFFFFFFFFFFFFFFFFFFF0A
:10D63000FFFFFFFFFFFFFFFFFFFFFFFFFFFFFFFFFA
:10D64000FFFFFFFFFFFFFFFFFFFFFFFFFFFFFFFFEA
:10D65000FFFFFFFFFFFFFFFFFFFFFFFFFFFFFFFFDA
:10D66000FFFFFFFFFFFFFFFFFFFFFFFFFFFFFFFFCA
:10D67000FFFFFFFFFFFFFFFFFFFFFFFFFFFFFFFFBA
:10D68000FFFFFFFFFFFFFFFFFFFFFFFFFFFFFFFFAA
:10D69000FFFFFFFFFFFFFFFFFFFFFFFFFFFFFFFF9A
:10D6A000FFFFFFFFFFFFFFFFFFFFFFFFFFFFFFFF8A
:10D6B000FFFFFFFFFFFFFFFFFFFFFFFFFFFFFFFF7A
:10D6C000FFFFFFFFFFFFFFFFFFFFFFFFFFFFFFFF6A
:10D6D000FFFFFFFFFFFFFFFFFFFFFFFFFFFFFFFF5A
:10D6E000FFFFFFFFFFFFFFFFFFFFFFFFFFFFFFFF4A
:10D6F000FFFFFFFFFFFFFFFFFFFFFFFFFFFFFFFF3A
:10D70000FFFFFFFFFFFFFFFFFFFFFFFFFFFFFFFF29
:10D71000FFFFFFFFFFFFFFFFFFFFFFFFFFFFFFFF19
:10D72000FFFFFFFFFFFFFFFFFFFFFFFFFFFFFFFF09
:10D73000FFFFFFFFFFFFFFFFFFFFFFFFFFFFFFFFF9
:10D74000FFFFFFFFFFFFFFFFFFFFFFFFFFFFFFFFE9
:10D75000FFFFFFFFFFFFFFFFFFFFFFFFFFFFFFFFD9
:10D76000FFFFFFFFFFFFFFFFFFFFFFFFFFFFFFFFC9
:10D77000FFFFFFFFFFFFFFFFFFFFFFFFFFFFFFFFB9
:10D78000FFFFFFFFFFFFFFFFFFFFFFFFFFFFFFFFA9
:10D79000FFFFFFFFFFFFFFFFFFFFFFFFFFFFFFFF99
:10D7A000FFFFFFFFFFFFFFFFFFFFFFFFFFFFFFFF89
:10D7B000FFFFFFFFFFFFFFFFFFFFFFFFFFFFFFFF79
:10D7C000FFFFFFFFFFFFFFFFFFFFFFFFFFFFFFFF69
:10D7D000FFFFFFFFFFFFFFFFFFFFFFFFFFFFFFFF59
:10D7E000FFFFFFFFFFFFFFFFFFFFFFFFFFFFFFFF49
:10D7F000FFFFFFFFFFFFFFFFFFFFFFFFFFFFFFFF39
:10D80000FFFFFFFFFFFFFFFFFFFFFFFFFFFFFFFF28
:10D81000FFFFFFFFFFFFFFFFFFFFFFFFFFFFFFFF18
:10D82000FFFFFFFFFFFFFFFFFFFFFFFFFFFFFFFF08
:10D83000FFFFFFFFFFFFFFFFFFFFFFFFFFFFFFFFF8
:10D84000FFFFFFFFFFFFFFFFFFFFFFFFFFFFFFFFE8
:10D85000FFFFFFFFFFFFFFFFFFFFFFFFFFFFFFFFD8
:10D86000FFFFFFFFFFFFFFFFFFFFFFFFFFFFFFFFC8
:10D87000FFFFFFFFFFFFFFFFFFFFFFFFFFFFFFFFB8
:10D88000FFFFFFFFFFFFFFFFFFFFFFFFFFFFFFFFA8
:10D89000FFFFFFFFFFFFFFFFFFFFFFFFFFFFFFFF98
:10D8A000FFFFFFFFFFFFFFFFFFFFFFFFFFFFFFFF88
:10D8B000FFFFFFFFFFFFFFFFFFFFFFFFFFFFFFFF78
:10D8C000FFFFFFFFFFFFFFFFFFFFFFFFFFFFFFFF68
:10D8D000FFFFFFFFFFFFFFFFFFFFFFFFFFFFFFFF58
:10D8E000FFFFFFFFFFFFFFFFFFFFFFFFFFFFFFFF48
:10D8F000FFFFFFFFFFFFFFFFFFFFFFFFFFFFFFFF38
:10D90000FFFFFFFFFFFFFFFFFFFFFFFFFFFFFFFF27
:10D91000FFFFFFFFFFFFFFFFFFFFFFFFFFFFFFFF17
:10D92000FFFFFFFFFFFFFFFFFFFFFFFFFFFFFFFF07
:10D93000FFFFFFFFFFFFFFFFFFFFFFFFFFFFFFFFF7
:10D94000FFFFFFFFFFFFFFFFFFFFFFFFFFFFFFFFE7
:10D95000FFFFFFFFFFFFFFFFFFFFFFFFFFFFFFFFD7
:10D96000FFFFFFFFFFFFFFFFFFFFFFFFFFFFFFFFC7
:10D97000FFFFFFFFFFFFFFFFFFFFFFFFFFFFFFFFB7
:10D98000FFFFFFFFFFFFFFFFFFFFFFFFFFFFFFFFA7
:10D99000FFFFFFFFFFFFFFFFFFFFFFFFFFFFFFFF97
:10D9A000FFFFFFFFFFFFFFFFFFFFFFFFFFFFFFFF87
:10D9B000FFFFFFFFFFFFFFFFFFFFFFFFFFFFFFFF77
:10D9C000FFFFFFFFFFFFFFFFFFFFFFFFFFFFFFFF67
:10D9D000FFFFFFFFFFFFFFFFFFFFFFFFFFFFFFFF57
:10D9E000FFFFFFFFFFFFFFFFFFFFFFFFFFFFFFFF47
:10D9F000FFFFFFFFFFFFFFFFFFFFFFFFFFFFFFFF37
:10DA0000FFFFFFFFFFFFFFFFFFFFFFFFFFFFFFFF26
:10DA1000FFFFFFFFFFFFFFFFFFFFFFFFFFFFFFFF16
:10DA2000FFFFFFFFFFFFFFFFFFFFFFFFFFFFFFFF06
:10DA3000FFFFFFFFFFFFFFFFFFFFFFFFFFFFFFFFF6
:10DA4000FFFFFFFFFFFFFFFFFFFFFFFFFFFFFFFFE6
:10DA5000FFFFFFFFFFFFFFFFFFFFFFFFFFFFFFFFD6
:10DA6000FFFFFFFFFFFFFFFFFFFFFFFFFFFFFFFFC6
:10DA7000FFFFFFFFFFFFFFFFFFFFFFFFFFFFFFFFB6
:10DA8000FFFFFFFFFFFFFFFFFFFFFFFFFFFFFFFFA6
:10DA9000FFFFFFFFFFFFFFFFFFFFFFFFFFFFFFFF96
:10DAA000FFFFFFFFFFFFFFFFFFFFFFFFFFFFFFFF86
:10DAB000FFFFFFFFFFFFFFFFFFFFFFFFFFFFFFFF76
:10DAC000FFFFFFFFFFFFFFFFFFFFFFFFFFFFFFFF66
:10DAD000FFFFFFFFFFFFFFFFFFFFFFFFFFFFFFFF56
:10DAE000FFFFFFFFFFFFFFFFFFFFFFFFFFFFFFFF46
:10DAF000FFFFFFFFFFFFFFFFFFFFFFFFFFFFFFFF36
:10DB0000FFFFFFFFFFFFFFFFFFFFFFFFFFFFFFFF25
:10DB1000FFFFFFFFFFFFFFFFFFFFFFFFFFFFFFFF15
:10DB2000FFFFFFFFFFFFFFFFFFFFFFFFFFFFFFFF05
:10DB3000FFFFFFFFFFFFFFFFFFFFFFFFFFFFFFFFF5
:10DB4000FFFFFFFFFFFFFFFFFFFFFFFFFFFFFFFFE5
:10DB5000FFFFFFFFFFFFFFFFFFFFFFFFFFFFFFFFD5
:10DB6000FFFFFFFFFFFFFFFFFFFFFFFFFFFFFFFFC5
:10DB7000FFFFFFFFFFFFFFFFFFFFFFFFFFFFFFFFB5
:10DB8000FFFFFFFFFFFFFFFFFFFFFFFFFFFFFFFFA5
:10DB9000FFFFFFFFFFFFFFFFFFFFFFFFFFFFFFFF95
:10DBA000FFFFFFFFFFFFFFFFFFFFFFFFFFFFFFFF85
:10DBB000FFFFFFFFFFFFFFFFFFFFFFFFFFFFFFFF75
:10DBC000FFFFFFFFFFFFFFFFFFFFFFFFFFFFFFFF65
:10DBD000FFFFFFFFFFFFFFFFFFFFFFFFFFFFFFFF55
:10DBE000FFFFFFFFFFFFFFFFFFFFFFFFFFFFFFFF45
:10DBF000FFFFFFFFFFFFFFFFFFFFFFFFFFFFFFFF35
:10DC0000FFFFFFFFFFFFFFFFFFFFFFFFFFFFFFFF24
:10DC1000FFFFFFFFFFFFFFFFFFFFFFFFFFFFFFFF14
:10DC2000FFFFFFFFFFFFFFFFFFFFFFFFFFFFFFFF04
:10DC3000FFFFFFFFFFFFFFFFFFFFFFFFFFFFFFFFF4
:10DC4000FFFFFFFFFFFFFFFFFFFFFFFFFFFFFFFFE4
:10DC5000FFFFFFFFFFFFFFFFFFFFFFFFFFFFFFFFD4
:10DC6000FFFFFFFFFFFFFFFFFFFFFFFFFFFFFFFFC4
:10DC7000FFFFFFFFFFFFFFFFFFFFFFFFFFFFFFFFB4
:10DC8000FFFFFFFFFFFFFFFFFFFFFFFFFFFFFFFFA4
:10DC9000FFFFFFFFFFFFFFFFFFFFFFFFFFFFFFFF94
:10DCA000FFFFFFFFFFFFFFFFFFFFFFFFFFFFFFFF84
:10DCB000FFFFFFFFFFFFFFFFFFFFFFFFFFFFFFFF74
:10DCC000FFFFFFFFFFFFFFFFFFFFFFFFFFFFFFFF64
:10DCD000FFFFFFFFFFFFFFFFFFFFFFFFFFFFFFFF54
:10DCE000FFFFFFFFFFFFFFFFFFFFFFFFFFFFFFFF44
:10DCF000FFFFFFFFFFFFFFFFFFFFFFFFFFFFFFFF34
:10DD0000FFFFFFFFFFFFFFFFFFFFFFFFFFFFFFFF23
:10DD1000FFFFFFFFFFFFFFFFFFFFFFFFFFFFFFFF13
:10DD2000FFFFFFFFFFFFFFFFFFFFFFFFFFFFFFFF03
:10DD3000FFFFFFFFFFFFFFFFFFFFFFFFFFFFFFFFF3
:10DD4000FFFFFFFFFFFFFFFFFFFFFFFFFFFFFFFFE3
:10DD5000FFFFFFFFFFFFFFFFFFFFFFFFFFFFFFFFD3
:10DD6000FFFFFFFFFFFFFFFFFFFFFFFFFFFFFFFFC3
:10DD7000FFFFFFFFFFFFFFFFFFFFFFFFFFFFFFFFB3
:10DD8000FFFFFFFFFFFFFFFFFFFFFFFFFFFFFFFFA3
:10DD9000FFFFFFFFFFFFFFFFFFFFFFFFFFFFFFFF93
:10DDA000FFFFFFFFFFFFFFFFFFFFFFFFFFFFFFFF83
:10DDB000FFFFFFFFFFFFFFFFFFFFFFFFFFFFFFFF73
:10DDC000FFFFFFFFFFFFFFFFFFFFFFFFFFFFFFFF63
:10DDD000FFFFFFFFFFFFFFFFFFFFFFFFFFFFFFFF53
:10DDE000FFFFFFFFFFFFFFFFFFFFFFFFFFFFFFFF43
:10DDF000FFFFFFFFFFFFFFFFFFFFFFFFFFFFFFFF33
:10DE0000FFFFFFFFFFFFFFFFFFFFFFFFFFFFFFFF22
:10DE1000FFFFFFFFFFFFFFFFFFFFFFFFFFFFFFFF12
:10DE2000FFFFFFFFFFFFFFFFFFFFFFFFFFFFFFFF02
:10DE3000FFFFFFFFFFFFFFFFFFFFFFFFFFFFFFFFF2
:10DE4000FFFFFFFFFFFFFFFFFFFFFFFFFFFFFFFFE2
:10DE5000FFFFFFFFFFFFFFFFFFFFFFFFFFFFFFFFD2
:10DE6000FFFFFFFFFFFFFFFFFFFFFFFFFFFFFFFFC2
:10DE7000FFFFFFFFFFFFFFFFFFFFFFFFFFFFFFFFB2
:10DE8000FFFFFFFFFFFFFFFFFFFFFFFFFFFFFFFFA2
:10DE9000FFFFFFFFFFFFFFFFFFFFFFFFFFFFFFFF92
:10DEA000FFFFFFFFFFFFFFFFFFFFFFFFFFFFFFFF82
:10DEB000FFFFFFFFFFFFFFFFFFFFFFFFFFFFFFFF72
:10DEC000FFFFFFFFFFFFFFFFFFFFFFFFFFFFFFFF62
:10DED000FFFFFFFFFFFFFFFFFFFFFFFFFFFFFFFF52
:10DEE000FFFFFFFFFFFFFFFFFFFFFFFFFFFFFFFF42
:10DEF000FFFFFFFFFFFFFFFFFFFFFFFFFFFFFFFF32
:10DF0000FFFFFFFFFFFFFFFFFFFFFFFFFFFFFFFF21
:10DF1000FFFFFFFFFFFFFFFFFFFFFFFFFFFFFFFF11
:10DF2000FFFFFFFFFFFFFFFFFFFFFFFFFFFFFFFF01
:10DF3000FFFFFFFFFFFFFFFFFFFFFFFFFFFFFFFFF1
:10DF4000FFFFFFFFFFFFFFFFFFFFFFFFFFFFFFFFE1
:10DF5000FFFFFFFFFFFFFFFFFFFFFFFFFFFFFFFFD1
:10DF6000FFFFFFFFFFFFFFFFFFFFFFFFFFFFFFFFC1
:10DF7000FFFFFFFFFFFFFFFFFFFFFFFFFFFFFFFFB1
:10DF8000FFFFFFFFFFFFFFFFFFFFFFFFFFFFFFFFA1
:10DF9000FFFFFFFFFFFFFFFFFFFFFFFFFFFFFFFF91
:10DFA000FFFFFFFFFFFFFFFFFFFFFFFFFFFFFFFF81
:10DFB000FFFFFFFFFFFFFFFFFFFFFFFFFFFFFFFF71
:10DFC000FFFFFFFFFFFFFFFFFFFFFFFFFFFFFFFF61
:10DFD000FFFFFFFFFFFFFFFFFFFFFFFFFFFFFFFF51
:10DFE000FFFFFFFFFFFFFFFFFFFFFFFFFFFFFFFF41
:10DFF000FFFFFFFFFFFFFFFFFFFFFFFFFFFFFFFF31
:10E00000FFFFFFFFFFFFFFFFFFFFFFFFFFFFFFFF20
:10E01000FFFFFFFFFFFFFFFFFFFFFFFFFFFFFFFF10
:10E02000FFFFFFFFFFFFFFFFFFFFFFFFFFFFFFFF00
:10E03000FFFFFFFFFFFFFFFFFFFFFFFFFFFFFFFFF0
:10E04000FFFFFFFFFFFFFFFFFFFFFFFFFFFFFFFFE0
:10E05000FFFFFFFFFFFFFFFFFFFFFFFFFFFFFFFFD0
:10E06000FFFFFFFFFFFFFFFFFFFFFFFFFFFFFFFFC0
:10E07000FFFFFFFFFFFFFFFFFFFFFFFFFFFFFFFFB0
:10E08000FFFFFFFFFFFFFFFFFFFFFFFFFFFFFFFFA0
:10E09000FFFFFFFFFFFFFFFFFFFFFFFFFFFFFFFF90
:10E0A000FFFFFFFFFFFFFFFFFFFFFFFFFFFFFFFF80
:10E0B000FFFFFFFFFFFFFFFFFFFFFFFFFFFFFFFF70
:10E0C000FFFFFFFFFFFFFFFFFFFFFFFFFFFFFFFF60
:10E0D000FFFFFFFFFFFFFFFFFFFFFFFFFFFFFFFF50
:10E0E000FFFFFFFFFFFFFFFFFFFFFFFFFFFFFFFF40
:10E0F000FFFFFFFFFFFFFFFFFFFFFFFFFFFFFFFF30
:10E10000FFFFFFFFFFFFFFFFFFFFFFFFFFFFFFFF1F
:10E11000FFFFFFFFFFFFFFFFFFFFFFFFFFFFFFFF0F
:10E12000FFFFFFFFFFFFFFFFFFFFFFFFFFFFFFFFFF
:10E13000FFFFFFFFFFFFFFFFFFFFFFFFFFFFFFFFEF
:10E14000FFFFFFFFFFFFFFFFFFFFFFFFFFFFFFFFDF
:10E15000FFFFFFFFFFFFFFFFFFFFFFFFFFFFFFFFCF
:10E16000FFFFFFFFFFFFFFFFFFFFFFFFFFFFFFFFBF
:10E17000FFFFFFFFFFFFFFFFFFFFFFFFFFFFFFFFAF
:10E18000FFFFFFFFFFFFFFFFFFFFFFFFFFFFFFFF9F
:10E19000FFFFFFFFFFFFFFFFFFFFFFFFFFFFFFFF8F
:10E1A000FFFFFFFFFFFFFFFFFFFFFFFFFFFFFFFF7F
:10E1B000FFFFFFFFFFFFFFFFFFFFFFFFFFFFFFFF6F
:10E1C000FFFFFFFFFFFFFFFFFFFFFFFFFFFFFFFF5F
:10E1D000FFFFFFFFFFFFFFFFFFFFFFFFFFFFFFFF4F
:10E1E000FFFFFFFFFFFFFFFFFFFFFFFFFFFFFFFF3F
:10E1F000FFFFFFFFFFFFFFFFFFFFFFFFFFFFFFFF2F
:10E20000FFFFFFFFFFFFFFFFFFFFFFFFFFFFFFFF1E
:10E21000FFFFFFFFFFFFFFFFFFFFFFFFFFFFFFFF0E
:10E22000FFFFFFFFFFFFFFFFFFFFFFFFFFFFFFFFFE
:10E23000FFFFFFFFFFFFFFFFFFFFFFFFFFFFFFFFEE
:10E24000FFFFFFFFFFFFFFFFFFFFFFFFFFFFFFFFDE
:10E25000FFFFFFFFFFFFFFFFFFFFFFFFFFFFFFFFCE
:10E26000FFFFFFFFFFFFFFFFFFFFFFFFFFFFFFFFBE
:10E27000FFFFFFFFFFFFFFFFFFFFFFFFFFFFFFFFAE
:10E28000FFFFFFFFFFFFFFFFFFFFFFFFFFFFFFFF9E
:10E29000FFFFFFFFFFFFFFFFFFFFFFFFFFFFFFFF8E
:10E2A000FFFFFFFFFFFFFFFFFFFFFFFFFFFFFFFF7E
:10E2B000FFFFFFFFFFFFFFFFFFFFFFFFFFFFFFFF6E
:10E2C000FFFFFFFFFFFFFFFFFFFFFFFFFFFFFFFF5E
:10E2D000FFFFFFFFFFFFFFFFFFFFFFFFFFFFFFFF4E
:10E2E000FFFFFFFFFFFFFFFFFFFFFFFFFFFFFFFF3E
:10E2F000FFFFFFFFFFFFFFFFFFFFFFFFFFFFFFFF2E
:10E30000FFFFFFFFFFFFFFFFFFFFFFFFFFFFFFFF1D
:10E31000FFFFFFFFFFFFFFFFFFFFFFFFFFFFFFFF0D
:10E32000FFFFFFFFFFFFFFFFFFFFFFFFFFFFFFFFFD
:10E33000FFFFFFFFFFFFFFFFFFFFFFFFFFFFFFFFED
:10E34000FFFFFFFFFFFFFFFFFFFFFFFFFFFFFFFFDD
:10E35000FFFFFFFFFFFFFFFFFFFFFFFFFFFFFFFFCD
:10E36000FFFFFFFFFFFFFFFFFFFFFFFFFFFFFFFFBD
:10E37000FFFFFFFFFFFFFFFFFFFFFFFFFFFFFFFFAD
:10E38000FFFFFFFFFFFFFFFFFFFFFFFFFFFFFFFF9D
:10E39000FFFFFFFFFFFFFFFFFFFFFFFFFFFFFFFF8D
:10E3A000FFFFFFFFFFFFFFFFFFFFFFFFFFFFFFFF7D
:10E3B000FFFFFFFFFFFFFFFFFFFFFFFFFFFFFFFF6D
:10E3C000FFFFFFFFFFFFFFFFFFFFFFFFFFFFFFFF5D
:10E3D000FFFFFFFFFFFFFFFFFFFFFFFFFFFFFFFF4D
:10E3E000FFFFFFFFFFFFFFFFFFFFFFFFFFFFFFFF3D
:10E3F000FFFFFFFFFFFFFFFFFFFFFFFFFFFFFFFF2D
:10E40000FFFFFFFFFFFFFFFFFFFFFFFFFFFFFFFF1C
:10E41000FFFFFFFFFFFFFFFFFFFFFFFFFFFFFFFF0C
:10E42000FFFFFFFFFFFFFFFFFFFFFFFFFFFFFFFFFC
:10E43000FFFFFFFFFFFFFFFFFFFFFFFFFFFFFFFFEC
:10E44000FFFFFFFFFFFFFFFFFFFFFFFFFFFFFFFFDC
:10E45000FFFFFFFFFFFFFFFFFFFFFFFFFFFFFFFFCC
:10E46000FFFFFFFFFFFFFFFFFFFFFFFFFFFFFFFFBC
:10E47000FFFFFFFFFFFFFFFFFFFFFFFFFFFFFFFFAC
:10E48000FFFFFFFFFFFFFFFFFFFFFFFFFFFFFFFF9C
:10E49000FFFFFFFFFFFFFFFFFFFFFFFFFFFFFFFF8C
:10E4A000FFFFFFFFFFFFFFFFFFFFFFFFFFFFFFFF7C
:10E4B000FFFFFFFFFFFFFFFFFFFFFFFFFFFFFFFF6C
:10E4C000FFFFFFFFFFFFFFFFFFFFFFFFFFFFFFFF5C
:10E4D000FFFFFFFFFFFFFFFFFFFFFFFFFFFFFFFF4C
:10E4E000FFFFFFFFFFFFFFFFFFFFFFFFFFFFFFFF3C
:10E4F000FFFFFFFFFFFFFFFFFFFFFFFFFFFFFFFF2C
:10E50000FFFFFFFFFFFFFFFFFFFFFFFFFFFFFFFF1B
:10E51000FFFFFFFFFFFFFFFFFFFFFFFFFFFFFFFF0B
:10E52000FFFFFFFFFFFFFFFFFFFFFFFFFFFFFFFFFB
:10E53000FFFFFFFFFFFFFFFFFFFFFFFFFFFFFFFFEB
:10E54000FFFFFFFFFFFFFFFFFFFFFFFFFFFFFFFFDB
:10E55000FFFFFFFFFFFFFFFFFFFFFFFFFFFFFFFFCB
:10E56000FFFFFFFFFFFFFFFFFFFFFFFFFFFFFFFFBB
:10E57000FFFFFFFFFFFFFFFFFFFFFFFFFFFFFFFFAB
:10E58000FFFFFFFFFFFFFFFFFFFFFFFFFFFFFFFF9B
:10E59000FFFFFFFFFFFFFFFFFFFFFFFFFFFFFFFF8B
:10E5A000FFFFFFFFFFFFFFFFFFFFFFFFFFFFFFFF7B
:10E5B000FFFFFFFFFFFFFFFFFFFFFFFFFFFFFFFF6B
:10E5C000FFFFFFFFFFFFFFFFFFFFFFFFFFFFFFFF5B
:10E5D000FFFFFFFFFFFFFFFFFFFFFFFFFFFFFFFF4B
:10E5E000FFFFFFFFFFFFFFFFFFFFFFFFFFFFFFFF3B
:10E5F000FFFFFFFFFFFFFFFFFFFFFFFFFFFFFFFF2B
:10E60000FFFFFFFFFFFFFFFFFFFFFFFFFFFFFFFF1A
:10E61000FFFFFFFFFFFFFFFFFFFFFFFFFFFFFFFF0A
:10E62000FFFFFFFFFFFFFFFFFFFFFFFFFFFFFFFFFA
:10E63000FFFFFFFFFFFFFFFFFFFFFFFFFFFFFFFFEA
:10E64000FFFFFFFFFFFFFFFFFFFFFFFFFFFFFFFFDA
:10E65000FFFFFFFFFFFFFFFFFFFFFFFFFFFFFFFFCA
:10E66000FFFFFFFFFFFFFFFFFFFFFFFFFFFFFFFFBA
:10E67000FFFFFFFFFFFFFFFFFFFFFFFFFFFFFFFFAA
:10E68000FFFFFFFFFFFFFFFFFFFFFFFFFFFFFFFF9A
:10E69000FFFFFFFFFFFFFFFFFFFFFFFFFFFFFFFF8A
:10E6A000FFFFFFFFFFFFFFFFFFFFFFFFFFFFFFFF7A
:10E6B000FFFFFFFFFFFFFFFFFFFFFFFFFFFFFFFF6A
:10E6C000FFFFFFFFFFFFFFFFFFFFFFFFFFFFFFFF5A
:10E6D000FFFFFFFFFFFFFFFFFFFFFFFFFFFFFFFF4A
:10E6E000FFFFFFFFFFFFFFFFFFFFFFFFFFFFFFFF3A
:10E6F000FFFFFFFFFFFFFFFFFFFFFFFFFFFFFFFF2A
:10E70000FFFFFFFFFFFFFFFFFFFFFFFFFFFFFFFF19
:10E71000FFFFFFFFFFFFFFFFFFFFFFFFFFFFFFFF09
:10E72000FFFFFFFFFFFFFFFFFFFFFFFFFFFFFFFFF9
:10E73000FFFFFFFFFFFFFFFFFFFFFFFFFFFFFFFFE9
:10E74000FFFFFFFFFFFFFFFFFFFFFFFFFFFFFFFFD9
:10E75000FFFFFFFFFFFFFFFFFFFFFFFFFFFFFFFFC9
:10E76000FFFFFFFFFFFFFFFFFFFFFFFFFFFFFFFFB9
:10E77000FFFFFFFFFFFFFFFFFFFFFFFFFFFFFFFFA9
:10E78000FFFFFFFFFFFFFFFFFFFFFFFFFFFFFFFF99
:10E79000FFFFFFFFFFFFFFFFFFFFFFFFFFFFFFFF89
:10E7A000FFFFFFFFFFFFFFFFFFFFFFFFFFFFFFFF79
:10E7B000FFFFFFFFFFFFFFFFFFFFFFFFFFFFFFFF69
:10E7C000FFFFFFFFFFFFFFFFFFFFFFFFFFFFFFFF59
:10E7D000FFFFFFFFFFFFFFFFFFFFFFFFFFFFFFFF49
:10E7E000FFFFFFFFFFFFFFFFFFFFFFFFFFFFFFFF39
:10E7F000FFFFFFFFFFFFFFFFFFFFFFFFFFFFFFFF29
:10E80000FFFFFFFFFFFFFFFFFFFFFFFFFFFFFFFF18
:10E81000FFFFFFFFFFFFFFFFFFFFFFFFFFFFFFFF08
:10E82000FFFFFFFFFFFFFFFFFFFFFFFFFFFFFFFFF8
:10E83000FFFFFFFFFFFFFFFFFFFFFFFFFFFFFFFFE8
:10E84000FFFFFFFFFFFFFFFFFFFFFFFFFFFFFFFFD8
:10E85000FFFFFFFFFFFFFFFFFFFFFFFFFFFFFFFFC8
:10E86000FFFFFFFFFFFFFFFFFFFFFFFFFFFFFFFFB8
:10E87000FFFFFFFFFFFFFFFFFFFFFFFFFFFFFFFFA8
:10E88000FFFFFFFFFFFFFFFFFFFFFFFFFFFFFFFF98
:10E89000FFFFFFFFFFFFFFFFFFFFFFFFFFFFFFFF88
:10E8A000FFFFFFFFFFFFFFFFFFFFFFFFFFFFFFFF78
:10E8B000FFFFFFFFFFFFFFFFFFFFFFFFFFFFFFFF68
:10E8C000FFFFFFFFFFFFFFFFFFFFFFFFFFFFFFFF58
:10E8D000FFFFFFFFFFFFFFFFFFFFFFFFFFFFFFFF48
:10E8E000FFFFFFFFFFFFFFFFFFFFFFFFFFFFFFFF38
:10E8F000FFFFFFFFFFFFFFFFFFFFFFFFFFFFFFFF28
:10E90000FFFFFFFFFFFFFFFFFFFFFFFFFFFFFFFF17
:10E91000FFFFFFFFFFFFFFFFFFFFFFFFFFFFFFFF07
:10E92000FFFFFFFFFFFFFFFFFFFFFFFFFFFFFFFFF7
:10E93000FFFFFFFFFFFFFFFFFFFFFFFFFFFFFFFFE7
:10E94000FFFFFFFFFFFFFFFFFFFFFFFFFFFFFFFFD7
:10E95000FFFFFFFFFFFFFFFFFFFFFFFFFFFFFFFFC7
:10E96000FFFFFFFFFFFFFFFFFFFFFFFFFFFFFFFFB7
:10E97000FFFFFFFFFFFFFFFFFFFFFFFFFFFFFFFFA7
:10E98000FFFFFFFFFFFFFFFFFFFFFFFFFFFFFFFF97
:10E99000FFFFFFFFFFFFFFFFFFFFFFFFFFFFFFFF87
:10E9A000FFFFFFFFFFFFFFFFFFFFFFFFFFFFFFFF77
:10E9B000FFFFFFFFFFFFFFFFFFFFFFFFFFFFFFFF67
:10E9C000FFFFFFFFFFFFFFFFFFFFFFFFFFFFFFFF57
:10E9D000FFFFFFFFFFFFFFFFFFFFFFFFFFFFFFFF47
:10E9E000FFFFFFFFFFFFFFFFFFFFFFFFFFFFFFFF37
:10E9F000FFFFFFFFFFFFFFFFFFFFFFFFFFFFFFFF27
:10EA0000FFFFFFFFFFFFFFFFFFFFFFFFFFFFFFFF16
:10EA1000FFFFFFFFFFFFFFFFFFFFFFFFFFFFFFFF06
:10EA2000FFFFFFFFFFFFFFFFFFFFFFFFFFFFFFFFF6
:10EA3000FFFFFFFFFFFFFFFFFFFFFFFFFFFFFFFFE6
:10EA4000FFFFFFFFFFFFFFFFFFFFFFFFFFFFFFFFD6
:10EA5000FFFFFFFFFFFFFFFFFFFFFFFFFFFFFFFFC6
:10EA6000FFFFFFFFFFFFFFFFFFFFFFFFFFFFFFFFB6
:10EA7000FFFFFFFFFFFFFFFFFFFFFFFFFFFFFFFFA6
:10EA8000FFFFFFFFFFFFFFFFFFFFFFFFFFFFFFFF96
:10EA9000FFFFFFFFFFFFFFFFFFFFFFFFFFFFFFFF86
:10EAA000FFFFFFFFFFFFFFFFFFFFFFFFFFFFFFFF76
:10EAB000FFFFFFFFFFFFFFFFFFFFFFFFFFFFFFFF66
:10EAC000FFFFFFFFFFFFFFFFFFFFFFFFFFFFFFFF56
:10EAD000FFFFFFFFFFFFFFFFFFFFFFFFFFFFFFFF46
:10EAE000FFFFFFFFFFFFFFFFFFFFFFFFFFFFFFFF36
:10EAF000FFFFFFFFFFFFFFFFFFFFFFFFFFFFFFFF26
:10EB0000FFFFFFFFFFFFFFFFFFFFFFFFFFFFFFFF15
:10EB1000FFFFFFFFFFFFFFFFFFFFFFFFFFFFFFFF05
:10EB2000FFFFFFFFFFFFFFFFFFFFFFFFFFFFFFFFF5
:10EB3000FFFFFFFFFFFFFFFFFFFFFFFFFFFFFFFFE5
:10EB4000FFFFFFFFFFFFFFFFFFFFFFFFFFFFFFFFD5
:10EB5000FFFFFFFFFFFFFFFFFFFFFFFFFFFFFFFFC5
:10EB6000FFFFFFFFFFFFFFFFFFFFFFFFFFFFFFFFB5
:10EB7000FFFFFFFFFFFFFFFFFFFFFFFFFFFFFFFFA5
:10EB8000FFFFFFFFFFFFFFFFFFFFFFFFFFFFFFFF95
:10EB9000FFFFFFFFFFFFFFFFFFFFFFFFFFFFFFFF85
:10EBA000FFFFFFFFFFFFFFFFFFFFFFFFFFFFFFFF75
:10EBB000FFFFFFFFFFFFFFFFFFFFFFFFFFFFFFFF65
:10EBC000FFFFFFFFFFFFFFFFFFFFFFFFFFFFFFFF55
:10EBD000FFFFFFFFFFFFFFFFFFFFFFFFFFFFFFFF45
:10EBE000FFFFFFFFFFFFFFFFFFFFFFFFFFFFFFFF35
:10EBF000FFFFFFFFFFFFFFFFFFFFFFFFFFFFFFFF25
:10EC0000FFFFFFFFFFFFFFFFFFFFFFFFFFFFFFFF14
:10EC1000FFFFFFFFFFFFFFFFFFFFFFFFFFFFFFFF04
:10EC2000FFFFFFFFFFFFFFFFFFFFFFFFFFFFFFFFF4
:10EC3000FFFFFFFFFFFFFFFFFFFFFFFFFFFFFFFFE4
:10EC4000FFFFFFFFFFFFFFFFFFFFFFFFFFFFFFFFD4
:10EC5000FFFFFFFFFFFFFFFFFFFFFFFFFFFFFFFFC4
:10EC6000FFFFFFFFFFFFFFFFFFFFFFFFFFFFFFFFB4
:10EC7000FFFFFFFFFFFFFFFFFFFFFFFFFFFFFFFFA4
:10EC8000FFFFFFFFFFFFFFFFFFFFFFFFFFFFFFFF94
:10EC9000FFFFFFFFFFFFFFFFFFFFFFFFFFFFFFFF84
:10ECA000FFFFFFFFFFFFFFFFFFFFFFFFFFFFFFFF74
:10ECB000FFFFFFFFFFFFFFFFFFFFFFFFFFFFFFFF64
:10ECC000FFFFFFFFFFFFFFFFFFFFFFFFFFFFFFFF54
:10ECD000FFFFFFFFFFFFFFFFFFFFFFFFFFFFFFFF44
:10ECE000FFFFFFFFFFFFFFFFFFFFFFFFFFFFFFFF34
:10ECF000FFFFFFFFFFFFFFFFFFFFFFFFFFFFFFFF24
:10ED0000FFFFFFFFFFFFFFFFFFFFFFFFFFFFFFFF13
:10ED1000FFFFFFFFFFFFFFFFFFFFFFFFFFFFFFFF03
:10ED2000FFFFFFFFFFFFFFFFFFFFFFFFFFFFFFFFF3
:10ED3000FFFFFFFFFFFFFFFFFFFFFFFFFFFFFFFFE3
:10ED4000FFFFFFFFFFFFFFFFFFFFFFFFFFFFFFFFD3
:10ED5000FFFFFFFFFFFFFFFFFFFFFFFFFFFFFFFFC3
:10ED6000FFFFFFFFFFFFFFFFFFFFFFFFFFFFFFFFB3
:10ED7000FFFFFFFFFFFFFFFFFFFFFFFFFFFFFFFFA3
:10ED8000FFFFFFFFFFFFFFFFFFFFFFFFFFFFFFFF93
:10ED9000FFFFFFFFFFFFFFFFFFFFFFFFFFFFFFFF83
:10EDA000FFFFFFFFFFFFFFFFFFFFFFFFFFFFFFFF73
:10EDB000FFFFFFFFFFFFFFFFFFFFFFFFFFFFFFFF63
:10EDC000FFFFFFFFFFFFFFFFFFFFFFFFFFFFFFFF53
:10EDD000FFFFFFFFFFFFFFFFFFFFFFFFFFFFFFFF43
:10EDE000FFFFFFFFFFFFFFFFFFFFFFFFFFFFFFFF33
:10EDF000FFFFFFFFFFFFFFFFFFFFFFFFFFFFFFFF23
:10EE0000FFFFFFFFFFFFFFFFFFFFFFFFFFFFFFFF12
:10EE1000FFFFFFFFFFFFFFFFFFFFFFFFFFFFFFFF02
:10EE2000FFFFFFFFFFFFFFFFFFFFFFFFFFFFFFFFF2
:10EE3000FFFFFFFFFFFFFFFFFFFFFFFFFFFFFFFFE2
:10EE4000FFFFFFFFFFFFFFFFFFFFFFFFFFFFFFFFD2
:10EE5000FFFFFFFFFFFFFFFFFFFFFFFFFFFFFFFFC2
:10EE6000FFFFFFFFFFFFFFFFFFFFFFFFFFFFFFFFB2
:10EE7000FFFFFFFFFFFFFFFFFFFFFFFFFFFFFFFFA2
:10EE8000FFFFFFFFFFFFFFFFFFFFFFFFFFFFFFFF92
:10EE9000FFFFFFFFFFFFFFFFFFFFFFFFFFFFFFFF82
:10EEA000FFFFFFFFFFFFFFFFFFFFFFFFFFFFFFFF72
:10EEB000FFFFFFFFFFFFFFFFFFFFFFFFFFFFFFFF62
:10EEC000FFFFFFFFFFFFFFFFFFFFFFFFFFFFFFFF52
:10EED000FFFFFFFFFFFFFFFFFFFFFFFFFFFFFFFF42
:10EEE000FFFFFFFFFFFFFFFFFFFFFFFFFFFFFFFF32
:10EEF000FFFFFFFFFFFFFFFFFFFFFFFFFFFFFFFF22
:10EF0000FFFFFFFFFFFFFFFFFFFFFFFFFFFFFFFF11
:10EF1000FFFFFFFFFFFFFFFFFFFFFFFFFFFFFFFF01
:10EF2000FFFFFFFFFFFFFFFFFFFFFFFFFFFFFFFFF1
:10EF3000FFFFFFFFFFFFFFFFFFFFFFFFFFFFFFFFE1
:10EF4000FFFFFFFFFFFFFFFFFFFFFFFFFFFFFFFFD1
:10EF5000FFFFFFFFFFFFFFFFFFFFFFFFFFFFFFFFC1
:10EF6000FFFFFFFFFFFFFFFFFFFFFFFFFFFFFFFFB1
:10EF7000FFFFFFFFFFFFFFFFFFFFFFFFFFFFFFFFA1
:10EF8000FFFFFFFFFFFFFFFFFFFFFFFFFFFFFFFF91
:10EF9000FFFFFFFFFFFFFFFFFFFFFFFFFFFFFFFF81
:10EFA000FFFFFFFFFFFFFFFFFFFFFFFFFFFFFFFF71
:10EFB000FFFFFFFFFFFFFFFFFFFFFFFFFFFFFFFF61
:10EFC000FFFFFFFFFFFFFFFFFFFFFFFFFFFFFFFF51
:10EFD000FFFFFFFFFFFFFFFFFFFFFFFFFFFFFFFF41
:10EFE000FFFFFFFFFFFFFFFFFFFFFFFFFFFFFFFF31
:10EFF000FFFFFFFFFFFFFFFFFFFFFFFFFFFFFFFF21
:10F00000FFFFFFFFFFFFFFFFFFFFFFFFFFFFFFFF10
:10F01000FFFFFFFFFFFFFFFFFFFFFFFFFFFFFFFF00
:10F02000FFFFFFFFFFFFFFFFFFFFFFFFFFFFFFFFF0
:10F03000FFFFFFFFFFFFFFFFFFFFFFFFFFFFFFFFE0
:10F04000FFFFFFFFFFFFFFFFFFFFFFFFFFFFFFFFD0
:10F05000FFFFFFFFFFFFFFFFFFFFFFFFFFFFFFFFC0
:10F06000FFFFFFFFFFFFFFFFFFFFFFFFFFFFFFFFB0
:10F07000FFFFFFFFFFFFFFFFFFFFFFFFFFFFFFFFA0
:10F08000FFFFFFFFFFFFFFFFFFFFFFFFFFFFFFFF90
:10F09000FFFFFFFFFFFFFFFFFFFFFFFFFFFFFFFF80
:10F0A000FFFFFFFFFFFFFFFFFFFFFFFFFFFFFFFF70
:10F0B000FFFFFFFFFFFFFFFFFFFFFFFFFFFFFFFF60
:10F0C000FFFFFFFFFFFFFFFFFFFFFFFFFFFFFFFF50
:10F0D000FFFFFFFFFFFFFFFFFFFFFFFFFFFFFFFF40
:10F0E000FFFFFFFFFFFFFFFFFFFFFFFFFFFFFFFF30
:10F0F000FFFFFFFFFFFFFFFFFFFFFFFFFFFFFFFF20
:10F10000FFFFFFFFFFFFFFFFFFFFFFFFFFFFFFFF0F
:10F11000FFFFFFFFFFFFFFFFFFFFFFFFFFFFFFFFFF
:10F12000FFFFFFFFFFFFFFFFFFFFFFFFFFFFFFFFEF
:10F13000FFFFFFFFFFFFFFFFFFFFFFFFFFFFFFFFDF
:10F14000FFFFFFFFFFFFFFFFFFFFFFFFFFFFFFFFCF
:10F15000FFFFFFFFFFFFFFFFFFFFFFFFFFFFFFFFBF
:10F16000FFFFFFFFFFFFFFFFFFFFFFFFFFFFFFFFAF
:10F17000FFFFFFFFFFFFFFFFFFFFFFFFFFFFFFFF9F
:10F18000FFFFFFFFFFFFFFFFFFFFFFFFFFFFFFFF8F
:10F19000FFFFFFFFFFFFFFFFFFFFFFFFFFFFFFFF7F
:10F1A000FFFFFFFFFFFFFFFFFFFFFFFFFFFFFFFF6F
:10F1B000FFFFFFFFFFFFFFFFFFFFFFFFFFFFFFFF5F
:10F1C000FFFFFFFFFFFFFFFFFFFFFFFFFFFFFFFF4F
:10F1D000FFFFFFFFFFFFFFFFFFFFFFFFFFFFFFFF3F
:10F1E000FFFFFFFFFFFFFFFFFFFFFFFFFFFFFFFF2F
:10F1F000FFFFFFFFFFFFFFFFFFFFFFFFFFFFFFFF1F
:10F20000FFFFFFFFFFFFFFFFFFFFFFFFFFFFFFFF0E
:10F21000FFFFFFFFFFFFFFFFFFFFFFFFFFFFFFFFFE
:10F22000FFFFFFFFFFFFFFFFFFFFFFFFFFFFFFFFEE
:10F23000FFFFFFFFFFFFFFFFFFFFFFFFFFFFFFFFDE
:10F24000FFFFFFFFFFFFFFFFFFFFFFFFFFFFFFFFCE
:10F25000FFFFFFFFFFFFFFFFFFFFFFFFFFFFFFFFBE
:10F26000FFFFFFFFFFFFFFFFFFFFFFFFFFFFFFFFAE
:10F27000FFFFFFFFFFFFFFFFFFFFFFFFFFFFFFFF9E
:10F28000FFFFFFFFFFFFFFFFFFFFFFFFFFFFFFFF8E
:10F29000FFFFFFFFFFFFFFFFFFFFFFFFFFFFFFFF7E
:10F2A000FFFFFFFFFFFFFFFFFFFFFFFFFFFFFFFF6E
:10F2B000FFFFFFFFFFFFFFFFFFFFFFFFFFFFFFFF5E
:10F2C000FFFFFFFFFFFFFFFFFFFFFFFFFFFFFFFF4E
:10F2D000FFFFFFFFFFFFFFFFFFFFFFFFFFFFFFFF3E
:10F2E000FFFFFFFFFFFFFFFFFFFFFFFFFFFFFFFF2E
:10F2F000FFFFFFFFFFFFFFFFFFFFFFFFFFFFFFFF1E
:10F30000FFFFFFFFFFFFFFFFFFFFFFFFFFFFFFFF0D
:10F31000FFFFFFFFFFFFFFFFFFFFFFFFFFFFFFFFFD
:10F32000FFFFFFFFFFFFFFFFFFFFFFFFFFFFFFFFED
:10F33000FFFFFFFFFFFFFFFFFFFFFFFFFFFFFFFFDD
:10F34000FFFFFFFFFFFFFFFFFFFFFFFFFFFFFFFFCD
:10F35000FFFFFFFFFFFFFFFFFFFFFFFFFFFFFFFFBD
:10F36000FFFFFFFFFFFFFFFFFFFFFFFFFFFFFFFFAD
:10F37000FFFFFFFFFFFFFFFFFFFFFFFFFFFFFFFF9D
:10F38000FFFFFFFFFFFFFFFFFFFFFFFFFFFFFFFF8D
:10F39000FFFFFFFFFFFFFFFFFFFFFFFFFFFFFFFF7D
:10F3A000FFFFFFFFFFFFFFFFFFFFFFFFFFFFFFFF6D
:10F3B000FFFFFFFFFFFFFFFFFFFFFFFFFFFFFFFF5D
:10F3C000FFFFFFFFFFFFFFFFFFFFFFFFFFFFFFFF4D
:10F3D000FFFFFFFFFFFFFFFFFFFFFFFFFFFFFFFF3D
:10F3E000FFFFFFFFFFFFFFFFFFFFFFFFFFFFFFFF2D
:10F3F000FFFFFFFFFFFFFFFFFFFFFFFFFFFFFFFF1D
:10F40000FFFFFFFFFFFFFFFFFFFFFFFFFFFFFFFF0C
:10F41000FFFFFFFFFFFFFFFFFFFFFFFFFFFFFFFFFC
:10F42000FFFFFFFFFFFFFFFFFFFFFFFFFFFFFFFFEC
:10F43000FFFFFFFFFFFFFFFFFFFFFFFFFFFFFFFFDC
:10F44000FFFFFFFFFFFFFFFFFFFFFFFFFFFFFFFFCC
:10F45000FFFFFFFFFFFFFFFFFFFFFFFFFFFFFFFFBC
:10F46000FFFFFFFFFFFFFFFFFFFFFFFFFFFFFFFFAC
:10F47000FFFFFFFFFFFFFFFFFFFFFFFFFFFFFFFF9C
:10F48000FFFFFFFFFFFFFFFFFFFFFFFFFFFFFFFF8C
:10F49000FFFFFFFFFFFFFFFFFFFFFFFFFFFFFFFF7C
:10F4A000FFFFFFFFFFFFFFFFFFFFFFFFFFFFFFFF6C
:10F4B000FFFFFFFFFFFFFFFFFFFFFFFFFFFFFFFF5C
:10F4C000FFFFFFFFFFFFFFFFFFFFFFFFFFFFFFFF4C
:10F4D000FFFFFFFFFFFFFFFFFFFFFFFFFFFFFFFF3C
:10F4E000FFFFFFFFFFFFFFFFFFFFFFFFFFFFFFFF2C
:10F4F000FFFFFFFFFFFFFFFFFFFFFFFFFFFFFFFF1C
:10F50000FFFFFFFFFFFFFFFFFFFFFFFFFFFFFFFF0B
:10F51000FFFFFFFFFFFFFFFFFFFFFFFFFFFFFFFFFB
:10F52000FFFFFFFFFFFFFFFFFFFFFFFFFFFFFFFFEB
:10F53000FFFFFFFFFFFFFFFFFFFFFFFFFFFFFFFFDB
:10F54000FFFFFFFFFFFFFFFFFFFFFFFFFFFFFFFFCB
:10F55000FFFFFFFFFFFFFFFFFFFFFFFFFFFFFFFFBB
:10F56000FFFFFFFFFFFFFFFFFFFFFFFFFFFFFFFFAB
:10F57000FFFFFFFFFFFFFFFFFFFFFFFFFFFFFFFF9B
:10F58000FFFFFFFFFFFFFFFFFFFFFFFFFFFFFFFF8B
:10F59000FFFFFFFFFFFFFFFFFFFFFFFFFFFFFFFF7B
:10F5A000FFFFFFFFFFFFFFFFFFFFFFFFFFFFFFFF6B
:10F5B000FFFFFFFFFFFFFFFFFFFFFFFFFFFFFFFF5B
:10F5C000FFFFFFFFFFFFFFFFFFFFFFFFFFFFFFFF4B
:10F5D000FFFFFFFFFFFFFFFFFFFFFFFFFFFFFFFF3B
:10F5E000FFFFFFFFFFFFFFFFFFFFFFFFFFFFFFFF2B
:10F5F000FFFFFFFFFFFFFFFFFFFFFFFFFFFFFFFF1B
:10F60000FFFFFFFFFFFFFFFFFFFFFFFFFFFFFFFF0A
:10F61000FFFFFFFFFFFFFFFFFFFFFFFFFFFFFFFFFA
:10F62000FFFFFFFFFFFFFFFFFFFFFFFFFFFFFFFFEA
:10F63000FFFFFFFFFFFFFFFFFFFFFFFFFFFFFFFFDA
:10F64000FFFFFFFFFFFFFFFFFFFFFFFFFFFFFFFFCA
:10F65000FFFFFFFFFFFFFFFFFFFFFFFFFFFFFFFFBA
:10F66000FFFFFFFFFFFFFFFFFFFFFFFFFFFFFFFFAA
:10F67000FFFFFFFFFFFFFFFFFFFFFFFFFFFFFFFF9A
:10F68000FFFFFFFFFFFFFFFFFFFFFFFFFFFFFFFF8A
:10F69000FFFFFFFFFFFFFFFFFFFFFFFFFFFFFFFF7A
:10F6A000FFFFFFFFFFFFFFFFFFFFFFFFFFFFFFFF6A
:10F6B000FFFFFFFFFFFFFFFFFFFFFFFFFFFFFFFF5A
:10F6C000FFFFFFFFFFFFFFFFFFFFFFFFFFFFFFFF4A
:10F6D000FFFFFFFFFFFFFFFFFFFFFFFFFFFFFFFF3A
:10F6E000FFFFFFFFFFFFFFFFFFFFFFFFFFFFFFFF2A
:10F6F000FFFFFFFFFFFFFFFFFFFFFFFFFFFFFFFF1A
:10F70000FFFFFFFFFFFFFFFFFFFFFFFFFFFFFFFF09
:10F71000FFFFFFFFFFFFFFFFFFFFFFFFFFFFFFFFF9
:10F72000FFFFFFFFFFFFFFFFFFFFFFFFFFFFFFFFE9
:10F73000FFFFFFFFFFFFFFFFFFFFFFFFFFFFFFFFD9
:10F74000FFFFFFFFFFFFFFFFFFFFFFFFFFFFFFFFC9
:10F75000FFFFFFFFFFFFFFFFFFFFFFFFFFFFFFFFB9
:10F76000FFFFFFFFFFFFFFFFFFFFFFFFFFFFFFFFA9
:10F77000FFFFFFFFFFFFFFFFFFFFFFFFFFFFFFFF99
:10F78000FFFFFFFFFFFFFFFFFFFFFFFFFFFFFFFF89
:10F79000FFFFFFFFFFFFFFFFFFFFFFFFFFFFFFFF79
:10F7A000FFFFFFFFFFFFFFFFFFFFFFFFFFFFFFFF69
:10F7B000FFFFFFFFFFFFFFFFFFFFFFFFFFFFFFFF59
:10F7C000FFFFFFFFFFFFFFFFFFFFFFFFFFFFFFFF49
:10F7D000FFFFFFFFFFFFFFFFFFFFFFFFFFFFFFFF39
:10F7E000FFFFFFFFFFFFFFFFFFFFFFFFFFFFFFFF29
:10F7F000FFFFFFFFFFFFFFFFFFFFFFFFFFFFFFFF19
:10F80000FFFFFFFFFFFFFFFFFFFFFFFFFFFFFFFF08
:10F81000FFFFFFFFFFFFFFFFFFFFFFFFFFFFFFFFF8
:10F82000FFFFFFFFFFFFFFFFFFFFFFFFFFFFFFFFE8
:10F83000FFFFFFFFFFFFFFFFFFFFFFFFFFFFFFFFD8
:10F84000FFFFFFFFFFFFFFFFFFFFFFFFFFFFFFFFC8
:10F85000FFFFFFFFFFFFFFFFFFFFFFFFFFFFFFFFB8
:10F86000FFFFFFFFFFFFFFFFFFFFFFFFFFFFFFFFA8
:10F87000FFFFFFFFFFFFFFFFFFFFFFFFFFFFFFFF98
:10F88000FFFFFFFFFFFFFFFFFFFFFFFFFFFFFFFF88
:10F89000FFFFFFFFFFFFFFFFFFFFFFFFFFFFFFFF78
:10F8A000FFFFFFFFFFFFFFFFFFFFFFFFFFFFFFFF68
:10F8B000FFFFFFFFFFFFFFFFFFFFFFFFFFFFFFFF58
:10F8C000FFFFFFFFFFFFFFFFFFFFFFFFFFFFFFFF48
:10F8D000FFFFFFFFFFFFFFFFFFFFFFFFFFFFFFFF38
:10F8E000FFFFFFFFFFFFFFFFFFFFFFFFFFFFFFFF28
:10F8F000FFFFFFFFFFFFFFFFFFFFFFFFFFFFFFFF18
:10F90000FFFFFFFFFFFFFFFFFFFFFFFFFFFFFFFF07
:10F91000FFFFFFFFFFFFFFFFFFFFFFFFFFFFFFFFF7
:10F92000FFFFFFFFFFFFFFFFFFFFFFFFFFFFFFFFE7
:10F93000FFFFFFFFFFFFFFFFFFFFFFFFFFFFFFFFD7
:10F94000FFFFFFFFFFFFFFFFFFFFFFFFFFFFFFFFC7
:10F95000FFFFFFFFFFFFFFFFFFFFFFFFFFFFFFFFB7
:10F96000FFFFFFFFFFFFFFFFFFFFFFFFFFFFFFFFA7
:10F97000FFFFFFFFFFFFFFFFFFFFFFFFFFFFFFFF97
:10F98000FFFFFFFFFFFFFFFFFFFFFFFFFFFFFFFF87
:10F99000FFFFFFFFFFFFFFFFFFFFFFFFFFFFFFFF77
:10F9A000FFFFFFFFFFFFFFFFFFFFFFFFFFFFFFFF67
:10F9B000FFFFFFFFFFFFFFFFFFFFFFFFFFFFFFFF57
:10F9C000FFFFFFFFFFFFFFFFFFFFFFFFFFFFFFFF47
:10F9D000FFFFFFFFFFFFFFFFFFFFFFFFFFFFFFFF37
:10F9E000FFFFFFFFFFFFFFFFFFFFFFFFFFFFFFFF27
:10F9F000FFFFFFFFFFFFFFFFFFFFFFFFFFFFFFFF17
:10FA0000FFFFFFFFFFFFFFFFFFFFFFFFFFFFFFFF06
:10FA1000FFFFFFFFFFFFFFFFFFFFFFFFFFFFFFFFF6
:10FA2000FFFFFFFFFFFFFFFFFFFFFFFFFFFFFFFFE6
:10FA3000FFFFFFFFFFFFFFFFFFFFFFFFFFFFFFFFD6
:10FA4000FFFFFFFFFFFFFFFFFFFFFFFFFFFFFFFFC6
:10FA5000FFFFFFFFFFFFFFFFFFFFFFFFFFFFFFFFB6
:10FA6000FFFFFFFFFFFFFFFFFFFFFFFFFFFFFFFFA6
:10FA7000FFFFFFFFFFFFFFFFFFFFFFFFFFFFFFFF96
:10FA8000FFFFFFFFFFFFFFFFFFFFFFFFFFFFFFFF86
:10FA9000FFFFFFFFFFFFFFFFFFFFFFFFFFFFFFFF76
:10FAA000FFFFFFFFFFFFFFFFFFFFFFFFFFFFFFFF66
:10FAB000FFFFFFFFFFFFFFFFFFFFFFFFFFFFFFFF56
:10FAC000FFFFFFFFFFFFFFFFFFFFFFFFFFFFFFFF46
:10FAD000FFFFFFFFFFFFFFFFFFFFFFFFFFFFFFFF36
:10FAE000FFFFFFFFFFFFFFFFFFFFFFFFFFFFFFFF26
:10FAF000FFFFFFFFFFFFFFFFFFFFFFFFFFFFFFFF16
:10FB0000FFFFFFFFFFFFFFFFFFFFFFFFFFFFFFFF05
:10FB1000FFFFFFFFFFFFFFFFFFFFFFFFFFFFFFFFF5
:10FB2000FFFFFFFFFFFFFFFFFFFFFFFFFFFFFFFFE5
:10FB3000FFFFFFFFFFFFFFFFFFFFFFFFFFFFFFFFD5
:10FB4000FFFFFFFFFFFFFFFFFFFFFFFFFFFFFFFFC5
:10FB5000FFFFFFFFFFFFFFFFFFFFFFFFFFFFFFFFB5
:10FB6000FFFFFFFFFFFFFFFFFFFFFFFFFFFFFFFFA5
:10FB7000FFFFFFFFFFFFFFFFFFFFFFFFFFFFFFFF95
:10FB8000FFFFFFFFFFFFFFFFFFFFFFFFFFFFFFFF85
:10FB9000FFFFFFFFFFFFFFFFFFFFFFFFFFFFFFFF75
:10FBA000FFFFFFFFFFFFFFFFFFFFFFFFFFFFFFFF65
:10FBB000FFFFFFFFFFFFFFFFFFFFFFFFFFFFFFFF55
:10FBC000FFFFFFFFFFFFFFFFFFFFFFFFFFFFFFFF45
:10FBD000FFFFFFFFFFFFFFFFFFFFFFFFFFFFFFFF35
:10FBE000FFFFFFFFFFFFFFFFFFFFFFFFFFFFFFFF25
:10FBF000FFFFFFFFFFFFFFFFFFFFFFFFFFFFFFFF15
:10FC0000FFFFFFFFFFFFFFFFFFFFFFFFFFFFFFFF04
:10FC1000FFFFFFFFFFFFFFFFFFFFFFFFFFFFFFFFF4
:10FC2000FFFFFFFFFFFFFFFFFFFFFFFFFFFFFFFFE4
:10FC3000FFFFFFFFFFFFFFFFFFFFFFFFFFFFFFFFD4
:10FC4000FFFFFFFFFFFFFFFFFFFFFFFFFFFFFFFFC4
:10FC5000FFFFFFFFFFFFFFFFFFFFFFFFFFFFFFFFB4
:10FC6000FFFFFFFFFFFFFFFFFFFFFFFFFFFFFFFFA4
:10FC7000FFFFFFFFFFFFFFFFFFFFFFFFFFFFFFFF94
:10FC8000FFFFFFFFFFFFFFFFFFFFFFFFFFFFFFFF84
:10FC9000FFFFFFFFFFFFFFFFFFFFFFFFFFFFFFFF74
:10FCA000FFFFFFFFFFFFFFFFFFFFFFFFFFFFFFFF64
:10FCB000FFFFFFFFFFFFFFFFFFFFFFFFFFFFFFFF54
:10FCC000FFFFFFFFFFFFFFFFFFFFFFFFFFFFFFFF44
:10FCD000FFFFFFFFFFFFFFFFFFFFFFFFFFFFFFFF34
:10FCE000FFFFFFFFFFFFFFFFFFFFFFFFFFFFFFFF24
:10FCF000FFFFFFFFFFFFFFFFFFFFFFFFFFFFFFFF14
:10FD0000FFFFFFFFFFFFFFFFFFFFFFFFFFFFFFFF03
:10FD1000FFFFFFFFFFFFFFFFFFFFFFFFFFFFFFFFF3
:10FD2000FFFFFFFFFFFFFFFFFFFFFFFFFFFFFFFFE3
:10FD3000FFFFFFFFFFFFFFFFFFFFFFFFFFFFFFFFD3
:10FD4000FFFFFFFFFFFFFFFFFFFFFFFFFFFFFFFFC3
:10FD5000FFFFFFFFFFFFFFFFFFFFFFFFFFFFFFFFB3
:10FD6000FFFFFFFFFFFFFFFFFFFFFFFFFFFFFFFFA3
:10FD7000FFFFFFFFFFFFFFFFFFFFFFFFFFFFFFFF93
:10FD8000FFFFFFFFFFFFFFFFFFFFFFFFFFFFFFFF83
:10FD9000FFFFFFFFFFFFFFFFFFFFFFFFFFFFFFFF73
:10FDA000FFFFFFFFFFFFFFFFFFFFFFFFFFFFFFFF63
:10FDB000FFFFFFFFFFFFFFFFFFFFFFFFFFFFFFFF53
:10FDC000FFFFFFFFFFFFFFFFFFFFFFFFFFFFFFFF43
:10FDD000FFFFFFFFFFFFFFFFFFFFFFFFFFFFFFFF33
:10FDE000FFFFFFFFFFFFFFFFFFFFFFFFFFFFFFFF23
:10FDF000FFFFFFFFFFFFFFFFFFFFFFFFFFFFFFFF13
:10FE0000FFFFFFFFFFFFFFFFFFFFFFFFFFFFFFFF02
:10FE1000FFFFFFFFFFFFFFFFFFFFFFFFFFFFFFFFF2
:10FE2000FFFFFFFFFFFFFFFFFFFFFFFFFFFFFFFFE2
:10FE3000FFFFFFFFFFFFFFFFFFFFFFFFFFFFFFFFD2
:10FE4000FFFFFFFFFFFFFFFFFFFFFFFFFFFFFFFFC2
:10FE5000FFFFFFFFFFFFFFFFFFFFFFFFFFFFFFFFB2
:10FE6000FFFFFFFFFFFFFFFFFFFFFFFFFFFFFFFFA2
:10FE7000FFFFFFFFFFFFFFFFFFFFFFFFFFFFFFFF92
:10FE8000FFFFFFFFFFFFFFFFFFFFFFFFFFFFFFFF82
:10FE9000FFFFFFFFFFFFFFFFFFFFFFFFFFFFFFFF72
:10FEA000FFFFFFFFFFFFFFFFFFFFFFFFFFFFFFFF62
:10FEB000FFFFFFFFFFFFFFFFFFFFFFFFFFFFFFFF52
:10FEC000FFFFFFFFFFFFFFFFFFFFFFFFFFFFFFFF42
:10FED000FFFFFFFFFFFFFFFFFFFFFFFFFFFFFFFF32
:10FEE000FFFFFFFFFFFFFFFFFFFFFFFFFFFFFFFF22
:10FEF000FFFFFFFFFFFFFFFFFFFFFFFFFFFFFFFF12
:10FF0000FFFFFFFFFFFFFFFFFFFFFFFFFFFFFFFF01
:10FF1000FFFFFFFFFFFFFFFFFFFFFFFFFFFFFFFFF1
:10FF2000FFFFFFFFFFFFFFFFFFFFFFFFFFFFFFFFE1
:10FF3000FFFFFFFFFFFFFFFFFFFFFFFFFFFFFFFFD1
:10FF4000FFFFFFFFFFFFFFFFFFFFFFFFFFFFFFFFC1
:10FF5000FFFFFFFFFFFFFFFFFFFFFFFFFFFFFFFFB1
:10FF6000FFFFFFFFFFFFFFFFFFFFFFFFFFFFFFFFA1
:10FF7000FFFFFFFFFFFFFFFFFFFFFFFFFFFFFFFF91
:10FF8000FFFFFFFFFFFFFFFFFFFFFFFFFFFFFFFF81
:10FF9000FFFFFFFFFFFFFFFFFFFFFFFFFFFFFFFF71
:10FFA000FFFFFFFFFFFFFFFFFFFFFFFFFFFFFFFF61
:10FFB000FFFFFFFFFFFFFFFFFFFFFFFFFFFFFFFF51
:10FFC000FFFFFFFFFFFFFFFFFFFFFFFFFFFFFFFF41
:10FFD000FFFFFFFFFFFFFFFFFFFFFFFFFFFFFFFF31
:10FFE000FFFFFFFFFFFFFFFFFFFFFFFFFFFFFFFF21
:10FFF000FFFFFFFFFFFFFFFFFFFFFFFFFFFFFFFF11
:00000001FF
