:020000040800F2
:10900000244B002051DD000809430108BDDD0008A4
:109010000000000000000000000000000000000050
:10902000000000000000000000000000BDDD00089E
:10903000000000000000000021CE000865CE0008FE
:109040003537010845370108693E0108793E0108B6
:109050009D2001085D4701086D4701087D47010813
:109060008D470108654101088D41010869360108F5
:1090700095360108612D0108852D0108A92D0108EB
:10908000CD2D01087944010889440108994401085B
:10909000A9440108893E0108DD420108B1420108E6
:1090A00069230108FD220108F12D01085131010851
:1090B00079310108A1310108C93101081D320108C7
:1090C000002243088B4274D303098B425FD3030A07
:1090D0008B4244D3030B8B4228D3030C8B420DD31A
:1090E000FF22090212BA030C8B4202D312120902A8
:1090F00065D0030B8B4219D300E0090AC30B8B42E6
:1091000001D3CB03C01A5241830B8B4201D38B0393
:10911000C01A5241430B8B4201D34B03C01A524138
:10912000030B8B4201D30B03C01A5241C30A8B427B
:1091300001D3CB02C01A5241830A8B4201D38B0266
:10914000C01A5241430A8B4201D34B02C01A52410A
:10915000030A8B4201D30B02C01A5241CDD2C3097C
:109160008B4201D3CB01C01A524183098B4201D3F8
:109170008B01C01A524143098B4201D34B01C01AE3
:10918000524103098B4201D30B01C01A5241C3085B
:109190008B4201D3CB00C01A524183088B4201D3CA
:1091A0008B00C01A524143088B4201D34B00C01AB6
:1091B0005241411A00D20146524110467047FFE722
:1091C00001B5002000F0F0F802BDC0460029F7D03C
:1091D00076E7704703460B437FD4002243088B4257
:1091E00074D303098B425FD3030A8B4244D3030B2E
:1091F0008B4228D3030C8B420DD3FF22090212BAF3
:10920000030C8B4202D31212090265D0030B8B426E
:1092100019D300E0090AC30B8B4201D3CB03C01A58
:109220005241830B8B4201D38B03C01A5241430B33
:109230008B4201D34B03C01A5241030B8B4201D323
:109240000B03C01A5241C30A8B4201D3CB02C01A8E
:109250005241830A8B4201D38B02C01A5241430A06
:109260008B4201D34B02C01A5241030A8B4201D3F5
:109270000B02C01A5241CDD2C3098B4201D3CB019C
:10928000C01A524183098B4201D38B01C01A52414B
:1092900043098B4201D34B01C01A524103098B424F
:1092A00001D30B01C01A5241C3088B4201D3CB003A
:1092B000C01A524183088B4201D38B00C01A52411D
:1092C00043088B4201D34B00C01A5241411A00D2CD
:1092D00001465241104670475DE0CA0F00D0494236
:1092E000031000D34042534000229C4603098B42A6
:1092F0002DD3030A8B4212D3FC22890112BA030A2E
:109300008B420CD3890192118B4208D389019211AF
:109310008B4204D389013AD0921100E08909C30934
:109320008B4201D3CB01C01A524183098B4201D336
:109330008B01C01A524143098B4201D34B01C01A21
:10934000524103098B4201D30B01C01A5241C30899
:109350008B4201D3CB00C01A524183088B4201D308
:109360008B00C01A5241D9D243088B4201D34B0023
:10937000C01A5241411A00D20146634652415B1065
:10938000104601D34042002B00D549427047634646
:109390005B1000D3404201B5002000F005F802BD8B
:1093A0000029F8D016E770477047C0468446101C65
:1093B00062468C46191C634600E0C0461FB500F0AB
:1093C0009FFE002801D40021C8421FBD10B500F047
:1093D000F3FD4042013010BD10B500F091FE0028B1
:1093E00001DB002010BD012010BDC04610B500F00B
:1093F00087FE002801DD002010BD012010BDC04601
:1094000010B500F019FE002801DC002010BD01207D
:1094100010BDC04610B500F00FFE002801DA002094
:1094200010BD012010BDC0468446081C6146FFE700
:109430001FB500F03BFA002801D40021C8421FBD2F
:1094400010B500F0C7F94042013010BD10B500F072
:109450002DFA002801DB002010BD012010BDC04600
:1094600010B500F023FA002801DD002010BD012016
:1094700010BDC04610B500F0D5F9002801DC002071
:1094800010BD012010BDC04610B500F0CBF900287A
:1094900001DA002010BD012010BDC046F0B54F46D6
:1094A0004646C0B41604360C9946330005042C0C0D
:1094B000070C150C63437E436F4365431C0CAD19C9
:1094C00064199C46A64203D980235B029846474410
:1094D0006346250CEF191D044B464A4343432D0CAC
:1094E000240464199918C91920000CBC90469946A7
:1094F000F0BDC0469E2110B5C905041CFFF7C4FF8E
:10950000002803D1201C00F0AFFC10BD9E21201CC0
:10951000C90500F023FB00F0A7FC80231B069C4636
:109520006044F2E770B500220C4B04000D00FFF719
:1095300071FF002804D12000290001F019FC70BD42
:10954000064B00222000290001F0BEF801F010FCBB
:1095500080231B069C466044F1E7C0460000E041C2
:1095600070B501F073FC00220B4B0D00040000F0FD
:1095700031FEFFF7D7FF060001F030FC0022074B59
:1095800000F028FE02000B002000290001F09CF8EA
:10959000FFF7C8FF310070BD0000F03D0000F04152
:1095A000F0B5564644465F464D46F0B44402460088
:1095B000C70F83B08846650A360EBA463DD0FF2EE7
:1095C00022D00023EC00802599469B46ED042543DC
:1095D0007F3E43465C025800DB0F640A000E98464B
:1095E00036D0FF2830D080230021E400DB041C4368
:1095F0007F38301A0190484642460843724E800038
:1096000030587A4013008746002D44D108239946EC
:10961000063B9B46DDE70122FF2000241A4064023E
:10962000C305640AD2071C431443200003B03CBCAA
:1096300090469946A246AB46F0BD002D20D10423AA
:109640009946033B9B46C4E7002C17D1022102E058
:10965000002C0AD10121321A01924A4643460A439C
:109660005A48920082587B409746200001F042FC05
:10967000431F76309C4040420021BAE70321B8E7FF
:10968000280001F037FC431F9D40002376304642FE
:1096900099469B469DE70C239946093B9B4698E7D4
:1096A00080240022E403FF20B9E70024C2468B4651
:1096B0005A465346022AAED0032A7DD0012A31D120
:1096C000012200201A400024A9E70122101A1B28B9
:1096D00056DD1A4000200024A1E78023DB031D4251
:1096E0004BD18023DB032B435C02640A3A00FF204A
:1096F00095E76D016001854230D2019A0024013A5C
:1097000001921B220127290064006D00002901DB62
:10971000A84201D82D1A3C43013A002AF3D16A1E0F
:1097200095412C4301987F300028CEDD620704D09C
:109730000F222240042A00D00434220103D5244AF7
:10974000019814408030FE2800DD64E70122A40166
:10975000640AC0B21A4062E72C00A9E72D1A1A2247
:109760000124CFE76B02BCD500248023DB031C431C
:109770006402640A4246FF2051E71C42B3D1F4E779
:1097800021002022C140101A8440621E94410C43E3
:10979000620704D00F222240042A00D00434620160
:1097A00004D5012201201A40002438E70122A40137
:1097B000640A1A40002032E78023DB031C43640262
:1097C000640A5246FF202AE77C880108BC88010809
:1097D000FFFFFFF7430270B542004C005D0AC30F64
:1097E0004802120E460A240EC90FFF2A0FD0FF2C82
:1097F00011D00120A24200D070BDB542FCD18B42F5
:109800000DD0002AF8D12800431E9841F4E701202A
:10981000002DF1D1EBE70120002EEDD1E9E700208A
:10982000EAE7C0464302F0B542005D0AC30F4802B2
:10983000440A4800120E000EC90FFF2A1FD0FF284D
:1098400022D0002A09D16E426E4100280FD1002C8F
:109850000DD10020002D09D005E0002801D1002CF9
:1098600001D08B4213D0584201231843F0BD002E83
:10987000F7D048424141012049420843F6E7002D14
:10988000DDD002204042F1E7002CDAD0F9E7824235
:10989000E9DC04DBA542E6D80020A542E6D2584226
:1098A000434101205B421843E0E7C0464302F0B564
:1098B00042004C005E0AC30F4802120E450A240EF5
:1098C000C90FFF2A17D0FF2C19D0002A0BD17042E4
:1098D0007041002C17D0002807D048424141012098
:1098E00049420843F0BD002C13D08B4214D058429B
:1098F00001231843F6E70220002EF3D1E3E702200C
:10990000002DEFD1E1E7002DE5D10020002EE9D0B8
:10991000EDE7002DE9D1EAE7A242E8DC04DBAE4244
:10992000E5D80020AE42DDD25842434101205B42DF
:109930001843D7E7F0B557464E4645464300E0B4D6
:1099400046028846760A1F0EC40F002F47D0FF2F0D
:1099500025D0002380259A469946F600ED042E4333
:109960007F3F434642465D02D20F5B006D0A1B0EED
:10997000904640D0FF2B39D080220020ED00D20449
:1099800015437F3BFB1842465746591C62408C46A4
:1099900007430F2F5CD86F49BF00C9598F46002E6F
:1099A00045D108239A46063B9946DAE74246022803
:1099B0002DD0032800D1C3E0012800D0A2E000256B
:1099C00000260240D4B27602ED05760A2E43E40763
:1099D000264330001CBC90469946A246F0BD002E9E
:1099E0001AD104239A46033B9946BAE72A00511E2E
:1099F0008A41901CC6E70120002DC3D0280001F049
:109A000079FA431F76309D4043420020BAE7012493
:109A1000FF2514400026D6E7300001F06BFA431F03
:109A20009E400023763047429A46994699E70C2398
:109A30009A46093B994694E780260024F603FF25C1
:109A4000C1E735004846B2E7350022004846AEE798
:109A50002904090C0800370C3604360C2C0C794309
:109A6000704367437443060C64183619B14203D936
:109A700080214902884647440004000C310409183B
:109A80008D01681E8541890E2943350CED19AD0104
:109A90000D43290104D5012369081D4063460D4388
:109AA00019007F31002925DD680704D00F202840E8
:109AB000042800D00435280103D5274980330D4000
:109AC0001900FE29A3DC0124AD016E0A1440CDB2B9
:109AD00079E78020C003064207D0054205D128431C
:109AE0004602760A4446FF256DE706437602760A6B
:109AF000FF2568E70124611A1B2905DD14400025B4
:109B0000002660E76346CBE72E002023CE40591A9B
:109B10008D406B1E9D412E43730704D00F233340AD
:109B2000042B00D00436730104D501240125144010
:109B3000002648E70124B601760A1440002542E7D2
:109B400080260124F6032E437602760A1440FF2570
:109B500039E7C046FC880108FFFFFFF7F8B54A0265
:109B60004E0043024400240EC50F9B09360EC90F58
:109B70009209FF2E00D183E001204140A01BA942A1
:109B80005CD0002800DC95E0002E1CD1002A00D01B
:109B900081E05A0704D00F221A40042A00D004336F
:109BA0005A013BD50134FF2C00D191E001209B01EB
:109BB0005B0AE4B205405B02E4055B0AED07234360
:109BC0002B431800F8BDFF2CE3D08021C9040A43C1
:109BD0001B2800DD90E016002021C640081A8240B4
:109BE000511E8A4132439B1A5A0115D59B019E0989
:109BF000300001F07FF90538864084426CDC041B9C
:109C0000330020200134E340041BA640721E96411D
:109C100000243343BDE70D005A07BCD1DF08012300
:109C20001D40FF2C33D1002F00D190E08022D203C1
:109C300013003B435B025B0AFF24BCE700284FDDB7
:109C4000002E2ED0FF2CA4D08025ED042A431B2803
:109C500000DD97E016002025C640281A8240501EDD
:109C6000824132439B185A01D5D50134FF2C6DD067
:109C700001227B481A405B08034013430D0088E72C
:109C8000002A00D07AE777E7031EC5D100257B02C2
:109C90005B0AE4B28FE701380028A4D0FF2C97D1EB
:109CA00077E7002A00D174E701380028DAD0FF2CCA
:109CB000CDD16EE7002821D1601CC0B2012858DD4B
:109CC00080279E1AFF0437402FD0D61A0D008FE749
:109CD00001231D4000236EE7624B241A334058E7EE
:109CE000002851D1601CC6B2012E33DDFF282DD0D3
:109CF0009B185B0804004CE7012274E7002C1AD083
:109D0000FF2E1FD08024E404404223431B2800DDA3
:109D100096E01D002024C540201A8340581E834130
:109D20002B43D31A34000D005EE7002E00D05FE70E
:109D300000250024ABE7002B44D0C0430028F0D01E
:109D4000FF2EE3D11300FF240D0022E70D00FF24B6
:109D5000002330E7002C5DD1002B7DD0002A00D1FC
:109D600017E79B185A0100D456E73E4A04001340F7
:109D70000FE7002C1ED1002B2FD1002A65D0130035
:109D80000D0006E701226DE7002C1FD1002B59D0F2
:109D9000C04300280BD0FF2E4FD01B285EDC1D00D7
:109DA0002024C540201A8340581E83412B439B1812
:109DB000340058E7002B1CD1002A49D013000D00B5
:109DC000FF24E6E6130034000D00E2E6FF2E34D057
:109DD0008024E40440422343DFE7002A00D1D8E690
:109DE0008027981AFF04074000D14DE7D31A0D00D1
:109DF000CFE6FF24002A00D1CBE68020DB08C00399
:109E0000034204D0D208024201D113000D00DB004E
:109E1000FF24BEE6002B10D0FF24002A00D1B8E6B4
:109E20008020DB08C003034203D0D208024200D1E5
:109E30001300DB000D00FF24ABE61300FF24A8E6AF
:109E400001236EE713003400A3E6002700251EE778
:109E500080270025FF03E9E613009AE60123A6E721
:109E6000FFFFFF7DFFFFFFFB4302590A4300C20FC4
:109E70001B0E00207E2B0EDD9D2B0DDC80200004B0
:109E80000143952B0BDC9620C31AD9400B00584296
:109E9000002A00D118007047034BD018FBE7963B0F
:109EA00099400B00F3E7C046FFFFFF7F70B5002825
:109EB00030D0C317C5185D40C40F280001F01AF850
:109EC0009E231B1A962B0DDC9622D21A95406A020D
:109ED000520AD8B25202C005520AE4070243224392
:109EE000100070BD992B19DC9922D21A9540124AA4
:109EF0002A40690704D00F210D40042D00D0043200
:109F0000510103D50C4B1A409F231B1A9201520A90
:109F1000D8B2DFE7002400200022DBE705222E0074
:109F2000121AB921D6402A00C91A8A40551EAA41E0
:109F300035001543DBE7C046FFFFFFFB70B5041E8D
:109F400028D000F0D7FF9E231B1A962B0ADC9622FE
:109F5000D21A94406202520AD8B25202520AC00582
:109F6000104370BD992B18DC9922D21A9440114AE3
:109F70002240610704D00F210C40042C00D0043291
:109F8000510103D50B4B1A409F231B1A9201520A11
:109F9000D8B2E2E700200022DFE705222500121AEE
:109FA000B921D5402200C91A8A40541EA2412C0072
:109FB0001443DCE7FFFFFFFBF0B55F4656464D4616
:109FC0004446F0B41F035C00DB0F9A46194B0E03A6
:109FD0004D00C90F8046360B6D0D8B4691463F0BE9
:109FE000640D9D4219D0134B9C421BD00123A54206
:109FF00006D018003CBC90469946A246AB46F0BD40
:10A00000BE42F6D1C845F4D1D34510D0002DF0D1D1
:10A01000304303005A1E9341EBE731000123014313
:10A02000E7D1E0E73A430123002AE2D1DEE700234B
:10A03000DFE7C046FF070000F0B55F4644465646DE
:10A040004D46F0B41F033C0B2C4F0E034D00A346AE
:10A050005C008446360B6D0DC90F9046640DDB0F16
:10A06000BD422BD0254FBC422ED0002D0ED1304307
:10A070000700814678427841002C17D15F463A4369
:10A0800014D14B460020002B0AD006E0002C02D150
:10A090005846024301D099421AD00123484218433E
:10A0A0003CBC90469946A246AB46F0BD0028F2D093
:10A0B00058425841012240421043F1E7370007431C
:10A0C000D0D002204042EBE75F461743CDD0F8E7FF
:10A0D000A542E2DC05DB5E45DFD808D000205E4506
:10A0E000DED248424841012340421843D8E7C445E4
:10A0F000D3D80020C445F4D3D2E7C046FF07000000
:10A10000F0B55F464D4644465646F0B41C03240B5A
:10A11000A4462F4C0F034D005E00C90F80463F0B35
:10A120006D0D8B469146760DDB0FA54220D0284C55
:10A13000A64222D0002D12D1384344424441002E81
:10A1400020D0002C0DD05C42634101245B421C43B3
:10A1500020003CBC90469946A246AB46F0BD002E7E
:10A1600017D05B4519D05B465C4201231C43EFE7E7
:10A17000390002240143EBD1D9E76146022411439F
:10A18000E6D1D7E761460A43DBD100240028DFD0BF
:10A19000E9E761460A43E4D1E5E7B54203DD012280
:10A1A0005C421443D4E7B542CDDB6745DBD809D028
:10A1B00000246745CCD259464C42614101244942B2
:10A1C0000C43C5E7C845CED80024C845F3D3BFE744
:10A1D000FF070000F0B55F4656464D464446F0B4D2
:10A1E0000D0399464E002B0B87B007009246804620
:10A1F0009B46760DCC0F002E69D06D4B9E4235D01C
:10A200005B468022DD001204430F13432B439B4621
:10A21000C3009846674B00279C4600236644019381
:10A220004A4615035000D20F53462D0B400D914660
:10A2300000D176E05E4A90426CD080225B0F12041F
:10A2400013435C4AED0094461D4353460022DB0055
:10A25000604449463618701C6140029017430F2F26
:10A2600000D9AFE05448BF00C759BF465B461F4303
:10A2700000D088E000239B469846023308270193CC
:10A28000CEE74946022A6AD0032A00D109E2012A10
:10A2900000D0BBE111400022002300259046CCB243
:10A2A00000212D030A0D12052D0B1543434A1B05F2
:10A2B00015401D436D00E4076D0825434046290005
:10A2C00007B03CBC90469946A246AB46F0BD03435E
:10A2D00052D05B46002B00D18AE1584600F00AFEBE
:10A2E00003000B3B1C2B00DD7BE11D22D31A3A003F
:10A2F00001005D46DA4008398D4013008F402B4342
:10A300009B46B8462E4B00279C460023604446429D
:10A31000019385E752462A432CD1002500230222CF
:10A3200097E752462A4321D0002D00D154E128005E
:10A3300000F0E0FD03000B3B1C2B00DD46E11D217E
:10A34000CB1A51460200D9405346083A95409340F3
:10A350000D431B4A944660444042002279E70124A1
:10A3600000220C40124B0025904699E7002500235F
:10A3700001226EE703226CE700239B4698460133D7
:10A38000042701934CE703230C27019348E700239C
:10A390008025984600242D03054B81E75D46434602
:10A3A000019A6FE75D4643462100019A6AE7C0467D
:10A3B000FF07000001FCFFFF3C890108FFFF0F8041
:10A3C000F30300004246120C91461A0C9446424692
:10A3D00017044A461B041B0C5A43604690464A46E3
:10A3E00042431000039262461C003F0C7A437C43B8
:10A3F00042440192220C9246019A5244904506D959
:10A400008246802040028046C24450460390100C91
:10A41000049048462404240C1204121905922A0CB4
:10A420002D042D0C68432C00824648467C43504343
:10A430008146200C8046574357444744BA4503D9C8
:10A44000802040028046C144380C3F04B84648444E
:10A450002404240C01900498A044404404905846DD
:10A46000000C814658460404200C824607004846EA
:10A470005F434C46434360466043644683465046D0
:10A480004443380C8446E4186444A34203D980232F
:10A490005B029C46E34448463F04230C3F0C2404E3
:10A4A000E419574668436F4384464D46504655432A
:10A4B0004243380C814662444A445B44944503D984
:10A4C000802040028446654403983F0483460498F4
:10A4D0003F0C8446E344C345804140428246100419
:10A4E00084460198674484466744A344BC46A34518
:10A4F000A4419946D44464428742BF41D445804137
:10A50000E144A04699459B417F424042C8440743ED
:10A51000120CBA18A045A4415F423B006442234399
:10A52000D71843467D19DB0D6D021D435B465A0269
:10A53000059B1A43531E9A415B46DB0D1A43434663
:10A540005B021343EA0107D501225C081340234351
:10A55000EA07029E13436D08574AB218002A4BDDE2
:10A56000580709D00F201840042805D0181D98421C
:10A570009B415B42ED180300E80104D54F4A1540AA
:10A580008022D200B2184E48824200DDE7E6012464
:10A59000DB08680718436D02530580462D0B5B0DE1
:10A5A0000C407DE6802259461203114208D0154224
:10A5B00006D115432D0398462D0B4C46414B6FE6B3
:10A5C0005D4615432D032D0B3E4B69E603005546B2
:10A5D000283B9D400023BCE6504600F08BFC203019
:10A5E000A8E60300283B9F400023BB46984689E627
:10A5F00000F080FC203073E60124A61A382E07DD17
:10A6000000220C4000230025904649E6029EA3E765
:10A610001F2E20DC20222C001800921BF0409440BA
:10A6200093400443581E83411C43F540630709D0FF
:10A630000F232340042B05D023001C1D9C42924174
:10A640005242AD182B021FD5012400220C400123D9
:10A650000025904624E61F202C004042821AD44058
:10A66000202E1CD04022961BB5402B43581E834100
:10A670000720234318400025002809D00F22002579
:10A680001A401C00042AD8D1230068076D022D0B44
:10A690000124DB08034398460C40002300E6002514
:10A6A000E3E780220124120315432D0398462D0B66
:10A6B0000C40044BF4E5C046FF030000FFFFFFFE23
:10A6C000FE070000FF070000F0B557464E4645461E
:10A6D000E0B40E001100F20F9246C500420F1803BD
:10A6E00037037400400A4E0F7F0A3043CF4E1743A2
:10A6F0005A00640D520DDB0FC900B24200D1E5E0F3
:10A7000001267340A61AB446534500D1AFE0002E8F
:10A7100000DC0DE1002A3AD103000B4300D0E4E055
:10A720006B0709D00F232B40042B05D02B1DAB4208
:10A73000AD416D427F191D003B0200D488E0BB4B48
:10A7400001349C4200D110E13A00B94B51461A4005
:10A7500001235007ED08520264050543120B640DF6
:10A760000B400021280012030D0D120B64052D056E
:10A7700015436208AF4CDB072C40144364006408A7
:10A780001C4321001CBC90469946A246F0BDA74B35
:10A790009C42C5D080231B0418436346382B00DD40
:10A7A000FDE01F2B00DD30E1624620239B1A0200F2
:10A7B0009A40664690460A009940F24046464B1E33
:10A7C00099413243114363460200DA40691A8D42CF
:10A7D0009B410D00BA1A5B42D71A3B0235D57A026B
:10A7E000530A98464346002B00D1C4E0404600F08F
:10A7F00081FB0300083B1F2B00DDC5E02022290060
:10A80000D21A4746D1409F400A009D403A439C429D
:10A8100000DDC0E01C1B631C1F2B00DDE4E02021D9
:10A8200014002800C91AD8408C408D400443DA40F7
:10A83000681E854117002543002471E742466346A0
:10A840001A4300D14CE2674645466B0700D069E7E2
:10A85000012351467807ED08FA080B400543734978
:10A860008C4238D012036405120B640D79E7002E78
:10A8700000DC9AE0002A47D06C4A944200D14FE7AE
:10A880008022120410436246382A00DC08E10143AA
:10A89000481E81410022C9B24919D219A942BF41BB
:10A8A0000D007F42BF183A0200D442E15F4A0134F2
:10A8B000944200D14EE101205D4A69083A402840A7
:10A8C0000843D507054357089A4629E706000E4373
:10A8D00000D017E714E72900114300D1F9E18021E6
:10A8E00009030A431203120B3BE701235B4298461C
:10A8F000C4446346002B72D1691A8D429B413F1AB2
:10A900005B42FF1A0D0068E702000A4300D107E727
:10A91000012252429046C4446246002A00D0E6E03A
:10A920006918A942B6413F187642F7190D00BAE7F7
:10A93000002E00D080E0621C5205520D012A00DC7E
:10A94000F9E06A1A91464D45B6413A1A7642921B91
:10A950009046120200D499E04D1BA9428941C71BC1
:10A9600049427A1A90469A463CE75246012300250E
:10A9700013400022F5E6280000F0BCFA2030030066
:10A98000083B1F2B00DC39E72A00283882400025CD
:10A990009C4200DC3EE7264FE41A1740C0E6014324
:10A9A000481E81410022C9B210E7002E00D0F1E01C
:10A9B000621C94465205520D012A00DCA0E01B4A9D
:10A9C000944500D1C5E06918A94292413F1852420E
:10A9D000D2194908D5070D4357086446A0E6134B22
:10A9E0009C4200D0D9E69BE611001F3CE1400C00E0
:10A9F000202B00D180E04021CB1A9A4015436A1EDB
:10AA000095410027254300241FE763460200203BB1
:10AA1000DA406346202B71D0402366469B1B98404A
:10AA20000143481E814111430022CFE6FF07000089
:10AA3000FFFF7FFFFFFF0F80002C48D0CA4CA242CF
:10AA400000D1A2E07442A1468024240427434C464E
:10AA5000382C00DDDBE01F2C00DD44E14E462024D5
:10AA6000A41B3E00A640A246B0464C462E00E6403F
:10AA7000B4464646644626435446A5406C1EA5414E
:10AA800034002C434D46EF400D1B28E04A46434618
:10AA90004D461A4300D0A5E6002300240025DEE63B
:10AAA0001F2A5ADC66462022921B060096409146D9
:10AAB000B04662460E00D640424616434A46914092
:10AAC0004A1E9141020060463143C240E4E63C0028
:10AAD0002C435AD0F443A146002C52D14D1BA9421D
:10AAE0008941C71B49427F1A14009A4675E69E4A5F
:10AAF000944200D0C7E613E600227FE700208FE7EC
:10AB0000002C00D0C8E03B002B4300D10FE1030034
:10AB10000B4300D104E66918A9429B413F185B42F0
:10AB2000DF193B0200D41AE1904B0D001F40644630
:10AB3000F6E59A4689E63A002A43002C5CD1002AC1
:10AB400075D102000A4300D1CAE007000D009A4601
:10AB5000E6E564460022002581E662460600203ACA
:10AB6000D6406246B046202A00D1B7E04022664671
:10AB7000921B904001434246481E814111430022EE
:10AB80008AE6794CA24200D061E707000D0014006C
:10AB90009A46C5E5002C41D13C002C4378D0F443C3
:10ABA000A146002C20D0704CA24271D04C46382CCB
:10ABB00000DDB2E01F2C00DDBCE02026341BA246E5
:10ABC0003C005646B4404E46A0462C00F440A446F5
:10ABD000444666463443A4465446A54064466E1E29
:10ABE000B54125434C46E7406D188D4289413F18D9
:10ABF0004942CF19140056E6002A2FD102000A4319
:10AC000000D184E007000D009A46574C88E53D438B
:10AC10006F1EBD41ECB200270D1B60E7524CA242F3
:10AC200036D0744280263604A1463743BEE7020080
:10AC30000A4300D174E56A1A90464545B6413A1A6E
:10AC40007642921B9446120200D4F7E54D1BA942AE
:10AC50008941C71B49427F1A9A4661E502000A43AF
:10AC60003AD0ED087C072C438025FA082D032A42B0
:10AC700008D0C7082F4205D145072C003A009A4654
:10AC8000C9080C43670FD200E5001743364C47E56F
:10AC900007000D00140043E53A002A4343D00200A8
:10ACA0000A4319D0ED087C072C438025FA082D03B0
:10ACB0002A4207D0C6082E4204D147073C00320082
:10ACC000C9080C43D700620FE50017439A46264C8B
:10ACD00026E50022002544E5234C21E5002049E734
:10ACE00000230025BBE54C463E00203CE6404C4698
:10ACF000B446202C31D040244E46A61BB7403D43DD
:10AD00006C1EA54164462C4300270D1BE7E68022FC
:10AD100000231203144C0025A1E53D436F1EBD41E5
:10AD20000027EDB260E707000D000F4CF8E40700C4
:10AD30000D00F5E44E463C00203EF440A0464C4653
:10AD4000202C0ED040244E46A41BA7403D436F1E2E
:10AD5000BD4144460027254346E70027CFE70D00C5
:10AD600073E50027F2E7C046FF070000FFFF7FFF03
:10AD70000B0330B5134D1A0B4B005B0DC90F0024AC
:10AD8000AB4211DD104CA34210DC8024640322434B
:10AD90000E4CE41A1F2C0CDD0D48C31ADA401300C8
:10ADA0005C42002900D11C00200030BD094BCC18AA
:10ADB000FAE7E040084CA44663449A40130003437A
:10ADC000EEE7C046FE0300001D040000330400004F
:10ADD00013040000FFFFFF7FEDFBFFFF70B5051EB2
:10ADE00028D000F087F8154B154A1B1AD21A1F2AD3
:10ADF00016DD2C00134A0025D21A94405A0524036C
:10AE0000240B520D002124030B0D240B1B0523439F
:10AE10000D4C1205234013435B002800590870BDF8
:10AE20000B212C00081AC440954024035A05240B1A
:10AE3000520DE7E700220024E4E7C0461E040000AC
:10AE40003304000013040000FFFF0F804200120EC5
:10AE5000511C4302C9B270B55D0AC40F012915DD4A
:10AE6000E02189008C466D071B0B624400212800FD
:10AE70000D0D2D052B431C4D52052B40520813433D
:10AE80005B00E4075B082343190070BD002A15D15D
:10AE9000002D1FD0280000F02DF80A281DDC0B2300
:10AEA0002A001B1ADA4013000200153295400F4A9F
:10AEB0001B03121A52051B0B520DD7E7002D06D0AB
:10AEC00080221B0B120313436D07094ACEE7084A81
:10AED0000023CBE700220023C8E703000B3B9D4083
:10AEE0002B000025E3E7C046FFFF0F808903000029
:10AEF000FF0700001C2101231B04984201D3000C12
:10AF000010391B0A984201D3000A08391B099842DC
:10AF100001D30009043902A2105C40187047C046F2
:10AF20000403020201010101000000000000000012
:10AF3000F8B54A02430244004E00C50F240E280013
:10AF40009B09360EC90F92098D4259D0A01B0028CB
:10AF500000DC8DE0002E1AD1002A00D079E05A07DB
:10AF600004D00F221A40042A00D004335A0138D5E5
:10AF70000134FF2C00D189E028009B015B0AE4B278
:10AF80005B02E4055B0A2343C0071843F8BDFF2CAE
:10AF9000E5D08021C9040A431B2800DD89E01600A2
:10AFA0002021C640081A8240511E8A4132439B1A12
:10AFB0005A0114D59B019E093000FFF79BFF05380D
:10AFC0008640844265DC041B330020200134E340CA
:10AFD000041BA640721E964100243343BFE75A0764
:10AFE000BFD1DF082800FF2C2FD1002F00D187E030
:10AFF0008022D20313003B435B025B0AFF24BFE7BE
:10B00000A11B002949DD002E29D0FF2CA7D08026C6
:10B01000F60432431B2900DD8DE017002026CF40C7
:10B02000711A8A40511E8A413A439B185A01D6D55B
:10B030000134FF2C64D0012276491A405B080B4092
:10B0400013438CE7031ECAD100207B025B0AE4B2E3
:10B0500096E701380028AAD0FF2C9DD17FE7002A6F
:10B0600000D17CE701390029DFD0FF2CD2D176E76F
:10B07000002820D1601CC0B2012853DD80279E1A11
:10B08000FF0437402FD0D61A0D0095E72800002383
:10B0900076E7614B241A334061E700294DD1611CEA
:10B0A000CEB2012E2FDDFF292AD09B185B080C00A1
:10B0B00055E701227BE7002C1BD1002B5BD0C0435E
:10B0C00000280CD0FF2E7ED01B2800DD92E01D0052
:10B0D0002024C540201A8340581E83412B43D31A95
:10B0E00034000D0064E7002E00D065E70020002446
:10B0F000ABE7FF2E67D08024E40440422343E3E71C
:10B10000FF2400233CE7002C61D1002B7ED0002AD5
:10B1100000D124E79B185A0100D460E73E4A0C0096
:10B1200013401CE7002C1ED1002B2FD1002A66D023
:10B1300013000D0013E7012277E7002C1FD1002B2D
:10B140005AD0C94300290BD0FF2E50D01B295FDCF9
:10B150001F002024CF40611A8B40591E8B413B4376
:10B160009B18340062E7002B1CD1002A4AD0130040
:10B170000D00FF24F3E6130034000D00EFE6FF2E70
:10B1800035D08024E40449422343DFE7002A00D17C
:10B19000E5E68027981AFF04074000D152E7D31A4A
:10B1A0000D00DCE6FF24002A00D1D8E68020DB0871
:10B1B000C003034204D0D208024201D113000D00A3
:10B1C000DB00FF24CBE61300FF240D00C7E6002BB5
:10B1D0000DD0FF24002A00D1C1E68021DB08C9037D
:10B1E0000B42EDD0D2080A42EAD11300E8E713007F
:10B1F000FF24B4E6012372E713003400AFE6002712
:10B20000002022E780270020FF03F1E61300A6E6D6
:10B210000123A5E7FFFFFF7DFFFFFFFB43025A0A63
:10B2200040004B024900000E5B0A090EFF2803D0C4
:10B230000020FF2906D07047FE38002AFBD10020ED
:10B24000FF29F8D11800431E9841F4E7F0B556469F
:10B250004D4644465F46F0B41D000E034C00CB0F34
:10B2600087B0070092468146360B640D98466AD037
:10B270006D4B9C4235D08022430F12041343F600DD
:10B280001E43C3009946694B00279C460023644433
:10B2900002932B0368001B0BED0F51469B46400D9C
:10B2A000009500D178E0604B98426CD05B46DA00A4
:10B2B0004B0F802109040B4313439B465346D9008F
:10B2C0005A4B9C46002360444246201A6A409246EC
:10B2D00001901F430F2F00D9B0E05548BF00C0595F
:10B2E0008746374300D088E0002399460233082779
:10B2F00000260293CDE74346B34649460093029B9E
:10B30000009A9246022B00D0BFE100215346012251
:10B31000002689461A40444B002136030C0D2405B3
:10B32000360B2643434C1B0526401E437600D207AE
:10B33000760816434846310007B03CBC9046994613
:10B34000A246AB46F0BD330003434FD0002E00D1E0
:10B35000BCE13000FFF7CEFD03000B3B1C2B00DDF2
:10B36000ADE11D220100D31A08393A008F408E400A
:10B37000DA40B9461643304B00279C460023604410
:10B380004442029385E753465A4613432CD1002387
:10B3900000219B46023397E70B4320D05B46002BEE
:10B3A00000D19EE15846FFF7A5FD03000B3B1C2B87
:10B3B00000DD8FE102005946083A91408B461D217D
:10B3C000CB1A5146D9400B0059460B4351469B4678
:10B3D0009140194B9C4660444042002374E700238F
:10B3E00000219B4601336FE703236DE70023994655
:10B3F00001330427002602934BE703230C27029313
:10B4000047E70122D51A382D00DCB0E153461A4037
:10B4100000210023002689467EE7002380269946E6
:10B4200000223603004B77E7FF07000001FCFFFF17
:10B430007C890108FFFF0F80F30300005E4500D9FF
:10B4400072E100D16DE1019B4D46013B0193002368
:10B45000340002935B461E020B0E1E430B02039345
:10B46000330C994633041B0C494620000093FDF72A
:10B4700027FE009B370043430600494620009846BC
:10B48000FDF7A4FE2C0C09040C43A04509D9E419CE
:10B49000731EA74200D95CE1A04500D859E1023EE5
:10B4A000E4194346E41A49462000FDF709FE03006B
:10B4B000009A80465343494620009B46FDF786FE8E
:10B4C0002A040904120C0A4393450DD94346D219A4
:10B4D000013B974200D93AE1934500D837E1022376
:10B4E0005B429C46D219E0445B46D21A434636047E
:10B4F00033439B460399180C0B0C1D00059309045C
:10B500005B46090C0C001B041B0C4443049159437B
:10B510006B4368431B190D0CEB189C4203D9802424
:10B520006402A44660441C0C09041B04090C201886
:10B530005D18824200D2DEE000D1D7E0161A029BED
:10B540009C465D1BAC459B415B42F61AB74200D15D
:10B5500006E149463000FDF7B3FD009B040043437C
:10B56000494630009846FDF731FE2E0C09040E4383
:10B57000B04509D9F619631EB74200D9F3E0B045CA
:10B5800000D8F0E0023CF6194346F31A4946180089
:10B590000293FDF795FD009B060043434946029840
:10B5A0009846FDF713FE2D0409042D0C0D43A84504
:10B5B00009D9ED19731EAF4200D9D6E0A84500D8CD
:10B5C000D3E0023EED192404210043463143049E9A
:10B5D000059A3000ED1A0B040C0C1B0C5843664303
:10B5E000534354439A19030C9B189E4203D980225B
:10B5F0005202944664441A0C00041B04000C1419F3
:10B600001B18A54250D34DD001231943964A019BE4
:10B6100094466344002B00DCF3E64A0709D00F226E
:10B620000A40042A05D00A1D8A42894149428B44B6
:10B6300011005A46D20108D55A468C4B1A409346FF
:10B640008022D2009446019B6344894A934200DDE4
:10B650005BE65A46C9085007084356025146012284
:10B660005B058146360B5B0D0A4055E680231B03C4
:10B670001E4211D05A461A420ED15E461E43360370
:10B68000360B2A0089467B4B46E6032B00D1E1E0CE
:10B69000012BBBD11A40BBE61E433603360B424694
:10B6A000744B39E6002BB1D07D194A1EAF4252D9F6
:10B6B0001100A542A8D1039A9A42A5D1A6E703009A
:10B6C0003E00283B9E400023994654E6FFF712FCBB
:10B6D000203041E603005246283B9A400021934621
:10B6E00077E65046FFF706FC20305EE6029B002618
:10B6F000AB4200D323E7039E0299B44661448846D7
:10B70000B045B6415B467642F619B218013B02914C
:10B71000974213D290424FD800D18EE0161A9B4622
:10B720000DE7894500D28EE674084B46F6073500D2
:10B730005B081D434B46DB0702938BE69742EDD136
:10B740000399029CA142E5D93E1A9B46F7E698462A
:10B75000CAE61E00A5E6AC423ED874D0110053E7FD
:10B760000121494252E71C000EE71E002BE71F2D66
:10B770003CDC20230A0058465B1B9840EA40994075
:10B780000243481E81415E461143EE404B0709D0FB
:10B790000F230B40042B05D00B00191D99429B4130
:10B7A0005B42F61833023CD55346012200211A4071
:10B7B000002601238946AFE502235B429C46039C99
:10B7C000E344A446029B63449846A045B6417642B2
:10B7D000F6190293B218B1E603988A1E410081421D
:10B7E000B6417642F619AD19039161E71F22524224
:10B7F000D31A5A46DA401300202D29D04022584649
:10B80000551BA8400143481E814107200B431840A7
:10B810000026002809D00F2200261A401900042A09
:10B82000BBD10B0070077602360BDB080343994649
:10B83000012253461A4000236EE502998D42BBD87F
:10B840009B4600267BE603989842C5D3110032E759
:10B850000020D7E780265B4636031E433603360BAF
:10B86000009A8946034B57E5FF030000FFFFFFFEE8
:10B87000FE070000FF0700004B0070B55E0D0C03D3
:10B88000751C640A420F6D052243C90FC4006D0D7B
:10B89000012D2ADD3B4BF318FE2B1ADC002B42DD79
:10B8A0008001451EA841D2001043620F0243500799
:10B8B00004D00F201040042800D004328020C0049F
:10B8C000104021D00133FF2B03D09201520ADBB28A
:10B8D00001E0FF2300225202520ADB0513435B0002
:10B8E000C9075B080B43180070BD002E07D0144336
:10B8F000EFD08020D20080040243FF23D7E7224309
:10B900000023002A03D00522D208FF2B03D05202C5
:10B91000520ADBB2DFE7002A32D08020C0030243A4
:10B920005202520AD7E71800173014DB80200004B7
:10B9300002431E20C01A1F280FDC2500124BF318EB
:10B940009D406E1EB5419A402B0013432200C24019
:10B950001A430023ABE70023D5E702256D42EB1A1B
:10B960001500DD40202809D0084BF3189A401443F5
:10B97000621E9441220000232A4398E70022F6E742
:10B980000022A8E780FCFFFF82FCFFFFA2FCFFFF74
:10B9900010B54B0709D5054AD16B054B1960116CE1
:10B9A0005960526C9A6000F077FB10BD0030004087
:10B9B0007805002000B589B02022002168460CF0EF
:10B9C000D9FD0D4B0093103301930C4B02930123CF
:10B9D0006A46D37603226946CA754B754B740222B8
:10B9E000CA730B7403338B810A338B73044807F0DB
:10B9F000FFF809B000BDC046840500204C3000406F
:10BA00004020014010B588B03D4C02220B2120009F
:10BA100007F078FA02220A21200007F073FA394C65
:10BA200002220421200007F06DFA022205212000E5
:10BA300007F068FA01A900230B7001224A708A708E
:10BA4000CB700B714B718B71CB710B724A728A7216
:10BA5000CA720B734B73042088730138C8730B745C
:10BA60000A76294B4B61294C200006F027FB002366
:10BA700006220021200006F0F1FB0123062201210D
:10BA8000200006F0EBFB022306220721200006F02F
:10BA9000E5FB032306220821200006F0DFFB00233C
:10BAA00001220921200006F007FC012301220A21BE
:10BAB000200006F001FC022301220B21200006F0E9
:10BAC000FBFB6268124B13408022920313436360B6
:10BAD0006268104B134080229202134363606268D5
:10BAE0000D4B13406360FFF765FFA2680223134309
:10BAF000A3606368802212061343636008B010BD20
:10BB0000000008203000082091B9000800300040F3
:10BB1000FFFFDFFFFFFFFDFFFFFFEFFF8100064B91
:10BB2000064A8A589A4203D90B000349034A99509E
:10BB30008000024BC0587047FF0F000084050020B2
:10BB40008100064B064A8A589A4203D90B000349E2
:10BB5000034A99508000024BC0587047FF0F000005
:10BB60007805002010B584B007F038F801AC0C223D
:10BB7000002120000CF0FEFC01232372200006F0BF
:10BB8000B5FF04B010BDC04610B501220E21084813
:10BB900007F0A8F90021002000F02CF90021022074
:10BBA00000F028F90021042000F024F910BDC0465F
:10BBB0003000082010B5124C00220821200007F0A8
:10BBC000A1F900220821200007F002FA00220E212C
:10BBD000200007F097F901220E21200007F0F8F964
:10BBE00000220E21200007F07DF90022082120000C
:10BBF00007F0F8F90349082007F09CFA10BDC04689
:10BC00003000082089BB000810B5FFF7FBFE00F0EC
:10BC1000E9F800F003F9FFF7CDFFFFF7A3FF10BD30
:10BC200010B50821034807F067F9431E9841C0B2D8
:10BC300010BDC0463000082070B590B01D4C0122E8
:10BC40000121200007F05EF901220021200007F009
:10BC500059F90BAD1422002128000CF08BFC07AC25
:10BC60001022002120000CF085FC01AE18220021DA
:10BC700030000CF07FFC012201236A80AA8001328F
:10BC8000AA71EB712B72A370A560627310322273DC
:10BC9000A373E37374603372074B198889B2074842
:10BCA000FDF70EFA0138F0813100054807F072FD0A
:10BCB00010B070BD000008207CB0010800366E0195
:10BCC0000030014070B590B01E4C012205212000CB
:10BCD00007F018F901220421200007F013F90BAD39
:10BCE0001422002128000CF045FC07AC1022002192
:10BCF00020000CF03FFC01AE1822002130000CF0B7
:10BD000039FC02222A70012101236980A980AA71CD
:10BD1000EB712B72A370A560627310322273A37350
:10BD2000E37374603372084B198889B20748FDF7D2
:10BD3000C7F90138F0813100054807F02BFD10B03C
:10BD400070BDC046000008207CB0010800366E01BE
:10BD50000030014070B590B01E4C0122032120003C
:10BD600007F0D0F801220221200007F0CBF80BAD3C
:10BD70001422002128000CF0FDFB07AC102200214A
:10BD800020000CF0F7FB01AE1822002130000CF06F
:10BD9000F1FB04232B70012201236A80AA80013267
:10BDA000AA71EB712B72A370A560627310322273BB
:10BDB000A373E37374603372074B198889B2074821
:10BDC000FDF77EF90138F0813100054807F0E2FC0B
:10BDD00010B070BD000008207CB0010800366E0174
:10BDE0000030014010B5FFF727FFFFF76BFFFFF7AB
:10BDF000B1FF10BDC000034B9C46604400230361AB
:10BE00008161704700300140C000034B9C46604494
:10BE1000806880B27047C046083001407047C04615
:10BE200010B502F063F8024A024B9A6062B610BD88
:10BE30000090000800ED00E010B5FFF7F1FF01F001
:10BE40009FFD04F045FF05F05BF902F0B7FD05F03A
:10BE5000FBFF00F019FE02F055FA02F0EBFBFFF7D2
:10BE6000D3FE08F077FD00F001F9FEE710B582B0CF
:10BE700000F0ACFF2B4B1B68012B24D12A4B019304
:10BE800001240094002380222849294801F064F904
:10BE9000284B01930094002330222749274801F0C2
:10BEA0005BF9274B01930094002330222549264853
:10BEB00001F052F9254B01930094002330222449CC
:10BEC000244801F049F9244B0193012400940023F4
:10BED00040222249224801F03FF9224B019300946D
:10BEE000002340222049214801F036F9204B0193DC
:10BEF000022300930023A02292001E491E4801F055
:10BF00002BF91E4B01930094002340221C491D482D
:10BF100001F022F9002001F015FA00F063FF02B0F1
:10BF200010BDC04600B00108A0050020BC89010872
:10BF300089BF0008A8050020CC890108A1BF00081E
:10BF4000B0050020DC890108BDBF00089405002071
:10BF5000EC890108D9BF000898050020FC89010878
:10BF60001DC000089C0500201C8A010835C000087F
:10BF7000AC050020348A0108F5BF0008A4050020A4
:10BF8000488A01084DC0000800B583B001F06AFA84
:10BF9000019000F085FD012101A801F0F5FBF8E713
:10BFA00000B583B001F05EFA0190002000F084F942
:10BFB000052101A801F0E8FBF7E7C04600B583B012
:10BFC00001F050FA0190012000F076F90A2101A851
:10BFD00001F0DAFBF7E7C04600B583B001F042FAA2
:10BFE0000190022000F068F9322101A801F0CCFB99
:10BFF000F7E7C04600B583B001F034FA019008F0CD
:10C0000095FC08F097FC08F0A1FC08F097FC08F0FC
:10C0100099FC012101A801F0B7FBF0E700B583B05E
:10C0200001F020FA019005F0F7F90A2101A801F0CA
:10C03000ABFBF8E700B583B001F014FA019004F00F
:10C0400041FD0A2101A801F09FFBF8E700B583B08C
:10C0500001F008FA019002F027FA02F015FB04F053
:10C06000EDFB0A2101A801F08FFBF4E700B583B0D6
:10C070000023019301330093002330220449054833
:10C0800001F06AF8012801D101F0B2F9FEE7C046DB
:10C09000648A01086DBE000810B508F037FC08F08E
:10C0A00041FC08F037FC08F039FC10BD30220028B4
:10C0B00009D10AE0C046013BDBB2002BFAD10138BE
:10C0C00080B2002801D01300F4E77047F8B50028CB
:10C0D0006EDD4400220C374B9A4207D806251A0021
:10C0E000A400013D230C9342FAD900E00625630E1B
:10C0F000203BDBB29B00304A9E58360422000023CE
:10C1000030000021FDF7CAF94900C00F0843320092
:10C1100000230021FDF7C2F94900C00F0843C027E2
:10C120003F06381A320000230021FDF7B7F9490015
:10C13000C60F0E432200002330000021FDF7AEF9A8
:10C140004900C00F0843320000230021FDF7A6F983
:10C150004900C00F0843381A320000230021FDF7C0
:10C160009DF94900C70F0F432E000C3E00203300FD
:10C170001F331EDB2200002338000021FDF78EF95B
:10C180004900C00F084333000F3301DA000C2E1DA5
:10C19000F31D01DA000A0836731C04DA4008013680
:10C1A000731CFBD101E0002E03D00130400800E0F9
:10C1B0000020F8BDFF3F00007C8A010810B5C004D4
:10C1C000FFF784FF10BDC046022819D80D4A8D2301
:10C1D000DB00584310180C4B9C466044002303704E
:10C1E0006346D35CDB070BD4084BD35CDB0707D477
:10C1F000074BD35CDB0703D4137A7F210B40137208
:10C200007047C0467034002062060000CA0A000071
:10C21000320F0000064B002206495A5406495A5470
:10C2200006495A541A7A7F210A401A727047C0464A
:10C230007034002062060000CA0A0000320F0000BD
:10C2400010B500F0CBFB094B5B7A70221A4204D088
:10C2500001221343054A537205E004481022134398
:10C26000437200F0BFFB00F0BBFB10BD7034002038
:10C27000024B00221A755A757047C0467034002070
:10C2800070B504000B4B1D7D00203B2D10D81E0007
:10C29000587D40193C21FDF783F8881CC0003018F8
:10C2A0000630082221000CF027F9013535750120F0
:10C2B00070BDC04670340020F0B557464E46454626
:10C2C000E0B484B00190484B1B7A7F2B00D884E007
:10C2D000464E0023984600254246B146B379DB0717
:10C2E0006FD5337901998B426BD17388013B9BB237
:10C2F0007380002B65D13388738000248D23DB008D
:10C3000053431F00B2462B1902AA137000F066FBBC
:10C31000E000001BC000C019F930FF30324B9C46D2
:10C320006044031D443083422ED2E200121BD2002F
:10C33000D2196244FD32FF321168002924D002AACA
:10C3400001321E79042E0AD10E7816700E68360A54
:10C3500056704E889670C978D17004320BE0022E68
:10C3600006D10E8816700988090A5170023202E05F
:10C37000097811700132083304A98A4204D2984224
:10C3800002D019680029DCD1174B5B7A70221A425F
:10C3900007D002A8FFF774FF002809D100F020FBA6
:10C3A00008E020221343104A537202A800F01AFB3F
:10C3B00000F016FB0134E4B253465B79A342A2D2EB
:10C3C0004E461435EDB201239C46E0448D23DB003C
:10C3D0009C4666443C2D00D07EE704B01CBC9046D1
:10C3E0009946A246F0BDC04670340020CC3A0020E9
:10C3F00010B500F053FB154B154AD35A0020002B03
:10C4000022D0FF2B05D8DBB2104A114988521049BF
:10C4100006E0013BFF3B0D4A0D498B520023F6E736
:10C420000A69147888882018888001320A61013BE3
:10C43000DBB2002BF4D1054B054AD35A0120002B67
:10C4400002D1FFF7FDFE002010BDC046360F0000F0
:10C4500070340020F8B504000378012B00D15CE2B1
:10C46000052B28D154E2D54B1B7ADB0604D4FFF709
:10C47000D1FE0022D14B5A72D0490B7A102293433D
:10C48000202213430B72CD4BFF221A7000225A70E8
:10C4900061789970FE21D9709A80DA8035E2C74BB5
:10C4A0001B7A9A0600D43DE22022934310221343C4
:10C4B000C24A137236E2C14B1A7A930600D431E2B3
:10C4C000BE4BFF2119700021597041789970057891
:10C4D000232D00D916E2AB00B949CB589F46B94B82
:10C4E0001A780023002A0FD114E020239A43B34B7B
:10C4F0001A728378002B04D110231A43AF4B1A729F
:10C5000003E2FFF787FE00E2AE490133DBB2CA5C0B
:10C51000002AFAD1A94AD3700023137193714333CF
:10C5200053714B33D371A74BD360EEE18378002B6B
:10C5300006D14168C07800F095FAA04BD860E4E1DC
:10C5400032229E4B5A70E0E18178C31C4A1ED2B25F
:10C55000002900D1D9E10432841898491A78C868B2
:10C560000270CA680132CA600133A342F6D1CCE13D
:10C57000831C083491491A78C8680270CA6801326D
:10C58000CA6001339C42F6D1BFE18278531EDBB210
:10C59000002A00D1B9E1181D884BC0180333874920
:10C5A000CA6812781A700133CA680132CA609842A8
:10C5B000F6D1AAE1C078616800F054FA7F4B1861A7
:10C5C000A278531EDBB2002A00D19EE1181D7B4BDE
:10C5D000C018033379490A6912781A7001330A695D
:10C5E00001320A618342F6D18FE18078FFF7ECFDDA
:10C5F000A278022A19D88D23DB005A43F932FF3280
:10C600006E4BD218131D70498C466244934204D27B
:10C610000021197001339342FBD1684A117A022339
:10C620000B431372FFF724FE00E00025634AD57028
:10C63000A37814214B43137167E18378022B05D84B
:10C64000C178132902D80279072A07D95B4B312216
:10C650005A700021C832FF32995056E1574CC80039
:10C66000411A8D204343CB189B183F33DB001B1925
:10C670000433FC225200A35047E183785A1E012A5A
:10C6800001D9042B05D1FC235B004C4AD558002D61
:10C6900003D13122494B5A7037E1E1790906A37978
:10C6A0001B04C91863791B02CB1821795918E0784B
:10C6B00000F0D8F92860FC235B00404AD358A278E8
:10C6C0001A7122E1930703D422223C4B5A701CE1D9
:10C6D0008378012B08D0002B02D0022B41D07DE0C3
:10C6E000C078FFF771FD10E1C678022E00D90CE189
:10C6F00005794379C17909028079411889B28D2081
:10C70000C00070432D4F3818CC27FF00BC46604452
:10C710000370002900D101318D23DB0073432748CA
:10C72000C3182A481818018029495918012008807F
:10C73000284959180D7028498C4663440421197002
:10C74000E078022800D9E0E01C498D23DB00434358
:10C75000CB1863440120187080235B421A430A728D
:10C76000D3E0C578022D00D9CFE000796379E27972
:10C770001202A1798A1892B28D21C90069430F4C27
:10C780006118CC24E400A44661440B70002A00D157
:10C7900001328D23DB006B430849CB180B49591834
:10C7A0000A800B4A9A18012111800A4A9A181070BF
:10C7B000094A9446634404221A70A6E070340020AB
:10C7C000FC8B0108000000206C0400005C060000E7
:10C7D0005E06000061060000620600003122524B36
:10C7E0005A7092E0930703D422224F4B5A708CE088
:10C7F0008378002B02D0012B03D019E0FFF70AFD4C
:10C8000083E00023484D0126484C494959184919ED
:10C810000878042800D10E708D21C9008C4663442D
:10C82000A342F2D180235B421A433F4B1A726CE061
:10C8300031223D4B5A7068E03B4B0222DA700022F5
:10C840005A60DA681A6183881B0442881A43002BF5
:10C8500002D03221344B5970334B36495A525B78EF
:10C86000002B52D15EE04379190603791B04CB18E3
:10C87000C27812029B18817859182B4BD86800F0A7
:10C88000FFF842E08278284D0330E96800F0FAF8BA
:10C89000A378EA6894466344EB60022835D141E00E
:10C8A000214D02300622E96800F0ECF8EB6806330F
:10C8B000EB60022829D135E01B4BD86800F0DAF88C
:10C8C00023E0194C0023E37000F0CEF860601CE018
:10C8D00044239A4314490A728378442003401A433C
:10C8E0000A72A278144BCA540FE00F4B124A9A5C9A
:10C8F000DA7000221A7108E00B4B0222DA70013A5A
:10C900001A7102E03022084B5A70FFF799FC09E0D7
:10C910004388002B00D1B6E5C1E54388002B00D049
:10C92000BDE5A0E5F8BDC04670340020380D00001C
:10C9300062060000360F0000340F000010B51F4AD9
:10C94000537A702118008843507201241C4007D08C
:10C9500071229343194A5372FFF772FC01242AE0B3
:10C96000164B1B7A7F2B26D900F038F8134B1C7D11
:10C97000002C1ED01C005A7A202313436372607D62
:10C980000230C0000019063000F02CF8637D01333E
:10C99000DBB23B2B02D8094A537502E00022074B59
:10C9A0005A75064A137D013B137500F019F80124EE
:10C9B00001E000F015F8200010BDC04670340020E2
:10C9C000044B054A991800221A7001338B42FBD19F
:10C9D0007047C04670340020380F000072B67047B0
:10C9E00062B6704710B5184B08225A7200225A736B
:10C9F00000231549C25C0C69E2540133082BF9D1BC
:10CA0000114B1B691B78132B03D8104A0E4B1A606D
:10CA100011E01A00143A132A03D80D4A0A4B1A607F
:10CA200009E0283B132B03D80A4A074B1A6002E09F
:10CA3000094A054B1A6001220349084804F02AFB01
:10CA40000122074B1A7010BD14340020D1070000DA
:10CA5000D2070000D3070000D40700000078004090
:10CA6000B505002008007047014B18787047C04694
:10CA7000B6050020014B18707047C046B60500206F
:10CA80007047C0460020704710B5FFF799FF00229D
:10CA9000014B1A7010BDC046B60500207047C04655
:10CAA00010B50C4B1B78012B06D10022094B1A70D4
:10CAB000094B1869FFF7CEFC72B6A023074AD2587B
:10CAC000C0239B021A4201D1FFF738FF62B6FFF77D
:10CAD0008FFC10BDB40500206033002000780040BA
:10CAE00010B5124B00E013001A688242FBD359685C
:10CAF0005C18A04203D1406841185960180044688E
:10CB000001198A420CD10A4A1268914206D04A6839
:10CB1000141944601A681268026002E0016000E0C3
:10CB20000260984200D0186010BDC046C4050020C5
:10CB3000C005002070B5040000F08CFC3C4B1B6865
:10CB4000002B20D13B4A530708D0D11D072399431E
:10CB5000A0239B01D3185B1A0A0001E0A0239B01CC
:10CB60003548026000214160D318083B0720834309
:10CB70002F48036059601960991A516013602F4B58
:10CB800019602F4B1960002C4CD0072323401A004A
:10CB900010239B1ADA43944244D8E318002B3DDD5E
:10CBA000274A1668B34239D8234A146801E02200A4
:10CBB0000C0061688B4202D921680029F7D11C4919
:10CBC00009688C422AD01568216811606268D21AFF
:10CBD000102A08D9E018410701D072B6FEE742607A
:10CBE0006360FFF77DFF6268B31A15490B60134954
:10CBF00009688B4201D211490B60083580231B065E
:10CC00001A436260002323600E4A136801331360E5
:10CC100000F01CFD6B0708D072B6FEE700F016FDB1
:10CC2000002502E000F012FD0025280070BDC0467E
:10CC3000C0050020D0050020C4050020D02D002014
:10CC4000BC050020B805002010B5002823D0030043
:10CC5000083B5B68002B01DB72B6FEE70200083A76
:10CC60001268002A01D072B6FEE7083804005B00A3
:10CC70005B08436000F0EEFB074A636811688C466E
:10CC8000634413602000FFF72BFF044A136801334D
:10CC9000136000F0DBFC10BDBC050020CC050020BB
:10CCA000030008334360012252428260C360036183
:10CCB000002303607047C046002303617047C046ED
:10CCC00043684B609A688A609A685160996008610D
:10CCD000036801330360704730B50C680200083206
:10CCE000631C02D1026904E01A0053681D68AC425B
:10CCF000FAD253684B6099608A605160086103689A
:10CD00000133036030BDC0460369426881689160A9
:10CD10008268416851605A68904201D182685A60C5
:10CD2000002202611A68013A1A6018687047C0460A
:10CD300082B000230193064B1B68013301D072B609
:10CD4000FEE772B6019B002BFCD002B07047C046D4
:10CD500010000020000000000000000000000000A3
:10CD60000B4A13681868203080F30988022080F38A
:10CD70001488BFF36F8F3FBCAE4608BC04BC62B6DC
:10CD80001847C046C046C046C046C046C046C0461A
:10CD9000842E002010B5031F802464041C60043B13
:10CDA0001960043B02491960143B1A60403810BDF9
:10CDB00031CD000880225205034B1A60BFF34F8F1C
:10CDC000BFF36F8F7047C04604ED00E072B6044AAF
:10CDD000136801331360BFF34F8FBFF36F8F70473A
:10CDE00010000020064B1B68002B01D172B6FEE735
:10CDF000013B034A1360002B00D162B67047C04666
:10CE000010000020EFF3108072B6704780F3108896
:10CE10007047C04600000000000000000000000055
:10CE2000EFF309800E4B1A6820381060F0C04446BA
:10CE30004D4656465F46F0C008B572B600F030FD6C
:10CE400062B60CBC116808681030F0C8A046A9464C
:10CE5000B246BB4680F309882038F0C81847C04660
:10CE6000842E002010B5FFF7CDFF040000F032FB48
:10CE7000002803D080225205024B1A602000FFF7E1
:10CE8000C5FF10BD04ED00E070B5144D2C68FA210B
:10CE900089002000FCF714F90100114B18601148BB
:10CEA000FCF70EF9104B186021002000FCF708F980
:10CEB00001005E20FCF704F90C4B18600C4C0023B9
:10CEC00023600C4A13602868FA218900FCF7F8F8FF
:10CED0000138094B18600723236070BD2000002033
:10CEE000D42D0020FFFFFF00DC2D0020D82D0020D6
:10CEF00010E000E018E000E014E000E010B50C4B9A
:10CF00001A68FF2109040A431A601A68FF210906FA
:10CF10000A431A60FFF7B8FF0022064B1A60FFF7BA
:10CF20001FFF00F0BDFCFFF703FF002010BDC0464F
:10CF300020ED00E01000002070B504003F4B1D689C
:10CF400072B6BFF34F8FBFF36F8F00F0F7FC00286E
:10CF500001D162B670E00622394B1A60394B19686C
:10CF6000002901D1384B19682B00A54200D92300B4
:10CF7000581E354A1268424352183449096849011B
:10CF800006D58024A40431490C602F490968521A3F
:10CF90002F4909688A4200D9521A2E490A60002492
:10CFA00028490C60264C2568012129432160002B6B
:10CFB00004D0BFF34F8F30BFBFF36F8F62B6BFF3A4
:10CFC0004F8FBFF36F8F72B6BFF34F8FBFF36F8F6B
:10CFD0001B4906240C600968C90310D51A4B19684F
:10CFE000184B1B68CB18013B9A1A194B1B689A42C5
:10CFF00001D9914200D24A1E164B1A600EE0114A26
:10D000001468114A15686B431C1B29002000FCF7AB
:10D0100057F8431C5D432C1B0E4B1C600022094B30
:10D020001A600732064B1A60074B1B68013B094A1E
:10D03000136000F01DFA62B670BDC046DC2D002002
:10D0400010E000E018E000E0D42D002004ED00E046
:10D05000D82D002014E000E0094B1A68094B1B682A
:10D06000DB6A0020002B0AD1074B1B68012B06D876
:10D07000002A04D1054B1B68054A1068181A70472E
:10D08000DC2E0020842E0020082E0020882E002078
:10D09000902E0020084B1B681B68002B04D1012236
:10D0A0005242064B1A6005E0034B1B68DB681A68A6
:10D0B000024B1A607047C046E42D0020882E0020E5
:10D0C00070B504000D001E4B1E681E4B186804301E
:10D0D000FFF71AFE631C16D1002D14D01A4A5168AE
:10D0E000184B1868816018688C68C4608C68186870
:10D0F000043060601868043088601B685A611368E7
:10D10000013313601AE034190E4B1B685C60A642B1
:10D1100007D90E4B18680B4B19680431FFF7DCFD7B
:10D120000CE00B4B1868074B19680431FFF7D4FD6E
:10D13000084B1B689C4201D2064B1C6070BDC04668
:10D14000902E0020842E0020C82E0020942E002037
:10D15000E42D0020882E0020F0B5474680B482B030
:10D1600000900E00019395002800FFF7E3FC041ED9
:10D1700000D1C7E05820FFF7DDFC071E0ED0582273
:10D1800000210BF0F7F93C632A00A52120000BF0E9
:10D19000F1F93B6B9846002E04D11EE02000FFF70A
:10D1A00053FDAFE00022B2563423FA540023F35665
:10D1B000002B0FD0731C3A00353239003E3100206D
:10D1C0001856107000201856002803D00133013281
:10D1D0008A42F4D100223D23FA54089B042B01D942
:10D1E00072B6FEE7089E042E00D90426FE62BE64D5
:10D1F0003C1D2000FFF760FD38001830FFF75CFD94
:10D200003F6105239B1BBB617F62281F40440723AE
:10D210009843019A0099FFF7BDFD3860099B002BE8
:10D2200000D01F60FFF7D2FD394A13680133136045
:10D23000384B1B68002B23D1364B1F601368012B22
:10D240002AD1354D2E0064362800FFF729FD14350C
:10D25000AE42F9D1314E3000FFF722FD304D2800AB
:10D26000FFF71EFD2F48FFF71BFD2F48FFF718FDA6
:10D270002E48FFF715FD2E4B1E602E4B1D600BE058
:10D280002D4B1B68002B07D1224B1B68DB6AFA6A07
:10D29000934201D81F4B1F60284A13680133136063
:10D2A0003B64FB6A264A1268934201D9244A136000
:10D2B00019499A00D3189B00CB185B68BB609A6829
:10D2C000FA609A6854609C60FB6A9800C2189200E9
:10D2D0008A187A61C218920052580132C3189B0012
:10D2E0005A50FFF77FFD144B1B680120002B0BD019
:10D2F000084B1B68DA6AFB6A9A4205D2FFF75AFDAF
:10D30000012001E00120404202B004BC9046F0BD83
:10D31000B02E0020842E0020082E0020F02D0020AA
:10D32000B42E0020982E00206C2E0020C82E002045
:10D33000E42D0020942E0020E82D0020AC2E0020AB
:10D34000DC2E002070B50400FFF740FD002C01D159
:10D35000204B1C68251D2800FFF7D6FCA36A002B74
:10D3600003D020001830FFF7CFFC1B4A13680133AD
:10D370001360184B1B689C4208D129001748FFF71F
:10D380009FFC174A13680133136005E0154A1368C0
:10D39000013B1360FFF77EFEFFF724FD0D4B1B687A
:10D3A0009C4205D0206BFFF74FFC2000FFF74CFCA0
:10D3B0000D4B1B68002B0BD0064B1B689C4207D102
:10D3C0000A4B1B68002B01D072B6FEE7FFF7F2FC98
:10D3D00070BDC046842E0020AC2E00206C2E002094
:10D3E000802E0020B02E0020E82D0020EC2D002003
:10D3F00000B583B0104B0193002300938022D2002C
:10D400000E490F48FFF7A8FE01280DD172B6012280
:10D4100052420C4B1A6002320B4B1A6000220B4B2B
:10D420001A60FFF76BFD03E0431C01D172B6FEE703
:10D43000074B1B6803B000BD8C2E00208C8C0108AC
:10D4400005D80008882E0020E82D0020902E00200E
:10D4500014000020024A1368013313607047C0466D
:10D46000EC2D0020014B18687047C046902E00201C
:10D4700010B50400134B1B68134A12681B18934223
:10D4800001D972B6FEE70F4B1B680F4A1268C3182A
:10D49000934212D10D4B1B68002B01D172B6FEE7EF
:10D4A000002801D172B6FEE7FFF790FC084A136826
:10D4B00001331360FFF796FC013C024A1368E4183D
:10D4C000146010BD902E0020882E0020EC2D00202E
:10D4D000042E0020F0B5474680B4514B1B68002B4A
:10D4E00000D094E04F4B1C6801341C60002C12D11A
:10D4F0004D4B1B681B68002B01D072B6FEE74A4AF1
:10D5000011684A4B186810601960494A1368013362
:10D510001360FFF7BFFD474B1B6800209C4265D39B
:10D520000020414B9846002643461B681B68002B91
:10D5300004D1012252423F4B1A6057E03A4B1B681C
:10D54000DB68DB685A68944202D23A4B1A604DE0BD
:10D550005A699968DF688F60D9689F684F60191DA4
:10D5600057688F4201D1DF6857605E611768013FDD
:10D5700017609A6A002A10D0DF691D6ABD601F6AB1
:10D58000DD697D601F0018375568BD4201D11D6AF5
:10D5900055609E621768013F1760DA6A264D2F6852
:10D5A000BA4200D92A609700BA189200234DAC46BF
:10D5B000624452689A609568DD609768796091600E
:10D5C000DA6A9700B9188900654661445961B9184B
:10D5D000890049590131BA1892005151184A11680D
:10D5E000DA6ACB6A9A429FD901209DE7144B1B68E7
:10D5F000DB6A9A00D3189B00104A9B58012B00D974
:10D600000120104B1B68002B06D0012004E00E4ABD
:10D61000136801331360002004BC9046F0BDC0467F
:10D62000EC2D0020902E0020E42D0020942E0020D0
:10D63000E02D0020882E0020DC2E0020082E002067
:10D64000842E0020E02E0020042E0020F8B5464B4A
:10D650001B68002B01D172B6FEE7FFF7B7FB424B08
:10D660001A68013A1A601B680024002B77D13F4BDF
:10D670001A680023002A4ED171E0F368DB689C6AC7
:10D68000DA691D6A95601A6ADD6955601A001832F8
:10D690006568954201D11A6A626098622268013A0F
:10D6A00022605D699A68DC689460DA689C685460FE
:10D6B0001C1D6A68A24201D1DA686A6058612A6852
:10D6C000013A2A60DA6A2A4D2D68AA4201D9284D0A
:10D6D0002A609500AA1892008A1852689A60956884
:10D6E000DD6095686C609460DA6A9500AC18A400FF
:10D6F0000C195C61AC18A40064580134AA1892009B
:10D7000054501C4A1268D26ADC6A944207D3012240
:10D71000194C226003E0194F3E00002018493A6876
:10D72000002AAAD1002B01D0FFF7B4FC154B1C68CE
:10D73000002C0CD0104E0125FFF7CCFE002800D0A5
:10D740003560013C002CF7D100220E4B1A600A4BC9
:10D750001B680024002B02D0FFF72CFB0134FFF7DD
:10D7600041FB2000F8BDC046EC2D0020B02E00206B
:10D77000DC2E0020842E0020E02E0020982E002099
:10D78000082E0020042E002070B505000C00002893
:10D7900001D172B6FEE7002901D172B6FEE7174B40
:10D7A0001B68002B01D072B6FEE7FFF753FE144B47
:10D7B00018682A68A318904208D29A4219D9984248
:10D7C000A44164422B60984209D204E09A420DD8E9
:10D7D00098420BD30DE0181A0021FFF771FCFFF7F8
:10D7E00035FF002808D1FFF7E5FA05E02B6001249A
:10D7F000F1E72B600024F2E7200070BDEC2D002043
:10D80000902E0020F0B5474680B41F4B98461F4F1E
:10D810001F4E43461B68002B18D01B4DFFF7D6FA4E
:10D82000FB68DC68201DFFF76FFA3368013B33604B
:10D830002B68013B2B60FFF7D5FA206BFFF704FA4A
:10D840002000FFF701FA2B68002BE7D1114B1B6872
:10D85000012B01D9FFF7AEFAFFF7FEFB0128D8D95B
:10D86000FFF7F8FD0C4B1A680C4B1B689A4201D26B
:10D8700072B6FEE7FFF7F0FB012801D9FFF75CFB6A
:10D88000FFF7E4FEC5E7C046802E00206C2E002086
:10D89000B02E0020082E0020882E0020902E002080
:10D8A00010B5214B1B68002B03D001221F4B1A60BF
:10D8B00038E000221D4B1A601D4B1B689A00D218DD
:10D8C00092001C495258002A0DD1002B02D003E0CF
:10D8D000002B01D172B6FEE7013B9A00D2189200EC
:10D8E0005258002AF4D0134C9A00D11889006118BC
:10D8F000486840684860D21892000832A2189042E6
:10D9000005D141689A00D2189200A21851609A007D
:10D91000D218920007498A185268D168064A1160E5
:10D92000034A136010BDC046EC2D0020E02E0020FD
:10D93000DC2E0020082E0020842E00200B4B1B68BC
:10D940000020002B11D10A4B1B68002B0DD1094B75
:10D950001B68002B09D1084B1B68084A1068013866
:10D96000181A431E98410223181A7047982E002057
:10D97000E02E0020042E0020C82E0020B02E002013
:10D9800010B5084C00220821200005F0BBFA002247
:10D990000721200005F0B6FA01220721200005F03A
:10D9A00017FB10BD3000082010B5124C01220821D1
:10D9B000200005F00DFB01220821200005F092FA5D
:10D9C00001220721200005F08DFA0420FEF76EFBEE
:10D9D00000220821200005F085FA0420FEF766FBEE
:10D9E00000220721200005F07DFA0420FEF75EFBEF
:10D9F00010BDC0463000082010B50E4C0122082191
:10DA0000200005F0E5FA00220821200005F06AFA5E
:10DA10000420FEF74BFB01220721200005F062FAEB
:10DA20000420FEF743FB01220821200005F05AFAEA
:10DA300010BDC04630000820F8B5050001220821BD
:10DA4000164805F0C5FA08248027144E2F4205D049
:10DA500001220821300005F045FA04E000220821E7
:10DA6000300005F03FFA6D00ADB20420FEF71EFB5A
:10DA700001220721300005F035FA0420FEF716FBDD
:10DA800000220721300005F02DFA0420FEF70EFBDE
:10DA9000013CE4B2002CD9D1F8BDC04630000820CA
:10DAA00070B5184C00220821200005F091FA0122DF
:10DAB0000821200005F016FA0420FEF7F7FA0122EB
:10DAC0000721200005F00EFA0420FEF7EFFAFB24F0
:10DAD0000C4D06E0013CE4B2002C02D1FFF78CFFB4
:10DAE0000EE00821280005F007FA0028F2D10022F4
:10DAF0000721044805F0F6F90420FEF7D7FA0124BF
:10DB0000200070BD3000082010B5124C0122082101
:10DB1000200005F05DFA00220821200005F0E2F95E
:10DB20000420FEF7C3FA01220721200005F0DAF9EC
:10DB30000420FEF7BBFA00220721200005F0D2F9ED
:10DB40000420FEF7B3FA01220821200005F0CAF9EB
:10DB500010BDC0463000082010B50F4C012208212E
:10DB6000200005F035FA01220821200005F0BAF95D
:10DB70000420FEF79BFA01220721200005F0B2F9EC
:10DB80000420FEF793FA00220721200005F0AAF9ED
:10DB90000420FEF78BFA10BD30000820F8B507000E
:10DBA0001A4C00220821200005F012FA0122082157
:10DBB000200005F097F908260024144D01220721C2
:10DBC000280005F08FF90420FEF770FA6400E4B233
:10DBD0000821280005F090F9002801D00134E4B2B2
:10DBE00000220721280005F07DF90420FEF75EFAE7
:10DBF000013EF6B2002EE1D1002F02D1FFF7ACFFBB
:10DC000001E0FFF781FF2000F8BDC046300008208A
:10DC100070B504000D001600821880235B00002000
:10DC20009A4238DC002935D0FFF7BEFEA020FFF76E
:10DC300003FFFFF735FF002828D0A0B2FFF7FCFE56
:10DC4000FFF72EFF002821D0FFF7AEFEA120FFF73F
:10DC5000F3FEFFF725FF002818D0B31E9BB2012E5C
:10DC60000AD02C000133ED182E000120FFF796FF9B
:10DC700020700134B442F8D10020FFF78FFF2870E4
:10DC8000FFF76AFFFFF7B8FE012004E0FFF7B4FEDC
:10DC9000002000E0002070BDF0B557464E464546D6
:10DCA000E0B492468418802252000023944249DC5A
:10DCB000002946D083B299465346002B35D00F0039
:10DCC0000025FF2398464B465E19B6B2002D01D0C1
:10DCD00073071ED1FFF790FEFA208000FEF7E6F9E9
:10DCE0000024FFF761FEA020FFF7A6FEFFF7D8FE95
:10DCF000002804D10134A4B2642CF2D11DE0642CBC
:10DD00001BD040463040FFF797FEFFF7C9FE0028C2
:10DD100013D03878FFF790FEFFF7C2FE00280CD032
:10DD20000135ADB20137AA45CDD1FFF765FEFA2026
:10DD30008000FEF7BBF9012304E0FFF75DFE01233D
:10DD400000E0002318001CBC90469946A246F0BD96
:10DD5000002103E00F4B5B58435004310E480F4B3A
:10DD600042189A42F6D30E4A03E0002313600423BC
:10DD70001A440C4B9A42F8D300F048F90A480B4970
:10DD800001800B48094901800A480B490180FEF7D0
:10DD900053F8704798920108000000207805002091
:10DDA000780500202447002014000820FFFF000011
:10DDB0004400082074000820FF030000FEE7000074
:10DDC00082B00022019201380A4B58609A600532F5
:10DDD0001A601900802252020B680193019B1342C2
:10DDE000FAD0044B1A6801218A431A6000229A6013
:10DDF00002B0704710E000E000B583B000226B462F
:10DE0000DA71002006F0D6F9012006F0DFF90128CA
:10DE100005D104F01BFE01226B46DA7105E00020FB
:10DE200004F014FE00226B46DA71002004F0F8FDC5
:10DE3000012006F0FDF901280CD1002004F012FEAB
:10DE4000082004F01BFE602004F028FE012004F0EE
:10DE5000DFFD0BE06B4607331B78012B03D102205B
:10DE600004F0D6FD02E0002004F0D2FD03B000BDB6
:10DE70000B4B0C4A1A600C4A1A600C4B0C4A1A6085
:10DE8000802189020B4A11608022520019680A43DE
:10DE90001A60094A80231B0611680B431360704700
:10DEA000002000401178AC00674523011420004099
:10DEB000312000004020004004200040F8B50A4B0B
:10DEC0001B6843431F001D0E08D0002480267604E3
:10DED0003000FFF775FF0134A542F9D13802000A7E
:10DEE000FFF76EFFF8BDC046E42E002010B584B0E9
:10DEF0000F226A44002313700E2169440B700D2118
:10DF000069440B7003A90B700B2169440B700A2143
:10DF100069440B70092169440B7001938020C0058E
:10DF2000036803242340137003689B059B0F013390
:10DF30000B701378DBB2012B08D0002B02D0022B20
:10DF40004AD04CE02C4A2D4B1A6048E08021C9058C
:10DF50000B68DB02DB0F0B226A4413700B689B0615
:10DF60009B0F013303A8037025480B589B0F254CCA
:10DF7000E35CDBB20A246C4423700B589B00DB0E7D
:10DF80005B000E246C4423700B58DB0BDBB20D21BD
:10DF900069440B701378002B03D0174A174B1A6093
:10DFA00002E0154A154B1A600D236B4418780A23BA
:10DFB0006B441978C9B2114C23685843FBF780F8B9
:10DFC000019001980E236B44197803AB1B785943D9
:10DFD000FBF776F8206002E0074A084B1A60092335
:10DFE0006B441978C9B2054B1868FBF769F8064B02
:10DFF000186004B010BDC04600127A002000002056
:10E00000908800001C0000202400002010B5074B61
:10E01000074A9A60074A084B1A60FFF729FFFFF783
:10E02000EBFE012004F006FD10BDC04600ED00E04F
:10E0300000900008006CDC022000002003789A07A2
:10E04000D20F50005A07D20F92008218D807C00F83
:10E0500010181A07D20FD2008018DA06D20F120158
:10E0600080189A06D20F520180185A06D20F9201D8
:10E070008018DB09DB01C018C0B27047F0B5474615
:10E0800080B407000D001400132200210AF072FA78
:10E090000022194B1A70012C02D0022C14D027E058
:10E0A000164C26001236144B98462000FFF7C6FF88
:10E0B0002840854204D143461B7801334246137001
:10E0C0000134B442F1D113E00C4E01240A4B9846BE
:10E0D0003000FFF7B3FF284205D043461B785A1C97
:10E0E00041460A70FC540134E4B20136132CEFD1DE
:10E0F000380004BC9046F0BD5C330020BD330020E6
:10E10000F8B5040000220F4B1A70133200210AF0F8
:10E1100031FA0123002000270B4E0125D9B29A00C5
:10E12000B218D278D20703D57A1CE155D7B22800AD
:10E130000133132BF2D1002801D0024B1F702000B5
:10E14000F8BDC046B833002004B001088000034B7E
:10E150001818C078C007C00FC0B2704704B00108DB
:10E16000C007C00FC0B2704770B583004F4CE318B2
:10E17000DB78DB0750D54E4B1B78012B4CD1012AA5
:10E1800000D084E00C781C43E4B202232343DCB2C9
:10E1900020232343EF242340AF3CA34308242343FD
:10E1A0000B70444B1B78002B09D0984214D00123EC
:10E1B000404D1E00DC002C5D002C08D100E0002644
:10E1C000F6003C4BF05401243B4B1C7004E0A04291
:10E1D00002D00133042BECD1384B187034E0012409
:10E1E000374B1C70374B1B5CDB070DD5324B1C705B
:10E1F0000023304D0026EC5C844202D12D4C1C19CA
:10E2000026700833202BF6D12E4C235C0825AB4317
:10E21000073DAB43235417E0254B1B78002B13D14C
:10E220000124274B1C70274D2B5C0826B343A343C6
:10E230001F34A3431E3CA34310242343DBB24024DA
:10E2400023437F2423402B548000184B1818C37895
:10E250009B07DB0F012B0FD1154B1B78012B23D113
:10E26000012A1FD10B78813A13430B701CE00B7805
:10E270007F2213400B7017E0002B15D10C4B1B783D
:10E28000012B11D10B787F2213400B700CE0002A78
:10E29000A5D08000054B1818C3789B07DB0F012B16
:10E2A000EAD1DDE7002AE2D070BDC04604B0010823
:10E2B000483300208C320020683400204033002096
:10E2C0003E330020BC330020037801229343013207
:10E2D00093437D32134003707047C0460378082291
:10E2E0009343043A9343033A93431F3293431E3AB2
:10E2F000934310221343DBB2402213437F22134087
:10E300000370704770B5154C250012352000FFF7DB
:10E31000E5FF0134AC42F9D1AB22114B1A70002356
:10E32000104A1370104A1370104A1370104A0020DC
:10E3300050709070D3700F4A137001220E49043050
:10E34000FFF766FC20220D490720FFF761FC04223D
:10E350000B492720FFF75CFC70BDC046BD33002091
:10E360003F3300205C330020683400203E3300201F
:10E370004033002030330020483300208C3200200E
:10E380008432002010B5012811D0002804D00228C2
:10E3900018D0032821D02AE0082215490720FFF7CA
:10E3A0007BFC012213492720FFF776FC1FE008229F
:10E3B00011490F20FFF770FC012210492820FFF7B8
:10E3C0006BFC14E008220E491720FFF765FC0122C0
:10E3D0000C492920FFF760FC09E008220A491F20A8
:10E3E000FFF75AFC012209492A20FFF755FC10BD0E
:10E3F0008C320020843200209432002085320020AC
:10E400009C32002086320020A43200208732002077
:10E41000F0B5474680B41E4E0024B04600251D4F7F
:10E42000E200424455709570F570357013790821FB
:10E430008B4304398B4303398B431F318B431E3984
:10E440008B4310210B43DBB240210B437F210B4058
:10E450001371E3191D70E0B2FFF794FF0134083621
:10E46000042CDDD10C4A0023002050709070D37032
:10E470000A4A13700A4A13700A4C2500123520000C
:10E48000FFF72CFF0134AC42F9D104BC9046F0BD3B
:10E490008C320020843200204033002030330020B2
:10E4A00075330020BD330020F0B557464E46454633
:10E4B000E0B4554B1B78012B61D1544B1B78012BD9
:10E4C00077D10022504B1A70514D18270024514B20
:10E4D0009846E6B2297A00291ED08B0042469A5C03
:10E4E000944643445A789246E2004B4881464A4457
:10E4F00060465070504690709A78EA72474A1155BB
:10E50000DB789B0702D50122454B1A700122444952
:10E510002B20FFF7C1FB2AE028000830290010312A
:10E520003A0009F0E9FF631EDB003B4A944663446E
:10E530000022002058709870EA702A701A79082119
:10E540008A43D2B204398A43D2B203398A43D2B25F
:10E550001F318A43D2B21E398A43D1B210220A43F4
:10E56000D1B240220A43D2B27F210A401A71300050
:10E57000FFF708FF0134083F0835042CA9D1294BC7
:10E580001B78002B15D0214A1278012A11D121497C
:10E590009A00545C8A18507822494C7088709078A0
:10E5A000C87021490B70D3789B0702D501221C4B00
:10E5B0001A701E4B1B78012B21D100221B4B1A70A5
:10E5C0000121012313481A4C8A008218D278D207FD
:10E5D00002D5625CD20705D40133DBB20131132BC3
:10E5E000F2D101E0132B0AD10E4A00231370002050
:10E5F00050709070D3700C4A1370094A13701CBC91
:10E6000090469946A246F0BD683400204833002069
:10E610008432002004B001088C32002084320020B3
:10E620007533002040330020303300203E3300207B
:10E63000BC330020094A00231370137153705371C7
:10E6400093709371D370064A1380064A1380064A6A
:10E650001380064A1380064A136070473433002043
:10E660006C340020883200203C3300202834002005
:10E670002C3300200349A0228B58802083438B50E9
:10E680007047C04600780040F8B55F4656464D4694
:10E690004446F0B4A44B1B88A44A126893423DD26E
:10E6A000A34AD279D20739D50A339F4A1380A14BA6
:10E6B0001B79002B13D19F4B5B78002B0FD19D4B07
:10E6C0005B79002B0BD19B4B9B78002B07D1994B8F
:10E6D0009B79002B03D1974BDB78002B11D0964A06
:10E6E00013880A339BB21380944A1268934218D35A
:10E6F0000022914B1A80013291490120FFF734FD2D
:10E700000FE000228C4B1A808D4C2000FFF7DCFDBF
:10E71000002221000120FFF727FD02E00022824BAA
:10E720001A80834BDB7ADB0753D5864A13680A339A
:10E730001360854A1288854909688A4203D30021FB
:10E74000814A118002E00A327F490A80794A1278B0
:10E75000022A0CD17E4A1268934242D90023794A98
:10E7600013607C4A1380734B00221A70CAE0012A9E
:10E7700037D1794A1268934211D3764A1288774981
:10E7800009688A420BD200216E4B19600132714B2D
:10E790001A800222674B1A70FFF76CFFB2E0704AD2
:10E7A0001268934200D2ADE06C4B1B68694A128834
:10E7B0009A4200D2A6E00022624B1A6002325D4B00
:10E7C0001A70FFF757FF012266490220FFF7CCFCC1
:10E7D00098E000235C4A13805E4A1380594A136014
:10E7E00090E0534BDB7BDB0700D497E05E4B1B785C
:10E7F000002B0BD05C4B1B7A002B05D05A4B1D7C99
:10E800006B1E9D41023502E0012500E00025ED0070
:10E81000554B5D196B79002B65D00024534B9946FD
:10E82000534B9846534B9B46C24601239C462B684C
:10E830001A0A2B791B061343A2001219520012194F
:10E840009B189979DA7912020A430A3291B29971C6
:10E850000A0ADA711A795879000210434A46126896
:10E86000424392B246463668B24203D252461268DA
:10E8700092B206E05E463668B24202D93D4A12685C
:10E8800092B291420AD39A71120ADA7162469A726E
:10E89000EB886246A2409343EB801FE09A7A012AFC
:10E8A00039D100221A725A7202329A7216E0197A1B
:10E8B0005A7A12020A430A3292B21A72110A597231
:10E8C0002D4909684843824208D300221A725A72BD
:10E8D0009A72EA886346A3401343EB800134E4B2A2
:10E8E0006B79A342A3D8EB88002B05D101222349E1
:10E8F0000320FFF739FC11E0002220490320FFF735
:10E9000033FC0BE00A4BDB7BDB0700D56EE705E051
:10E91000002ADED0E2E7022AFAD1C8E73CBC9046E2
:10E920009946A246AB46F8BD6C34002078B0010889
:10E9300004B00108343300208832002074B001088C
:10E94000BD3300202C3300203C3300206CB0010884
:10E9500060B001082834002068B0010870B00108D8
:10E9600064B00108BE330020580000205CB00108EC
:10E9700058B0010854B0010850B00108BF3300205E
:10E9800010B502F091FF10BD00B585B01022002136
:10E99000684609F0EFFD064B009301236A46537168
:10E9A000044B02936946044805F00CFD05B000BD18
:10E9B0007FA9030081E900080011014070B582B011
:10E9C00001266B46DE716B469D1D00249C71002064
:10E9D00002F08AFB002002F08DFB1E4B1C701E4BC8
:10E9E0001C701E4B1C70FFF7CFFF03221C4B1A70CC
:10E9F0001C4B1E7001321C4B1A701C4B1C701C4BA4
:10EA00001C7067321B493020FFF702F901221A49B6
:10EA10000320FFF7FDF8012218490120FFF7F8F85D
:10EA2000012217490220FFF7F3F8012229000420F0
:10EA3000FFF7EEF801280AD16B4606331B78012B4D
:10EA400005D001226B46D91D0330FFF725F902B02E
:10EA500070BDC046D3430020DC430020C4430020E7
:10EA6000A9430020D4430020B5430020F22E00200B
:10EA7000B0430020F42E0020B4430020A84300201F
:10EA8000B243002000B585B010220021684609F08D
:10EA900071FD074B009301236A4653711373054BB5
:10EAA00002936946044805F08DFC05B000BDC046E0
:10EAB0007FA9030081E900080011014000B585B07D
:10EAC00010220021684609F055FD064B00930123F2
:10EAD0006A465371044B02936946044805F072FC80
:10EAE00005B000BD7FA9030081E9000800110140C5
:10EAF00072B6BFF34F8F034A034BDA60BFF34F8FF9
:10EB0000C046FDE70400FA0500ED00E070B5060020
:10EB10003E284DD102F052FB040002F053FB057871
:10EB2000427812022A4383781B0413431A00C378E5
:10EB30001B06134301220271002242717E321A70B9
:10EB40000578427812022A4383781B0413431A0083
:10EB5000C3781B0613430279467936021643721CAA
:10EB600092B20271120A4271257861780902294332
:10EB7000A27812040A431100E27812060A4352787E
:10EB80007F210A409A552078627812020243A378C6
:10EB90001B0413431A00E3781B0613435B787F2B97
:10EBA00002D8FFF76FFF50E00022284B1A704CE0AC
:10EBB00002F0FCFA040002F0FDFA05784278120235
:10EBC0002A4383781B0413431A00C3781B0613439C
:10EBD000012202710022427140361E70057842788F
:10EBE00012022A4383781B0413431A00C3781B06BE
:10EBF00013430279467936021643721C92B20271AF
:10EC0000120A42712578617809022943A278120418
:10EC10000A431100E27812060A4352787F210A4023
:10EC20009A552078627812020243A3781B0413439A
:10EC30001A00E3781B0613435B787F2B02D8FFF79B
:10EC400021FF02E00022014B1A7070BDB143002089
:10EC500070B506000D003E2842D102F0AFFA02F076
:10EC6000B1FA047842781202224383781B041343DA
:10EC70001A00C3781B06134301220271002242715D
:10EC80007F321A70047842781202224383781B0480
:10EC900013431A00C3781B06134302794179090212
:10ECA00011434A1C92B20271120A42713E225A5416
:10ECB000047842781202224383781B0413431A001B
:10ECC000C3781B06134302794179090211434A1C98
:10ECD00092B20271120A42715D54FFF7D3FE3EE018
:10ECE00002F068FA047842781202224383781B0407
:10ECF00013431A00C3781B0613430122027100223A
:10ED000042717F321A70047842781202224383786B
:10ED10001B0413431A00C3781B061343027941797D
:10ED2000090211434A1C92B20271120A42715E54E6
:10ED3000047842781202224383781B0413431A009A
:10ED4000C3781B06134302794179090211434A1C17
:10ED500092B20271120A42715D54FFF793FE70BDC8
:10ED6000F8B502F023FA040002F024FA057842789C
:10ED700012022A4383781B0413431A00C3781B062C
:10ED80001343012202710022427150321A70057839
:10ED9000427812022A4383781B0413431A00C37873
:10EDA0001B061343027947793F0217437A1C92B23C
:10EDB0000271120A42712678617809023143A27801
:10EDC00012040A431100E27812060A4352787F21A6
:10EDD0000A40DA550578427812022A4383781B04E8
:10EDE00013431A00C3781B061343027941790902C1
:10EDF00011434A1C92B20271120A427100225A5403
:10EE00000578427812022A4383781B0413431A00C0
:10EE1000C3781B06134302794179090211434A1C46
:10EE200092B20271120A427132225A540578427823
:10EE300012022A4383781B0413431A00C3781B066B
:10EE4000134302794179090211434A1C92B20271BB
:10EE5000120A427102225A540578427812022A4359
:10EE600083781B0413431A00C3781B0613430279EB
:10EE70004179090211434A1C92B20271120A42718D
:10EE8000BC225A542078627812020243A3781B04F1
:10EE900013431A00E3781B0613435B787F2B02D8D9
:10EEA000FFF7F0FD02E00022014B1A70F8BDC046EA
:10EEB000B1430020F8B505000E0017001C0002F059
:10EEC00075F902F077F90378427812021A438378D1
:10EED0001B0413431A00C3781B061343012202715B
:10EEE0000022427140351D700578427812022A4393
:10EEF00083781B0413431A00C3781B06134302795B
:10EF00004179090211434A1C92B20271120A4271FC
:10EF1000320A5A540578427812022A4383781B0435
:10EF200013431A00C3781B0613430279417909027F
:10EF300011434A1C92B20271120A42715E541A23A2
:10EF40005F43134BDF19FB7C002B1DD02600013BD8
:10EF5000DBB20133E318057841780902294382784E
:10EF600012040A431100C27812060A430179447957
:10EF700024020C43611C89B20171090A4171317884
:10EF8000115501369E42E6D1FFF77CFDF8BDC04623
:10EF9000F48C0108F8B5060002F008F9040002F04C
:10EFA00009F90578427812022A4383781B04134337
:10EFB0001A00C3781B06134301220271002242711A
:10EFC00040361E700578427812022A4383781B046B
:10EFD00013431A00C3781B061343027947793F0293
:10EFE00017437A1C92B20271120A42712678617834
:10EFF00009023143A27812040A431100E278120692
:10F000000A435278DA550578427812022A43837807
:10F010001B0413431A00C3781B0613430279467975
:10F0200036021643721C92B20271120A427125789E
:10F03000617809022943A27812040A431100E27898
:10F0400012060A4392789A55FFF71CFDF8BDC04698
:10F05000F8B5050002F0AAF8060002F0ABF8047853
:10F0600042781202224383781B0413431A00C378A8
:10F070001B061343012202710022427140351D70AC
:10F08000047842781202224383781B0413431A0047
:10F09000C3781B061343027947793F0217437A1C52
:10F0A00092B20271120A42713578717809022943CD
:10F0B000B27812040A431100F27812060A43527819
:10F0C0007F210A40DA559E4B1B78012B58D10478DA
:10F0D00042781202224383781B0413431A00C37838
:10F0E0001B06134302794179090211434A1C92B26B
:10F0F0000271120A42712D225A5404784278120287
:10F10000224383781B0413431A00C3781B0613435E
:10F1100002794179090211434A1C92B20271120A22
:10F120004271CF225A5404784278120222438378E3
:10F130001B0413431A00C3781B0613430279417959
:10F14000090211434A1C92B20271120A427146220C
:10F150005A54047842781202224383781B041343E2
:10F160001A00C3781B06134302794179090211433F
:10F170004A1C92B20271120A427129225A54DCE0EE
:10F18000704B1B78012B0ED1347872781202224317
:10F19000B3781B0413431A00F3781B0613439B78C0
:10F1A000012B66D10FE0032B63D134787278120201
:10F1B0002243B3781B0413431A00F3781B0613434E
:10F1C0009B78032B55D1047842781202224383782E
:10F1D0001B0413431A00C3781B06134302794179B9
:10F1E000090211434A1C92B200250271120A4271AF
:10F1F0005D54047842781202224383781B0413433F
:10F200001A00C3781B06134302794179090211439E
:10F210004A1C92B20271120A42715D54047842781B
:10F220001202224383781B0413431A00C3781B067F
:10F23000134302794179090211434A1C92B20271C7
:10F24000120A42715D540478427812022243837894
:10F250001B0413431A00C3781B0613430279417938
:10F26000090211434A1C92B20271120A42715D54A2
:10F2700063E0047842781202224383781B0413432C
:10F280001A00C3781B06134302794179090211431E
:10F290004A1C92B20271120A42712B4D1C22524238
:10F2A0002C6862405A5404784278120222438378D0
:10F2B0001B0413431A00C3781B06134302794179D8
:10F2C000090211434A1C92B20271120A427173225E
:10F2D00052422C6862405A54047842781202224307
:10F2E00083781B0413431A00C3781B061343027967
:10F2F0004179090211434A1C92B20271120A427109
:10F3000019222C6862405A5404784278120222432F
:10F3100083781B0413431A00C3781B061343027936
:10F320004179090211434A1C92B20271120A4271D8
:10F330002A681E20404242405A54FFF7A3FBF8BD02
:10F3400018000020B54300202C34002070B501F0D7
:10F350002DFF050001F02EFF29786B781B020B436F
:10F360001A00AC78240423001343EC7824061C43D1
:10F37000057843781B022B431A00817809040B009F
:10F380001343C178090619438A781206CB781B0407
:10F39000D2184B79D218097909025218D3091204EC
:10F3A0001A435200264B534058011B0BA2781106FA
:10F3B000E27812048A1861795218217909025218E8
:10F3C00003439A4206D109221E4B1A7000221E4B9B
:10F3D0001A7034E01D4B1B78022B27D91A4B1B786F
:10F3E000002B09D10B22174B1A700A3A164B1A70D0
:10F3F0000332174B1A7022E0164B1B88002B0ED1DC
:10F400000022124B1A7001320F4B1A70124A114B24
:10F410001A8004230B4A13700D4A13700FE00C225C
:10F42000084B1A70083A0A4B1A7008E00133074A71
:10F4300013700A22034B1A70063A054B1A7070BDFE
:10F4400082FD3E7DE92E0020B0430020EB2E0020FF
:10F45000B54300209200002060EAFFFFF0B583B0C2
:10F4600001F0A4FE040001F0A5FE6B4A6B4B1A806C
:10F47000BB226B46DA71227963791B021343022B9C
:10F4800007D00522664B1A7013211020FFF7E0FB0E
:10F49000C0E02578627812022A43A3781B04134344
:10F4A0001A00E3781B0613435B787F221340022B7C
:10F4B00019D0DAB2022A02D8012B05D044E0032B7E
:10F4C00028D0042B33D03FE00123554A1370554A0E
:10F4D00013700422544B1A700022544B1A701020DF
:10F4E000FFF73EFC96E04E4B1B78032B05D1013B0A
:10F4F0004B4A13704B4A137033E0022B31D0072272
:10F50000474B1A70063A474B1A7022211020FFF71A
:10F510009FFB7FE00323424A1370424A1370444B1F
:10F520001A78424B1A701020FFF71AFC72E004237D
:10F530003B4A13703B4A13703D4B1A783B4B1A7091
:10F540001020FFF70DFC65E00622354B1A70053AD6
:10F55000344B1A7012211020FFF77AFB5AE0FFF7A4
:10F56000C7FA334B1A78314B1A700122314B1A709B
:10F570000578427812022A4383781B0413431A0049
:10F58000C3781B06134301220271002242717F32AD
:10F590001A700578427812022A4383781B041343B9
:10F5A0001A00C3781B061343027947793F021743B9
:10F5B0007A1C92B20271120A4271267861780902AD
:10F5C0003143A27812040A431100E27812060A437A
:10F5D0001278DA55047842781202224383781B04A9
:10F5E00013431A00C3781B061343027941790902B9
:10F5F00011434A1C92B20271120A427178225A5483
:10F6000002F052F901226B46D91D0320FEF744FB9C
:10F610000128A4D003B0F0BD10270000EC2E00207C
:10F62000E82E0020D4430020B5430020D243002020
:10F63000B3430020C4430020F8B501F0B7FD040037
:10F6400001F0B8FD6F4B1B88002B09D06E4A6D4B43
:10F650001A80227963791B021343022B13D00DE029
:10F6600001236A4A13700421694A1170694A1370B0
:10F67000227963791B021343022B09D01321112035
:10F68000FFF7E6FABCE0614B1B78023B012B04D983
:10F690007E211120FFF7DCFAB2E05D4B1B780222DD
:10F6A0009343012B04D033211120FFF7D1FAA7E0B7
:10F6B0002578627812022A43A3781B0413431A00A8
:10F6C000E3781B0613435B787F221340DAB2052AE6
:10F6D00000D991E09B00504AD3589F464B4D0126DC
:10F6E0002E700778427812023A4383781B04134342
:10F6F0001A00C3781B0613430122027100224271D3
:10F7000051321A700778427812023A4383781B0408
:10F7100013431A00C3781B0613430179427912027E
:10F720000A439446013292B20271120A427127785A
:10F73000617809023943A27812040A431100E27881
:10F7400012060A4352787F210A4061465A54FFF755
:10F7500099F92D48FCF7AAFC2E70FFF7C9F9012290
:10F760002A4B1A704CE0294D01262E7007784278FA
:10F7700012023A4383781B0413431A00C3781B0612
:10F780001343012202710022427151321A7007782C
:10F79000427812023A4383781B0413431A00C37859
:10F7A0001B0613430179427912020A43944601323F
:10F7B00092B20271120A42712778617809023943C4
:10F7C000A27812040A431100E27812060A43527822
:10F7D0007F210A4061465A54FFF754F90A48FCF762
:10F7E00065FC2E70FFF784F90122084B1A7007E0C0
:10F7F0000122064B1A7003E012211020FFF728FAAD
:10F80000F8BDC046EC2E002010270000E82E002096
:10F81000B5430020D4430020948C010870B501F05A
:10F82000C5FC040001F0C6FC05002F4B1B88002B13
:10F8300009D02E4A2C4B1A80227963791B0213437C
:10F84000042B13D00DE00123294A13700421294A07
:10F850001170294A1370227963791B021343042B18
:10F860000FD013211420FFF7F3F93CE0204B1B7855
:10F8700002229343012B04D022211420FFF7E8F940
:10F8800031E02078627812020243A3781B0413430C
:10F890001A00E3781B0613435A7811049A7812026F
:10F8A0008A18DB78D218154B9A4218D1FEF7B0FDB2
:10F8B0000122134B1A7028786A7812020243AB783F
:10F8C0001B0413431A00EB781B06134301222A7111
:10F8D00000226A7154321A70FFF7D4F803E0312124
:10F8E0001420FFF7B5F970BDEC2E002010270000A2
:10F8F000E82E0020B5430020D4430020FFFFFF0086
:10F90000F22E0020F0B55F4656464D464446F0B410
:10F910008DB001F04BFC050001F04CFC0400D24B13
:10F920001B88002B03D0D14ACF4B1A8007E001235C
:10F93000CF4A13700421CF4A1170CF4A13702A792D
:10F940006B791B021343023B9BB2012B04D9132199
:10F950001920FFF77DF965E228786A7812020243E0
:10F96000AB781B0413431A00EB781B0613439978FA
:10F970005B78022B00D194E00A2B00D188E1012BA7
:10F9800000D04BE201226846FEF778FB20786278CF
:10F9900012020243A3781B0413431A00E3781B06E8
:10F9A0001343012222710022627159321A702078A9
:10F9B000627812020243A3781B0413431A00E3780F
:10F9C0001B061343227967793F0217437A1C92B2D0
:10F9D0002271120A62712E78697809023143AA787D
:10F9E00012040A431100EA7812060A435278DA55E3
:10F9F0002078627812020243A3781B0413431A0092
:10FA0000E3781B06134322796179090211434A1CEA
:10FA100092B22271120A6271984A12785A5420786E
:10FA2000627812020243A3781B0413431A00E3789E
:10FA30001B06134322796179090211434A1C92B2D1
:10FA40002271120A627101225A54207862781202DD
:10FA50000243A3781B0413431A00E3781B061343E5
:10FA600022796179090211434A1C92B22271120A69
:10FA70006271834A12785A5428786A7812020243D3
:10FA8000AB781B0413431A00EB781B0613435B7817
:10FA90007F2B02D8FEF7F6FFC4E10022794B1A70E3
:10FAA000C0E1022207A8FEF7E9FA20786278120284
:10FAB0000243A3781B0413431A00E3781B06134385
:10FAC000012222710022627159321A702078627804
:10FAD00012020243A3781B0413431A00E3781B06A7
:10FAE0001343227967793F0217437A1C92B222713D
:10FAF000120A62712E78697809023143AA781204D9
:10FB00000A431100EA7812060A435278DA5520783F
:10FB1000627812020243A3781B0413431A00E378AD
:10FB20001B06134322796179090211434A1C92B2E0
:10FB30002271120A6271514A12785A54504B1B7842
:10FB4000002B7BD00026504F504B99464C4B98468B
:10FB50002078627812020243A3781B0413431A0030
:10FB6000E3781B0613432179627912020A43924615
:10FB7000013292B22271120A627107AA925D934613
:10FB800092009446D25D6246B9184A7850461A549B
:10FB90002378627812021A43A3781B041A43E3788D
:10FBA0001B06134322799246627912025046104393
:10FBB00082460200013292B22271120A62716246DA
:10FBC000D25D487850461A542378627812021A435C
:10FBD000A3781B041A43E3781B0613432279944647
:10FBE00062791202604610430200013292B2227121
:10FBF000120A62718A781A542378627812021A43C0
:10FC0000A3781B0413431A00E3781B0613432279DD
:10FC10006179090211434A1C92B22271120A62717F
:10FC20009A468A4458464844FEF708FA53461870E4
:10FC30000136F6B243461B78B34289D828786A78F1
:10FC400012020243AB781B0413431A00EB781B0625
:10FC500013435B787F2B02D8FEF714FFE2E000220B
:10FC6000084B1A70DEE0C046EC2E00201027000082
:10FC7000E82E0020B5430020D44300203F3300206D
:10FC80005C330020B143002004B00108BC330020E5
:10FC900007A8FEF735FA2078627812020243A378AB
:10FCA0001B0413431A00E3781B061343012222713D
:10FCB0000022627159321A7020786278120202436F
:10FCC000A3781B0413431A00E3781B06134322791D
:10FCD00067793F0217437A1C92B22271120A62714D
:10FCE0002E78697809023143AA7812040A43110078
:10FCF000EA7812060A435278DA55207862781202BE
:10FD00000243A3781B0413431A00E3781B06134332
:10FD100022796179090211434A1C92B22271120AB6
:10FD20006271444A12785A54434B1B78002B72D0AC
:10FD30000025424E424B98463F4B9A4620786278C7
:10FD400012020243A3781B0413431A00E3781B0634
:10FD500013432179627912020A431700013292B2E9
:10FD60002271120A627107AA505D82009446925D68
:10FD70006246B1184A78DA552378627812021A433B
:10FD8000A3781B041A43E3781B061343994627798B
:10FD90006279120217437A1C92B22271120A6271BE
:10FDA0006246925D4B784B46DA55237862781202B0
:10FDB0001A43A3781B041A43E3781B0613432279E2
:10FDC00067793F0217437A1C92B22271120A62715C
:10FDD0008A78DA552378627812021A43A3781B04D2
:10FDE00013431A00E3781B06134322796179090251
:10FDF00011434A1C92B22271120A627199468944D7
:10FE00004044FEF71BF94B4618700135EDB25346DE
:10FE10001B78AB4292D8FEF735FE03E01221192081
:10FE2000FEF716FF0DB03CBC90469946A246AB4685
:10FE3000F0BDC0463F330020B833002004B00108B5
:10FE4000BC330020F8B501F0B1F9040001F0B2F9BB
:10FE50000122884B1A70884B1B88002B03D0874ADD
:10FE6000854B1A8007E00123854A13700421854AD7
:10FE70001170854A1370227963791B021343032B97
:10FE800004D013212220FEF7E3FEF1E0207862780F
:10FE900012020243A3781B0413431A00E3781B06E3
:10FEA0001343597809029B78591889B2774B1F7808
:10FEB000002F2AD0764B1A785B781B0213439942A5
:10FEC00000D1C6E00120724D1A239C4618E00600BE
:10FED0000130634673435C5DEB185B781B02234380
:10FEE00099420DD11A235E43694B9E19B378002BBA
:10FEF00009D0022B07D031212220FEF7A9FEB7E05E
:10FF0000C2B2BA42E3D3BA4205D131212220FEF770
:10FF10009FFEADE0002216001A2757435C4BDF1905
:10FF2000FD783B791B022B4318007C7924042300C5
:10FF30000343BC7924061C4317D02378002B0FD031
:10FF400051480578AB4209D0002301E0A84205D012
:10FF50000133DBB2E05C0028F8D101E0002D04D1D0
:10FF600031212220FEF774FE82E01A277743484BA6
:10FF7000DF19FD793B7A1B022B4318007C7A24049D
:10FF800023000343BC7A24061C4317D02378002B9C
:10FF90000FD03C480578AB4209D0002301E0A842CD
:10FFA00005D00133DBB2E05C0028F8D101E0002D80
:10FFB00004D133212220FEF74BFE59E0354B994204
:10FFC00023D11A2373433248C3189B78002B0ED1D8
:10FFD0001A335E438619B57DF07D00022843337ED7
:10FFE0001B0403431800737E1B06034309E01A2019
:10FFF000464327488619347D737D1B0223432648D8
:020000040801F1
:100000001B1808241B48047029E01A237343204856
:10001000C3189B78002B0ED11A335E438619B57D29
:10002000F07D00022843337E1B0403431800737ED7
:100030001B06034309E01A20464315488619347D00
:10004000737D1B02234314481B18082409480470BD
:1000500005E00F4B9B78002B00D15BE703E02220EB
:10006000FEF728FF04E00022022B00D153E742E70D
:10007000F8BDC046EA2E0020EC2E0020102700001C
:10008000E82E0020B5430020D4430020DF000020EC
:10009000F48C010887F10000F42E002010B501F067
:1000A00085F8040001F086F8614B1B88002B09D00D
:1000B000604A5F4B1A80227963791B021343022B3B
:1000C00010D118E001235C4A137004215B4A1170BF
:1000D0005B4A1370227963791B021343022B00D011
:1000E000A0E00DE0062B06D01122564B1A700D3AF7
:1000F000524B1A7091E0504B1B78023B012B06D9F2
:100100000E22504B1A700A3A4C4B1A7062E020785B
:10011000627812020243A3781B0413431A00E378A7
:100120001B0613435B787F221340012B02D0022B66
:100130001DD040E0444B1B78012B0ED1434B1B7864
:10014000022B0AD9424B1B88002B06D00B223D4BB9
:100150001A70073A394B1A7046E001223D4B1A706B
:100160000132384B1A700232344B1A702EE0394B80
:100170001B78002B06D10D22324B1A70093A2F4BF7
:100180001A7040E02F4C062323702720FFF7DEF87B
:100190002378092B06D10122284B1A7000222D4BFF
:1001A0001A700FE000212B4A1170112B3ED89B00D2
:1001B000294AD3589F461022224B1A700C3A1F4BE3
:1001C0001A700CE02720FEF7A1FC2FE02720FEF795
:1001D0003FFF2BE07F212720FEF73AFD26E012218A
:1001E0002720FEF735FD21E036212720FEF730FDE0
:1001F0001CE035212720FEF72BFD17E037212720B3
:10020000FEF726FD12E024212720FEF721FD0DE058
:1002100022212720FEF71CFD08E013212720FEF7EE
:1002200017FD03E0062B00D05EE769E710BDC0466E
:10023000EC2E002010270000E82E0020B5430020FF
:10024000D4430020E92E0020B0430020EB2E0020F4
:1002500092000020EF2E0020AC8C010810B582B077
:1002600000F0A4FF040000F0A5FF00226B46DA7145
:1002700001236A469371614A1370614B1B88002BFE
:1002800009D0604A5E4B1A80227963791B021343BE
:10029000022B0ED915E001235B4A137004215B4A3F
:1002A00011705B4A1370227963791B021343022B8E
:1002B0000BD80322514B1A7013212820FEF7C8FCDB
:1002C0009AE0514B1B78032B07D004224B4B1A703A
:1002D0007E212820FEF7BCFC8EE020786278120296
:1002E0000243A3781B0413431A00E3781B0613434D
:1002F0005A787F210A40012A1DD0002A04D0022A00
:1003000030D0032A45D05BE09B78012B0FD1062229
:100310003A4B1A7000F076FD00F098FD01226B4612
:10032000991D0520FDF7B8FC012865D150E0022297
:10033000324B1A705CE09B78012B0FD107222F4BB8
:100340001A7000F083FD00F063FD01226B46D91D99
:100350000520FDF7A1FC01284ED13DE00222274BEC
:100360001A7045E09B78012B0FD10822234B1A709D
:1003700000F054FD00F046FD01226B46991D05205A
:10038000FDF78AFC012837D12AE002221B4B1A70A4
:100390002EE09B78012B0FD10922184B1A7000F028
:1003A0003DFD00F035FD01226B46D91D0520FDF70E
:1003B00073FC012820D117E00222104B1A7017E0BD
:1003C00005220E4B1A7012212820FEF741FC13E083
:1003D0002820FEF79BFB0FE02820FEF797FB0BE0A1
:1003E0002820FEF793FB07E02820FEF78FFB03E0B1
:1003F00031212820FEF72CFC02B010BDF02E002089
:10040000EC2E002010270000E82E0020B54300202D
:10041000D4430020F0B54F464646C0B483B000F048
:10042000C5FE040000F0C6FE207862781202024386
:10043000A3781B0413431A00E3781B061343587870
:1004400000029B78181880B200282ED100226B463B
:100450005A716B46991DFF230B706A46D3710122B6
:100460000130FDF719FC012800D06BE101226B4639
:10047000D91D0130FDF710FC012800D062E10122F6
:100480006B46591D0330FDF707FC012800D059E1E8
:1004900001226B46591D0430FDF7FEFB002800D1F8
:1004A00050E12E20FEF776FD4CE101282ED10122ED
:1004B0006B465A716B46991DAA230B70CB326B4663
:1004C000DA71CB3AFDF7E8FB012800D03AE10122CE
:1004D0006B46D91D0130FDF7DFFB012800D031E16B
:1004E00001226B46591D0330FDF7D6FB012800D0D1
:1004F00028E101226B46591D0430FDF7CDFB012890
:1005000000D01FE12D30FEF745FD1BE103282ED161
:1005100000226B465A716B46991DFF230B706A4689
:10052000D37101220238FDF7B7FB012800D009E1A1
:1005300001226B46D91D0130FDF7AEFB012800D02A
:1005400000E101226B46591D0330FDF7A5FB012890
:1005500000D0F7E001226B46591D0430FDF79CFBEB
:10056000002800D1EEE02E20FEF714FDEAE0784BE3
:100570001B88002B03D0774A754B1A8007E00123B4
:10058000754A13700421754A1170754A13702279E7
:1005900063791B0213439946032B11D9714B1B78C6
:1005A0009C46002B2ED0704B1A785B781B021343AD
:1005B000984200D1BEE001226B4E1A2398461CE0FF
:1005C00013212E20FEF744FBBCE017000132434606
:1005D0007B43995DF3185B781B020B4398420CD167
:1005E0001A235F43604BDF19BB78013B012B07D90E
:1005F00031212E20FEF72CFBA4E0D5B26545E4D3D3
:10060000654504D131212E20FEF722FB9AE02F0010
:100610001A236B43544AD318DA7CD31C994504D06F
:1006200013212E20FEF714FB8CE01A235D434E4B62
:100630005D19EE7A2B7B1B0233431900687B0004A3
:1006400003000B43A87B0006184318D00378002B47
:1006500010D043490D78AB4209D0002301E0A942F4
:1006600006D00133DBB2C15C0029F8D102E00023DF
:10067000002D05D131212E20FEF7EAFA62E0002399
:100680001A257D4338494D19EE7B297C09023143F7
:100690000800697C083509040143AD7A2D060D4335
:1006A00017D0297800290FD02C480678B14209D0FC
:1006B000002101E0B04205D00131C9B2685C0028D8
:1006C000F8D101E0002E04D133212E20FEF7C0FA2C
:1006D00038E01A214B432449CB18187D10335B793D
:1006E0001B02034321499C468C44002A13D000215D
:1006F0002678607800023043A3781B040343180077
:10070000E3781B060343CB18DB7860464354013182
:10071000CBB29A42ECD892B21A235F43124BDF1944
:10072000387D3030C0B26146FDF7B6FA2E20FEF7B4
:1007300031FC07E00C4B9B78013B0025012B00D8D6
:1007400065E755E703B00CBC90469946F0BDC0463E
:10075000EC2E002010270000E82E0020B5430020DA
:10076000D4430020DF000020F48C0108F42E002088
:1007700010B500F023FD040000F024FD294B1B8878
:10078000002B09D0284A274B1A80227963791B0253
:100790001343022B0ED115E00123244A13700421C8
:1007A000234A1170234A1370227963791B02134381
:1007B000022B0BD00222204B1A7013213E20FEF791
:1007C00047FA2DE0194B1B78012B07D106221A4B53
:1007D0001A707E213E20FEF73BFA21E020786278F5
:1007E00012020243A3781B0413431A00E3781B068A
:1007F00013435B78002B09D0802B0ED003220E4BC5
:100800001A7012213E20FEF723FA09E004220A4B57
:100810001A703E20FEF77AF902E00122064B1A70A8
:1008200010BDC046EC2E002010270000E82E00204E
:10083000B5430020D4430020EE2E002010B500F078
:10084000BDFC124B1B78012B1FD1114B1B78012BC8
:1008500003D0104B1B78012B17D104784278120279
:10086000224383781B0413431A00C3781B061343E7
:100870001B783E2B01D1FFF77BFF002000F03AFCF4
:100880000023034A1370034A137010BDDD43002098
:100890006A3400201134002070B582B000F086FC6C
:1008A000040000F087FC050001226B46DA7100228B
:1008B0006B469A717C4B1B88002B09D07B4A7A4B84
:1008C0001A80227963791B021343022B0ED112E0A6
:1008D0000123774A13700421764A1170764A137007
:1008E000227963791B021343022B09D0132185203F
:1008F000FEF7AEF9D6E06E4B1B78023B012B04D914
:1009000022218520FEF7A4F9CCE02078627812023B
:100910000243A3781B0413431A00E3781B06134316
:100920005B787F221340012B02D0022B5BD0B5E015
:1009300001226B46D91D0420FDF7AEF901284DD1E7
:1009400001225E490330FDF763F928786A781202C4
:100950000243AB781B0413431A00EB781B061343C6
:1009600001222A7100226A71C5321A7028786A78C9
:1009700012020243AB781B0413431A00EB781B06E8
:1009800013432A796E7936021643721C92B22A7189
:10099000120A6A712578617809022943A278120443
:1009A0000A431100E27812060A4352787F210A4076
:1009B0009A552078627812020243A3781B041343ED
:1009C0001A00E3781B0613435B787F2B02D8FEF7EF
:1009D00059F867E000223A4B1A7063E02221852023
:1009E000FEF736F95EE001226B46991D0420FDF703
:1009F00053F901284DD1012230490330FDF708F9A0
:100A000028786A7812020243AB781B0413431A0059
:100A1000EB781B06134301222A7100226A71C5324A
:100A20001A7028786A7812020243AB781B041343C9
:100A30001A00EB781B0613432A796E7936021643A7
:100A4000721C92B22A71120A6A71257861780902C1
:100A50002943A27812040A431100E27812060A43DD
:100A600052787F210A409A55207862781202024318
:100A7000A3781B0413431A00E3781B0613435B7827
:100A80007F2B02D8FDF7FEFF0CE000220C4B1A7002
:100A900008E022218520FEF7DBF803E01221852003
:100AA000FEF7D6F802B070BDEC2E00201027000033
:100AB000E82E0020B5430020D44300204833002016
:100AC000B143002010B582B000F070FB0400012299
:100AD0006B46DA7100226B469A71714B1B78012BC1
:100AE0000DD1704B1B780A33DBB2312B02D86D4A23
:100AF000137004E000236B4A1370694A13706A4B49
:100B00001B78022B0DD9694B1B88002B06D10022C4
:100B1000664B1A800332644B1A7002E00A3B634A48
:100B20001380634B1B78012B22D1624B1B88002B57
:100B30001BD10133604A1370604A13700422604B6A
:100B40001A70033A6B46991D0420FDF761F80128DD
:100B50000ED16B4606331B78012B09D001226B4660
:100B6000D91D0330FDF798F802E00A3B514A138083
:100B7000544B1B78012B00D08FE0534B1B78012B7B
:100B80004ED12078627812020243A3781B041343EB
:100B90001A00E3781B0613431878222824D00AD8B9
:100BA000112818D002D8102812D02FE0142815D000
:100BB000192816D02AE02E281FD004D8272816D0AE
:100BC000282817D022E03E281AD085281BD01DE007
:100BD000FEF744FC1DE0FEF72FFD1AE0FEF71EFEB7
:100BE00017E0FEF78FFE14E0FFF72CF911E0FFF796
:100BF00055FA0EE0FFF732FB0BE0FFF70BFC08E0C5
:100C0000FFF7B6FD05E0FFF747FE02E01121FEF712
:100C10001FF8002000F068FA00222B4B1A703CE00D
:100C20002A4B1B78012B38D12078627812020243BC
:100C3000A3781B0413431A00E3781B0613431B78A5
:100C4000192B1AD0DAB2192A06D8112B0FD0142B6F
:100C500010D0102B1CD107E0282B14D0DAB2852A33
:100C600014D0222B14D10BE0FEF7F8FB10E0FEF7B6
:100C7000E3FC0DE0FEF7D2FD0AE0FEF743FE07E0DD
:100C8000FFF7E0F804E0FFF7E9FA01E0FFF704FE00
:100C900000230C4A13700D4A137002B010BDC046F9
:100CA000F22E0020F12E0020EB2E002092000020DA
:100CB000D2430020EC2E0020E82E0020D443002058
:100CC000B5430020B34300202A340020B93300206C
:100CD000F0B58DB002AC28220021200007F04AFCBC
:100CE00001AE00250195304F01220021380002F0AD
:100CF00009F901220121380002F004F92B4F0022EA
:100D00000821380002F0FEF801220821380002F024
:100D10005FF900220821380002F0E4F8052333705F
:100D200006337370093BB370F370013BA371204A23
:100D30006261A570E570042222701E4A22621E4A7A
:100D40006262A6616371E3711C4A1D4B1A611D4A00
:100D50001D4B1A611D4A1E4B1A611E4A1E4B1A6119
:100D600021001E4801F0B8FC1D4B1D701D4B1D706D
:100D70001D4B1D701D4B1D701D4B1D701D4B1D709F
:100D800001221D490520FCF743FF1C4C10220021C5
:100D9000200007F0EFFB08238C221949200000F007
:100DA000CFFD0DB0F0BDC046300008206000082027
:100DB000FE002A00E4000020910E0108AC32002061
:100DC000143400207833002060330020EC320020FF
:100DD00044340020D033002030340020007800401C
:100DE000743300202A340020B93300206A340020F4
:100DF000113400206E340020693400204C33002070
:100E0000F83100200122014B1A707047693400202C
:100E10000022014B1A7070476934002070B582B00F
:100E2000084C26003036084DA36862682178607847
:100E30000090280001F020FC0C34B442F4D102B040
:100E400070BDC046140100200078004070B582B02B
:100E5000084C26003036084DA36862682178607817
:100E60000090280001F008FC0C34B442F4D102B028
:100E700070BDC046E4000020007800400349A02275
:100E80008858802303438B507047C0460078004049
:100E9000F0B557464E464546E0B4060088469246B1
:100EA0000B009B0508D5A023C358DB0704D5FFF72B
:100EB000E5FF0122694B1A7043461B0400D58CE004
:100EC00092E03900300001F087FB3968FC23DB0039
:100ED00099421DD1624B1B691A78022A09D15B78AD
:100EE0003E2B06D1013A5F4B1A7000225E4B1A70FE
:100EF00005E001225D4B1A7000225D4B1A70012241
:100F00005C4B1A7000235C4A13705C4A137065E0F6
:100F10005B4B99421DD1524B1B691A78022A09D1A9
:100F20005B783E2B06D100224E4B1A7001324E4B9D
:100F30001A7005E000224D4B1A7001324C4B1A70AA
:100F400001224C4B1A7000234B4A13704B4A13700A
:100F500044E0FA23DB0099420ED10023434A137088
:100F6000434A13700121454A11703E4A13703E4AAC
:100F70001370414A137031E0424B99421FD8424BE3
:100F80009C46374B99466346484634C834C314C818
:100F900014C3002335480370354803703748037085
:100FA00030480370304803700120334B18704B46B3
:100FB0005B7A4A461269354800F0F0FC0EE00023E7
:100FC0002A4A13702A4A1370264A1370264A13704D
:100FD000294A1370294A137000E0214FA023F358C7
:100FE0009B019B0F00D06CE743465B050FD5A02308
:100FF000F258C0239B021A4209D0A023F3589B0445
:1010000005D4A022B3588021C9000B43B3504346F6
:10101000DB031DD55346062B1AD89B001C4AD35818
:101020009F4601220D4B5A7012E001220B4B9A7021
:101030000EE00122094BDA700AE00122074B1A7117
:1010400006E00122054B5A7102E00122034B9A711E
:101050001CBC90469946A246F0BDC04634330020E1
:10106000603300206A340020113400202A3400202C
:10107000B9330020743300206E340020B405002002
:10108000DF070000FF060000303400204C33002052
:10109000AC8D010810B5104B1B78012B07D10F4BFD
:1010A0000A689A4203D8012201F030FA12E00A6875
:1010B0000B4B1340BD24E400A34203D1012201F0F5
:1010C00025FA07E0074B9C466244032A02D8012216
:1010D00001F01CFA10BDC04669340020FF06000074
:1010E000FFFDFFFF2FF8FFFF014B18707047C04650
:1010F000B3430020014B18707047C046DD43002009
:1011000000231B4800221B491A545A540133882BD0
:10111000FAD100231848002218491A545A540133AE
:10112000082BFAD1164A124B136000239380D38008
:10113000144A104911609380D380134A0E491160FC
:101140009380D380114A0D4911609380D380104A57
:10115000136001220F490A700F490A700F490A7083
:101160000F4A13800F4A13800F4B00221A707047EA
:10117000AC2F002034300020942F0020802F00203E
:10118000742F0020882F00209C2F0020BC300020CE
:10119000A82F0020BC430020DE430020CC430020C9
:1011A000D0430020CE430020B143002000487047C8
:1011B000742F002000487047882F00200048704797
:1011C0009C2F002000487047BC30002070B5437A47
:1011D000082B15D019000822D31A002B0EDD00228F
:1011E0000023FF2608250469A446624456540133AF
:1011F000DBB21A00417A6C1AA342F4DB0823437273
:1012000070BDC046F0B5474680B41A4B1B691B78C9
:101210000F2213405A1E062A29D802689BB2137166
:1012200000235371134B1B691A7812071CD0002539
:10123000104A94460F275B195B7898460668347805
:10124000727812022243B3781B0413431A00F37816
:101250001B06134342465A550135EDB263461B69DE
:101260001A783A409542E6DB0522034B1A7004BC1B
:101270009046F0BD60330020B1430020F0B5184B1C
:101280001A6913781B025178F02212011A40521881
:10129000072A23DD02681B0511711B0F53710025FE
:1012A0000F4B9C4663461B695B199F780668347830
:1012B000727812022243B3781B0413431A00F378A6
:1012C0001B0613435F550135062DEBD1036806223B
:1012D0009A710022DA710232024B1A70F0BDC046D8
:1012E00060330020B1430020F0B5474680B4046865
:1012F000444B1F69A379E5792D021D433B780F26E6
:101300001E4007212800F7F7DBFE80B201300F23D3
:10131000184086424CD100223B4B1A80394B5B7AF5
:10132000012B2DD9227963791B0213439D424CD3A3
:1013300026E062461269925D90462578617809023E
:101340002943A27812040A431100E27812060A43E4
:101350004146D154A279E3791B02134301339BB276
:10136000A3711A0AE2710136082E09D0797AF2B215
:10137000914205D92179627912020A439A42D8D85A
:101380000322224B1A70A079E1790902227963794C
:101390001B02014313430920994230D301231C4A05
:1013A00013701C4A13700522184B1A70083826E077
:1013B0000122174B1A70002323716371A371E3712B
:1013C000124B00221A70092019E07E78207862788A
:1013D00012020243A3781B0413431A00E3781B068E
:1013E00013435E55A279E3791B02134301339BB289
:1013F000A3711A0AE2710226024FBC46B6E704BC8A
:101400009046F0BD60330020CE430020B143002061
:10141000BC430020B343002010B582B0614B019360
:10142000614B0093614B1B78002B17D1604BDB881D
:10143000062B13D15F4A13880A339BB213805E4A8E
:1014400093420BD90122594B1A70594A00239380B9
:10145000D380584A1380594B00221A70584B1B787E
:10146000002B17D1574B1B78012B13D1564A1388E9
:101470000A339BB21380504A93420BD90122504B3E
:101480001A70484A00239380D3804F4A13804B4BF5
:1014900000221A704D4B1B78012B03D04C4B1B784C
:1014A000012B17D14B4B1B78012B13D14A4B1B69D6
:1014B0001B781B090BD1414B1B78002B07D1012452
:1014C000464B1C706846FFF79DFE454B1C70002282
:1014D000404B1A70434B1B78012B03D0424B1B78B7
:1014E000012B5CD13B4B1B78012B58D13A4B1B692C
:1014F0001B781B09012B13D0002B04D0022B37D0F3
:10150000032B23D048E02D4B1B78002B44D1012422
:10151000364B1C7001A8FFF775FE354B1C703BE085
:10152000264B1B78002B37D10322304B1A7001A8B1
:10153000FFF7A4FE0023224A1370224A1370294A9F
:101540001370294A1370FDF79DFA25E01B4B1B7899
:10155000082B21D10422194B1A70023A234B1A701E
:101560000023204A1370204A1370FDF78BFA13E012
:10157000124B1B780A2B01D0032B0DD1104B1B787B
:10158000002B09D10F4B1B78012B05D10122174BE2
:101590001A7001A8FFF7A8FE00220E4B1A7002B0C5
:1015A00010BDC046742F00209C2F0020CC4300208B
:1015B000882F0020D0430020CF070000B143002037
:1015C000BC430020DE430020CE4300206A340020CC
:1015D000113400207433002060330020DC430020ED
:1015E000DD4300202A340020B9330020C44300200A
:1015F000B343002010B5094CFD23DB00236000231A
:101600006373E3722000FFF7E1FD08236372012298
:1016100021000348FFF73EFD10BDC04614340020F2
:101620000078004070B505001D4B1B6902791A70E7
:1016300000241B4E28786A7812020243AB781B0400
:1016400013431A00EB781B0613431A5D33691B1909
:101650005A700134E4B22A796B791B021343A2B2A7
:101660009A42E7D90E4C013363722000FFF7C2FFA4
:1016700000232B716B71AB71EB7123691A78032A0C
:1016800009D15A787F2A06D1DB78782B03D1783AB2
:10169000044B1A7002E00022024B1A7070BDC04663
:1016A00014340020B143002070B5204B1A69137820
:1016B0001909012911D10E310B4052789B1832249F
:1016C000822B14DCA0231A4AD458A403A40F033C91
:1016D000624262413032140009E0A023144AD45817
:1016E000A403A40F033C6242624130321400114D46
:1016F0002B691C7012232A695370063B2A69937068
:10170000093B6B7200236B73FD23DB002B60280009
:10171000FFF75CFD08236B72012229000448FFF7E4
:10172000B9FC0A22044B1A70200070BD60330020FF
:101730000078004014340020B143002010B50400AC
:10174000FD23DB00036000234373FFF73FFD01220D
:1017500021000248FFF79EFC10BDC0460078004003
:1017600070B50500154A43790F210B4010331169FC
:101770000B70136902795A700024104E28786A7829
:1017800012020243AB781B0413431A00EB781B06CA
:1017900013431A5D33691B199A700134062CEDD17D
:1017A0000623AB710023EB71044802344472FFF747
:1017B000C5FF034B1D60034B1C7070BD143400202B
:1017C000A82F0020B1430020F8B5334B1C68002C33
:1017D00060D0324B1D69A379E079000218430721DC
:1017E000F7F76EFC01300F23184020302870A279E3
:1017F000E3791B0213432179627912020A4393426F
:1018000023D20126254F2578617809022943A27841
:1018100012040A431100E27812060A43D35C3A69C3
:101820009355A279E3791B02134301339BB2A37151
:101830001A0AE271F5B2072E08D0013621796279D1
:1018400012020A439A42DED800E00025134801350F
:101850004572FFF773FF0922114B1A70A079E179E5
:101860000902227963791B02014313430020994244
:1018700011D30025084B1D60002323716371A371F0
:10188000E3710122074B1A70FDF718F9044B1D7024
:10189000012000E00020F8BDA82F00201434002013
:1018A000B1430020CC43002010B51E4B9A88531E34
:1018B0009BB2062B05D81B48FFF7B4FEFDF7FEF8D8
:1018C0002EE0072A12D9174BDB88002B0AD11548C6
:1018D000FFF746FF0023144A1370144A1380FDF7E4
:1018E000EDF81DE00F48FFF76FFF19E0104B1B7874
:1018F000022B0AD1FFF7D8FE01220E4B1A700022EC
:101900000D4B1A80FDF7DAF80AE00C4B9B88013B7F
:101910009BB2062B04D80948FFF784FEFDF7CEF8EA
:1019200010BDC046882F0020CC430020D0430020AB
:10193000B1430020DE430020CE430020BC30002015
:1019400070B5041E15D0002915D00120002A13D02F
:101950009D1DAA4210D32260E160A36029001000FF
:10196000F7F7AEFB207100236371A371E3710020D0
:1019700002E0012000E0012070BDC046002809D02F
:1019800042790323002A06D0017900238A425B4171
:101990005B0000E0012318007047C046F0B55746D1
:1019A0004E46C0B483B00700894614000193002856
:1019B00042D0002A42D08268924601209A423ED309
:1019C0003800FFF7DBFF022839D03D79002D13D016
:1019D000FE68514606313378002B0AD0002303E01D
:1019E00076183278002A06D00133DBB2AB42F7D149
:1019F00002E0002500E01D00B01D019A210006F064
:101A00007BFD4B46B3704B461B0AF3704B461B0CD9
:101A100033714B461B0E737101233370BB689A1DE3
:101A2000FB795343FA68944663445D70FD717B799A
:101A300001337B71002002E0012000E0012003B0AF
:101A40000CBC91469A46F0BDF0B55F4656464D46F1
:101A5000E0B482B0071E894601929A4658D0002A07
:101A600058D05346002B57D0FFF788FF032803D1E7
:101A70000023524613605BE0BD79FB689C46BB685F
:101A80009B46981D00E0150004006C436444A37855
:101A9000E27812021A4323791B0413431A00637974
:101AA0001B0613434B453ED062782E00FB79AB42B8
:101AB000E9D133E053465A461A60A11D53461A68CD
:101AC000019806F019FD002323707B79013B7B719F
:101AD0003800FFF753FF032804D10023BB71FB71CB
:101AE000002025E0BB79AB4203D16378BB710020B5
:101AF0001EE0FB79AB4202D1FE71002018E0627853
:101B0000BB6806337343F968CB185A7000200FE0A6
:101B100001200DE001200BE0012009E000235246E6
:101B20001360012004E053461B689B45C2D3C4E701
:101B300002B01CBC91469A46A346F0BDF0B583B0F6
:101B40000C0053070ED5B34B06221A700022B2497F
:101B50004A701A725A721A74DA73B04A516A0423BC
:101B60000B435362E30700D41FE100230193AB480A
:101B700002F018FDA84B5B78012B16D1A54B5A7AC1
:101B80005A7A0132D2B25A725A7A997AD3B28B42C5
:101B900000D00AE19F4B1B78072B00D005E19D4B3D
:101BA00000221A700132DA73FFE0C0B2994B1B7841
:101BB000042B0BD1552803D10622964B1A70F4E062
:101BC000944B00221A701A74DA73EEE0914B1B7872
:101BD000062B00D09EE03F2101408A07D20FCF069E
:101BE000FF0F0B07DB0F53407B404D096B40DB437E
:101BF000DB010B431E00DB07DB0F7A405340750708
:101C0000ED0F6B401A00012313409B013343DBB2FD
:101C1000984279D1824B1E78002E10D0814B1B78D0
:101C20008B4212D07F4A0432002304E00432151F95
:101C30002D788D420AD00133DBB2B342F6D1754B19
:101C400000221A701A74DA73AFE000239B00754A01
:101C50009A58130A704D2A606E4A90735173DBB222
:101C6000012B46D1EB780193526801AB6E48FFF728
:101C7000EBFE002804D1684BDA78019B9A4205D02C
:101C8000644B00221A701A74DA738EE0614B0721DC
:101C900019709A725D68997A69185F4B9A78002377
:101CA0009A4201D15B4B9B7B5A4A927AD2B29BB249
:101CB000002A0ED02800013AD2B20132AA180578C3
:101CC0005B199BB2FF2B01D9FF3B9BB201308242D3
:101CD000F5D1DB430B704F4A937A0133DBB2937239
:101CE0000023137253724D4AD16902330B43D361FF
:101CF0005BE0484A08231370474BDB780133DBB2C3
:101D0000D3720023537250E0424B00221A701A74AF
:101D1000DA734AE03F4B1B78082B46D13D4A537A91
:101D2000D27ADBB2934208D23A4A537ADBB2516894
:101D3000C854537A0133DBB25372364A537AD27A9B
:101D4000DBB2934231D1344B9A780023002A01D17F
:101D5000304B9B7B2F4AD07AC0B252689BB201288D
:101D60000ED011000238C5B20135551908781B187C
:101D70009BB2FF2B01D9FF3B9BB20131A942F5D1A8
:101D80002449497A51180139DB430978DBB2994279
:101D900006D120494B7A013B497B2448FFF7FEFDE1
:101DA0001C4B00221A7001321A74A3062FD51A4B4D
:101DB0005B78012B2BD1174B1B78072B22D1154AAF
:101DC000137A927ADBB2934216D2124C237ADBB2A8
:101DD0006268D15C114802F0CFFB237A0133DBB299
:101DE0002372237AA27ADBB2934210D10B4AD369D1
:101DF00002218B43D3610AE0084AD36902218B4355
:101E0000D36104E0054AD36902218B43D36103B057
:101E1000F0BDC04604310020C830002000900140D1
:101E2000CC300020DC3000207C440020E043002047
:101E300010B501220521034801F054F80A20FAF7F1
:101E400035F910BD6000082070B584B01022002163
:101E5000684606F08FFB334C00220521200001F07C
:101E600051F801220521200001F0B2F800220521DD
:101E7000200001F037F801220321200001F042F890
:101E800001220221200001F03DF8FFF7D1FF962347
:101E9000DB01009308236A46137100255571957183
:101EA00015720126D67155721F4B03931F4C69465C
:101EB000200002F0ABFB1E4B1E4A5A601D701D74C1
:101EC000DD731D4B1E70E36DFE229343163A1343E0
:101ED000E365E369B3431E43E661E369E63A93438E
:101EE000E361164B3E32C02149005A501A60144C2F
:101EF000303A0021200006F03DFB08238C221149D6
:101F00002000FFF71DFD104C10220021200006F0DC
:101F100031FB08238C220D492000FFF711FD04B08E
:101F200070BDC046600008203D1B010800900140C4
:101F300004310020D0300020DA30002000E100E041
:101F4000E0430020F04300207C4400208C4400202B
:101F5000F0B5174C2778002F1CD0164C24788442FB
:101F60000DD0144D0435002404E004352E1F3678BE
:101F7000864205D00134E4B2BC42F6D108E0002428
:101F8000A4000C4804196170A270E37001200EE0F7
:101F90000A2F0BD0074DBC00605528194170827084
:101FA000C3700137024B1F70012000E00020F0BD1C
:101FB000CC300020DC30002010B5114B1860082018
:101FC00058720020587318690170080A1C69607003
:101FD000080C1C69A070090E1869C17019690A7192
:101FE000110A18694171110C18698171120E196971
:101FF000CA71012219000348FFF74CF810BDC04612
:10200000443400200078004010B5130001394A1E06
:102010009141C9B20022FFF79BFF10BD10B582B0FD
:102020006B4619700B0A6C4663700B0CA370090E9B
:10203000E1702271130A6371130CA371120EE27125
:1020400008236A4601000248FFF7A8FC02B010BD51
:102050007C44002000B583B00A000823019301AB43
:1020600001000448FFF7F0FC43425841C0B203B0FE
:1020700000BDC0464C33002000B583B00A000823E1
:10208000019301AB01000448FFF7DEFC43425841D5
:10209000C0B203B000BDC046E043002010B5054B00
:1020A00099699961044B1B68002B02D000220148FA
:1020B000984710BD005000401831002070B5040052
:1020C0000D000121222000F03BFC0121222000F024
:1020D0006BFCA368297809034E4A13400B43A360A5
:1020E00063686978C9034C4A13400B4363606368B3
:1020F000A9788903494A13400B4363606368E97810
:102100004903474A13400B43636063682979090315
:10211000444A13400B43636063686979C902424AC9
:1021200013400B4363606368A97909063F4A134073
:102130000B4363606368E97909023D4A13400B432E
:1021400063606368297B09053A4A13400B43636067
:102150006368697B4905384A13400B4363606368D1
:10216000297C8905354A13400B436360AB7B002B08
:1021700004D1E26A324B1340E36207E0E16A013BBB
:10218000DBB21B052E4A0A401343E362EB7B002BB4
:1021900004D1A26B2B4B1340A36307E0A16B013B5F
:1021A000DBB21B05274A0A401343A363FF232340E6
:1021B0009B00254A696999506368297A0904234A72
:1021C00013400B4363606368697A4904204A1340F3
:1021D0000B436360AB7A012B04D1802292041D4B28
:1021E0001A6008E08021890480231A4AD150BFF385
:1021F0004F8FBFF36F8F6368E97AC904164A1340A3
:102200000B436360A368012293432A7E1343A360B8
:1022100070BDC046FF0FFFFFFF7FFFFFFFBFFFFF47
:10222000FFDFFFFFFFEFFFFFFFF7FFFFFFFFFFFEF7
:10223000FFF8FFFFFFFFEFFFFFFFDFFFFFFFBFFF25
:10224000FFFF0FFFFFFFCFFF1C310020FFFFFEFF4E
:10225000FFFFFDFF00E100E0FFFFF7FF70B5092978
:1022600009D805694C0064180726A640B543A2406A
:102270002A43026109E0C5684C0064181E3C072629
:10228000A640B543A2402A43C260052B09D8446B3F
:102290009A00D3181F229A409443994021434163E6
:1022A00009E0026B9C00E3181E3B1F249C40A243E4
:1022B00099401143016370BD70B5092909D80569BA
:1022C0004C0064180726A640B543A2402A43026189
:1022D00009E0C5684C0064181E3C0726A640B543BB
:1022E000A2402A43C260826B9C00E3181F249C40DA
:1022F000A24399401143816370BDC04610B5064B9F
:102300001968CA431A60054B1B68002B02D00022D3
:102310000148984710BDC046003000401C310020E5
:1023200070B50E4BC3189B031B0EA42284580C4996
:1023300021400C4D5E00F418A400615184580C43F8
:102340008450F3189B00EB189B68002B04D00C32D0
:1023500082581206520F984770BDC0460088FFBFD2
:1023600000FFD5002031002010B50248FFF7D8FF4C
:1023700010BDC046007800400F4BC3189B031B0ED6
:102380005A00D3189B000D4AD3181B79002B10D18B
:10239000002907D1A433C258C258802109010A4339
:1023A000C25006E0A423C258C2588021C9000A4383
:1023B000C25000207047C0460088FFBF2031002077
:1023C00030B500290BD10022A024802149010C4DF9
:1023D00003590B420FD00132AA42F9D10BE000227F
:1023E000A0240321064D03591B0C0B40032B02D1E3
:1023F0000132AA42F7D1034890428041404230BDA9
:10240000A18601009F860100082816D90938C3B2A9
:10241000062B11D89800094B1B589F460C200CE046
:1024200010200AE0142008E0182006E0202004E034
:10243000302002E0402000E000207047C88D0108F5
:1024400070B505000C00161E05D1A02281582C4B3A
:102450000B40835005E0A0228358802109020B43E2
:1024600083502368DA00D208264BEB189B031B0E1F
:102470005900CB189B002449CB185B79002B02D064
:1024800080231B061A432A65637A0F221340A27A1F
:10249000002A01D010221343227B002A01D04022BF
:1024A0001343E27A002A03D040229343203A134395
:1024B000627B002A01D0802213436B65237B002BB3
:1024C00014D1607A002811D02369002B0ED0FFF7B9
:1024D0009BFF00280AD000239A082169C9581632A8
:1024E000920051510433DBB29842F5D8012E05D148
:1024F000A022AB588021C9030B43AB5070BDC0462E
:10250000FF7FFFFF0088FFBF20310020F8B50700E4
:102510000D0014002E4BC618B603360E73009B191F
:102520009B002C4AD3181B79002B10D0002C04D10F
:10253000A023C358DB04DB0F06E0A023C3589B0392
:102540009B0F033B5A425341002B30D104E0210042
:10255000FFF736FF00282DD1220029003800FFF7B1
:102560006FFFA023FB589B041ED4002C06D1A02291
:10257000BB58802149010B43BB501EE073009E19DC
:10258000B600144B9E19B379012B06D1A022BB587B
:102590008021C9000B43BB500FE0A022BB58802113
:1025A00089000B43BB5008E0032040420EE00120AD
:1025B00040420BE00220404208E021003800FFF7D3
:1025C000DBFE03000020002B00D00438F8BDC0461D
:1025D0000088FFBF2031002070B504000D00A0234B
:1025E000C3589B019B0F0120002B43D02368DB00C5
:1025F000DB080B602368DB0F0B7263681B0901218A
:102600000B40AB72666876090E40EE7263689B09F8
:102610000B402B736268D2090A406A7362680E30FD
:1026200010406872002B1CD100281AD02B69002B97
:1026300017D0FFF7E9FE0100002E05D1011CC0B242
:10264000082800D90821C9B200290AD000239A0815
:102650000232920012592869C2500433DBB2994207
:10266000F5D8A36C6B60A022A358802149050B43C9
:10267000A350002070BDC04670B504AC2678A024DD
:1026800005599F3C2D0625D5002E1BD0B334065985
:1026900080256D028D403543055105590F26B54300
:1026A00029430151055920218D430551D200D208FB
:1026B000B82542510259114301515B005B08435157
:1026C000002407E0B4240359802252028A40934335
:1026D00003510024200070BDF0B54F464646C0B4FB
:1026E00083B005000E00894BC718BF0AFBB299469C
:1026F000FF231F407B00DB199B000021844A995077
:10270000F378012B03D1484600F0D8F903E001210A
:10271000484600F0D3F97B00DB197E4AD31858787D
:10272000012100F00DF901211C2000F03DF9A0224B
:10273000A95880230B43AB50B1690B781A06CB78AC
:102740001B04D3188A7812029B184A789B18A82277
:10275000AB50B37B002B28D0A0202B58F17BC905B0
:102760006D4A13400B432B50F1690B781A06CB7856
:102770001B04D3188A7812029B184A789B18AC2243
:10278000AB50337C002B10D0B0216858634A024014
:10279000DB0313436B506B58707C0002FE22D201A6
:1027A00010405F4A134003436B50336A9846002B36
:1027B00014D03378002B11D0002460000019800061
:1027C0004044836842680178407800902800FFF711
:1027D00053FF0134E4B23378A342EED8A022AB58C1
:1027E00080218B43AB50B378012B05D1AB588021AE
:1027F000C9010B43AB5015E0022B05D1A022A9580B
:102800001E330B43AB500DE0032B0BD1A022A95874
:102810003D330B43AB50AB58717BC9075B005B0882
:102820000B43AB50A4216B581B011B09C022D205DE
:1028300013436B506B58707800063A4A13400343B9
:102840006B50A023EA58F1790901102082430A4312
:10285000EA50EA58317AC900083882430A43EA50FC
:10286000EA583079400530490A400243EA50EA58B4
:10287000307B80072D490A400243EA507B00DB1978
:102880009B00234AD31872799A71726A9A60737A9C
:10289000002B19D0B17A484600F01CF97B00DB19F7
:1028A0009B001B4AD318727A5A71B4216B58F07A84
:1028B00040021F4A134003436B506A581D4B13409C
:1028C0008022520013436B50B379002B19D0A422FD
:1028D000A958194B0B4071690B43AB507A00D319BF
:1028E0009B000B49CB18B1791971D719094BFB56CD
:1028F000002B06DB1F2213401E3A9A4013000F4A9A
:10290000136003B00CBC90469946F0BD0088FFBF31
:1029100020310020E48D0108FFFF7FFFFF7FFFFFD4
:10292000FF80FFFFFFFFFFF0FFFFDFFFFFFFFFBFA5
:10293000FFFDFFFFFFFEFFFF01FFD5FF00E100E00D
:1029400082B00190019B1F2B13D8012908D1019857
:102950008021C9054A680123834013434B6021E06D
:1029600001988021C9054B680122824093434B6046
:1029700018E0019B252B15D8019B203B01930129D1
:1029800008D101988021C9058A6801238340134337
:102990008B6007E001988021C9058B680122824085
:1029A00093438B6002B0704782B00190019B1F2B54
:1029B00013D8012908D101988021C9058A6901230A
:1029C000834013438B6121E001988021C9058B6905
:1029D0000122824093438B6118E0019B252B15D87F
:1029E000019B203B0193012908D101988021C90551
:1029F000CA69012383401343CB6107E0019880211A
:102A0000C905CB69012282409343CB6102B0704774
:102A10008022D205136803218B431843106070474E
:102A20008022D205136830218B43000118431060C7
:102A30007047C0468022D2051168034B0B4000024C
:102A4000184310607047C046FFFCFFFF8022D2058C
:102A50001168034B0B400005184310607047C046D7
:102A6000FFFFEFFF8021C905034A8B589B009B089D
:102A700080071843885070479088000010B5802167
:102A8000C905044A8C58044B23404006184388501B
:102A900010BDC04690880000FFFFFFC110B5802127
:102AA000C905044A8C58044B2340C003184388507E
:102AB00010BDC04690880000FF7F80FF8022D205B5
:102AC0001068034B03408906194311607047C046E4
:102AD000FFFFFFFB8022D2051068034B034049052E
:102AE000194311607047C046FFFF9FFF10B50400F7
:102AF00001212120FFF724FF01212120FFF754FFAE
:102B00002A4B1A682078400229490A4002431A6079
:102B10001A686078800227490A4002431A601A68DE
:102B2000A078C00224490A4002431A601A68E0787B
:102B3000000322490A4002431A601A682079C00340
:102B40001F490A4002431A601A68607900041D494F
:102B50000A4002431A601A68A07900051A490A401F
:102B600002431A601A68E17909061202120A0A433E
:102B70001A605A68207A800114490A4002435A6058
:102B80005A68607AC00512490A4002435A605A687E
:102B9000A07A40020F490A4002435A605A68E07A1C
:102BA000C0020D490A4002435A6010BD0060014056
:102BB000FFFDFFFFFFFBFFFFFFF7FFFFFFEFFFFF43
:102BC000FF7FFFFFFFFFF8FFFFFF8FFF3FFEFFFFCD
:102BD000FFFF7F80FFF9FFFFFFE7FFFF10B5002138
:102BE0002120FFF7E1FE00212120FFF7A9FE10BD03
:102BF00070B504000D0001211520FFF7A1FE012191
:102C00001520FFF7D1FE454BE3189B041B0E9900DE
:102C1000434AE8698850A26802210A43A260A26878
:102C20008A43A2602A68A2616A68E261AA68226295
:102C3000AA6912020DD0DB003A4AD3181B795BB2A5
:102C4000002B06DB1F2213401E3A9A401300364A1F
:102C50001360636801229343297E0B4363606368BA
:102C6000697E4900022083430B4363606368A97E49
:102C70008900023083430B4363602369E97D490087
:102C8000023083430B4323612369687D4002274957
:102C90000B40034323612369E87C800224490B40F5
:102CA0000343236123699343297D0B4323612369F4
:102CB000A87DC0021F490B40034323612369A87B01
:102CC00000041D490B40034323612369697CC9014A
:102CD000802083430B4323612369A87C00021749AA
:102CE0000B40034323612369E97BC9001820834318
:102CF0000B4323612369297C4901483083430B43FB
:102D0000236163691B0C1B04A9890B436361636A1C
:102D10009343EA7E1343636270BDC046C0DFFEBFCB
:102D20002C310020E88D010800E100E0FFFDFFFFED
:102D3000FFFBFFFFFFE7FFFFFFFFF0FFFFFEFFFFCF
:102D400003000068420706D59A6802210A439A6088
:102D50009A688A439A601A6882431A607047C0462C
:102D600010B50648FFF7ECFF054B1B68002B03D09E
:102D7000002201000148984710BDC0464020014094
:102D80002C31002010B50648FFF7DAFF054B5B68D1
:102D9000002B03D0002201000148984710BDC04617
:102DA000802001402C31002010B50648FFF7C8FFF5
:102DB000054B9B68002B03D0002201000148984777
:102DC00010BDC046C02001402C31002010B506487F
:102DD000FFF7B6FF054BDB68002B03D00022010094
:102DE0000148984710BDC046002101402C31002009
:102DF00010B5094B19684907C90F0BD01A001B6899
:102E0000022083431360054B1B68002B02D0002275
:102E10000148984710BDC046200000403C310020CA
:102E2000032808D81D4B1B69032210408000C340B3
:102E30000C32134024E0031F032B08D8174B5B69A7
:102E4000032210408000C3400C32134018E00300FE
:102E5000083B032B08D8114B9B69032210408000CC
:102E6000C3400C3213400BE003000C3B022B10D884
:102E70000A4BDB69032210408000C3400C32134030
:102E8000012B02D0022B02D005E0054804E00548E2
:102E900002E0054800E004487047C0466001082091
:102EA00030000820600008200000082010B5054B05
:102EB000DA6801248440A243DA60DA688140114371
:102EC000D96010BD6001082010B5054B9A68012437
:102ED0008440A2439A609A6881401143996010BD72
:102EE0006001082010B5836801248C40A3438A4008
:102EF0001A43826010BDC0464068C8400123184094
:102F00007047C04610B52B4B984206D02A4B9C46C2
:102F1000604444424441600100E010204118C9B2BD
:102F200009290AD84B005918244807238B40046804
:102F30009C438A40224302603AE013290CD80A39A4
:102F4000C9B24B0059181E4807238B4004689C43A4
:102F50008A40224302602BE01D290CD81439C9B2E3
:102F60004B005918174807238B4004689C438A403C
:102F7000224302601CE027290CD81E39C9B24B003D
:102F80005918114807238B4004689C438A40224308
:102F900002600DE029290BD82839C9B24B00591815
:102FA0000A4807238B4004689C438A4022430260FE
:102FB00010BDC04630000820A0FFF7DF4001082008
:102FC00044010820480108204C0108205001082035
:102FD00010B5036801248C40A3438A401A43026061
:102FE00010BDC04670B50C00494B984206D0494B05
:102FF0009C46604443425841400000E00120032CBD
:103000000DD845490D69032323409B000F269E40A0
:10301000B5430D610D6998402843086133E0231FD3
:10302000032B0DD83C494D69032323409B000F26F9
:103030009E40B5434D614D6998402843486122E068
:103040002300083B032B0DD833498D69032323400C
:103050009B000F269E40B5438D618D6998402843A3
:10306000886110E023000C3B022B0CD82A49CD6963
:10307000032323409B000F269E40B543CD61CD69BD
:1030800098402843C861002A04D101212000FFF79D
:103090000DFF10E0012A04D101212000FFF714FFE9
:1030A00009E0022A07D101212000FFF7FFFE0121DC
:1030B0002000FFF709FF082C04D980221206174BC5
:1030C0001A601BE0022C04D98022D205134B1A602F
:1030D00014E0012C09D0002C02D0022C0AD00DE003
:1030E000802212050D4B1A6008E0802252050B4B1E
:1030F0001A6003E080229205084B1A60064B59685B
:103100000122A2409143596059680A435A6070BD38
:1031100030000820A0FFF7DF6001082000E100E098
:1031200003490A680123834013430B607047C0467C
:10313000600108200423082803D8013B022800D896
:1031400003009B00014A99507047C046403100205F
:1031500010B50020FFF764FE04000020FFF7E0FF39
:10316000044B1B68002B03D000220021200098474D
:1031700010BDC0464031002010B50120FFF750FEC1
:1031800004000120FFF7CCFF044B5B68002B03D049
:10319000002201212000984710BDC0464031002088
:1031A00010B50220FFF73CFE04000220FFF7B8FF35
:1031B000044B9B68002B03D000220221200098477B
:1031C00010BDC04640310020F0B5474680B482B003
:1031D000104B1D68ADB2032401270F4B98463B00EE
:1031E000A3402B420FD0E6B23000FFF719FE01904A
:1031F0003000FFF795FF4346DB68002B03D0002229
:103200002100019898470134092CE8D102B004BC90
:103210009046F0BD6001082040310020F0B54746DF
:1032200080B482B0104B1D68ADB2092401270F4B4A
:1032300098463B00A3402B420FD0E6B23000FFF788
:10324000EFFD01903000FFF76BFF43461B69002B39
:1032500003D000222100019898470134102CE8D1B6
:1032600002B004BC9046F0BD60010820403100204F
:103270000269102313430361C36A0B708023036246
:103280007047C04670B50400D34BC3181B0B826A4D
:10329000D20611D5826A92060ED5826A40218A43EF
:1032A00030390A438262FF221340CC499B0001322D
:1032B000585802435A50D2E1A26A520612D5A26A65
:1032C00092060FD5A26A10218A4330310A43A262C6
:1032D000FF221340C1499B000A32FF325858024373
:1032E0005A50BCE12269920600D400E1E269D2079B
:1032F00000D5ECE0E269920700D5E8E02269D20649
:1033000000D487E0FF2213401801B54A80580028F6
:1033100042D1CA070ED5B1499B000D22585802432D
:103320005A50802323627F3B2362226B0133134375
:10333000236394E11A01AA498A185268002A22D00C
:103340001A018A18127B002A08D10A001B01C91829
:103350008968012098500B78E36280E1226910218E
:103360008A4322611B019E4AD3185B68012B04D15A
:10337000226907331343236103E02369082293433F
:103380002361E36A6BE195499B000A225858024386
:103390005A508023236262E11A01914DAA185268A3
:1033A000904219D2CA070ED58C499B000C2258585E
:1033B00002435A50802323627F3B2362226B0133F6
:1033C000134323634BE1864A1B01D1188968451CCE
:1033D0009D500B5CE36242E1CA0707D57F49980024
:1033E000042245582A434250012222627B49980018
:1033F000082245582A434250802222621B01784A03
:10340000D3185B7B012B00D029E1226B01331343DE
:10341000236324E1FF2213401A0171498A1852687C
:10342000012A18D16D499800082542582A43425074
:103430006B481B01C21891681A58561C1E508918F7
:103440002000FFF715FF2369AB432361226B0223A2
:103450001343236303E1023A1901614809588A4280
:103460000DD9226908218A43226102001B01C1187B
:10347000886899584D1C9D50E36A4354EFE08A4296
:103480000DD1216908220A432261554A1B01D11836
:10349000886899584D1C9D50E36A4354DFE04F48BB
:1034A0009E00082532582A4332504D4A1B01D0183D
:1034B00080684E1C9E5041182000FFF7D9FE2369FA
:1034C000AB432361226B022313432363C7E0CA0784
:1034D00000D4C4E0FF22134040499B00F33A5858FF
:1034E00002435A50802323627F3B2362B7E0E269A4
:1034F000D20700D59BE0E269920700D597E04A0623
:1035000023D540222262BF32134034489D00FD3A49
:103510002E5832432A504A0707D5314A1B01D11889
:1035200089689B58CB5CE36299E01B012C4AD31855
:103530005B68012B04D122690733134323618EE0BA
:10354000236908229343236189E04A074AD5FF2271
:103550001340234A180115186D688258681E90425E
:1035600003D3180101321E4E8251CA070DD5626A7B
:10357000520705D4194998000C2245582A43425055
:10358000802222627F3A22621CE01A0114495158BB
:103590008D4205D9124882189268525CE26211E0AD
:1035A0006269D20703D5626901218A436261626A56
:1035B000520705D409499800082245582A43425029
:1035C00080222262626A520749D504499B00102278
:1035D000585802435A5042E00020FFBF7C3100207F
:1035E0005C310020FF2213401D4918010A1852685F
:1035F0004158901E884204D1216908220A43226161
:103600000BE0013A914208D116489D0008212A5842
:103610000A432A5022698A432261114A1B01D118A8
:10362000886899584D1C9D50E36A435417E04A0638
:1036300009D540222262BF321A400A4D9200022070
:10364000565930435051CA0709D501222262FE3231
:10365000134004499B00F33A585802435A5070BD36
:103660005C3100207C31002070B50848046A456A4E
:103670002A002100FFF706FE054B1B68002B03D034
:103680002A0021000148984770BDC04600E0004074
:103690005431002070B50848046A456A2A002100A8
:1036A000FFF7F0FD054B5B68002B03D02A002100DB
:1036B0000148984770BDC04600F0004054310020DA
:1036C000044BD86019611A005369002BFCDB014BD5
:1036D000986970470018082070B50400134BC31890
:1036E000DB0A026803211140D00703D520680125B9
:1036F000A843206092070ED5FF2213409B000C4A7E
:103700009B58002B02D000222000984723680222F9
:103710009343236009E0FF2213409B00044A9B5817
:10372000002B02D000222000984770BD0090FEBF01
:103730008431002010B50248FFF7CEFF10BDC0460F
:103740000070014010B50248FFF7C6FF10BDC0462B
:103750000078014010B50D4BC3181B0B0268802187
:10376000114003D002688024A2430260026DFF244E
:10377000224002D0046D94430465FF2423409B0043
:10378000034C1B59002B00D0984710BD00D0FEBF42
:103790008C310020F0B55F4656464D464446F0B4A5
:1037A00083B004008A46E34BC5182D032D0EE24F6B
:1037B0006B005E19F05D0121FFF7C2F8BE19707849
:1037C0000121FFF7F1F82368524651890902DB4ACB
:1037D00013400B43236053469B89E36453469B8904
:1037E00063605346DB89A360AA00D54B5146496903
:1037F000D150842163587F2293435246527C134315
:10380000635023685246127C920144398B43134320
:10381000236053469B7C012B0FD16B005D19C64B77
:103820005D190223EB56002B1BDB1F2213401E3AAF
:103830009A401300C34A136013E06B005D19BE4B3E
:103840005D190223EB56002B0BDB1F2213401E3A9F
:103850009A4013008022BB498B50BFF34F8FBFF3B8
:103860006F8F53461B78012B00D16FE1002B06D0E0
:10387000022B00D14AE2032B00D1A6E2E2E253463A
:103880005B68226819784901202082430A4322603C
:103890005A78002A56D0002730229346243A904680
:1038A0000B3A9146009700998A008C466244520078
:1038B00059688D5CE8002018C1685E46B143202637
:1038C0003143C160C668596889180979890047463B
:1038D0003940BE433143C160596889184988016144
:1038E000266F4946A940C9435F68BC469444674671
:1038F0007F79AF400E403E432667C6685F68BC468E
:1039000094446746BF79BF01BC464027BE43674623
:103910003E43C660E06D5E68B618F679AE4008407A
:103920003043E065E06E5E68B4466244127AAA40B5
:1039300001401143E166009F0137F9B200915A78C6
:103940008A42B0D89A78002A00D1D5E000220092AD
:1039500000998A008C46624492009968895C8C4682
:10396000606E4908C90001258D4028436066656E78
:1039700098688018C0790001884010278F40BD43A7
:1039800028436066606E9D68AD182D7A6D008D408D
:1039900002278F40B8432900014361666146CD008C
:1039A0006519E86899688918897989000C26314079
:1039B000B0430143E96099688918498829616146E3
:1039C0004F1CFFB2996889188988F8008046A04486
:1039D00040460161E96898688018407A40000A3ED4
:1039E000B1430143E9604146C96898688018807A0C
:1039F0004000B14301434046C160216F012066464B
:103A0000B040C64301969E68B14691444E46F67A50
:103A100060468640B146019E3140484601432167D9
:103A2000216F89460121B940C94398688346934470
:103A30005846007B0600BE40B3464E460E40B14697
:103A40005E46484606432667E8688146986883468E
:103A500093445846407B800183464E46402086432F
:103A6000B1465E4648460643EE604046C5689868E3
:103A7000814691444846807B8001814640208543B1
:103A8000484605434046C560E56D986880469044C9
:103A90004046C07B060060468640B046019E3540E9
:103AA00040460543E565E56D98688046904440468C
:103AB000007C0600BE400D403543E565E06E804663
:103AC000986885186D7C604685404046019E06409A
:103AD00030002843E066E06E9D68AC466244927C0C
:103AE000BA4001401143E166009E0136F1B20091F7
:103AF0009A788A4200D92BE7626D997B49000220AF
:103B000082430A436265197BA26E587B8001C025FF
:103B1000AA430243A266A26E3F2082430A43A266E2
:103B2000E06ED97B0902084A030013400B43E366A9
:103B300088E1C04600D0FEBF088E0108FF0000FFEC
:103B40008C31002000E100E0FFFEFFFF5346586883
:103B500023682022934323600378002B00D171E176
:103B6000002130239846243B9C4678339B460091A5
:103B7000009AD30091464B444268D5182A786D7854
:103B8000002D2DD1D5006519EE6841468E43EE60BB
:103B9000EF684168CE18B678B60061460E408F4394
:103BA0003E43EE6059466758510089464168CE1839
:103BB000F678360449468E400196C02189024E4669
:103BC000B1408F43019E3E4359466650EE684168BE
:103BD000CF183F7ABF0140218E433E43EE6074E030
:103BE000666E5508ED000427AF403E436666666E7C
:103BF0000821A9400D0035436566D5006519EF68B9
:103C00004168CE187679360141460E408F433E43D7
:103C1000EE604168CE183679012E17D0002E04D000
:103C2000022E24D0032E33D042E0EE6861468E434C
:103C300004210E43EE60551CEDB2ED006519EE68EF
:103C400061468E4308210E43EE6031E0EE68614626
:103C50008E4308210E43EE60551CEDB2ED00651950
:103C6000EE6861468E4304210E43EE6020E0EE686C
:103C700061468E4304210E43EE60551CEDB2ED000B
:103C80006519EE6861468E4304210E43EE600FE035
:103C9000EE6861468E4308210E43EE60551CEDB27E
:103CA000ED006519EE6861468E4308210E43EE6013
:103CB000551CEDB2ED006519EE684168CF183F7AEA
:103CC000BF0140218E433E43EE604568A9464B4408
:103CD0009D79012D0AD1A66F9500AA181F25954040
:103CE000AE43DB7993403343A36706E0A36F9500AF
:103CF000AA181F259540AB43A36700990131CAB2AA
:103D000000920378934200D932E79BE0534658680B
:103D100023682022934323600378002B4DD0002595
:103D2000102399460C27303398463F3B9C4600951C
:103D3000009DEA004368995CCB00E318DE683025FB
:103D4000AE434D462E43DE60DE684568AB46934485
:103D50005D462D79AD003D40BE432E43DE60456893
:103D6000AE1876881E61DE684568AB4693445D46B2
:103D70006D79AD01AB464546AE435D462E43DE60F0
:103D8000E66D63468B40DB434568AB4693445D4636
:103D9000AD798D401E402E43E665E66E4568AB4624
:103DA0005A44D2798A4033401343E366009D01357B
:103DB000EAB2009203789342BAD8636D027A520055
:103DC00002218B43134363653CE053465B688022CA
:103DD000A1581878C0000825A9430143A150A15853
:103DE000587840011835A9430143A150A1581879CA
:103DF0000001103DA9430143A1509A78002A06D042
:103E0000A26F1F218A43D9780A43A26703E0A26FF9
:103E10001F218A43A2675A79002A07D0A26F987996
:103E2000400110490A400243A26703E0A16F0D4A16
:103E30000A40A2678020215801229143DA790B00C1
:103E40001343235023685246127AD20018218B4321
:103E50001343236003B03CBC90469946A246AB4650
:103E6000F0BDC0461FFCFFFF10B50248FFF772FC13
:103E700010BDC0460030014010B50248FFF76AFC93
:103E800010BDC0460040014010B50E4B19680B062E
:103E900006D50C4802680C4B134080221343036084
:103EA0008B0307D5074A1368802083438020800254
:103EB00003431360054B1B68002B02D0002201480E
:103EC000984710BD00840040FFFFFDFF94310020A3
:103ED000F0B54368DB0400D4A8E0994BC3181B0B72
:103EE000C26852070BD5C16804220A43C260FF2290
:103EF0001A40944C92000221155929431151C2686D
:103F000012070BD5C16808220A43C260FF221A407B
:103F10008C4C92000121155929431151C268920716
:103F20003ED5FF221A40940087496158874D645955
:103F3000A14223D29500864EAD59002D30D0013CD0
:103F4000A14203D144690826B44344614468240271
:103F500007D594004F1C7C4EA751046949004C536F
:103F600005E094004F1C784EA75104696C549100F1
:103F7000754C0C59754D49598C4211D3446875499B
:103F8000214041606F4C920008211559294311517D
:103F90008021C2681142FCD1816820220A438260DC
:103FA000C268D20731D5FF221A4094006A4961588D
:103FB000664D6459A14216D29400684D6459002C94
:103FC00023D045682D0207D592004E1C624D5651F4
:103FD00049000A5B026118E092004E1C5E4D56518A
:103FE000625C026111E044685D4921404160554CCA
:103FF000920010211559294311518021C2681142A4
:10400000FCD1816820220A438260C268D20600D4B3
:1040100095E0816810220A438260FF2213404949DB
:104020009B00FB3A585802435A5088E0444BC3184F
:104030001B0BC26852070FD5C16804220A43C26035
:104040004168474A0A404260FF221A403D4C9200B4
:104050000221155929431151C26812070FD5C168B1
:1040600008220A43C26041683A4A0A404260FF227D
:104070001A40344C92000121155929431151C2684C
:1040800092072FD5FF221A4091002F4C0D592F4C2B
:1040900009598D421CD291002D4C0959002921D07B
:1040A0004468240207D594006F1C274EA751046969
:1040B0006D006C5205E094006F1C234EA7510469FB
:1040C0004C559100204C0C59204D49598C4209D334
:1040D00044682049214041601A4C9200082115593A
:1040E00029431151C268D20729D5FF2213409900F4
:1040F000194A8A58154C09598A4216D29900174C08
:10410000095900291BD04468240207D59B00551C7F
:10411000114C1D515200535A036110E09B00551C75
:104120000D4C1D518B5C036109E041680C4A0A404B
:10413000426004499B001022585802435A50F0BD77
:104140000040FFBFA0310020C0310020A831002076
:10415000C8310020FFFDFFFFB03100209831002062
:10416000FFFEFFFF70B50748C4684568FFF7B0FE63
:10417000054B1B68002B03D02A00210001489847FB
:1041800070BDC04600C00040B831002070B507487F
:10419000C4684568FFF79CFE054B5B68002B03D0A5
:1041A0002A0021000148984770BDC04600D0004059
:1041B000B8310020034A1168034B0B400007184335
:1041C00010607047B0880040FFFFFFEF82B000230F
:1041D0000193012811D1134A5368802189050B43AB
:1041E000536011485368DB0FDB0701930138019BD3
:1041F000002B12D10028F5D10FE00A4A51680B4B71
:104200000B40536008485368DB0FDB07019301380C
:10421000019B002B01D00028F5D1431E9841C0B26C
:1042200002B070470080004010270000FFFFFFDF52
:1042300082B000230193012813D1154A53688021CD
:1042400009050B435360134811008022D2054B68C7
:10425000134001930138019B002B14D10028F6D1A3
:1042600011E00B4A51680C4B0B4053600948110098
:104270008022D2054B68134001930138019B002B2B
:1042800001D00028F6D1431E9841C0B202B0704759
:104290000080004010270000FFFFFFF782B0034BB3
:1042A000DB690193019802B07047C046008000406E
:1042B00000B583B0FFF7F2FF0190019A054BDA6178
:1042C000054B1B68002B03D001990248C268984730
:1042D00003B000BD00800040D431002000B583B0A1
:1042E000FFF7DCFF0190019A054BDA61054B1B6873
:1042F000002B03D0019900220148984703B000BD6C
:1043000000800040D031002010B5FFF7C7FF430305
:1043100005D51E4AD3698021C9020B43D36180238E
:10432000DB051B699B050FD58022D205136980210F
:1043300049020B4313610020FEF76AFB0020FEF7E1
:1043400085FB0120FEF764FB8023DB051B69DB0591
:104350001BD58022D2051369802149020B431361CA
:104360000020FEF755FB0020FEF770FB0020FFF752
:104370005FFF012809D16330F9F7A0FD0120FFF7A5
:1043800057FF012801D1FEF743FB10BD008000401C
:1043900010B5C368012119400ED0C2680123134330
:1043A000C360064BC3181B051B0E9B00044A9B5899
:1043B000002B01D00022984710BDC04600EFFEBF81
:1043C000D831002070B504000D0001211320FEF744
:1043D000B7FA01211320FEF7E7FA224A13680220F8
:1043E0008343042149420B4313602B682360A36875
:1043F0002A79920008318B431343A3601A4BE318C8
:104400001B051B0E9900194AAE688E50A268697987
:10441000490082430A43A2606A79012A0BD1144AF7
:10442000D356002B17DB1F2213401E3A9A4013006D
:10443000104A13600FE00E4AD356002B0BDB1F22ED
:1044400013401E3A9A40130080220A498B50BFF352
:104450004F8FBFF36F8FA368012293432A7B1343CF
:10446000A36070BD0010014000EFFEBFD8310020F6
:10447000108E010800E100E010B50248FFF788FF48
:1044800010BDC0460011014010B50248FFF780FF83
:1044900010BDC0461011014010B50248FFF778FF6B
:1044A00010BDC0462011014010B50248FFF770FF53
:1044B00010BDC0463011014070B5016A426A016208
:1044C00042620A4BC3181B0BDCB2C569ED0701D46D
:1044D0000125A943022C07D8FF2423409B00044C4C
:1044E0001B59002B00D0984770BDC0460080FEBF0E
:1044F000E831002070B504000D00012A03D004202B
:10450000022A03D001E0082000E0102003231A4013
:10451000A262F5F7CBFC011C1648F5F741F8061C22
:104520002800F5F70BFD011C301CF5F739F8061CC7
:10453000F5F716F80500F5F701FD011C301CF5F73D
:104540000DFB8421C905F5F7F5F9F4F7D3FFFF2337
:104550001A002A4062602D0A1D40A5606064626BEB
:10456000EF3B1A436263626B0F218A431343636319
:1045700070BDC046001BB74B10B5036ADB0505D5FF
:10458000074B80246400026A224204D1C905C90D88
:104590000160012003E0013B002BF4D1002010BD9D
:1045A000FE0F00000068C005C00D7047C3682022E0
:1045B0009343C360012904D0002914D0022909D0F3
:1045C0001AE0C26808231343C360C36810229343F0
:1045D000C36019E0C26808231343C360C268102394
:1045E0001343C36010E0C36808229343C360C368E9
:1045F00008329343C36007E0C36808229343C36053
:10460000C36808329343C3607047C04670B5040066
:104610000D004D4A8618360B4C4A90420ED04C4A3B
:10462000904214D04B4A904219D101210020FEF74C
:1046300087F901210020FEF7B7F910E001210120E0
:10464000FEF77EF901210120FEF7AEF907E0012116
:104650000220FEF775F901210220FEF7A5F9FF23DC
:104660001E40B6003C4BEA68F2502B795A1F032AD1
:104670000AD8E26803218A43053B1343E3602369B8
:1046800020229343236109E0092B07D1E368032229
:104690009343E3602269202313432361A979200017
:1046A000FFF784FF6A7A29682000FFF723FFE36899
:1046B0006A79920004218B431343E3602B7A002B29
:1046C00002D1EB79002B04D06269012313436361AB
:1046D00003E063690122934363612B7A012B0FD0BE
:1046E000002B04D0022B14D0032B1BD022E0236C10
:1046F000012293432364236C01329343236419E022
:10470000226C012313432364236C0222934323640A
:1047100010E0236C012293432364226C0223134391
:10472000236407E0226C012313432364226C0223D9
:104730001343236422690223134323612269012363
:104740001343236170BDC0460080FEBF009001404E
:1047500000A0014000800140E831002010B502486F
:10476000FFF7AAFE10BDC0460080014010B5024808
:10477000FFF7A2FE10BDC0460090014010B50248F0
:10478000FFF79AFE10BDC04600A0014010B5044BD3
:104790001B68002B03D0002200210248984710BD5F
:1047A000F431002000B0004030B585B00F246C44D7
:1047B000220001A9A020C00000F044FA24780023C0
:1047C0004A4D180001AA9A5C002C02D11A0040320E
:1047D000AA5C01A942540133082BF2D107336B4480
:1047E0001A70434B188880B2FA218900F4F768FCEC
:1047F00081B2404B1B780024002B0CD13C4B9B78A2
:10480000002B06D001AB1B78A4245C43A400A4B207
:1048100001E0394B1C88002905D03848F4F750FCDA
:104820000104090C00E036496143090C0020F7F748
:10483000E1FA2F4B188880B2FA218900F4F740FC86
:1048400081B22C4B1B780024002B0CD1284B9B7879
:10485000002B06D001AB9B78A4245C43A400A4B237
:1048600001E0284B1C88002905D02448F4F728FCD7
:104870000104090C00E022496143090C0220F7F70A
:10488000B9FA1B4B188880B2FA218900F4F718FC9A
:1048900081B2184B1B780024002B0CD1144B9B7851
:1048A000002B06D001AB5B78A4245C43A400A4B227
:1048B00001E0154B1C88002905D01048F4F700FCD6
:1048C0000104090C00E00E496143090C0420F7F7CC
:1048D00091FA002305481A00403201A9595C81541D
:1048E0000133082BF7D105B030BDC0461845002074
:1048F0007CB00108C44600201C470020C05D0000B9
:10490000FFFF000094460020AA46002010B501F0E9
:104910009DF910BD10B500F0C3FD10BD10B501F03C
:10492000F7F910BD10B5FFF73FFF10BD10B500F04F
:10493000A7F910BD10B500F0E5FC10BD10B502F0F0
:104940004DFA10BD10B500F035FD10BD10B501F0E9
:10495000BBFA10BD10B50024614B1C605822002129
:10496000604803F007FE604B1C60604B1C60604BAE
:104970001C60604B1C60604B1C60604B1C60604B9B
:104980001C60604B1C60604B1C60604B1C60604B8B
:104990001C6000235F4A14805F4A14805F4A1480C1
:1049A0005F4A14805F4A14805F4A14805F4A148013
:1049B0005F4A14805F4A14805F4A14805F4A148003
:1049C0005F4A14805F4A14805F4A14805F4A1480F3
:1049D0005F4A14805F4A14805F4A14805F4A1480E3
:1049E0005F4A14805F4A14805F4A14805F4A1480D3
:1049F0005F4A14805F4A14805F4A14805F4A1480C3
:104A00005F4A14805F4A13705F4A13705F4A1370E5
:104A10005F4A13705F4A13705F4A13705F4A1370E6
:104A20005F4A13705F4A13705F4A13705F4A1370D6
:104A30005F4A13705F4A13705F4A13705F4A1370C6
:104A40005F4A13705F4A13705F4A13705F4A1370B6
:104A50005F4A13705F4A13705F4A13705F4A1370A6
:104A60005F4A13705F4A13705F4A13705F4A137096
:104A70005F4A13705F4A13705F4A13705F4A137086
:104A80005F4A13705F4A13705F4A13705F4A137076
:104A90005F4A13705F4A13705F4A13705F4A137066
:104AA0005F4A13705F4A13705F4A13705F4A137056
:104AB0005F4A13705F4A13705F4A13705F4A137046
:104AC0008022520000215E4803F054FD02F070F98C
:104AD00000F0BEF800F066FC01F0A6F910BDC0467B
:104AE000F04600202C46002028460020C04600202A
:104AF000A0460020B4460020C84600200047002001
:104B0000BC460020B0460020E84600200C470020AC
:104B1000F846002024460020E2460020DE46002021
:104B200086460020D64600201E470020D2460020A0
:104B30008E460020F64600200A4700209C460020B2
:104B400014470020904600201C470020AA46002061
:104B5000944600209E4600209A460020E64600200B
:104B600004470020B84600201C4600208A4600204A
:104B70008C4600200647002022460020CE4600201A
:104B800018470020DA460020D84600201A470020A7
:104B9000CC460020844600201B470020D44600203D
:104BA0001E460020E4460020A74600201F460020A5
:104BB000124700201846002092460020D9460020C7
:104BC0008846002009470020A44600201A460020FD
:104BD000E0460020A6460020AC460020C446002047
:104BE0009646002011470020204700201347002050
:104BF000A846002016470020C64600202046002078
:104C000085460020EC460020F4460020A546002002
:104C100097460020DB46002008470020FC46002085
:104C2000C546002010470020AD46002098460020D1
:104C300019460020D046002021470020DC460020F5
:104C40001845002010B51400FDF704FA207010BDBF
:104C50000022094B1A60094B19000831FF321A74FF
:104C60001A7601338B42FAD1044B0122F4215A54B3
:104C700001315A547047C04628460020184500208C
:104C800070B58EB0D74C6078F9F76AFAD64D431EEE
:104C900098412870A078F9F763FA431E9841D34BE6
:104CA0001870E078F9F75CFA431E9841C0B2D04B17
:104CB00018702A780123002A05D1CC4B1A780123D9
:104CC000002A00D10300CB4A1370CB4B1B785A1E2D
:104CD0009341CA4A13700120F9F738FAC84B18708B
:104CE0000220F9F733FAC74B18700320F9F72EFAB0
:104CF000C54B18700420F9F729FAC44B1870062028
:104D0000F9F724FAC24B18700720F9F71FFAC14BC4
:104D100018700920F9F71AFABF4B18700A20F9F732
:104D200015FABE4B18700B20F9F710FABC4B18702F
:104D30000C20F9F70BFABB4B18700D20F9F706FAA7
:104D4000B94B18700E20F9F701FAB84B18700F2004
:104D5000F9F7FCF9B64B18701020F9F7F7F9B54BD5
:104D600018701120F9F7F2F9B34B18701220F9F707
:104D7000EDF9B24B18700520F9F7E8F9B04B18704F
:104D80000820F9F7E3F9AF4B1870AF4B1A68501CC5
:104D900018600A21F4F71AFA002900D0FCE000207C
:104DA000F6F7BCFEC00083B2A84A53435B08A84A8A
:104DB00094466344A74A5361A74A934204DD88227C
:104DC0005201A64B1A8008E0002B03DC0022A34B03
:104DD0001A8002E0DB13A14A13800120F6F79EFE41
:104DE000C00080B240039E49F4F76AF980B2B42350
:104DF0009C4A9D496C3102F0DDFC9C4B18800320DD
:104E0000F6F78CFEC00080B240039549F4F758F9DC
:104E100080B2B423964A58329649443102F0CAFC13
:104E2000954B1880954B188880B2FA218900F4F7C9
:104E300047F981B2002906D09148F4F741F90404FA
:104E4000240C0AD000E08F4C0020F6F7DDFF0004B0
:104E50002100F4F735F980B200E08A488A4B1880C7
:104E6000864B188880B2FA218900F4F729F981B2BB
:104E7000002906D08248F4F723F90404240C0AD050
:104E800000E0804C0120F6F7BFFF00042100F4F79A
:104E900017F980B200E07B487C4B1880774B18886C
:104EA00080B2FA218900F4F70BF981B2002906D00B
:104EB0007348F4F705F90404240C0AD000E0714C9F
:104EC0000220F6F7A1FF00042100F4F7F9F880B200
:104ED00000E06C486E4B1880684B188880B2FA214D
:104EE0008900F4F7EDF881B2002906D06448F4F7A0
:104EF000E7F80404240C0AD000E0624C0320F6F723
:104F000083FF00042100F4F7DBF880B200E05D4885
:104F1000604B1880594B188880B2FA218900F4F749
:104F2000CFF881B2002906D05548F4F7C9F8040437
:104F3000240C0AD000E0534C0420F6F765FF00046F
:104F40002100F4F7BDF880B200E04E48524B1880C3
:104F50004A4B188880B2FA218900F4F7B1F881B27F
:104F6000002906D04648F4F7ABF80404240C0AD014
:104F700000E0444C0520F6F747FF00042100F4F759
:104F80009FF880B200E03F48444B1880F6F748FE97
:104F9000431E9841424B18702B4B18686421F4F75C
:104FA00015F9002900D088E137246C4422000BA9B0
:104FB000CC204000FFF746FE24780023394D18002E
:104FC0000BAA9A5C002C01D1EA18127C0BA942545E
:104FD0000133082BF3D10B78FF2B65D037226A44BD
:104FE000137065E0BC330020964600201147002076
:104FF0002047002013470020F22E0020A846002062
:1050000016470020C6460020204600208546002086
:10501000EC460020F4460020A546002097460020DC
:10502000DB46002008470020FC460020C546002043
:1050300010470020AD460020984600201946002069
:10504000D04600202147002028460020DDAF000088
:10505000000081E92C460020FFFF7F089E460020CB
:10506000FF0F000080B0010880B101081E4700203A
:1050700000B3010880B40108D24600207CB00108CA
:10508000C05D0000FFFF00008E460020F6460020B5
:105090000A4700209C46002014470020904600202C
:1050A000C446002018450020002137226A441170B0
:1050B00037226A44127864214A4381490A80814A2E
:1050C00011780122002902D1FF3B5A425A417E4BFE
:1050D0001A7037246C44220009A98220C000FFF70F
:1050E000B1FD24780023794D180009AA9A5C002CA0
:1050F00001D1EA18127E09A942540133082BF3D1D9
:105100002F336B441A706F4B1B78002B00D0D0E00C
:105110008B781B02CA78D3189BB26D4A9A185042FA
:1051200050416C4908706C4A934203D100226B4B8A
:105130001A8008E06A4A944663446A4A934200DD52
:105140001300664A138037246C44220007A980208C
:10515000C000FFF777FD247800235C4D180007AAF4
:105160009A5C002C02D11A002032AA5C07A9425492
:105170000133082BF2D137246C4422704B799B0900
:10518000594A1370220005A980208000FFF75AFDBC
:10519000247800234D4D180005AA9A5C002C02D1FA
:1051A0001A002832AA5C05A942540133082BF2D117
:1051B00037246C4422700A004B7803210B404B4982
:1051C0000B7093789A00D218D200D3181B09484A62
:1051D0001380220003A9A420C000FFF733FD247828
:1051E00000233A4D180003AA9A5C002C02D11A0041
:1051F0003032AA5C03A942540133082BF2D1372480
:105200006C442270CB785B079B0F3A4A13702200E4
:1052100001A93948FFF716FD26782C4802002032F4
:1052200000210B0001AC0C5D002E00D1147E0BADF3
:105230005D5D057409AD5D5D057607AD5D5D15705D
:1052400005AD5D5D157203AD5D5D1574147601AD40
:105250005C550131013001320829E2D137236B441A
:105260001C70AB781B02EA789B18244A53439B0BB3
:10527000234A1380F423154AD35C002B04D0082260
:1052800007390C20FCF7C0FEF523104AD35C002B35
:1052900004D0082200212620FCF7B6FE0BA90C2022
:1052A000FCF7EAFE094B0022F4215A5401315A540A
:1052B00003E00122074B1A7038E70EB070BDC046FC
:1052C000DE46002013470020A64600201845002097
:1052D0000100FFFFAC460020FFFF00002446002035
:1052E000E0B1FFFFFF7F0000844600201B47002045
:1052F00086460020D44600206B040000CDCC000080
:10530000D6460020194B1A4A0021515E194A4A43D9
:105310009A615A691A61184A12881A86174A1178CE
:1053200048229954164A11783F229954154A117807
:1053300040229954144A12889A86144A11784922B4
:105340009954134A1288DA86124A11784A229954DB
:10535000114A11784B229954104A11784C229954D1
:105360000F4A11784D2299547047C0462C460020B0
:105370009E46002066660000DE460020A64600200D
:10538000844600201B4700201E470020A84600201E
:10539000D24600209846002019460020D046002022
:1053A0002147002000219823014AD1507047C04670
:1053B0001845002010B52C4C002221000620F8F7DB
:1053C000D3FE611C00220720F8F7CEFEE11C00226C
:1053D0000920F8F7C9FE211D00220A20F8F7C4FEB3
:1053E000224B1A78A11E0420F8F7BEFE204B1A7833
:1053F00021000B311120F8F7B7FE1E4B1A7821005F
:105400000C311220F8F7B0FE1B4B1A78611E0520F4
:10541000F8F7AAFE194B1A78A11C0820F8F7A4FE89
:10542000174A9823D158481CD0506421F3F7CEFE78
:10543000002917D1134A3C23D15C0902C0239B00E9
:1054400019403D23D35C9B028022D2001340C9182F
:105450000A3100220C48FCF7AFFD0C4A0C4926200B
:10546000FCF7DCFD10BDC046C2330020C44600205E
:10547000184600208846002009470020A446002046
:10548000184500202C46002002030000AAEFCDABF7
:105490007856341210B51400FEF712F9206010BDD2
:1054A000F0B55F4656464D464446F0B489B0BC4A16
:1054B00013881288DB431B041B0CBA490020095EC9
:1054C000C910514309144822B748825E5A43121446
:1054D0008918B64A914200DA1100B14A1088B44ADC
:1054E0000024125FD210424312144A20AE4C205EB8
:1054F000584300141218AD48824200DA0200A8484E
:105500000488AC480025405FC010604300144C2460
:10551000A54D2C5F63431B14C318A448834200DAD3
:105520000300A548814200DD010009B28946A34974
:1055300048460880A0498A4200DD0A0012B292461D
:105540009F4A514611809C4A934200DD13001BB2D2
:1055500098469C4B42461A804B461B015246D1004E
:1055600009B25B1A4246D10009B2591A964B9942C8
:1055700004DC964B994203DB490403E0944901E0C3
:1055800080210906934802F043FA934B18808C4B14
:105590000021595E914A514389120BB2894900207A
:1055A000095E4A43921211B2591A874B994204DCA0
:1055B000864B994203DB490403E0854901E08021E1
:1055C0000906844802F024FA854B1880764BDF6E7A
:1055D000C2229E5E1D6FC0229B5E0193390018009F
:1055E00002F070F904002900300002F06BF9231872
:1055F000002C03DA002801DA002B07DA002C07DD83
:10560000002805DD002B03DC714B01E080231B0625
:105610005B14744A13803900300002F053F906001D
:105620002900019802F04EF9331A002E06DA0028FC
:1056300009DB002B07DB80231B0604E0002802DACD
:10564000002B00DA624B5B14674A1380674B1D68BE
:10565000534C618863680904C91A890001226448AF
:1056600001F0B2FFC10207AA2800FFF713FF614B48
:105670001968614B186805AAFFF70CFF208900B272
:105680004001372102F00CF8002802DC00230693C9
:1056900005E0C0030690059B984200D9BCE2404B50
:1056A0009B7A002B00D002E2B6E23D4B59885B6842
:1056B0000904C91A890001224D4801F085FFC00282
:1056C000079BC31ABF10D81B4C4B1B78002B05D06F
:1056D000334BDA6807921B69059304E0304B5A6933
:1056E00007929B690593304B5B6DC718002803DA5E
:1056F000002B01DA002F07DA002807DD002B05DD7B
:10570000002F03DC324F01E080273F06079902F0AB
:10571000A5F905000599380002F0A0F92B18002D15
:1057200003DA002801DA002B0FDA002D03DD002850
:1057300001DD002B02DD324A934203DD304A2E4B5D
:105740001A6008E02F4A934203DA2E4A2A4B1A6065
:1057500001E0294A13602411244B1868001B274BD1
:105760001B78002B05D00E4BDA6807921B69059356
:1057700004E00B4B5A6907929B6905930A4B9B6D9A
:10578000C618002803DA002B01DA002E3CDA0028C4
:105790003CDD002B3ADD002E38DC0D4E36E0C046F5
:1057A00030B6010806470020184500200080FFFFA2
:1057B00022460020CE460020FF7F00001C4600202D
:1057C0008A4600208C460020FF3F000001C0FFFFFA
:1057D000FFFFFF7F9D5555559A4600206D3700000D
:1057E000E646002004470020B8460020C0460020BE
:1057F0000000B695B4460020A0460020E0460020F8
:1058000000C38700003D78FF80263606079902F026
:1058100025F904000599300002F020F92318002C26
:1058200003DA002801DA002B0FDA002C03DD002850
:1058300001DD002B02DDDF4A934203DDDD4ADE4B52
:105840001A6008E0DD4A934203DADC4ADA4B1A6058
:1058500001E0D94A1360DA4B1B7F002B00D1AFE087
:10586000D74C208900B24001372101F019FF050013
:10587000E38BD44A0021525E53435B00190001932D
:105880006388D14A0020105E5843801202F028F845
:10589000F4F70CFBDE218905F4F74CF880231B0696
:1058A0009C4660448E21C905F4F744F802F0A8FE36
:1058B0009F21C90502F0F2FE041C0021F3F7C6FD8A
:1058C000002806D080231B06E018F3F713FE4042A1
:1058D00002E0201CF3F70EFE6B421BB29B46AC02AB
:1058E0002300A04205DC5B469A020300904200DAE6
:1058F0001300B64A15686D10ED18B14B5968B44BDA
:105900000020185E02F08EF80112B24B9C466144F2
:10591000019802F001F8844205DB5B469B0204001B
:10592000984200DA1C00A44B1B685B101B1907AAE5
:10593000019319002800FFF7ADFDA14B1A8914B29D
:105940001B891AB293462900280002F017F9029029
:10595000019B1900180002F011F95B466343DB005C
:10596000029A94466044834223D2079B002B02D1C3
:1059700080239B010793079980200006F3F7A0FB83
:1059800007908F4B9B46188900B2290001F0FCFF5D
:10599000079902F091F8904B18605B46188900B2A5
:1059A000019901F0F1FF079902F086F88B4B18601E
:1059B00006E06D00884B1D60019B5C00874B1C60FE
:1059C0007F4B1B7F002B07D1804B1A68824B1A60DC
:1059D000794B1A68814B1A60814BDA6D01925D6FC9
:1059E0001A6E03929B6F02932900100001F0DAFFF8
:1059F00004007C4B984200DA1C000299019801F0E7
:105A0000D1FF784B984200DA1800774B9C4200DDBA
:105A10001C00754B984200DD1800241A24B2A40221
:105A2000724B1C602900019801F0BCFF6D4B98423D
:105A300000DA180004006C4B984200DD1C0002994B
:105A4000039801F0AFFF674B984200DA1800664BED
:105A5000984200DD18000419624B9C4200DA1C00D9
:105A6000614B9C4200DD1C00A402614B1C605C4B3E
:105A700048224946995202325146995202324146D1
:105A800099525C4A1188C02299525B4A9068D86644
:105A90005A490C88C2215C52D16819675F659E65BE
:105AA0005468DC65586712681A669967C0E001227D
:105AB000534B1A70424E7168454B0020185E02F03D
:105AC0006BF87388404A0021515E594389114D4B50
:105AD0001940000B4C4B9C46604405AAFFF7DAFCCA
:105AE0004A4D0599286802F057F805907788BFB2AB
:105AF000716872884B08D103591A4910444801F063
:105B000027FF040008222968059801F091FD010093
:105B1000200001F0F3FE01002E4C6743780906AA2D
:105B2000FFF7B8FC7168200002F052F84008069BAD
:105B3000DB12C41A70687288716889004308D00348
:105B4000181A401002F010F801001D22200001F088
:105B500047FD070071680E222E4801F05FFD3F1AD5
:105B600029680A22059801F063FD05007168380074
:105B700001F0ECFF4410174B9C46644429002800B8
:105B800001F0D8FE05002100200001F0C5FE6D10D7
:105B9000281AF6F713FB0400718889B205228020C9
:105BA000000601F05BFD0100200001F093FF0400FE
:105BB0007BE5C04600C38700B4460020003D78FF67
:105BC00030B6010818470020B8460020A046002043
:105BD00004470020DB4A0000C846002000470020A0
:105BE000184500200080FFFFFF7F0000BC4600201A
:105BF000B04600209A4600202C460020E6460020B1
:105C0000DC460020F0FF0F00B6950000F8460020AB
:105C10001748500B0000B6950022094B1A70094B2B
:105C20000027DF5F3F02084B00241C5FA4023CE515
:105C300009B03CBC90469946A246AB46F0BDC04672
:105C4000DC46002004470020B846002010B50020A4
:105C5000F5F776FF0100274801F0C8FF00B24002C7
:105C6000172101F01DFDF0229201904202DD224B2E
:105C70001A8007E0214A904202DA1F4B1A8001E0A5
:105C80001D4B18800120F5F75BFF0100194801F05A
:105C9000ADFF00B24002172101F002FD031C174ABC
:105CA000904201DA164B1B881A1CF02189011BB2A5
:105CB0008B4201DD134B1A88134B1A800220F5F733
:105CC0003FFF01000B4801F091FF00B24002172195
:105CD00001F0E6FCF0229201904202DD0B4B1A80AB
:105CE00007E0064A904202DA084B1A8001E0074BAF
:105CF000188010BD9D33A0690647002000C4FFFF37
:105D0000148E0108168E010822460020CE4600207F
:105D1000F0B583B0344B1B681B131BB29A03334995
:105D20000C68241324B232494C43611055104D1BAA
:105D3000AD132DB292105242A410141B641324B25E
:105D40001A1CAB4200DA2A1C16B21A1CAB4200DD48
:105D50002A1C11B2201CB44200DA301C221C8C42D6
:105D600000DD0A1C821812B2D203224F398809B210
:105D70001B045642D01A052201F032FC01903988EA
:105D800009B22D04AD196842052201F029FC050075
:105D90002404A4196042398809B2052201F020FCCC
:105DA000019EF343DB171E4080235B039E4200DD10
:105DB0001E003611104B1E80EB43DB171D40802365
:105DC0005B039D4200DD1D002D110C4B1D80C34364
:105DD000DB17184080235B03984200DD1800001198
:105DE000074B188003B0F0BDBC460020B046002031
:105DF000DB6E000038B601081C470020AA460020D0
:105E00009446002010B502AC24788C4207D10028BB
:105E100001D1147006E0137004E0147002E0002851
:105E2000FBD0F8E710BDC046264B0122C8215A54CA
:105E300001315A5401315A5401315A5401315A54E2
:105E400002315A5401315A5401315A5401315A54D1
:105E500001315A5402315A5401315A5401315A54C1
:105E600001315A5401315A5402315A5401315A54B1
:105E700001315A5401315A5401315A5402315A54A1
:105E800001315A5401315A5401315A5401315A5492
:105E900001315A5402315A5401315A5401315A5481
:105EA00001315A5401315A5401315A5402315A5471
:105EB00001315A5401315A5401315A5401315A5462
:105EC0007047C04618450020F0B55F4656464D461F
:105ED0004446F0B49BB04923C14AD25C002A0BD09F
:105EE000C0497F33CB5C58424341DBB21593C92391
:105EF000CB5C002B07D001E000231593002A17D0BC
:105F00000023169301E001231693CB23B549CB5C04
:105F1000002B04D0002A0FD000230B9301E00123B3
:105F20000B93CC23AF49C95CCB3B002907D005E0DC
:105F300000230B93169301E000230B930023DBB2A5
:105F40009946CD23A749CB5C002B01D100F007FE79
:105F5000A34B00219983D98308E0A023A148C35A09
:105F600001339F48838301319D4BD9839E4B1B880E
:105F70009BB29B49898B994205D3012041239849C3
:105F8000C85400F057FE984B5B889BB29449C98B6C
:105F9000994201D200F05EFE002041239049C8548E
:105FA00000F048FE00231993CA238E4AD35C002BCD
:105FB00008D100228D4B1A70199B002B01D100F0E3
:105FC000DCFD07E04123864AD25C884B1A70199B9E
:105FD000002B0CD0864AF6238249C95C1000543845
:105FE000B53BC05C403B00930133FFF70BFF4923F7
:105FF0007B4AD35C00220592002B10D0CE22794937
:106000008A5C002A04D0002B16D00022059201E001
:1060100001220592CF2273498A5C002A04D0002B0A
:106020001BD000220C9201E001220C92D1226D497A
:106030008A5C002A08D002E000220C920592002B14
:106040000FD000230D9301E001230D93D223654A65
:10605000D25CD13B002A07D005E000230D930C93BE
:1060600001E000230D930023DBB29B46D3235D4A5E
:10607000D35C002B01D100F085FD594B00221A841E
:106080005A8408E0A4235749CB5A013354490B845E
:106090000132534B5A84544B9B889BB2504A128C0A
:1060A0009A4206D3012142234D4AD154413B0493E5
:1060B0000DE04D4BDB889BB2494A528C0021049184
:1060C0009A4204D34223464AD154413B0493492384
:1060D000434AD35C002B0BD0D02242498A5C002A71
:1060E00006D10021434A1170049A002A1CD007E00F
:1060F00042233B4AD25C3F4B1A70049B002B0CD0CE
:106100003D4AF7233749C95C10005338B53BC05CA2
:10611000413B00930133FFF775FE4923304AD35CBE
:1061200000220692002B10D0D4222E498A5C002A2D
:1061300004D0002B16D00022069201E00122069224
:10614000D52228498A5C002A04D0002B1BD00022CB
:106150000E9201E001220E92D72222498A5C002A87
:1061600008D002E000220E920692002B0FD00023EE
:106170000F9301E001230F93D8231A4AD25CD73B37
:10618000002A07D005E000230F930E9301E00023BF
:106190000F930023DBB29A46D923124AD35C002B1B
:1061A00001D100F006FD0E4B00229A84DA8408E04B
:1061B000A8230C49CB5A013309498B840132084B7F
:1061C000DA84094B1B899BB2054A928C9A4215D3FB
:1061D00001214323024AD154423B03931CE0C046B1
:1061E0002C4600201845002050B601081E4600200D
:1061F00080460020E44600207F460020CD4B5B898E
:106200009BB2CD4AD28C002103919A4204D34323FE
:10621000C94AD154423B03934923C74AD35C002B5C
:106220000BD0D622C5498A5C002A06D10021C44A77
:106230001170039A002A1CD007E04323BE4AD25CA7
:10624000BF4B1A70039B002B0CD0BE4AF823BB49EE
:10625000C95C10005238B53BC05C423B009301332F
:10626000FFF7D0FD4923B44AD35C00220792002BEC
:1062700014D0DD22B1498A5C002A04D0002B0BD057
:106280000022079201E001220792DE22AB49895CDD
:10629000DD3A002903D001E0002207920022D2B2A9
:1062A0009046DF22A549895C002905D0A24A00203A
:1062B00038241055013410559E4A9489A4B2A24A3C
:1062C00015684A229C48805C0022002801D0A54223
:1062D0005241D2B29D480270002B0DD0E020974E63
:1062E000305C002808D1002699480670002901D1A9
:1062F00000F0B8FC00F0C2FC8E48C0898003012683
:106300008D4F3F69874200DC0026914806700029C6
:1063100010D1002A0ED08F4A1078F2B2002A05D090
:106320008D4A127801323831834E7254013039224D
:1063300081498854002B01D100F0A8FC00F09EFC9C
:106340000021854A1170DB227C498A5C002A03D136
:106350000021804A117004E039227749895C7D4A26
:106360001170744A127CD2B238217348415C914258
:1063700005D3012044227049885400F097FC6D4AEF
:10638000527CD2B239216C48415C914201D200F07A
:106390009DFC002044226849885400F087FC0023BB
:1063A0001793DC23654AD35C002B08D100226B4B8A
:1063B0001A70179B002B01D100F00EFC07E044235C
:1063C0005D4AD25C654B1A70179B002B0CD0644A57
:1063D000F9235A49C95C10005138B53BC05C433BB6
:1063E00000930133FFF70EFD4923534AD25C00238B
:1063F0000893002A14D0E4235049CB5C002B04D02E
:10640000002A0BD00023089301E001230893E52321
:106410004A49C95CE43B002903D001E0002308930A
:106420000023DFB2E6234549C95C002905D0424B71
:1064300000203A269855013698550023AC4204D8DE
:106440004B333D48C35C581E8341DBB24548037063
:10645000002A0DD0E720394C205C002808D1002408
:1064600041480470002901D100F038FC00F042FCE2
:106470003048408A800301242F4D2D69854200DB7E
:10648000002439480470002910D1002B0ED0374B5E
:106490001878E3B2002B05D0354B1B7801333A3125
:1064A000254C635401303B232349C854002A01D1B1
:1064B00000F028FC00F01EFC00212D4B1970E22397
:1064C0001E49CB5C002B03D10021284B197004E03E
:1064D0003B231949C95C254B1970164B1B7CDBB259
:1064E0003A211548415C994205D3012045231249C0
:1064F000C85400F016FC0F4B5B7CDBB23B210E480E
:10650000415C994201D200F01BFC002045230A495E
:10651000C85400F006FC00231893E323074AD35C19
:10652000002B29D10022134B1A70189B002B00D18D
:1065300057E329E050B601082C46002018450020FA
:10654000A74600207E460020284600201F46002047
:1065500012470020D8460020DA46002018460020C6
:106560007D46002092460020D9460020CC460020DF
:106570001A470020884600204523C24AD25CC24BFD
:106580001A70189B002B0CD0C04AFA23C049C95C72
:1065900010005038B53BC05C443B00930133FFF71B
:1065A00031FC4923B74AD25C00230993002A10D05A
:1065B000E823B749CB5C002B04D0002A16D0002377
:1065C000099301E001230993E923B149CB5C002B36
:1065D00004D0002A1BD00023109301E00123109364
:1065E000EB23AB49CB5C002B08D002E000231093D7
:1065F0000993002A0FD00023119301E00123119386
:10660000EC23A349CB5C0124002B07D005E0002339
:106610001193109301E0002311930024E4B2ED23C1
:106620009B49CB5C002B00D1DFE2964B0021198502
:10663000598513E0974B998A09B2AE239448C35AFF
:1066400090483425405F884205DDAC219048415A8E
:1066500001318C48018501338A494B858D4BDB8A9A
:106660009BB28849098D994204D30120462385496C
:10667000C85471E3874B1B8B9BB28249498D994269
:1066800000D277E3002046237E49C85464E3002308
:106690001493EA237E4AD35C002B07D100227E4B61
:1066A0001A70149B002B00D1A6E207E04623754A1E
:1066B000D25C794B1A70149B002B0CD0774AFB23C9
:1066C0007349C95C10004F38B53BC05C453B009333
:1066D0000133FFF797FB49236A4AD25C00230A93F0
:1066E000002A10D0EE236A49CB5C002B04D0002A8C
:1066F00016D000230A9301E001230A93EF23644993
:10670000CB5C002B04D0002A1BD00023129301E0A5
:1067100001231293F1235E49CB5C002B08D002E0E9
:10672000002312930A93002A0FD00023139301E051
:1067300001231393F2235649CB5C0125002B07D08C
:1067400005E000231393129301E000231393002527
:10675000EDB2F3234E49CB5C002B00D15AE2494BFA
:1067600000219985D98513E04A4B598B09B2B22390
:106770004748C35A43483626805F884205DDB0212A
:106780004348415A01313F48818501333D49CB851A
:10679000404B9B8B9BB23B49898D994205D301208D
:1067A00047233849C85401260CE03A4BDB8B9BB297
:1067B0003449C98D0026994204D30020472331492A
:1067C000C8540136002A08D0F023314AD35C002B8C
:1067D00003D10022324B1A7004E04723294AD25CCD
:1067E0002F4B1A70002E0CD02E4AFC232849C95C6E
:1067F00010004E38B53BC05C463B00930133FFF7B9
:1068000001FB49231F4AD35C214AC821535401315B
:1068100053540131535401315354013153540B9AA1
:10682000002A04D00020CD221949885408E0CD2246
:10683000944617496846693A801800786246885439
:10684000159A002A04D00020A0221149885204E0A1
:106850000C4A908BA0220E498852169A002A04D026
:106860000020A2220A49885204E0064AD08BA222C4
:10687000074988524A46002A16D00020F6220449C9
:10688000885417E02C460020884600207C460020D3
:106890001845002050B60108094700207B4600201B
:1068A000A44600207A4600205422D549885CA232B2
:1068B000D4498854D34ACE21535401315354013121
:1068C000535401315354013153540D9A002A04D0CA
:1068D0000020D322CB49885404E0D322C94968461A
:1068E000007C8854059A002A04D00020A422C549BF
:1068F000885204E0C24A108CA422C24988520C9AE1
:10690000002A04D00020A622BE49885204E0BC4AD6
:10691000508CA622BB4988525A46002A04D0002037
:10692000F722B849885405E05322B549885CA4325F
:10693000B4498854B34AD4215354013153540131DA
:10694000535401315354013153540F9A002A04D047
:106950000020D922AB49885404E0D922A9496846CD
:10696000007B8854069A002A04D00020A822A5495A
:10697000885204E0A24A908CA822A24988520E9A1A
:10698000002A04D00020AA229E49885204E09C4A92
:10699000D08CAA229B4988525246002A04D000205B
:1069A000F8229849885405E052229549885CA6321D
:1069B00094498854934ADA21535401315354013194
:1069C00053540131535401315354079A002A04D0CF
:1069D0000020DF228B49885408E0DF229446894951
:1069E0006846833A8018007862468854E0228549D8
:1069F0008B544246002A03D00020F922885405E037
:106A000051227F49885CA8327E4988547D4AE12121
:106A10005354013153540131535401315354013112
:106A20005354089A002A04D00020E622754988545D
:106A300008E0E622944673496846863A8018007852
:106A400062468854E7226F498B54002F03D0002000
:106A50001332885405E050226949885CAA3269499A
:106A60008854684AE8215354013153540131535436
:106A70000131535401315354119A002A04D000209B
:106A8000ED226049885406E0ED225E4968465027B1
:106A9000C01900788854099A002A04D00020AC223A
:106AA0005849885204E0564A108DAC225549885204
:106AB000109A002A04D00020AE225249885204E0E5
:106AC0004F4A508DAE224F498852002C04D00020EE
:106AD000FB224C49885405E04F224949885CAC327E
:106AE00048498854474AEE215354013153540131E7
:106AF00053540131535401315354139B002B03D091
:106B00000021F323D15402E0F3233E4AD6540A9BDA
:106B1000002B04D00021B0233A4AD15204E0384B74
:106B2000998DB023374AD152129B002B04D00021FB
:106B3000B223344AD15204E0314BD98DB223314AC9
:106B4000D152002D04D00021FC232E4AD15414E14F
:106B50004E232B4AD15CAE332A4AD1540DE12A4B45
:106B60001B8CA2212748415A1B0425488069984262
:106B700001DDFFF7F2F9FFF7F6F94923204AD35C6C
:106B8000FFF73CFA1E4B9969204800F0EFFE010028
:106B90001F4800F029FF1C4B5B8C1BB2A622194931
:106BA0008A5A80B25B00984201DDFFF76BFAFFF76B
:106BB0006FFA134B9969154800F020FF124B9B8C1C
:106BC0001BB2AA220F498A5A80B25B00984201DDAB
:106BD000FFF7EEFAFFF7F2FA4923094AD25CFFF712
:106BE0000AFC4923064AD25CE2E44C230449CB5C0C
:106BF000002B00D132E51DE54923014AD25C71E545
:106C00002C4600201845002050B60108292BE749E2
:106C1000DBF97E5A4D235C49CB5C002B00D1B7E5F4
:106C2000A2E54123584AD25C584B1A7001231993AC
:106C3000FFF7D0F901231993002A01D0FFF7B4F927
:106C4000EFE74123504AD25C504B1A70002319934E
:106C5000FFF7CDF9002AF4D0FFF7A4F94C4A1078D9
:106C6000FFF764FB002A01D1FFF764FBF6E7382247
:106C70004549895C474A1170FFF765FBDA224649AE
:106C80008A5C002A01D1FFF75BFBF0E738223E491E
:106C9000895C404A1170FFF75FFB44233A4AD25C9B
:106CA0003E4B1A7001231793FFF791FB01221792B5
:106CB000002B01D0FFF775FBEFE74423324AD25C8B
:106CC000364B1A7000231793FFF78EFB002BF4D07E
:106CD000FFF765FB324B1878FFF7E4FB002B01D17F
:106CE000FFF7E4FBF6E73A232749C95C2D4B1970FF
:106CF000FFF7E5FBE1232849CB5C002B01D1FFF72F
:106D0000DBFBF0E73A232049C95C264B1970FFF7FB
:106D1000DFFB45231C4AD25C234B1A7001231893D6
:106D200032E401231893002A01D0FFF7F6FBF0E7C5
:106D30004523154AD25C1C4B1A700023189330E48B
:106D4000002AF5D0FFF7E7FB46230F4AD25C174B2A
:106D50001A7001231493B1E401231493002A00D084
:106D600097E4F1E74623084AD25C104B1A700023DF
:106D70001493B0E4002AF5D089E41BB03CBC9046E3
:106D80009946A246AB46F0BD2C4600201E46002088
:106D9000D8460020DA46002018450020184600207A
:106DA000CC4600201A4700208846002009470020D2
:106DB000084A9C21535C0420834301388343535485
:106DC00000200021106051609060D1600022024BD1
:106DD0005A867047184500202C460020F0B55F46C3
:106DE00056464D464446F0B485B0A94B00269E5FFA
:106DF000C623A84AD35C182B00D943E3A64B1B68D3
:106E0000A64A12689A4200D95FE33BE3A4493E22B6
:106E10008B5C01338B54A34B00241C5F231E01DACF
:106E200063421BB2A04A0027D75FBC2299498A5E01
:106E3000BA4208DABE2297498A5E9A4203DD3E23AF
:106E4000974AD55C02E0C723924AD55C9C23914ABD
:106E5000D35C5A0715D48F4B9C20195C04220A433B
:106E6000FC210A4002210A431A5400218C4A51860F
:106E7000002000219860D96000208C49186059607A
:106E80003AE003221340012B1CD10022874B814999
:106E90008868C968F2F7BEFA00282DD07D4B9C2087
:106EA0001A5C03218A4302210A431A5400217C4AB6
:106EB0005186002000219860D96000207B4918602D
:106EC000596019E00022794B724908684968F2F765
:106ED000A1FA002810D06F4B9C201A5C03218A4332
:106EE00001210A431A546C4A127992016C494A866C
:106EF00000206E499860D960694A538E9B02290030
:106F00000C39C8B26A4941436A48016013600021E4
:106F10005160604A1365BC23D752002C03DA6442E7
:106F20000233D45202E0BE235A4AD452C723594AEC
:106F3000D5547F3B5A4AD35C002B4BD000239A4652
:106F40004EE05D4B1B881BB25C4A934205DB5A4BFB
:106F5000188800B2C00000B202E0594800E0594869
:106F60004D4BDF88BFB2198909B200F099FB474346
:106F7000BB00554F0022B95E0193180000F058FC89
:106F8000524B1D68AD13451B424C3B88B822A15A99
:106F9000591A09B2009800F04BFCA84680444C4BAB
:106FA0001D68AD134B4F0022B95E019800F040FC04
:106FB0002D1A3B88BA22A15A591A09B2009800F03A
:106FC00037FC291A404600F0D9FE434B18600123D4
:106FD0009A4605E0374B1A683F4B1A6000239A46E1
:106FE0003D4B1B6880222B498A589A4205DDCF6FA2
:106FF000DF1B3A4B9C4667440BE0882225498A58A0
:10700000934203DD84228F58DF1B02E08C23214A48
:10701000D7583900324800F09BFC0722314900F074
:10702000DFFA80460101091A89002F4800F04AFC66
:10703000194D698989B200F003FD04006989890945
:107040008023DB00591A9023124AD05800F0FEFB2F
:1070500023189946002C03DA002801DA002B09DAFC
:10706000002C0ADD002808DD4B46002B05DC1F4BF9
:10707000994602E080231B0699464823084AD35CC0
:10708000002B00D02AE2138E002B00D02DE225E247
:10709000184700201845002078B60108284600202F
:1070A0002C460020B8460020044700200000F03F96
:1070B000000061080C47002038B6010801F0FFFF0E
:1070C0000080FFFFFF7F00009A460020BC460020A2
:1070D000B0460020E6460020E8460020000010C927
:1070E00065F9A20025060100AB0A0000FFFFFF7F43
:1070F0005C4224B201239B46C44B9D892DB20123DF
:10710000AC4209DCC14BDA8912B20023944203DDA0
:10711000BF4B1B785A1E9341BD4A1370B623BD4A1C
:10712000D25ABA4B1B8A9BB29A422ED3002E01DA56
:10713000764236B2B84B1B8E5B009E1B36B2B34B09
:107140005B8A9BB2B54A934205D8B04B588A40003F
:1071500000B2864204DC301C002E00DA002000B2AF
:107160000A23AF4AAF4900F0DFFAB423A94AD65A3E
:1071700076003018AC4B984200DD1800401086B203
:107180000021B623A34AD15205E0A24BB4215E5A96
:10719000013202315A52A54B1B78002B36D1A44B39
:1071A0001B78002B32D1A34B1B78002B2ED1A24B86
:1071B0001B78002B2AD1A14B1B78002B26D1A04B8A
:1071C0001B78002B22D13F33934AD35C002B1DD078
:1071D0004823D35C002B19D14033D35C002B03D15F
:1071E000984B1B78002B11D03200AC4201DD8A4B4A
:1071F0001A8E864B9B8A9BB29A4204D3834B9A8AFF
:10720000914B1A8005E0904B1A8002E000228E4BD1
:107210001A808D4B188840008C4B00229B5EC01A50
:10722000814B984200DD1800794B1B78002B04D06D
:10723000764B9969DB69039310E0744A116A136A0B
:10724000890C01242140DB0CC918C904536A526A15
:107250009B0C2340D20C9B18DB04039300B2C42385
:107260006C4AD45E24187A4B9C4200DA1C0000F071
:107270003FFC774B984200DA180005006A4B9842B1
:1072800000DD1D00684B9C4200DD1C0024B2039908
:10729000200000F02DFC6E4B984200DA1800624B83
:1072A000984200DD18004519694B9D4200DA1D0027
:1072B0005D4B9D4200DD1D00ED03544B1B891BB24D
:1072C0001B029D4202DD634A136008E0624B9D424F
:1072D00003DA1A005F4B1A6001E05E4B1D605F4BE2
:1072E00019685F4800F034FB5346002B06D04A4B28
:1072F0005C4A12681A605C4A12685A60C5008023B2
:107300001B069D4219D88023DB059D4201D8581BDE
:10731000F6E003AB802252000021C02000062818AE
:1073200000F016FD514A039900F0E6F98246504AF2
:10733000504BEB1893421BD923E04E4B9D4203D98F
:107340008023DB05E818DBE0C0200006401B03AB10
:1073500080225200002100F0FBFC444A039900F017
:10736000CBF98246424A434BEB18934200D9FBE0EB
:1073700053465B429A4680231B069D4200D9F3E0A8
:10738000E1E080231B06581B03AB80225200002142
:1073900000F0DEFC354A039900F0AEF980231B06AD
:1073A0009D4200D940425B46002B03D0324B4246FF
:1073B0001A6002E00022304B1A60174A154B596ED2
:1073C0009160996ED1602D490D88B8215D522C498C
:1073D0000D88BA215D527C39515CC62299541F4AEE
:1073E0001268DA6780215A5004315A5004315A50D9
:1073F0008C229F5004324946995024329E521032BA
:107400009C5252465A669866C4E0C04678B6010857
:10741000E0460020184500202C460020FF3F0000D9
:10742000188E0108308E0108FF7F0000884600207A
:1074300018460020A4460020E4460020A74600206D
:107440001E4600207EB00108E246002018470020BA
:107450000080FFFFC04600200000E2FFE846002059
:1074600065F9A200C846002000470020488E0108A8
:10747000FEFFFF7FFFFFFFBFF84600209A46002077
:10748000E64600200122474B1A70474D288800B27B
:10749000464C218909B2000200F002F9A16A00F00D
:1074A00089FBC10BAE20FF3000F0FEF9404B1B887A
:1074B000434319003F4800F04BFA00902B881BB261
:1074C0003D4A934200DD4AE53BE50022354B1A7008
:1074D0003A4B1B6D002B00D098E49CE40022384B03
:1074E0001A8000239B46002406E64B465B121CB222
:1074F000334A1480002C00DAFAE501239B46FBE5B1
:1075000003AB80225200002100F022FC2D4A039997
:1075100000F0F2F882462EE703AB802252000021F1
:1075200000F016FC274A039900F0E6F83AE703ABAF
:10753000802252000021280000F00AFC214A039911
:1075400000F0DAF82FE78023DB059D42EFD913E046
:10755000684203AB80225200002100F0F9FB194A77
:10756000039900F0C9F81DE780231B06E818802363
:10757000DB059842ECD8CFE780200006401B03AB28
:1075800080225200002100F0E3FB0E4A039900F034
:10759000B3F808E705B03CBC90469946A246AB4616
:1075A000F0BDC0461A46002038B6010878B601087A
:1075B0007CB0010825060100FF0F000018450020DF
:1075C00018470020488E010810B5002903D000F0AC
:1075D00025FF00B200E0014810BDC046FF7F00005B
:1075E00070B5002905D1C043C00F80231B06181AAF
:1075F00013E0C317C5185D40CB17CE185E40C30F0C
:10760000CC0FA34205D03100280000F023FF4042F8
:1076100003E03100280000F001FF70BD10B5002923
:1076200002D000F0FBFE00E0004810BDFFFFFF7F2E
:1076300010B500290DD0CC170B196340002904DACE
:10764000190000F007FF404204E0190000F0E6FED8
:1076500000E0014810BDC046FFFFFF7FF8B50700FE
:107660000D001600002916D0F1F72AFD04002900AC
:107670003800F1F7ABFD002E0FD000230A004900BF
:107680006400002A01DB8D4201D80134491B01331B
:107690009E42F3D101E0012464422000F8BDC046BF
:1076A000F0B583B006000D1E03D100281BDA104888
:1076B0001CE0C21783185340CA178F18574039006F
:1076C00001931800F1F7FCFC0400F30FED0FAB423F
:1076D0000BD039000198F1F779FD4B1E99416418E0
:1076E000604200B202E0034800E000B203B0F0BD27
:1076F0000080FFFFFF7F000070B50D00431C9B0062
:10770000D158043BD4182668B14206DB891B2800F7
:1077100000F05EFA2368C01804E0711A280000F037
:1077200057FA301A70BDC046F0B5474680B490464F
:107730001E0000228B5E834222DA73005B5E83426E
:1077400022DD7308012E0ED9320000245F007F5E17
:10775000874201DC1C0000E01A0013195B08171BAC
:10776000012FF3D800E000246300CA5A801A0004F5
:10777000C9184B88991A89B2F1F7A2FC82B201E0CC
:1077800000240022B44203D176004346F05E0DE0AF
:107790000134640043461B19023B00215B5E4146F5
:1077A000085FC01A50430014C31818B204BC9046B6
:1077B000F0BDC046F8B515001E000B88834222D2EA
:1077C00073005B5A834222D97308012E0ED932000E
:1077D00000245F007F5A874201D81C0000E01A0095
:1077E00013195B08171B012FF3D800E00024630076
:1077F000CA5A801A0004C9184B88991A89B2F1F73D
:107800005FFC82B201E000240022B44202D1760083
:10781000705F0BE0013464002B19023B00215B5EBA
:10782000285FC01A50430014C31818B2F8BDC046F0
:1078300000B583B06B4601AA00F0E2F9019B980500
:10784000009B9B0A184303B000BDC04600B583B03F
:107850006B4601AA00F0D4F90198009B8212002A1D
:107860000EDC80059B0A1843131E02D1002814DA8F
:1078700008E0013208DB013311D1002807DA0EE0FD
:1078800008480CE007480AE08020000607E0802056
:10789000000604E08020000601E0531CFADB03B080
:1078A00000BDC046FFFFFF7F00B583B06B4601AA55
:1078B00000F0A6F9019B1805009B1B0B184303B0B1
:1078C00000BDC04600B583B06B4601AA00F098F930
:1078D000019BD804009B5B0B184303B000BDC0465E
:1078E00000B583B06B4601AA00F08AF9019B5804E9
:1078F000009BDB0B184303B000BDC04600B583B04E
:107900006B4601AA00F07CF9019B9803009B9B0C3D
:10791000184303B000BDC04600B583B06B4601AA52
:1079200000F06EF9019B5803009BDB0C184303B079
:1079300000BDC04600B583B06B4601AA00F060F9F7
:10794000019B1803009B1B0D184303B000BDC046EC
:1079500000B583B06B4601AA00F052F9019B980173
:10796000009B9B0E184303B000BDC04600B583B01A
:107970006B4601AA00F044F9019B5800009BDB0F05
:10798000184303B000BDC04600B583B06B4601AAE2
:1079900000F036F9019B1807009B1B09184303B040
:1079A00000BDC04600B583B06B4601AA00F028F9BF
:1079B0000198C3171A1E0DDC0012002B01D10028FC
:1079C0000ADB01320ADB01330AD1002808DB802000
:1079D000000605E0034803E0024801E080200006BD
:1079E00003B000BDFFFFFF7F00B583B06B4601AA67
:1079F00000F006F9019B581303B000BD00B583B039
:107A00006B4601AA00F0FCF8019B981303B000BD7F
:107A100000B583B06B4601AA00F0F2F8019B181480
:107A200003B000BD00B583B06B4601AA00F02EF98B
:107A3000019B5804009BDB0B184303B000BDC046FC
:107A400000B583B06B4601AA00F020F9019B180431
:107A5000009B1B0C184303B000BDC04600B583B0AB
:107A60006B4601AA00F012F90198009B0214002A4B
:107A70000EDC00041B0C1843131E02D1002814DA7C
:107A800008E0013208DB013311D1002807DA0EE0EB
:107A900008480CE007480AE08020000607E0802044
:107AA000000604E08020000601E0531CFADB03B06E
:107AB00000BDC046FFFFFF7F00B583B06B4601AA43
:107AC00000F0E4F8019B9803009B9B0C184303B063
:107AD00000BDC04600B583B06B4601AA00F0D6F8E1
:107AE000019B5803009BDB0C184303B000BDC0464C
:107AF00000B583B06B4601AA00F0C8F80198009B5E
:107B00000215002A0EDC00031B0D1843131E02D1C0
:107B1000002814DA08E0013208DB013311D1002813
:107B200007DA0EE008480CE007480AE0802000066B
:107B300007E08020000604E08020000601E0531CDE
:107B4000FADB03B000BDC046FFFFFF7F00B583B086
:107B50006B4601AA00F09AF8019B9800009B9B0FCE
:107B6000184303B000BDC04600B583B06B4601AA00
:107B700000F08CF8019803B000BDC04600B583B09A
:107B800001AB6A4600F03CF8009BD803019B5B0CFC
:107B9000184303B000BDC04600B583B001AB6A46D0
:107BA00000F074F8009B9805019B9B0A184303B0F2
:107BB00000BDC04600B583B001AB6A4600F066F870
:107BC000009BD806019B5B09184303B000BDC0466B
:107BD00000B583B001AB6A4600F092F8009B5800F4
:107BE000019BDB0F184303B000BDC04600B583B056
:107BF0006B4601AA00F084F8019803B000BDC046AE
:107C0000F0B54F464646C0B49C46C317C5185D4004
:107C1000CB17CE185E402B0C2D042C0C370C3504E2
:107C20002D0C2E005E43B0463E006643B1466543D0
:107C300036047619AE42AD416C4245462D04AD196D
:107C4000B542B6417642A4194E46360CB146464678
:107C5000360C4E445F43F7193F1900280FD0002916
:107C60000DD0C317181ACB17591AC00FC90F884265
:107C700005D06D42002D01D0FF4300E07F42176028
:107C800063461D600CBC90469946F0BDF0B54F466A
:107C90004646C0B494469846C317C6185E40320C98
:107CA0003604360C0F0C0D042D0C2B0053433C00F6
:107CB0007443A1466E432504AD19B542B6417442E2
:107CC0001E047619AE42AD416D4264194D462D0C2D
:107CD0001B0CEB185743DF193F19002907D0002868
:107CE00005DA7642002E01D0FF4300E07F42634672
:107CF0001F6043461E600CBC90469946F0BDC046CE
:107D0000F0B5474680B49846050C0004000C0C0CF6
:107D10000904090C0E006E43270047434143380411
:107D2000401888428941494233049C468444844532
:107D30008041404209183F0C360CBE196C4334197F
:107D40006418146063464246136004BC9046F0BD5C
:107D5000884203D800221A6000200CE0411A880DE6
:107D6000904204D24902044A1140196003E0501EB7
:107D7000802212061A60704700FEFF7FF0B55F4652
:107D800056464D464446F0B4A9B004000D00002309
:107D9000A2491DAA5858985004332C2BF9D1002C15
:107DA00014DA80231B069C4201D0604200E09C480C
:107DB000022213A900F03CF919AB1E22022113A8DC
:107DC00000F0EAFA012398469A4610E0022213A92D
:107DD000200000F02DF919AB1E22022113A800F09B
:107DE000DBFAE017041BE30F984600239A46002DA8
:107DF00013DA80231B069D4201D0684200E08848C8
:107E0000022213A900F014F91BAB1E22022113A8B1
:107E100000F0C2FA012399460CE0022213A92800BF
:107E200000F006F91BAB1E22022113A800F0B4FAE1
:107E30000023994617AA1BAB03CB03C215AA19ABA3
:107E400003CB03C21DAD01240027764B9B4609A935
:107E50000B005A4641CA41C3022219A800F076F924
:107E600000281AD0022307AA15A91BA800F0B6FA09
:107E70001BAB1E22022107A800F08EFA022307AADC
:107E800017A919A800F068FA19AB1E22022107A849
:107E900000F082FA2B68FF1A1AE0022307AA15A93C
:107EA0001BA800F059FA1BAB1E22022107A800F004
:107EB00073FA022307AA17A919A800F08FFA19ABC1
:107EC0001E22022107A800F067FA2B689C4667442F
:107ED0000226009617AB220002211BA800F0C0F971
:107EE000009615AB2200022119A800F0B9F901345F
:107EF00004350C2CABD14346002B7ED04B46002BD7
:107F000072D05346002B37D003AC02222100380038
:107F100000F08EF805AB1F220221200000F03CFA91
:107F2000414B220003CB03C2022307AA210005A86C
:107F300000F054FA03230BAA022107A800F084F8EA
:107F4000032300930EAB1F2203210BA800F004F9BA
:107F5000022309AA03210EA800F0A2F8022300932D
:107F600011AB1F22022109A800F07AF9022111A801
:107F700000F08CF8070048E007AC2B4B220003CB45
:107F800003C2022203A9380000F052F805AB1F22F9
:107F9000022103A800F000FA022309AA05A9200083
:107FA00000F01CFA03230BAA022109A800F04CF8E8
:107FB000032300930EAB1F2203210BA800F0CCF883
:107FC000022311AA03210EA800F06AF802230093ED
:107FD00013AB1F22022111A800F042F9022113A8BD
:107FE00000F054F8070010E05346002B0DD080231A
:107FF0001B069F4206D07F4207E04B460027002B1E
:1080000003D001E0064F00E0084F380029B03CBC27
:1080100090469946A246AB46F0BDC0465C92010828
:10802000FFFFFF7F4C9201085492010851ED8764D5
:108030000860C017012A05DD0B1D9200891801C3D5
:108040008B42FCD17047C046F0B51D008B4200DD6D
:108050000D00002D06DDAE00002407591751043431
:10806000B442FAD18B420EDD074CA446614489002C
:108070000858C017AB4206DDA90051189B00D21862
:1080800001C19142FCD1F0BDFFFFFF3F00B583B0BD
:10809000012301AA00F004F8019803B000BDC04616
:1080A000F0B557464E464546E0B44E1EB400A146D4
:1080B00081444C462568AC46ED178B4238DA5F1E8A
:1080C000B846BC00A24667460459674028D4B3426C
:1080D0002EDC4C46013E2768AF4221D1043CB3421E
:1080E000F8DD25E020C18142FCD1013B00E0002306
:1080F0009B00802109068C4665449D5021E047582D
:1081000057500431B142FAD100E00024A34218DDF7
:10811000A10051189B00D21820C18A42FCD110E066
:10812000ED4341460029E2DD110050461018D9E721
:108130001C008B4200DD0C00002CE6DDA6000021B7
:10814000DDE71CBC90469946A246F0BD10B500F094
:10815000A1F9C00F10BDC046F0B55F4656464D466A
:108160004446F0B483B004009146984652099246C2
:108170003A4BCB189B001F58FF1715000C9B9A42D7
:1081800000DD1D00002D07DD4346A8004044002609
:1081900040C39842FCD100E000250C9B9A453DDA93
:1081A00053014846C31A51180C9A8A4200DD0A004E
:1081B000521B9246002B02D1002A33DC2EE02022F3
:1081C000D21A91465246002A1BDD92009346AC46D5
:1081D000A9004144002200204E460191B9462700E3
:1081E0005C46F0400500B858010099400D430199E4
:1081F0008D500432A242F4D14F46B14655466544F3
:1082000000E000200C9AAA4221DDAA004946C8409D
:108210003900994008434346D05001350C9B9D429C
:108220000DDB14E092002900AD0045440023E05826
:10823000E85004339A42FAD151440D00EEE7A90008
:1082400041440C9B9C00444480C18C42FCD103B04F
:108250003CBC90469946A246AB46F0BDFFFFFF3FAF
:10826000F0B55F4656464D464446F0B483B080466E
:108270008C469A4653091800364C6444A400414683
:108280006658F6170024634543DA0C99591864467A
:1082900000948C4500DD00915901511A04D1009AD7
:1082A0000024904235DA38E02022521A91469A0092
:1082B000404617585A1C009C94421ADD92004244D2
:1082C00050460194A40044444D4699462300B346C9
:1082D0003C00CC4080CA3E00AE40344310C09A42BD
:1082E000F6D14B46A9465E46DC43019B9B465C4467
:1082F00000E00024CF40330000998C4502DD8B0064
:1083000042469B58A20049468B401F435346D750D4
:1083100001340C9BA3420DDC14E09A004244514608
:10832000009804008000404420CA20C18242FBD152
:10833000E41AEEE7A20052440C9B9B00534440C257
:108340009A42FCD103B03CBC90469946A246AB464B
:10835000F0BDC046FFFFFF3FF0B5474680B4002B9D
:1083600016DD9B0098460025002600239C464759B1
:108370004C593C19A4195451002E03D06646A7420B
:10838000764102E0BC42A441664204354545EED147
:1083900004BC9046F0BDC04670B54D1E002D09DDF1
:1083A0000D4CA44661448900002406591E51043432
:1083B0008C42FAD11F218A1A01249440AD00405901
:1083C000010021404A1E91414A4264005040013C54
:1083D000044062405A5170BDFFFFFF3FF0B5474671
:1083E00080B4002B16DD9B00984600250027002353
:1083F0009C4646594C59341BE41B5451002F03D062
:108400006746B4427F4102E0A642A4416742043578
:108410004545EED104BC9046F0BDC046F8B5070016
:108420000D001600F0F74CFE040029003800F0F7AC
:10843000CDFE002E0CD000230A0049006400002A63
:1084400001DB8D4201D80134491B01339E42F3D137
:108450002000F8BDF8B507000D001600F0F730FE5B
:10846000040029003800F0F7B1FE002E0CD00023E4
:108470000A0049006400002A01DB8D4201D8013462
:10848000491B01339E42F3D14B1E994164182000D1
:10849000F8BDC04670B5144BD3189B00C458E40F08
:1084A000CD58EE0FE507A64205D1C018C918002A1D
:1084B00007DC002016E0681E85416842012318434E
:1084C00010E0013A03680C68A34206D000209C42E9
:1084D000404140420123184304E004380439002A93
:1084E000EFD1002070BDC046FFFFFF3F014B186871
:1084F0007047C0467005002070B50F2A32D90C00B5
:1085000004430B00A40731D115000400103D2D09D0
:1085100001352D0149191E6826605E6866609E68F7
:10852000A660DE681033E66010349942F3D10F2361
:1085300045191340032B1BD91C1F0023A408013429
:10854000A400CE58EE5004339C42FAD103232D19D7
:1085500009191A4005D00023CC5CEC5401339A422F
:10856000FAD170BD0500002AF5D1FAE70500F2E75F
:108570001A00F8E770B583073FD0541E002A3BD09D
:10858000CEB20300032503E0621E002C34D0140099
:1085900001335A1E16702B42F6D1032C24D9FF2525
:1085A0000D402A0215432A0415430F2C11D9260029
:1085B000103E3609013636011A009B1915605560C8
:1085C0009560D56010329342F8D10F221440032CED
:1085D0000AD9261FB6080136B6001A009B1920C218
:1085E0009342FCD103221440002C05D0C9B21C19BF
:1085F000197001339C42FBD170BD14000300CCE71D
:10860000F0B54746430080B45F081B0E7F3B051C56
:108610001C00162B18DC8046002B1EDB1B4F061C93
:108620001F4107420CD01A49F2F782FC0021F0F7F3
:1086300021FF002804D0002D1DDB4346BB431E0054
:10864000301C04BC9046F0BD124B061C9F42F7D96B
:10865000011CF2F76DFC061CF2E70D49F2F768FC0D
:108660000021F0F707FF002803D0002D09DB0026CA
:10867000E6E72E1CE4E780231B0423419846A84428
:10868000DBE7002FF5D0044EDAE7C046FFFF7F009E
:10869000CAF24971FFFF7F7F000080BFF0B54746F7
:1086A00080B48CB0051C0C1C00F060F82D4B061C2F
:1086B0001B785BB29846013335D0211C201CF2F7A1
:1086C000ADFD00282FD1291C281CF2F7A7FD071E9D
:1086D00029D10021201CF0F7B3FE002823D001236C
:1086E0000293214B281C03930A97F2F7AFFB060075
:1086F0000F00201C04960597F2F7A8FB434606904E
:108700000791002B14D10896099702A800F0B4F83D
:10871000002818D00A9B0193002B1CD108980999B6
:10872000F3F7AAF800E0301C0CB004BC9046F0BD92
:108730000023002219001000F2F788FD434608903C
:108740000991022BE1D1FFF7D1FE212303600A9B9F
:108750000193002BE2D0FFF7C9FE0A9B019303604F
:10876000DCE7C04674050020889201084A0070B515
:10877000520838D0C50FED072B003B4C4340A342B5
:1087800031DC0134A2422EDC934231DB36D0374853
:10879000834238DC7E2418026442002803DD013C59
:1087A00040000028FBDC314882423ADDD6157F3E8E
:1087B00020007E3030DB80205B025B0A0004034334
:1087C00030007E3022DB80204902490A0004014348
:1087D000A41B002C0DD05A1A5B00002A01DB0DD01F
:1087E0005300013CF5E7F1F7A5F8011CF0F7D8FEBE
:1087F00070BD591A00D51900002919D1E90F1C4B79
:108800008900C858F4E7DC157F3CCCE77E2149425B
:10881000891B8A401100DBE77E204042001B834019
:10882000CEE77E2610027642013E4000FCD5BFE72F
:108830000E4A1300914203DC4900013E9942FBDDE0
:1088400033007E3306DA7E235B429E1B31410800F3
:108850002843CDE7074B30009C467F3061442943D5
:10886000C0050843C4E7C046FFFF7F7FFFFF7F00CE
:1088700090920108000080FF00207047F2960008E7
:1088800016960008D4960008AC960008D496000806
:10889000A0960008D4960008AC960008169600082A
:1088A00016960008A0960008AC9600085897000895
:1088B0005897000858970008DA960008169600089E
:1088C00016960008C0960008AA960008C0960008F0
:1088D000A0960008C0960008AA9600081696000800
:1088E00016960008A0960008AA9600085897000857
:1088F000589700085897000864970008509A000895
:10890000AE990008AE990008AC990008429A000898
:10891000429A0008389A0008AC990008429A000868
:10892000389A0008429A0008AC990008489A000852
:10893000489A0008489A0008D29A0008C4A3000880
:1089400084A2000884A2000882A200089CA3000858
:108950009CA300088EA3000882A200089CA3000824
:108960008EA300089CA3000882A20008A4A300080C
:10897000A4A30008A4A30008A4A500083CB4000810
:108980000AB3000810B4000800B3000810B40008CF
:108990001AB4000810B4000800B300080AB30008B5
:1089A0000AB300081AB4000800B30008F6B20008C1
:1089B000F6B20008F6B200086CB600084F53544BEC
:1089C0005F4343505F726563760000004F53544B22
:1089D0005F43435044617130000000004F53544BDB
:1089E0005F43435044617131000000004F53544BCA
:1089F0005F43435044617132000000004F53544BB9
:108A00005F434F4D4D5F43414E54505F52585F4D51
:108A1000736750726F636573730000004F53544B5C
:108A20005F4443414E5F4474726D6E536572766964
:108A3000636500004F53544B5F547269675F316D3B
:108A4000735F5461736B00004F53544B5F44544346
:108A50004D5F5550444154455F4454435F546173E6
:108A60006B0000004F53544B5F4170705F54617353
:108A70006B5F43726561746500000000027F000057
:108A8000197D0000467B000086790000D977000040
:108A90003D760000B274000035730000C77100001D
:108AA00066700000116F0000C86D00008B6C000044
:108AB000586B00002F6A00000F690000F867000083
:108AC000EA660000E4650000E5640000EE63000073
:108AD000FE6200001462000031610000546000007A
:108AE0007D5F0000AB5E0000DE5D0000175D0000F2
:108AF000545C0000965B0000DD5A0000285A00001C
:108B000077590000CA580000215800007C57000027
:108B1000DA5600003C560000A1550000095500003F
:108B200075540000E353000054530000C952000084
:108B30003F520000B951000035510000B350000011
:108B400034500000B74F00003D4F0000C44E0000FD
:108B50004E4E0000DA4D0000684D0000F74C00005A
:108B6000894C00001D4C0000B24B0000494B000036
:108B7000E14A00007C4A0000184A0000B5490000A4
:108B800054490000F4480000964800003A480000AC
:108B9000DE470000844700002C470000D446000058
:108BA0007E46000029460000D645000083450000AF
:108BB00032450000E14400009244000044440000BB
:108BC000F7430000AA4300005F4300001543000084
:108BD000CC420000844200003C420000F64100000C
:108BE000B04100006B41000027410000E44000005C
:108BF000A2400000604000002040000004C90008BE
:108C000004C900082CC5000848C500088AC500082A
:108C100004C90008C4C60008EAC40008E4C7000884
:108C2000C2C8000804C9000804C90008D0C8000868
:108C3000EAC8000838C80008B4C5000866C80008BB
:108C4000B8C8000804C9000804C90008EAC500083B
:108C50003AC600087AC60008DEC4000884C80008C6
:108C600004C9000804C90008F8C8000804C90008BD
:108C700004C9000804C9000804C9000804C90008A0
:108C800004C90008A0C8000870C5000849444C4544
:108C900000000000F8F70008DCF600085EF70008A6
:108CA00066F70008E8F70008F0F700082C02010852
:108CB0002C020108CC0101082C0201082C02010839
:108CC0002C0201082C0201082C0201082C020108C8
:108CD000C4010108F2010108E8010108FC010108D2
:108CE00006020108D401010810020108DE01010892
:108CF0001A020108F0F002D8000020DC000020E099
:108D0000000020DC0000200E28000000000086F19A
:108D100000D8000020DC000020E0000020DC000083
:108D200020010000D443002087F100D8000020DC9F
:108D3000000020E0000020DC000020090000BC0052
:108D4000002089F100D80000200000000000000091
:108D500000000000000F0000C8000020C1F100D892
:108D600000002000000000000000000000000011D2
:108D7000000094000020C2F100D800002000000094
:108D8000000000000000000000110000A80000200A
:108D9000C3F100D800002000000000000000000027
:108DA000000000110000602F00200000501001089A
:108DB000221001082A100108321001083A10010897
:108DC000421001084A1001081C240108202401084F
:108DD00024240108282401082C2401083024010837
:108DE00034240108181C1C00402001400D00000024
:108DF000802001400E000000C02001400F00000054
:108E000000210140100000000B0B020C0C030000BD
:108E10001112131400C4003C38FF60FF88FFB0FF3C
:108E2000D8FF0000280050007800A000C800000013
:108E300030F8C0F950FBE0FC70FE00009001200308
:108E4000B0044006D007000000000000C4876400A2
:108E5000900EC9006C932D015F1592017393F6017A
:108E6000AF0C5B021A80BF02BEEC2303A251880341
:108E7000CFADEC034D0051042548B5045E841905BF
:108E800003B47D051BD6E105AFE94506C9EDA9068A
:108E900072E10D07B3C371079693D50724503908C3
:108EA00067F89C086A8B000937086409D86DC70900
:108EB00059BB2A0AC3EF8D0A220AF10A8209540B10
:108EC000EFECB60B74B3190C1E5C7C0CF9E5DE0CF0
:108ED0001350410D7899A30D35C1050E5AC6670E82
:108EE000F3A7C90E0F652B0FBEFC8C0F0D6EEE0F96
:108EF0000EB84F10D0D9B01063D21111D7A0721193
:108F00003F44D311ACBB33122F069412DB22F41270
:108F1000C3105413FACEB313945C1314A5B872148F
:108F200042E2D11481D83015769A8F153827EE1584
:108F3000DD7D4C167E9DAA16318508170F34661705
:108F400031A9C317B0E32018A7E27D182FA5DA18BE
:108F5000642A3719617193194479EF1928414B1A22
:108F60002BC8A61A6C0D021B0A105D1B23CFB71B62
:108F7000D849121C4A7F6C1C996EC61CE916201D2C
:108F80005C77791D158FD21D385D2B1EEBE0831E9B
:108F90005319DC1E9605341FDCA48B1F4CF6E21F10
:108FA0000FF939204DAC9020320FE720E8203D2109
:108FB0009BE09221764DE821A8663D225E2B92220D
:108FC000C89AE62214B43A2373768E2317E1E1237C
:108FD00032F33424F7AB87249A0ADA244F0E2C2577
:108FE0004CB67D25C801CF25FAEF1F261A807026C2
:108FF00062B1C0260C83102752F45F277204AF279A
:10900000A7B2FD272FFE4B284AE69928376AE728A2
:10901000378934298C4281297895CD293F81192AB5
:109020002505652A7120B02A69D2FA2A551A452BDE
:109030007DF78E2B2B69D82BAA6E212C46076A2C24
:109040004C32B22C09EFF92CCD3C412DE81A882D79
:10905000AA88CE2D6685142E70105A2E1B299F2E9D
:10906000BECEE32EAF00282F45BE6B2FDA06AF2F02
:10907000C7D9F12F67363430181C7630368AB730AE
:109080001F80F83035FD3831D6007931668AB83125
:109090004899F731E02C363293447432C9DFB1324B
:1090A000EAFDEE325E9E2B3390C06733EC63A33350
:1090B000DE87DE33D52B1934414F533490F18C3495
:1090C0003612C634A5B0FE3452CC3635B2646E3595
:1090D0003C79A5356809DC35B01412368E9A4736CE
:1090E0007E9A7C36FD13B1368A06E536A5711837AF
:1090F000CE544B3789AF7D375981AF37C3C9E0377D
:109100004D8811387FBC4138E36571380284A0383E
:109110006916CF38A41CFD3842962A39D3825739B4
:10912000E8E1833913B3AF39E8F5DA39FDA9053A37
:10913000E8CE2F3A4264593AA369823AA6DEAA3AA7
:10914000E8C2D23A0516FA3A9ED7203B5307473B6E
:10915000C4A46C3B97AF913B6E27B63BF00BDA3B58
:10916000C45CFD3B9419203C0A42423CD1D5633C8F
:1091700096D4843C093EA53CD911C53CB74FE43C8C
:1091800057F7023D6C08213DAE823E3DD2655B3D06
:1091900092B1773DA865933DCF81AE3DC505C93DF0
:1091A00048F1E23D1844FC3DF7FD143EA81E2D3E5B
:1091B000EFA5443E92935B3E59E7713E0CA1873E7A
:1091C00076C09C3E6345B13EA02FC53EFC7ED83E96
:1091D0004733EB3E544CFD3EF5C90E3FFFAB1F3FFE
:1091E0004AF22F3FAB9C3F3FFEAA4E3F1D1D5D3F05
:1091F000E3F26A3F302C783FE2C8843FDAC8903F00
:10920000FB2B9C3F28F2A63F481BB13F40A7BA3F2B
:10921000F995C33F5EE7CB3F5A9BD33FD9B1DA3FC5
:10922000CB2AE13F1F06E73FC743EC3FB6E3F03FE1
:10923000E0E5F43F3C4AF83FC110FB3F6939FD3F90
:109240002DC4FE3F0BB1FF3F0000004000000000B6
:109250000000000051ED87640000000054FB21195C
:109260008333D60E7EDDD60753B7FA03BB55FF0115
:10927000AEEAFF0055FD7F00ABFF3F00F5FF1F008A
:10928000FFFF0F0000000800666D6F6466000000BD
:109290000000000000000080434F4D5052455353E2
:1092A0004F525F4543550000AAAAAAAA0400000035
:1092B0000000000001020400006CDC0200366E01B8
:1092C0009801000064000000000000001100000090
:1092D000F401000000000022000000F40100000082
:1092E00000003300000064000000000000000000E7
:1092F00000280000200101000134000020030700C5
:10930000027000002003070041000000F40100008B
:1093100000000042000000F40100000000004300D3
:109320000000640000000000000060EA56313130A7
:109330003130303031534230315F30303100000055
:10934000563131303130303031534131305F30308F
:109350003100000056313330313030303100000000
:10936000563131303130303031535F3030303100B0
:1093700001020300010300070300000000010000D8
:1093800000000000FF0F000001010000E0070000E6
:109390000000000002010000DF07000000000000E4
:1093A00003010000D00700000000000000000000E2
:1093B00000000000FF0F000001010000E0070000B6
:1093C0000000000002010000DF07000000000000B4
:1093D00003010000D00700000000000000000000B2
:1093E00000000000340400209C040020040500203C
:1093F000000000000000000000000000000000006D
:10940000000000000000000000000000000000005C
:10941000000000000000000000000000000000004C
:10942000000000000000000000000000000000003C
:10943000000000000000000000000000000000002C
:10944000000000000000000000000000000000001C
:10945000000000000000000000000000000000000C
:1094600000000000000000000000000000000000FC
:1094700000000000000000000000000000000000EC
:1094800000000000000000000100000000000000DB
:109490000E33CDAB34126DE6ECDE05000B000000A0
:1094A00000000000000000000000000000000000BC
:1094B00000000000000000000000000000000000AC
:1094C000000000000000000000000000000000009C
:1094D000000000000000000000000000000000008C
:1094E000000000000000000000000000000000007C
:1094F000000000000000000000000000000000006C
:10950000000000000000000000000000000000005B
:10951000000000000000000000000000000000004B
:10952000000000000000000000000000000000003B
:10953000000000000000000000000000000000002B
:10954000000000000000000000000000000000001B
:10955000000000000000000000000000000000000B
:1095600000000000000000000000000000000000FB
:1095700000000000000000000000000000000000EB
:1095800000000000000000000000000000000000DB
:1095900000000000000000000000000000000000CB
:1095A00000000000000000000000000000000000BB
:1095B00000000000000000000000000000000000AB
:1095C000000000000000000000000000000000009B
:1095D000000000000000000000000000000000008B
:1095E000000000000000000000000000000000007B
:1095F000000000000000000000000000000000006B
:10960000000000000000000000000000000000005A
:10961000000000000000000000000000000000004A
:10962000000000000000000000000000000000003A
:10963000000000000000000000000000000000002A
:10964000000000000000000000000000000000001A
:10965000000000000000000000000000000000000A
:1096600000000000000000000000000000000000FA
:1096700000000000000000000000000000000000EA
:1096800000000000000000000000000000000000DA
:1096900000000000000000000000000000000000CA
:1096A00000000000000000000000000000000000BA
:1096B00000000000000000000000000000000000AA
:1096C000000000000000000000000000000000009A
:1096D000000000000000000000000000000000008A
:1096E000000000000000000000000000000000007A
:1096F000000000000000000000000000000000006A
:109700000000000000000000000000000000000059
:109710000000000000000000000000000000000049
:109720000000000000000000000000000000000039
:109730000000000000000000000000000000000029
:109740000000000000000000000000000000000019
:109750000000000000000000000000000000000009
:1097600000000000000000000000000000000000F9
:1097700000000000000000000000000000000000E9
:1097800000000000000000000000000000000000D9
:1097900000000000000000000000000000000000C9
:1097A00000000000000000000000000000000000B9
:1097B00000000000000000000000000000000000A9
:1097C0000000000000000000000000000000000099
:1097D0000000000000000000000000000000000089
:1097E0000000000000000000000000000000000079
:1097F0000000000000000000000000000000000069
:1098000000000000000000004801002001000000EE
:10981000FFFFFFFFFFFFFFFFFFFFFFFFFFFFFFFF58
:10982000FFFFFFFFFFFFFFFFFFFFFFFFFFFFFFFF48
:10983000FFFFFFFFFFFFFFFFFFFFFFFFFFFFFFFF38
:10984000FFFFFFFFFFFFFFFFFFFFFFFFFFFFFFFF28
:10985000FFFFFFFFFFFFFFFFFFFFFFFFFFFFFFFF18
:10986000FFFFFFFFFFFFFFFFFFFFFFFFFFFFFFFF08
:10987000FFFFFFFFFFFFFFFFFFFFFFFFFFFFFFFFF8
:10988000FFFFFFFFFFFFFFFFFFFFFFFFFFFFFFFFE8
:10989000FFFFFFFFFFFFFFFFFFFFFFFFFFFFFFFFD8
:1098A000FFFFFFFFFFFFFFFFFFFFFFFFFFFFFFFFC8
:1098B000FFFFFFFFFFFFFFFFFFFFFFFFFFFFFFFFB8
:1098C000FFFFFFFFFFFFFFFFFFFFFFFFFFFFFFFFA8
:1098D000FFFFFFFFFFFFFFFFFFFFFFFFFFFFFFFF98
:1098E000FFFFFFFFFFFFFFFFFFFFFFFFFFFFFFFF88
:1098F000FFFFFFFFFFFFFFFFFFFFFFFFFFFFFFFF78
:10990000FFFFFFFFFFFFFFFFFFFFFFFFFFFFFFFF67
:10991000FFFFFFFFFFFFFFFFFFFFFFFFFFFFFFFF57
:10992000FFFFFFFFFFFFFFFFFFFFFFFFFFFFFFFF47
:10993000FFFFFFFFFFFFFFFFFFFFFFFFFFFFFFFF37
:10994000FFFFFFFFFFFFFFFFFFFFFFFFFFFFFFFF27
:10995000FFFFFFFFFFFFFFFFFFFFFFFFFFFFFFFF17
:10996000FFFFFFFFFFFFFFFFFFFFFFFFFFFFFFFF07
:10997000FFFFFFFFFFFFFFFFFFFFFFFFFFFFFFFFF7
:10998000FFFFFFFFFFFFFFFFFFFFFFFFFFFFFFFFE7
:10999000FFFFFFFFFFFFFFFFFFFFFFFFFFFFFFFFD7
:1099A000FFFFFFFFFFFFFFFFFFFFFFFFFFFFFFFFC7
:1099B000FFFFFFFFFFFFFFFFFFFFFFFFFFFFFFFFB7
:1099C000FFFFFFFFFFFFFFFFFFFFFFFFFFFFFFFFA7
:1099D000FFFFFFFFFFFFFFFFFFFFFFFFFFFFFFFF97
:1099E000FFFFFFFFFFFFFFFFFFFFFFFFFFFFFFFF87
:1099F000FFFFFFFFFFFFFFFFFFFFFFFFFFFFFFFF77
:109A0000FFFFFFFFFFFFFFFFFFFFFFFFFFFFFFFF66
:109A1000FFFFFFFFFFFFFFFFFFFFFFFFFFFFFFFF56
:109A2000FFFFFFFFFFFFFFFFFFFFFFFFFFFFFFFF46
:109A3000FFFFFFFFFFFFFFFFFFFFFFFFFFFFFFFF36
:109A4000FFFFFFFFFFFFFFFFFFFFFFFFFFFFFFFF26
:109A5000FFFFFFFFFFFFFFFFFFFFFFFFFFFFFFFF16
:109A6000FFFFFFFFFFFFFFFFFFFFFFFFFFFFFFFF06
:109A7000FFFFFFFFFFFFFFFFFFFFFFFFFFFFFFFFF6
:109A8000FFFFFFFFFFFFFFFFFFFFFFFFFFFFFFFFE6
:109A9000FFFFFFFFFFFFFFFFFFFFFFFFFFFFFFFFD6
:109AA000FFFFFFFFFFFFFFFFFFFFFFFFFFFFFFFFC6
:109AB000FFFFFFFFFFFFFFFFFFFFFFFFFFFFFFFFB6
:109AC000FFFFFFFFFFFFFFFFFFFFFFFFFFFFFFFFA6
:109AD000FFFFFFFFFFFFFFFFFFFFFFFFFFFFFFFF96
:109AE000FFFFFFFFFFFFFFFFFFFFFFFFFFFFFFFF86
:109AF000FFFFFFFFFFFFFFFFFFFFFFFFFFFFFFFF76
:109B0000FFFFFFFFFFFFFFFFFFFFFFFFFFFFFFFF65
:109B1000FFFFFFFFFFFFFFFFFFFFFFFFFFFFFFFF55
:109B2000FFFFFFFFFFFFFFFFFFFFFFFFFFFFFFFF45
:109B3000FFFFFFFFFFFFFFFFFFFFFFFFFFFFFFFF35
:109B4000FFFFFFFFFFFFFFFFFFFFFFFFFFFFFFFF25
:109B5000FFFFFFFFFFFFFFFFFFFFFFFFFFFFFFFF15
:109B6000FFFFFFFFFFFFFFFFFFFFFFFFFFFFFFFF05
:109B7000FFFFFFFFFFFFFFFFFFFFFFFFFFFFFFFFF5
:109B8000FFFFFFFFFFFFFFFFFFFFFFFFFFFFFFFFE5
:109B9000FFFFFFFFFFFFFFFFFFFFFFFFFFFFFFFFD5
:109BA000FFFFFFFFFFFFFFFFFFFFFFFFFFFFFFFFC5
:109BB000FFFFFFFFFFFFFFFFFFFFFFFFFFFFFFFFB5
:109BC000FFFFFFFFFFFFFFFFFFFFFFFFFFFFFFFFA5
:109BD000FFFFFFFFFFFFFFFFFFFFFFFFFFFFFFFF95
:109BE000FFFFFFFFFFFFFFFFFFFFFFFFFFFFFFFF85
:109BF000FFFFFFFFFFFFFFFFFFFFFFFFFFFFFFFF75
:109C0000FFFFFFFFFFFFFFFFFFFFFFFFFFFFFFFF64
:109C1000FFFFFFFFFFFFFFFFFFFFFFFFFFFFFFFF54
:109C2000FFFFFFFFFFFFFFFFFFFFFFFFFFFFFFFF44
:109C3000FFFFFFFFFFFFFFFFFFFFFFFFFFFFFFFF34
:109C4000FFFFFFFFFFFFFFFFFFFFFFFFFFFFFFFF24
:109C5000FFFFFFFFFFFFFFFFFFFFFFFFFFFFFFFF14
:109C6000FFFFFFFFFFFFFFFFFFFFFFFFFFFFFFFF04
:109C7000FFFFFFFFFFFFFFFFFFFFFFFFFFFFFFFFF4
:109C8000FFFFFFFFFFFFFFFFFFFFFFFFFFFFFFFFE4
:109C9000FFFFFFFFFFFFFFFFFFFFFFFFFFFFFFFFD4
:109CA000FFFFFFFFFFFFFFFFFFFFFFFFFFFFFFFFC4
:109CB000FFFFFFFFFFFFFFFFFFFFFFFFFFFFFFFFB4
:109CC000FFFFFFFFFFFFFFFFFFFFFFFFFFFFFFFFA4
:109CD000FFFFFFFFFFFFFFFFFFFFFFFFFFFFFFFF94
:109CE000FFFFFFFFFFFFFFFFFFFFFFFFFFFFFFFF84
:109CF000FFFFFFFFFFFFFFFFFFFFFFFFFFFFFFFF74
:109D0000FFFFFFFFFFFFFFFFFFFFFFFFFFFFFFFF63
:109D1000FFFFFFFFFFFFFFFFFFFFFFFFFFFFFFFF53
:109D2000FFFFFFFFFFFFFFFFFFFFFFFFFFFFFFFF43
:109D3000FFFFFFFFFFFFFFFFFFFFFFFFFFFFFFFF33
:109D4000FFFFFFFFFFFFFFFFFFFFFFFFFFFFFFFF23
:109D5000FFFFFFFFFFFFFFFFFFFFFFFFFFFFFFFF13
:109D6000FFFFFFFFFFFFFFFFFFFFFFFFFFFFFFFF03
:109D7000FFFFFFFFFFFFFFFFFFFFFFFFFFFFFFFFF3
:109D8000FFFFFFFFFFFFFFFFFFFFFFFFFFFFFFFFE3
:109D9000FFFFFFFFFFFFFFFFFFFFFFFFFFFFFFFFD3
:109DA000FFFFFFFFFFFFFFFFFFFFFFFFFFFFFFFFC3
:109DB000FFFFFFFFFFFFFFFFFFFFFFFFFFFFFFFFB3
:109DC000FFFFFFFFFFFFFFFFFFFFFFFFFFFFFFFFA3
:109DD000FFFFFFFFFFFFFFFFFFFFFFFFFFFFFFFF93
:109DE000FFFFFFFFFFFFFFFFFFFFFFFFFFFFFFFF83
:109DF000FFFFFFFFFFFFFFFFFFFFFFFFFFFFFFFF73
:109E0000FFFFFFFFFFFFFFFFFFFFFFFFFFFFFFFF62
:109E1000FFFFFFFFFFFFFFFFFFFFFFFFFFFFFFFF52
:109E2000FFFFFFFFFFFFFFFFFFFFFFFFFFFFFFFF42
:109E3000FFFFFFFFFFFFFFFFFFFFFFFFFFFFFFFF32
:109E4000FFFFFFFFFFFFFFFFFFFFFFFFFFFFFFFF22
:109E5000FFFFFFFFFFFFFFFFFFFFFFFFFFFFFFFF12
:109E6000FFFFFFFFFFFFFFFFFFFFFFFFFFFFFFFF02
:109E7000FFFFFFFFFFFFFFFFFFFFFFFFFFFFFFFFF2
:109E8000FFFFFFFFFFFFFFFFFFFFFFFFFFFFFFFFE2
:109E9000FFFFFFFFFFFFFFFFFFFFFFFFFFFFFFFFD2
:109EA000FFFFFFFFFFFFFFFFFFFFFFFFFFFFFFFFC2
:109EB000FFFFFFFFFFFFFFFFFFFFFFFFFFFFFFFFB2
:109EC000FFFFFFFFFFFFFFFFFFFFFFFFFFFFFFFFA2
:109ED000FFFFFFFFFFFFFFFFFFFFFFFFFFFFFFFF92
:109EE000FFFFFFFFFFFFFFFFFFFFFFFFFFFFFFFF82
:109EF000FFFFFFFFFFFFFFFFFFFFFFFFFFFFFFFF72
:109F0000FFFFFFFFFFFFFFFFFFFFFFFFFFFFFFFF61
:109F1000FFFFFFFFFFFFFFFFFFFFFFFFFFFFFFFF51
:109F2000FFFFFFFFFFFFFFFFFFFFFFFFFFFFFFFF41
:109F3000FFFFFFFFFFFFFFFFFFFFFFFFFFFFFFFF31
:109F4000FFFFFFFFFFFFFFFFFFFFFFFFFFFFFFFF21
:109F5000FFFFFFFFFFFFFFFFFFFFFFFFFFFFFFFF11
:109F6000FFFFFFFFFFFFFFFFFFFFFFFFFFFFFFFF01
:109F7000FFFFFFFFFFFFFFFFFFFFFFFFFFFFFFFFF1
:109F8000FFFFFFFFFFFFFFFFFFFFFFFFFFFFFFFFE1
:109F9000FFFFFFFFFFFFFFFFFFFFFFFFFFFFFFFFD1
:109FA000FFFFFFFFFFFFFFFFFFFFFFFFFFFFFFFFC1
:109FB000FFFFFFFFFFFFFFFFFFFFFFFFFFFFFFFFB1
:109FC000FFFFFFFFFFFFFFFFFFFFFFFFFFFFFFFFA1
:109FD000FFFFFFFFFFFFFFFFFFFFFFFFFFFFFFFF91
:109FE000FFFFFFFFFFFFFFFFFFFFFFFFFFFFFFFF81
:109FF000FFFFFFFFFFFFFFFFFFFFFFFFFFFFFFFF71
:10A00000FFFFFFFFFFFFFFFFFFFFFFFFFFFFFFFF60
:10A01000FFFFFFFFFFFFFFFFFFFFFFFFFFFFFFFF50
:10A02000FFFFFFFFFFFFFFFFFFFFFFFFFFFFFFFF40
:10A03000FFFFFFFFFFFFFFFFFFFFFFFFFFFFFFFF30
:10A04000FFFFFFFFFFFFFFFFFFFFFFFFFFFFFFFF20
:10A05000FFFFFFFFFFFFFFFFFFFFFFFFFFFFFFFF10
:10A06000FFFFFFFFFFFFFFFFFFFFFFFFFFFFFFFF00
:10A07000FFFFFFFFFFFFFFFFFFFFFFFFFFFFFFFFF0
:10A08000FFFFFFFFFFFFFFFFFFFFFFFFFFFFFFFFE0
:10A09000FFFFFFFFFFFFFFFFFFFFFFFFFFFFFFFFD0
:10A0A000FFFFFFFFFFFFFFFFFFFFFFFFFFFFFFFFC0
:10A0B000FFFFFFFFFFFFFFFFFFFFFFFFFFFFFFFFB0
:10A0C000FFFFFFFFFFFFFFFFFFFFFFFFFFFFFFFFA0
:10A0D000FFFFFFFFFFFFFFFFFFFFFFFFFFFFFFFF90
:10A0E000FFFFFFFFFFFFFFFFFFFFFFFFFFFFFFFF80
:10A0F000FFFFFFFFFFFFFFFFFFFFFFFFFFFFFFFF70
:10A10000FFFFFFFFFFFFFFFFFFFFFFFFFFFFFFFF5F
:10A11000FFFFFFFFFFFFFFFFFFFFFFFFFFFFFFFF4F
:10A12000FFFFFFFFFFFFFFFFFFFFFFFFFFFFFFFF3F
:10A13000FFFFFFFFFFFFFFFFFFFFFFFFFFFFFFFF2F
:10A14000FFFFFFFFFFFFFFFFFFFFFFFFFFFFFFFF1F
:10A15000FFFFFFFFFFFFFFFFFFFFFFFFFFFFFFFF0F
:10A16000FFFFFFFFFFFFFFFFFFFFFFFFFFFFFFFFFF
:10A17000FFFFFFFFFFFFFFFFFFFFFFFFFFFFFFFFEF
:10A18000FFFFFFFFFFFFFFFFFFFFFFFFFFFFFFFFDF
:10A19000FFFFFFFFFFFFFFFFFFFFFFFFFFFFFFFFCF
:10A1A000FFFFFFFFFFFFFFFFFFFFFFFFFFFFFFFFBF
:10A1B000FFFFFFFFFFFFFFFFFFFFFFFFFFFFFFFFAF
:10A1C000FFFFFFFFFFFFFFFFFFFFFFFFFFFFFFFF9F
:10A1D000FFFFFFFFFFFFFFFFFFFFFFFFFFFFFFFF8F
:10A1E000FFFFFFFFFFFFFFFFFFFFFFFFFFFFFFFF7F
:10A1F000FFFFFFFFFFFFFFFFFFFFFFFFFFFFFFFF6F
:10A20000FFFFFFFFFFFFFFFFFFFFFFFFFFFFFFFF5E
:10A21000FFFFFFFFFFFFFFFFFFFFFFFFFFFFFFFF4E
:10A22000FFFFFFFFFFFFFFFFFFFFFFFFFFFFFFFF3E
:10A23000FFFFFFFFFFFFFFFFFFFFFFFFFFFFFFFF2E
:10A24000FFFFFFFFFFFFFFFFFFFFFFFFFFFFFFFF1E
:10A25000FFFFFFFFFFFFFFFFFFFFFFFFFFFFFFFF0E
:10A26000FFFFFFFFFFFFFFFFFFFFFFFFFFFFFFFFFE
:10A27000FFFFFFFFFFFFFFFFFFFFFFFFFFFFFFFFEE
:10A28000FFFFFFFFFFFFFFFFFFFFFFFFFFFFFFFFDE
:10A29000FFFFFFFFFFFFFFFFFFFFFFFFFFFFFFFFCE
:10A2A000FFFFFFFFFFFFFFFFFFFFFFFFFFFFFFFFBE
:10A2B000FFFFFFFFFFFFFFFFFFFFFFFFFFFFFFFFAE
:10A2C000FFFFFFFFFFFFFFFFFFFFFFFFFFFFFFFF9E
:10A2D000FFFFFFFFFFFFFFFFFFFFFFFFFFFFFFFF8E
:10A2E000FFFFFFFFFFFFFFFFFFFFFFFFFFFFFFFF7E
:10A2F000FFFFFFFFFFFFFFFFFFFFFFFFFFFFFFFF6E
:10A30000FFFFFFFFFFFFFFFFFFFFFFFFFFFFFFFF5D
:10A31000FFFFFFFFFFFFFFFFFFFFFFFFFFFFFFFF4D
:10A32000FFFFFFFFFFFFFFFFFFFFFFFFFFFFFFFF3D
:10A33000FFFFFFFFFFFFFFFFFFFFFFFFFFFFFFFF2D
:10A34000FFFFFFFFFFFFFFFFFFFFFFFFFFFFFFFF1D
:10A35000FFFFFFFFFFFFFFFFFFFFFFFFFFFFFFFF0D
:10A36000FFFFFFFFFFFFFFFFFFFFFFFFFFFFFFFFFD
:10A37000FFFFFFFFFFFFFFFFFFFFFFFFFFFFFFFFED
:10A38000FFFFFFFFFFFFFFFFFFFFFFFFFFFFFFFFDD
:10A39000FFFFFFFFFFFFFFFFFFFFFFFFFFFFFFFFCD
:10A3A000FFFFFFFFFFFFFFFFFFFFFFFFFFFFFFFFBD
:10A3B000FFFFFFFFFFFFFFFFFFFFFFFFFFFFFFFFAD
:10A3C000FFFFFFFFFFFFFFFFFFFFFFFFFFFFFFFF9D
:10A3D000FFFFFFFFFFFFFFFFFFFFFFFFFFFFFFFF8D
:10A3E000FFFFFFFFFFFFFFFFFFFFFFFFFFFFFFFF7D
:10A3F000FFFFFFFFFFFFFFFFFFFFFFFFFFFFFFFF6D
:10A40000FFFFFFFFFFFFFFFFFFFFFFFFFFFFFFFF5C
:10A41000FFFFFFFFFFFFFFFFFFFFFFFFFFFFFFFF4C
:10A42000FFFFFFFFFFFFFFFFFFFFFFFFFFFFFFFF3C
:10A43000FFFFFFFFFFFFFFFFFFFFFFFFFFFFFFFF2C
:10A44000FFFFFFFFFFFFFFFFFFFFFFFFFFFFFFFF1C
:10A45000FFFFFFFFFFFFFFFFFFFFFFFFFFFFFFFF0C
:10A46000FFFFFFFFFFFFFFFFFFFFFFFFFFFFFFFFFC
:10A47000FFFFFFFFFFFFFFFFFFFFFFFFFFFFFFFFEC
:10A48000FFFFFFFFFFFFFFFFFFFFFFFFFFFFFFFFDC
:10A49000FFFFFFFFFFFFFFFFFFFFFFFFFFFFFFFFCC
:10A4A000FFFFFFFFFFFFFFFFFFFFFFFFFFFFFFFFBC
:10A4B000FFFFFFFFFFFFFFFFFFFFFFFFFFFFFFFFAC
:10A4C000FFFFFFFFFFFFFFFFFFFFFFFFFFFFFFFF9C
:10A4D000FFFFFFFFFFFFFFFFFFFFFFFFFFFFFFFF8C
:10A4E000FFFFFFFFFFFFFFFFFFFFFFFFFFFFFFFF7C
:10A4F000FFFFFFFFFFFFFFFFFFFFFFFFFFFFFFFF6C
:10A50000FFFFFFFFFFFFFFFFFFFFFFFFFFFFFFFF5B
:10A51000FFFFFFFFFFFFFFFFFFFFFFFFFFFFFFFF4B
:10A52000FFFFFFFFFFFFFFFFFFFFFFFFFFFFFFFF3B
:10A53000FFFFFFFFFFFFFFFFFFFFFFFFFFFFFFFF2B
:10A54000FFFFFFFFFFFFFFFFFFFFFFFFFFFFFFFF1B
:10A55000FFFFFFFFFFFFFFFFFFFFFFFFFFFFFFFF0B
:10A56000FFFFFFFFFFFFFFFFFFFFFFFFFFFFFFFFFB
:10A57000FFFFFFFFFFFFFFFFFFFFFFFFFFFFFFFFEB
:10A58000FFFFFFFFFFFFFFFFFFFFFFFFFFFFFFFFDB
:10A59000FFFFFFFFFFFFFFFFFFFFFFFFFFFFFFFFCB
:10A5A000FFFFFFFFFFFFFFFFFFFFFFFFFFFFFFFFBB
:10A5B000FFFFFFFFFFFFFFFFFFFFFFFFFFFFFFFFAB
:10A5C000FFFFFFFFFFFFFFFFFFFFFFFFFFFFFFFF9B
:10A5D000FFFFFFFFFFFFFFFFFFFFFFFFFFFFFFFF8B
:10A5E000FFFFFFFFFFFFFFFFFFFFFFFFFFFFFFFF7B
:10A5F000FFFFFFFFFFFFFFFFFFFFFFFFFFFFFFFF6B
:10A60000FFFFFFFFFFFFFFFFFFFFFFFFFFFFFFFF5A
:10A61000FFFFFFFFFFFFFFFFFFFFFFFFFFFFFFFF4A
:10A62000FFFFFFFFFFFFFFFFFFFFFFFFFFFFFFFF3A
:10A63000FFFFFFFFFFFFFFFFFFFFFFFFFFFFFFFF2A
:10A64000FFFFFFFFFFFFFFFFFFFFFFFFFFFFFFFF1A
:10A65000FFFFFFFFFFFFFFFFFFFFFFFFFFFFFFFF0A
:10A66000FFFFFFFFFFFFFFFFFFFFFFFFFFFFFFFFFA
:10A67000FFFFFFFFFFFFFFFFFFFFFFFFFFFFFFFFEA
:10A68000FFFFFFFFFFFFFFFFFFFFFFFFFFFFFFFFDA
:10A69000FFFFFFFFFFFFFFFFFFFFFFFFFFFFFFFFCA
:10A6A000FFFFFFFFFFFFFFFFFFFFFFFFFFFFFFFFBA
:10A6B000FFFFFFFFFFFFFFFFFFFFFFFFFFFFFFFFAA
:10A6C000FFFFFFFFFFFFFFFFFFFFFFFFFFFFFFFF9A
:10A6D000FFFFFFFFFFFFFFFFFFFFFFFFFFFFFFFF8A
:10A6E000FFFFFFFFFFFFFFFFFFFFFFFFFFFFFFFF7A
:10A6F000FFFFFFFFFFFFFFFFFFFFFFFFFFFFFFFF6A
:10A70000FFFFFFFFFFFFFFFFFFFFFFFFFFFFFFFF59
:10A71000FFFFFFFFFFFFFFFFFFFFFFFFFFFFFFFF49
:10A72000FFFFFFFFFFFFFFFFFFFFFFFFFFFFFFFF39
:10A73000FFFFFFFFFFFFFFFFFFFFFFFFFFFFFFFF29
:10A74000FFFFFFFFFFFFFFFFFFFFFFFFFFFFFFFF19
:10A75000FFFFFFFFFFFFFFFFFFFFFFFFFFFFFFFF09
:10A76000FFFFFFFFFFFFFFFFFFFFFFFFFFFFFFFFF9
:10A77000FFFFFFFFFFFFFFFFFFFFFFFFFFFFFFFFE9
:10A78000FFFFFFFFFFFFFFFFFFFFFFFFFFFFFFFFD9
:10A79000FFFFFFFFFFFFFFFFFFFFFFFFFFFFFFFFC9
:10A7A000FFFFFFFFFFFFFFFFFFFFFFFFFFFFFFFFB9
:10A7B000FFFFFFFFFFFFFFFFFFFFFFFFFFFFFFFFA9
:10A7C000FFFFFFFFFFFFFFFFFFFFFFFFFFFFFFFF99
:10A7D000FFFFFFFFFFFFFFFFFFFFFFFFFFFFFFFF89
:10A7E000FFFFFFFFFFFFFFFFFFFFFFFFFFFFFFFF79
:10A7F000FFFFFFFFFFFFFFFFFFFFFFFFFFFFFFFF69
:10A80000FFFFFFFFFFFFFFFFFFFFFFFFFFFFFFFF58
:10A81000FFFFFFFFFFFFFFFFFFFFFFFFFFFFFFFF48
:10A82000FFFFFFFFFFFFFFFFFFFFFFFFFFFFFFFF38
:10A83000FFFFFFFFFFFFFFFFFFFFFFFFFFFFFFFF28
:10A84000FFFFFFFFFFFFFFFFFFFFFFFFFFFFFFFF18
:10A85000FFFFFFFFFFFFFFFFFFFFFFFFFFFFFFFF08
:10A86000FFFFFFFFFFFFFFFFFFFFFFFFFFFFFFFFF8
:10A87000FFFFFFFFFFFFFFFFFFFFFFFFFFFFFFFFE8
:10A88000FFFFFFFFFFFFFFFFFFFFFFFFFFFFFFFFD8
:10A89000FFFFFFFFFFFFFFFFFFFFFFFFFFFFFFFFC8
:10A8A000FFFFFFFFFFFFFFFFFFFFFFFFFFFFFFFFB8
:10A8B000FFFFFFFFFFFFFFFFFFFFFFFFFFFFFFFFA8
:10A8C000FFFFFFFFFFFFFFFFFFFFFFFFFFFFFFFF98
:10A8D000FFFFFFFFFFFFFFFFFFFFFFFFFFFFFFFF88
:10A8E000FFFFFFFFFFFFFFFFFFFFFFFFFFFFFFFF78
:10A8F000FFFFFFFFFFFFFFFFFFFFFFFFFFFFFFFF68
:10A90000FFFFFFFFFFFFFFFFFFFFFFFFFFFFFFFF57
:10A91000FFFFFFFFFFFFFFFFFFFFFFFFFFFFFFFF47
:10A92000FFFFFFFFFFFFFFFFFFFFFFFFFFFFFFFF37
:10A93000FFFFFFFFFFFFFFFFFFFFFFFFFFFFFFFF27
:10A94000FFFFFFFFFFFFFFFFFFFFFFFFFFFFFFFF17
:10A95000FFFFFFFFFFFFFFFFFFFFFFFFFFFFFFFF07
:10A96000FFFFFFFFFFFFFFFFFFFFFFFFFFFFFFFFF7
:10A97000FFFFFFFFFFFFFFFFFFFFFFFFFFFFFFFFE7
:10A98000FFFFFFFFFFFFFFFFFFFFFFFFFFFFFFFFD7
:10A99000FFFFFFFFFFFFFFFFFFFFFFFFFFFFFFFFC7
:10A9A000FFFFFFFFFFFFFFFFFFFFFFFFFFFFFFFFB7
:10A9B000FFFFFFFFFFFFFFFFFFFFFFFFFFFFFFFFA7
:10A9C000FFFFFFFFFFFFFFFFFFFFFFFFFFFFFFFF97
:10A9D000FFFFFFFFFFFFFFFFFFFFFFFFFFFFFFFF87
:10A9E000FFFFFFFFFFFFFFFFFFFFFFFFFFFFFFFF77
:10A9F000FFFFFFFFFFFFFFFFFFFFFFFFFFFFFFFF67
:10AA0000FFFFFFFFFFFFFFFFFFFFFFFFFFFFFFFF56
:10AA1000FFFFFFFFFFFFFFFFFFFFFFFFFFFFFFFF46
:10AA2000FFFFFFFFFFFFFFFFFFFFFFFFFFFFFFFF36
:10AA3000FFFFFFFFFFFFFFFFFFFFFFFFFFFFFFFF26
:10AA4000FFFFFFFFFFFFFFFFFFFFFFFFFFFFFFFF16
:10AA5000FFFFFFFFFFFFFFFFFFFFFFFFFFFFFFFF06
:10AA6000FFFFFFFFFFFFFFFFFFFFFFFFFFFFFFFFF6
:10AA7000FFFFFFFFFFFFFFFFFFFFFFFFFFFFFFFFE6
:10AA8000FFFFFFFFFFFFFFFFFFFFFFFFFFFFFFFFD6
:10AA9000FFFFFFFFFFFFFFFFFFFFFFFFFFFFFFFFC6
:10AAA000FFFFFFFFFFFFFFFFFFFFFFFFFFFFFFFFB6
:10AAB000FFFFFFFFFFFFFFFFFFFFFFFFFFFFFFFFA6
:10AAC000FFFFFFFFFFFFFFFFFFFFFFFFFFFFFFFF96
:10AAD000FFFFFFFFFFFFFFFFFFFFFFFFFFFFFFFF86
:10AAE000FFFFFFFFFFFFFFFFFFFFFFFFFFFFFFFF76
:10AAF000FFFFFFFFFFFFFFFFFFFFFFFFFFFFFFFF66
:10AB0000FFFFFFFFFFFFFFFFFFFFFFFFFFFFFFFF55
:10AB1000FFFFFFFFFFFFFFFFFFFFFFFFFFFFFFFF45
:10AB2000FFFFFFFFFFFFFFFFFFFFFFFFFFFFFFFF35
:10AB3000FFFFFFFFFFFFFFFFFFFFFFFFFFFFFFFF25
:10AB4000FFFFFFFFFFFFFFFFFFFFFFFFFFFFFFFF15
:10AB5000FFFFFFFFFFFFFFFFFFFFFFFFFFFFFFFF05
:10AB6000FFFFFFFFFFFFFFFFFFFFFFFFFFFFFFFFF5
:10AB7000FFFFFFFFFFFFFFFFFFFFFFFFFFFFFFFFE5
:10AB8000FFFFFFFFFFFFFFFFFFFFFFFFFFFFFFFFD5
:10AB9000FFFFFFFFFFFFFFFFFFFFFFFFFFFFFFFFC5
:10ABA000FFFFFFFFFFFFFFFFFFFFFFFFFFFFFFFFB5
:10ABB000FFFFFFFFFFFFFFFFFFFFFFFFFFFFFFFFA5
:10ABC000FFFFFFFFFFFFFFFFFFFFFFFFFFFFFFFF95
:10ABD000FFFFFFFFFFFFFFFFFFFFFFFFFFFFFFFF85
:10ABE000FFFFFFFFFFFFFFFFFFFFFFFFFFFFFFFF75
:10ABF000FFFFFFFFFFFFFFFFFFFFFFFFFFFFFFFF65
:10AC0000FFFFFFFFFFFFFFFFFFFFFFFFFFFFFFFF54
:10AC1000FFFFFFFFFFFFFFFFFFFFFFFFFFFFFFFF44
:10AC2000FFFFFFFFFFFFFFFFFFFFFFFFFFFFFFFF34
:10AC3000FFFFFFFFFFFFFFFFFFFFFFFFFFFFFFFF24
:10AC4000FFFFFFFFFFFFFFFFFFFFFFFFFFFFFFFF14
:10AC5000FFFFFFFFFFFFFFFFFFFFFFFFFFFFFFFF04
:10AC6000FFFFFFFFFFFFFFFFFFFFFFFFFFFFFFFFF4
:10AC7000FFFFFFFFFFFFFFFFFFFFFFFFFFFFFFFFE4
:10AC8000FFFFFFFFFFFFFFFFFFFFFFFFFFFFFFFFD4
:10AC9000FFFFFFFFFFFFFFFFFFFFFFFFFFFFFFFFC4
:10ACA000FFFFFFFFFFFFFFFFFFFFFFFFFFFFFFFFB4
:10ACB000FFFFFFFFFFFFFFFFFFFFFFFFFFFFFFFFA4
:10ACC000FFFFFFFFFFFFFFFFFFFFFFFFFFFFFFFF94
:10ACD000FFFFFFFFFFFFFFFFFFFFFFFFFFFFFFFF84
:10ACE000FFFFFFFFFFFFFFFFFFFFFFFFFFFFFFFF74
:10ACF000FFFFFFFFFFFFFFFFFFFFFFFFFFFFFFFF64
:10AD0000FFFFFFFFFFFFFFFFFFFFFFFFFFFFFFFF53
:10AD1000FFFFFFFFFFFFFFFFFFFFFFFFFFFFFFFF43
:10AD2000FFFFFFFFFFFFFFFFFFFFFFFFFFFFFFFF33
:10AD3000FFFFFFFFFFFFFFFFFFFFFFFFFFFFFFFF23
:10AD4000FFFFFFFFFFFFFFFFFFFFFFFFFFFFFFFF13
:10AD5000FFFFFFFFFFFFFFFFFFFFFFFFFFFFFFFF03
:10AD6000FFFFFFFFFFFFFFFFFFFFFFFFFFFFFFFFF3
:10AD7000FFFFFFFFFFFFFFFFFFFFFFFFFFFFFFFFE3
:10AD8000FFFFFFFFFFFFFFFFFFFFFFFFFFFFFFFFD3
:10AD9000FFFFFFFFFFFFFFFFFFFFFFFFFFFFFFFFC3
:10ADA000FFFFFFFFFFFFFFFFFFFFFFFFFFFFFFFFB3
:10ADB000FFFFFFFFFFFFFFFFFFFFFFFFFFFFFFFFA3
:10ADC000FFFFFFFFFFFFFFFFFFFFFFFFFFFFFFFF93
:10ADD000FFFFFFFFFFFFFFFFFFFFFFFFFFFFFFFF83
:10ADE000FFFFFFFFFFFFFFFFFFFFFFFFFFFFFFFF73
:10ADF000FFFFFFFFFFFFFFFFFFFFFFFFFFFFFFFF63
:10AE0000FFFFFFFFFFFFFFFFFFFFFFFFFFFFFFFF52
:10AE1000FFFFFFFFFFFFFFFFFFFFFFFFFFFFFFFF42
:10AE2000FFFFFFFFFFFFFFFFFFFFFFFFFFFFFFFF32
:10AE3000FFFFFFFFFFFFFFFFFFFFFFFFFFFFFFFF22
:10AE4000FFFFFFFFFFFFFFFFFFFFFFFFFFFFFFFF12
:10AE5000FFFFFFFFFFFFFFFFFFFFFFFFFFFFFFFF02
:10AE6000FFFFFFFFFFFFFFFFFFFFFFFFFFFFFFFFF2
:10AE7000FFFFFFFFFFFFFFFFFFFFFFFFFFFFFFFFE2
:10AE8000FFFFFFFFFFFFFFFFFFFFFFFFFFFFFFFFD2
:10AE9000FFFFFFFFFFFFFFFFFFFFFFFFFFFFFFFFC2
:10AEA000FFFFFFFFFFFFFFFFFFFFFFFFFFFFFFFFB2
:10AEB000FFFFFFFFFFFFFFFFFFFFFFFFFFFFFFFFA2
:10AEC000FFFFFFFFFFFFFFFFFFFFFFFFFFFFFFFF92
:10AED000FFFFFFFFFFFFFFFFFFFFFFFFFFFFFFFF82
:10AEE000FFFFFFFFFFFFFFFFFFFFFFFFFFFFFFFF72
:10AEF000FFFFFFFFFFFFFFFFFFFFFFFFFFFFFFFF62
:10AF0000FFFFFFFFFFFFFFFFFFFFFFFFFFFFFFFF51
:10AF1000FFFFFFFFFFFFFFFFFFFFFFFFFFFFFFFF41
:10AF2000FFFFFFFFFFFFFFFFFFFFFFFFFFFFFFFF31
:10AF3000FFFFFFFFFFFFFFFFFFFFFFFFFFFFFFFF21
:10AF4000FFFFFFFFFFFFFFFFFFFFFFFFFFFFFFFF11
:10AF5000FFFFFFFFFFFFFFFFFFFFFFFFFFFFFFFF01
:10AF6000FFFFFFFFFFFFFFFFFFFFFFFFFFFFFFFFF1
:10AF7000FFFFFFFFFFFFFFFFFFFFFFFFFFFFFFFFE1
:10AF8000FFFFFFFFFFFFFFFFFFFFFFFFFFFFFFFFD1
:10AF9000FFFFFFFFFFFFFFFFFFFFFFFFFFFFFFFFC1
:10AFA000FFFFFFFFFFFFFFFFFFFFFFFFFFFFFFFFB1
:10AFB000FFFFFFFFFFFFFFFFFFFFFFFFFFFFFFFFA1
:10AFC000FFFFFFFFFFFFFFFFFFFFFFFFFFFFFFFF91
:10AFD000FFFFFFFFFFFFFFFFFFFFFFFFFFFFFFFF81
:10AFE000FFFFFFFFFFFFFFFFFFFFFFFFFFFFFFFF71
:10AFF000FFFFFFFFFFFFFFFFFFFFFFFFFFFFFFFF61
:10B00000010000000000000000000000000000003F
:10B010000000000000000000000000000000000030
:10B020000000000000000000000000000000000020
:10B030000000000000000000000000000000000010
:10B040000000000000000000000000000000000000
:10B050006400000088130000F40100000A000000F2
:10B0600070170000E803000028000000F401000051
:10B070000600000064000000FA000000A00F0100BC
:10B0800080E400E580E500E680E600E780E700E890
:10B0900080E800E980E900EA80EA00EB80EB00EC60
:10B0A00080EC00ED80ED00EE80EE00EF80EF00F030
:10B0B00080F000F180F100F280F200F380F300F400
:10B0C00080F400F580F500F680F600F780F700F8D0
:10B0D00080F800F980F900FA80FA00FB80FB00FCA0
:10B0E00080FC00FD80FD00FE80FE00FF80FF000070
:10B0F0008000000180010002800200038003000440
:10B10000800400058005000680060007800700080F
:10B11000800800098009000A800A000B800B000CDF
:10B12000800C000D800D000E800E000F800F0010AF
:10B13000801000118011001280120013801300147F
:10B14000801400158015001680160017801700184F
:10B15000801800198019001A801A001B801B001C1F
:10B16000801C001D801D001E801E001F801F0020EF
:10B1700080200021802100228022002380230024BF
:10B18000802400258025002680260027802700288F
:10B19000802800298029002A802A002B802B002C5F
:10B1A000802C002D802D002E802E002F802F00302F
:10B1B00080300031803100328032003380330034FF
:10B1C00080340035803500368036003780370038CF
:10B1D000803800398039003A803A003B803B003C9F
:10B1E000803C003D803D003E803E000050048904CC
:10B1F000C404040547058E05D90528067B06D40638
:10B2000031079307FB076908DC085509D5095C0A73
:10B21000E90A7E0B1B0CBF0C6C0D210EDF0EA60F76
:10B2200076105011351223131D14221531164D17A7
:10B230007518A819E91A361C901DF71E6C20EE210E
:10B240007E231C25C82682284A2A212C052EF82F69
:10B25000F931073424364E38853AC93C1A3F7741D4
:10B26000E0435546D5485F4BF34D90503753F45566
:10B270009B58585BE65DE360AF6380665369296C59
:10B28000006FD871B07487775D7A317D0080CE828F
:10B2900095855A88188BD08D81902993CC95669886
:10B2A000F79A7D9DFB9F70A2DAA439A78FA9D9AB2D
:10B2B0001AAE4CB076B293B4A6B6AAB8A5BA67BC1B
:10B2C0007ABE52C01EC2E2C398C541C7E1C878CA5F
:10B2D00004CC82CDF8CE67D0C4D11ED36ED4B1D504
:10B2E000EDD620D848D969DA7FDB93DC9BDD9CDE84
:10B2F00095DF86E06EE14FE22CE300E4D1E499E5CE
:10B300005CE617E7CDE77FE82CE9D5E974EA0EEBB8
:10B31000AAEB3AECCCEC53EDDAED5CEEDAEE52EF60
:10B32000CAEF38F0ABF014F17DF1E0F143F2A2F294
:10B3300000F359F3B2F305F458F4A6F4F4F43CF531
:10B3400084F5CDF50FF652F68FF6CBF608F745F7F4
:10B350007DF7B4F7EBF7000080E400E580E500E658
:10B3600080E600E780E700E880E800E980E900EA9D
:10B3700080EA00EB80EB00EC80EC00ED80ED00EE6D
:10B3800080EE00EF80EF00F080F000F180F100F23D
:10B3900080F200F380F300F480F400F580F500F60D
:10B3A00080F600F780F700F880F800F980F900FADD
:10B3B00080FA00FB80FB00FC80FC00FD80FD00FEAD
:10B3C00080FE00FF80FF000080000001800100027D
:10B3D000800200038003000480040005800500064D
:10B3E0008006000780070008800800098009000A1D
:10B3F000800A000B800B000C800C000D800D000EED
:10B40000800E000F800F00108010001180110012BC
:10B41000801200138013001480140015801500168C
:10B420008016001780170018801800198019001A5C
:10B43000801A001B801B001C801C001D801D001E2C
:10B44000801E001F801F00208020002180210022FC
:10B4500080220023802300248024002580250026CC
:10B460008026002780270028802800298029002A9C
:10B47000802A002B802B002C802C002D802D002E6C
:10B48000802E002F802F003080300031803100323C
:10B49000803200338033003480340035803500360C
:10B4A0008036003780370038803800398039003ADC
:10B4B000803A003B803B003C803C003D803D003EAC
:10B4C000803E000050048904C404040547058E052D
:10B4D000D90528067B06D40631079307FB076908C0
:10B4E000DC085509D5095C0AE90A7E0B1B0CBF0C68
:10B4F0006C0D210EDF0EA60F76105011351223139E
:10B500001D14221531164D177518A819E91A361C85
:10B51000901DF71E6C20EE217E231C25C826822854
:10B520004A2A212C052EF82FF931073424364E38BB
:10B53000853AC93C1A3F7741E0435546D5485F4BB1
:10B54000F34D90503753F4559B58585BE65DE360DC
:10B55000AF6380665369296C006FD871B0748777C8
:10B560005D7A317D0080CE8295855A88188BD08D8A
:10B5700081902993CC956698F79A7D9DFB9F70A248
:10B58000DAA439A78FA9D9AB1AAE4CB076B293B46E
:10B59000A6B6AAB8A5BA67BC7ABE52C01EC2E2C39C
:10B5A00098C541C7E1C878CA04CC82CDF8CE67D02F
:10B5B000C4D11ED36ED4B1D5EDD620D848D969DA1E
:10B5C0007FDB93DC9BDD9CDE95DF86E06EE14FE266
:10B5D0002CE300E4D1E499E55CE617E7CDE77FE8EA
:10B5E0002CE9D5E974EA0EEBAAEB3AECCCEC53ED7E
:10B5F000DAED5CEEDAEE52EFCAEF38F0ABF014F1B0
:10B600007DF1E0F143F2A2F200F359F3B2F305F455
:10B6100058F4A6F4F4F43CF584F5CDF50FF652F6A3
:10B620008FF6CBF608F745F77DF7B4F7EBF7000098
:10B63000EC216B005CAB3D00000C000089010000B8
:10B640007600000089010000760000000000006024
:10B65000F401E803F401E803F401E8038813001E91
:10B660003C7800008034F401E8038034F401E803FE
:10B670008007800C00050000B80B00000A004E1285
:10B68000001E8F024006B0040A00E803A00F00006D
:10B690009318000069000000931800006900000082
:10B6A0007B664900FFFFFFFFFFFFFFFFFFFFFFFF7C
:10B6B000FFFFFFFFFFFFFFFFFFFFFFFFFFFFFFFF9A
:10B6C000FFFFFFFFFFFFFFFFFFFFFFFFFFFFFFFF8A
:10B6D000FFFFFFFFFFFFFFFFFFFFFFFFFFFFFFFF7A
:10B6E000FFFFFFFFFFFFFFFFFFFFFFFFFFFFFFFF6A
:10B6F000FFFFFFFFFFFFFFFFFFFFFFFFFFFFFFFF5A
:10B70000FFFFFFFFFFFFFFFFFFFFFFFFFFFFFFFF49
:10B71000FFFFFFFFFFFFFFFFFFFFFFFFFFFFFFFF39
:10B72000FFFFFFFFFFFFFFFFFFFFFFFFFFFFFFFF29
:10B73000FFFFFFFFFFFFFFFFFFFFFFFFFFFFFFFF19
:10B74000FFFFFFFFFFFFFFFFFFFFFFFFFFFFFFFF09
:10B75000FFFFFFFFFFFFFFFFFFFFFFFFFFFFFFFFF9
:10B76000FFFFFFFFFFFFFFFFFFFFFFFFFFFFFFFFE9
:10B77000FFFFFFFFFFFFFFFFFFFFFFFFFFFFFFFFD9
:10B78000FFFFFFFFFFFFFFFFFFFFFFFFFFFFFFFFC9
:10B79000FFFFFFFFFFFFFFFFFFFFFFFFFFFFFFFFB9
:10B7A000FFFFFFFFFFFFFFFFFFFFFFFFFFFFFFFFA9
:10B7B000FFFFFFFFFFFFFFFFFFFFFFFFFFFFFFFF99
:10B7C000FFFFFFFFFFFFFFFFFFFFFFFFFFFFFFFF89
:10B7D000FFFFFFFFFFFFFFFFFFFFFFFFFFFFFFFF79
:10B7E000FFFFFFFFFFFFFFFFFFFFFFFFFFFFFFFF69
:10B7F000FFFFFFFFFFFFFFFFFFFFFFFFFFFFFFFF59
:10B80000FFFFFFFFFFFFFFFFFFFFFFFFFFFFFFFF48
:10B81000FFFFFFFFFFFFFFFFFFFFFFFFFFFFFFFF38
:10B82000FFFFFFFFFFFFFFFFFFFFFFFFFFFFFFFF28
:10B83000FFFFFFFFFFFFFFFFFFFFFFFFFFFFFFFF18
:10B84000FFFFFFFFFFFFFFFFFFFFFFFFFFFFFFFF08
:10B85000FFFFFFFFFFFFFFFFFFFFFFFFFFFFFFFFF8
:10B86000FFFFFFFFFFFFFFFFFFFFFFFFFFFFFFFFE8
:10B87000FFFFFFFFFFFFFFFFFFFFFFFFFFFFFFFFD8
:10B88000FFFFFFFFFFFFFFFFFFFFFFFFFFFFFFFFC8
:10B89000FFFFFFFFFFFFFFFFFFFFFFFFFFFFFFFFB8
:10B8A000FFFFFFFFFFFFFFFFFFFFFFFFFFFFFFFFA8
:10B8B000FFFFFFFFFFFFFFFFFFFFFFFFFFFFFFFF98
:10B8C000FFFFFFFFFFFFFFFFFFFFFFFFFFFFFFFF88
:10B8D000FFFFFFFFFFFFFFFFFFFFFFFFFFFFFFFF78
:10B8E000FFFFFFFFFFFFFFFFFFFFFFFFFFFFFFFF68
:10B8F000FFFFFFFFFFFFFFFFFFFFFFFFFFFFFFFF58
:10B90000FFFFFFFFFFFFFFFFFFFFFFFFFFFFFFFF47
:10B91000FFFFFFFFFFFFFFFFFFFFFFFFFFFFFFFF37
:10B92000FFFFFFFFFFFFFFFFFFFFFFFFFFFFFFFF27
:10B93000FFFFFFFFFFFFFFFFFFFFFFFFFFFFFFFF17
:10B94000FFFFFFFFFFFFFFFFFFFFFFFFFFFFFFFF07
:10B95000FFFFFFFFFFFFFFFFFFFFFFFFFFFFFFFFF7
:10B96000FFFFFFFFFFFFFFFFFFFFFFFFFFFFFFFFE7
:10B97000FFFFFFFFFFFFFFFFFFFFFFFFFFFFFFFFD7
:10B98000FFFFFFFFFFFFFFFFFFFFFFFFFFFFFFFFC7
:10B99000FFFFFFFFFFFFFFFFFFFFFFFFFFFFFFFFB7
:10B9A000FFFFFFFFFFFFFFFFFFFFFFFFFFFFFFFFA7
:10B9B000FFFFFFFFFFFFFFFFFFFFFFFFFFFFFFFF97
:10B9C000FFFFFFFFFFFFFFFFFFFFFFFFFFFFFFFF87
:10B9D000FFFFFFFFFFFFFFFFFFFFFFFFFFFFFFFF77
:10B9E000FFFFFFFFFFFFFFFFFFFFFFFFFFFFFFFF67
:10B9F000FFFFFFFFFFFFFFFFFFFFFFFFFFFFFFFF57
:10BA0000FFFFFFFFFFFFFFFFFFFFFFFFFFFFFFFF46
:10BA1000FFFFFFFFFFFFFFFFFFFFFFFFFFFFFFFF36
:10BA2000FFFFFFFFFFFFFFFFFFFFFFFFFFFFFFFF26
:10BA3000FFFFFFFFFFFFFFFFFFFFFFFFFFFFFFFF16
:10BA4000FFFFFFFFFFFFFFFFFFFFFFFFFFFFFFFF06
:10BA5000FFFFFFFFFFFFFFFFFFFFFFFFFFFFFFFFF6
:10BA6000FFFFFFFFFFFFFFFFFFFFFFFFFFFFFFFFE6
:10BA7000FFFFFFFFFFFFFFFFFFFFFFFFFFFFFFFFD6
:10BA8000FFFFFFFFFFFFFFFFFFFFFFFFFFFFFFFFC6
:10BA9000FFFFFFFFFFFFFFFFFFFFFFFFFFFFFFFFB6
:10BAA000FFFFFFFFFFFFFFFFFFFFFFFFFFFFFFFFA6
:10BAB000FFFFFFFFFFFFFFFFFFFFFFFFFFFFFFFF96
:10BAC000FFFFFFFFFFFFFFFFFFFFFFFFFFFFFFFF86
:10BAD000FFFFFFFFFFFFFFFFFFFFFFFFFFFFFFFF76
:10BAE000FFFFFFFFFFFFFFFFFFFFFFFFFFFFFFFF66
:10BAF000FFFFFFFFFFFFFFFFFFFFFFFFFFFFFFFF56
:10BB0000FFFFFFFFFFFFFFFFFFFFFFFFFFFFFFFF45
:10BB1000FFFFFFFFFFFFFFFFFFFFFFFFFFFFFFFF35
:10BB2000FFFFFFFFFFFFFFFFFFFFFFFFFFFFFFFF25
:10BB3000FFFFFFFFFFFFFFFFFFFFFFFFFFFFFFFF15
:10BB4000FFFFFFFFFFFFFFFFFFFFFFFFFFFFFFFF05
:10BB5000FFFFFFFFFFFFFFFFFFFFFFFFFFFFFFFFF5
:10BB6000FFFFFFFFFFFFFFFFFFFFFFFFFFFFFFFFE5
:10BB7000FFFFFFFFFFFFFFFFFFFFFFFFFFFFFFFFD5
:10BB8000FFFFFFFFFFFFFFFFFFFFFFFFFFFFFFFFC5
:10BB9000FFFFFFFFFFFFFFFFFFFFFFFFFFFFFFFFB5
:10BBA000FFFFFFFFFFFFFFFFFFFFFFFFFFFFFFFFA5
:10BBB000FFFFFFFFFFFFFFFFFFFFFFFFFFFFFFFF95
:10BBC000FFFFFFFFFFFFFFFFFFFFFFFFFFFFFFFF85
:10BBD000FFFFFFFFFFFFFFFFFFFFFFFFFFFFFFFF75
:10BBE000FFFFFFFFFFFFFFFFFFFFFFFFFFFFFFFF65
:10BBF000FFFFFFFFFFFFFFFFFFFFFFFFFFFFFFFF55
:10BC0000FFFFFFFFFFFFFFFFFFFFFFFFFFFFFFFF44
:10BC1000FFFFFFFFFFFFFFFFFFFFFFFFFFFFFFFF34
:10BC2000FFFFFFFFFFFFFFFFFFFFFFFFFFFFFFFF24
:10BC3000FFFFFFFFFFFFFFFFFFFFFFFFFFFFFFFF14
:10BC4000FFFFFFFFFFFFFFFFFFFFFFFFFFFFFFFF04
:10BC5000FFFFFFFFFFFFFFFFFFFFFFFFFFFFFFFFF4
:10BC6000FFFFFFFFFFFFFFFFFFFFFFFFFFFFFFFFE4
:10BC7000FFFFFFFFFFFFFFFFFFFFFFFFFFFFFFFFD4
:10BC8000FFFFFFFFFFFFFFFFFFFFFFFFFFFFFFFFC4
:10BC9000FFFFFFFFFFFFFFFFFFFFFFFFFFFFFFFFB4
:10BCA000FFFFFFFFFFFFFFFFFFFFFFFFFFFFFFFFA4
:10BCB000FFFFFFFFFFFFFFFFFFFFFFFFFFFFFFFF94
:10BCC000FFFFFFFFFFFFFFFFFFFFFFFFFFFFFFFF84
:10BCD000FFFFFFFFFFFFFFFFFFFFFFFFFFFFFFFF74
:10BCE000FFFFFFFFFFFFFFFFFFFFFFFFFFFFFFFF64
:10BCF000FFFFFFFFFFFFFFFFFFFFFFFFFFFFFFFF54
:10BD0000FFFFFFFFFFFFFFFFFFFFFFFFFFFFFFFF43
:10BD1000FFFFFFFFFFFFFFFFFFFFFFFFFFFFFFFF33
:10BD2000FFFFFFFFFFFFFFFFFFFFFFFFFFFFFFFF23
:10BD3000FFFFFFFFFFFFFFFFFFFFFFFFFFFFFFFF13
:10BD4000FFFFFFFFFFFFFFFFFFFFFFFFFFFFFFFF03
:10BD5000FFFFFFFFFFFFFFFFFFFFFFFFFFFFFFFFF3
:10BD6000FFFFFFFFFFFFFFFFFFFFFFFFFFFFFFFFE3
:10BD7000FFFFFFFFFFFFFFFFFFFFFFFFFFFFFFFFD3
:10BD8000FFFFFFFFFFFFFFFFFFFFFFFFFFFFFFFFC3
:10BD9000FFFFFFFFFFFFFFFFFFFFFFFFFFFFFFFFB3
:10BDA000FFFFFFFFFFFFFFFFFFFFFFFFFFFFFFFFA3
:10BDB000FFFFFFFFFFFFFFFFFFFFFFFFFFFFFFFF93
:10BDC000FFFFFFFFFFFFFFFFFFFFFFFFFFFFFFFF83
:10BDD000FFFFFFFFFFFFFFFFFFFFFFFFFFFFFFFF73
:10BDE000FFFFFFFFFFFFFFFFFFFFFFFFFFFFFFFF63
:10BDF000FFFFFFFFFFFFFFFFFFFFFFFFFFFFFFFF53
:10BE0000FFFFFFFFFFFFFFFFFFFFFFFFFFFFFFFF42
:10BE1000FFFFFFFFFFFFFFFFFFFFFFFFFFFFFFFF32
:10BE2000FFFFFFFFFFFFFFFFFFFFFFFFFFFFFFFF22
:10BE3000FFFFFFFFFFFFFFFFFFFFFFFFFFFFFFFF12
:10BE4000FFFFFFFFFFFFFFFFFFFFFFFFFFFFFFFF02
:10BE5000FFFFFFFFFFFFFFFFFFFFFFFFFFFFFFFFF2
:10BE6000FFFFFFFFFFFFFFFFFFFFFFFFFFFFFFFFE2
:10BE7000FFFFFFFFFFFFFFFFFFFFFFFFFFFFFFFFD2
:10BE8000FFFFFFFFFFFFFFFFFFFFFFFFFFFFFFFFC2
:10BE9000FFFFFFFFFFFFFFFFFFFFFFFFFFFFFFFFB2
:10BEA000FFFFFFFFFFFFFFFFFFFFFFFFFFFFFFFFA2
:10BEB000FFFFFFFFFFFFFFFFFFFFFFFFFFFFFFFF92
:10BEC000FFFFFFFFFFFFFFFFFFFFFFFFFFFFFFFF82
:10BED000FFFFFFFFFFFFFFFFFFFFFFFFFFFFFFFF72
:10BEE000FFFFFFFFFFFFFFFFFFFFFFFFFFFFFFFF62
:10BEF000FFFFFFFFFFFFFFFFFFFFFFFFFFFFFFFF52
:10BF0000FFFFFFFFFFFFFFFFFFFFFFFFFFFFFFFF41
:10BF1000FFFFFFFFFFFFFFFFFFFFFFFFFFFFFFFF31
:10BF2000FFFFFFFFFFFFFFFFFFFFFFFFFFFFFFFF21
:10BF3000FFFFFFFFFFFFFFFFFFFFFFFFFFFFFFFF11
:10BF4000FFFFFFFFFFFFFFFFFFFFFFFFFFFFFFFF01
:10BF5000FFFFFFFFFFFFFFFFFFFFFFFFFFFFFFFFF1
:10BF6000FFFFFFFFFFFFFFFFFFFFFFFFFFFFFFFFE1
:10BF7000FFFFFFFFFFFFFFFFFFFFFFFFFFFFFFFFD1
:10BF8000FFFFFFFFFFFFFFFFFFFFFFFFFFFFFFFFC1
:10BF9000FFFFFFFFFFFFFFFFFFFFFFFFFFFFFFFFB1
:10BFA000FFFFFFFFFFFFFFFFFFFFFFFFFFFFFFFFA1
:10BFB000FFFFFFFFFFFFFFFFFFFFFFFFFFFFFFFF91
:10BFC000FFFFFFFFFFFFFFFFFFFFFFFFFFFFFFFF81
:10BFD000FFFFFFFFFFFFFFFFFFFFFFFFFFFFFFFF71
:10BFE000FFFFFFFFFFFFFFFFFFFFFFFFFFFFFFFF61
:10BFF000FFFFFFFFFFFFFFFFFFFFFFFFFFFFFFFF51
:10C00000FFFFFFFFFFFFFFFFFFFFFFFFFFFFFFFF40
:10C01000FFFFFFFFFFFFFFFFFFFFFFFFFFFFFFFF30
:10C02000FFFFFFFFFFFFFFFFFFFFFFFFFFFFFFFF20
:10C03000FFFFFFFFFFFFFFFFFFFFFFFFFFFFFFFF10
:10C04000FFFFFFFFFFFFFFFFFFFFFFFFFFFFFFFF00
:10C05000FFFFFFFFFFFFFFFFFFFFFFFFFFFFFFFFF0
:10C06000FFFFFFFFFFFFFFFFFFFFFFFFFFFFFFFFE0
:10C07000FFFFFFFFFFFFFFFFFFFFFFFFFFFFFFFFD0
:10C08000FFFFFFFFFFFFFFFFFFFFFFFFFFFFFFFFC0
:10C09000FFFFFFFFFFFFFFFFFFFFFFFFFFFFFFFFB0
:10C0A000FFFFFFFFFFFFFFFFFFFFFFFFFFFFFFFFA0
:10C0B000FFFFFFFFFFFFFFFFFFFFFFFFFFFFFFFF90
:10C0C000FFFFFFFFFFFFFFFFFFFFFFFFFFFFFFFF80
:10C0D000FFFFFFFFFFFFFFFFFFFFFFFFFFFFFFFF70
:10C0E000FFFFFFFFFFFFFFFFFFFFFFFFFFFFFFFF60
:10C0F000FFFFFFFFFFFFFFFFFFFFFFFFFFFFFFFF50
:10C10000FFFFFFFFFFFFFFFFFFFFFFFFFFFFFFFF3F
:10C11000FFFFFFFFFFFFFFFFFFFFFFFFFFFFFFFF2F
:10C12000FFFFFFFFFFFFFFFFFFFFFFFFFFFFFFFF1F
:10C13000FFFFFFFFFFFFFFFFFFFFFFFFFFFFFFFF0F
:10C14000FFFFFFFFFFFFFFFFFFFFFFFFFFFFFFFFFF
:10C15000FFFFFFFFFFFFFFFFFFFFFFFFFFFFFFFFEF
:10C16000FFFFFFFFFFFFFFFFFFFFFFFFFFFFFFFFDF
:10C17000FFFFFFFFFFFFFFFFFFFFFFFFFFFFFFFFCF
:10C18000FFFFFFFFFFFFFFFFFFFFFFFFFFFFFFFFBF
:10C19000FFFFFFFFFFFFFFFFFFFFFFFFFFFFFFFFAF
:10C1A000FFFFFFFFFFFFFFFFFFFFFFFFFFFFFFFF9F
:10C1B000FFFFFFFFFFFFFFFFFFFFFFFFFFFFFFFF8F
:10C1C000FFFFFFFFFFFFFFFFFFFFFFFFFFFFFFFF7F
:10C1D000FFFFFFFFFFFFFFFFFFFFFFFFFFFFFFFF6F
:10C1E000FFFFFFFFFFFFFFFFFFFFFFFFFFFFFFFF5F
:10C1F000FFFFFFFFFFFFFFFFFFFFFFFFFFFFFFFF4F
:10C20000FFFFFFFFFFFFFFFFFFFFFFFFFFFFFFFF3E
:10C21000FFFFFFFFFFFFFFFFFFFFFFFFFFFFFFFF2E
:10C22000FFFFFFFFFFFFFFFFFFFFFFFFFFFFFFFF1E
:10C23000FFFFFFFFFFFFFFFFFFFFFFFFFFFFFFFF0E
:10C24000FFFFFFFFFFFFFFFFFFFFFFFFFFFFFFFFFE
:10C25000FFFFFFFFFFFFFFFFFFFFFFFFFFFFFFFFEE
:10C26000FFFFFFFFFFFFFFFFFFFFFFFFFFFFFFFFDE
:10C27000FFFFFFFFFFFFFFFFFFFFFFFFFFFFFFFFCE
:10C28000FFFFFFFFFFFFFFFFFFFFFFFFFFFFFFFFBE
:10C29000FFFFFFFFFFFFFFFFFFFFFFFFFFFFFFFFAE
:10C2A000FFFFFFFFFFFFFFFFFFFFFFFFFFFFFFFF9E
:10C2B000FFFFFFFFFFFFFFFFFFFFFFFFFFFFFFFF8E
:10C2C000FFFFFFFFFFFFFFFFFFFFFFFFFFFFFFFF7E
:10C2D000FFFFFFFFFFFFFFFFFFFFFFFFFFFFFFFF6E
:10C2E000FFFFFFFFFFFFFFFFFFFFFFFFFFFFFFFF5E
:10C2F000FFFFFFFFFFFFFFFFFFFFFFFFFFFFFFFF4E
:10C30000FFFFFFFFFFFFFFFFFFFFFFFFFFFFFFFF3D
:10C31000FFFFFFFFFFFFFFFFFFFFFFFFFFFFFFFF2D
:10C32000FFFFFFFFFFFFFFFFFFFFFFFFFFFFFFFF1D
:10C33000FFFFFFFFFFFFFFFFFFFFFFFFFFFFFFFF0D
:10C34000FFFFFFFFFFFFFFFFFFFFFFFFFFFFFFFFFD
:10C35000FFFFFFFFFFFFFFFFFFFFFFFFFFFFFFFFED
:10C36000FFFFFFFFFFFFFFFFFFFFFFFFFFFFFFFFDD
:10C37000FFFFFFFFFFFFFFFFFFFFFFFFFFFFFFFFCD
:10C38000FFFFFFFFFFFFFFFFFFFFFFFFFFFFFFFFBD
:10C39000FFFFFFFFFFFFFFFFFFFFFFFFFFFFFFFFAD
:10C3A000FFFFFFFFFFFFFFFFFFFFFFFFFFFFFFFF9D
:10C3B000FFFFFFFFFFFFFFFFFFFFFFFFFFFFFFFF8D
:10C3C000FFFFFFFFFFFFFFFFFFFFFFFFFFFFFFFF7D
:10C3D000FFFFFFFFFFFFFFFFFFFFFFFFFFFFFFFF6D
:10C3E000FFFFFFFFFFFFFFFFFFFFFFFFFFFFFFFF5D
:10C3F000FFFFFFFFFFFFFFFFFFFFFFFFFFFFFFFF4D
:10C40000FFFFFFFFFFFFFFFFFFFFFFFFFFFFFFFF3C
:10C41000FFFFFFFFFFFFFFFFFFFFFFFFFFFFFFFF2C
:10C42000FFFFFFFFFFFFFFFFFFFFFFFFFFFFFFFF1C
:10C43000FFFFFFFFFFFFFFFFFFFFFFFFFFFFFFFF0C
:10C44000FFFFFFFFFFFFFFFFFFFFFFFFFFFFFFFFFC
:10C45000FFFFFFFFFFFFFFFFFFFFFFFFFFFFFFFFEC
:10C46000FFFFFFFFFFFFFFFFFFFFFFFFFFFFFFFFDC
:10C47000FFFFFFFFFFFFFFFFFFFFFFFFFFFFFFFFCC
:10C48000FFFFFFFFFFFFFFFFFFFFFFFFFFFFFFFFBC
:10C49000FFFFFFFFFFFFFFFFFFFFFFFFFFFFFFFFAC
:10C4A000FFFFFFFFFFFFFFFFFFFFFFFFFFFFFFFF9C
:10C4B000FFFFFFFFFFFFFFFFFFFFFFFFFFFFFFFF8C
:10C4C000FFFFFFFFFFFFFFFFFFFFFFFFFFFFFFFF7C
:10C4D000FFFFFFFFFFFFFFFFFFFFFFFFFFFFFFFF6C
:10C4E000FFFFFFFFFFFFFFFFFFFFFFFFFFFFFFFF5C
:10C4F000FFFFFFFFFFFFFFFFFFFFFFFFFFFFFFFF4C
:10C50000FFFFFFFFFFFFFFFFFFFFFFFFFFFFFFFF3B
:10C51000FFFFFFFFFFFFFFFFFFFFFFFFFFFFFFFF2B
:10C52000FFFFFFFFFFFFFFFFFFFFFFFFFFFFFFFF1B
:10C53000FFFFFFFFFFFFFFFFFFFFFFFFFFFFFFFF0B
:10C54000FFFFFFFFFFFFFFFFFFFFFFFFFFFFFFFFFB
:10C55000FFFFFFFFFFFFFFFFFFFFFFFFFFFFFFFFEB
:10C56000FFFFFFFFFFFFFFFFFFFFFFFFFFFFFFFFDB
:10C57000FFFFFFFFFFFFFFFFFFFFFFFFFFFFFFFFCB
:10C58000FFFFFFFFFFFFFFFFFFFFFFFFFFFFFFFFBB
:10C59000FFFFFFFFFFFFFFFFFFFFFFFFFFFFFFFFAB
:10C5A000FFFFFFFFFFFFFFFFFFFFFFFFFFFFFFFF9B
:10C5B000FFFFFFFFFFFFFFFFFFFFFFFFFFFFFFFF8B
:10C5C000FFFFFFFFFFFFFFFFFFFFFFFFFFFFFFFF7B
:10C5D000FFFFFFFFFFFFFFFFFFFFFFFFFFFFFFFF6B
:10C5E000FFFFFFFFFFFFFFFFFFFFFFFFFFFFFFFF5B
:10C5F000FFFFFFFFFFFFFFFFFFFFFFFFFFFFFFFF4B
:10C60000FFFFFFFFFFFFFFFFFFFFFFFFFFFFFFFF3A
:10C61000FFFFFFFFFFFFFFFFFFFFFFFFFFFFFFFF2A
:10C62000FFFFFFFFFFFFFFFFFFFFFFFFFFFFFFFF1A
:10C63000FFFFFFFFFFFFFFFFFFFFFFFFFFFFFFFF0A
:10C64000FFFFFFFFFFFFFFFFFFFFFFFFFFFFFFFFFA
:10C65000FFFFFFFFFFFFFFFFFFFFFFFFFFFFFFFFEA
:10C66000FFFFFFFFFFFFFFFFFFFFFFFFFFFFFFFFDA
:10C67000FFFFFFFFFFFFFFFFFFFFFFFFFFFFFFFFCA
:10C68000FFFFFFFFFFFFFFFFFFFFFFFFFFFFFFFFBA
:10C69000FFFFFFFFFFFFFFFFFFFFFFFFFFFFFFFFAA
:10C6A000FFFFFFFFFFFFFFFFFFFFFFFFFFFFFFFF9A
:10C6B000FFFFFFFFFFFFFFFFFFFFFFFFFFFFFFFF8A
:10C6C000FFFFFFFFFFFFFFFFFFFFFFFFFFFFFFFF7A
:10C6D000FFFFFFFFFFFFFFFFFFFFFFFFFFFFFFFF6A
:10C6E000FFFFFFFFFFFFFFFFFFFFFFFFFFFFFFFF5A
:10C6F000FFFFFFFFFFFFFFFFFFFFFFFFFFFFFFFF4A
:10C70000FFFFFFFFFFFFFFFFFFFFFFFFFFFFFFFF39
:10C71000FFFFFFFFFFFFFFFFFFFFFFFFFFFFFFFF29
:10C72000FFFFFFFFFFFFFFFFFFFFFFFFFFFFFFFF19
:10C73000FFFFFFFFFFFFFFFFFFFFFFFFFFFFFFFF09
:10C74000FFFFFFFFFFFFFFFFFFFFFFFFFFFFFFFFF9
:10C75000FFFFFFFFFFFFFFFFFFFFFFFFFFFFFFFFE9
:10C76000FFFFFFFFFFFFFFFFFFFFFFFFFFFFFFFFD9
:10C77000FFFFFFFFFFFFFFFFFFFFFFFFFFFFFFFFC9
:10C78000FFFFFFFFFFFFFFFFFFFFFFFFFFFFFFFFB9
:10C79000FFFFFFFFFFFFFFFFFFFFFFFFFFFFFFFFA9
:10C7A000FFFFFFFFFFFFFFFFFFFFFFFFFFFFFFFF99
:10C7B000FFFFFFFFFFFFFFFFFFFFFFFFFFFFFFFF89
:10C7C000FFFFFFFFFFFFFFFFFFFFFFFFFFFFFFFF79
:10C7D000FFFFFFFFFFFFFFFFFFFFFFFFFFFFFFFF69
:10C7E000FFFFFFFFFFFFFFFFFFFFFFFFFFFFFFFF59
:10C7F000FFFFFFFFFFFFFFFFFFFFFFFFFFFFFFFF49
:10C80000FFFFFFFFFFFFFFFFFFFFFFFFFFFFFFFF38
:10C81000FFFFFFFFFFFFFFFFFFFFFFFFFFFFFFFF28
:10C82000FFFFFFFFFFFFFFFFFFFFFFFFFFFFFFFF18
:10C83000FFFFFFFFFFFFFFFFFFFFFFFFFFFFFFFF08
:10C84000FFFFFFFFFFFFFFFFFFFFFFFFFFFFFFFFF8
:10C85000FFFFFFFFFFFFFFFFFFFFFFFFFFFFFFFFE8
:10C86000FFFFFFFFFFFFFFFFFFFFFFFFFFFFFFFFD8
:10C87000FFFFFFFFFFFFFFFFFFFFFFFFFFFFFFFFC8
:10C88000FFFFFFFFFFFFFFFFFFFFFFFFFFFFFFFFB8
:10C89000FFFFFFFFFFFFFFFFFFFFFFFFFFFFFFFFA8
:10C8A000FFFFFFFFFFFFFFFFFFFFFFFFFFFFFFFF98
:10C8B000FFFFFFFFFFFFFFFFFFFFFFFFFFFFFFFF88
:10C8C000FFFFFFFFFFFFFFFFFFFFFFFFFFFFFFFF78
:10C8D000FFFFFFFFFFFFFFFFFFFFFFFFFFFFFFFF68
:10C8E000FFFFFFFFFFFFFFFFFFFFFFFFFFFFFFFF58
:10C8F000FFFFFFFFFFFFFFFFFFFFFFFFFFFFFFFF48
:10C90000FFFFFFFFFFFFFFFFFFFFFFFFFFFFFFFF37
:10C91000FFFFFFFFFFFFFFFFFFFFFFFFFFFFFFFF27
:10C92000FFFFFFFFFFFFFFFFFFFFFFFFFFFFFFFF17
:10C93000FFFFFFFFFFFFFFFFFFFFFFFFFFFFFFFF07
:10C94000FFFFFFFFFFFFFFFFFFFFFFFFFFFFFFFFF7
:10C95000FFFFFFFFFFFFFFFFFFFFFFFFFFFFFFFFE7
:10C96000FFFFFFFFFFFFFFFFFFFFFFFFFFFFFFFFD7
:10C97000FFFFFFFFFFFFFFFFFFFFFFFFFFFFFFFFC7
:10C98000FFFFFFFFFFFFFFFFFFFFFFFFFFFFFFFFB7
:10C99000FFFFFFFFFFFFFFFFFFFFFFFFFFFFFFFFA7
:10C9A000FFFFFFFFFFFFFFFFFFFFFFFFFFFFFFFF97
:10C9B000FFFFFFFFFFFFFFFFFFFFFFFFFFFFFFFF87
:10C9C000FFFFFFFFFFFFFFFFFFFFFFFFFFFFFFFF77
:10C9D000FFFFFFFFFFFFFFFFFFFFFFFFFFFFFFFF67
:10C9E000FFFFFFFFFFFFFFFFFFFFFFFFFFFFFFFF57
:10C9F000FFFFFFFFFFFFFFFFFFFFFFFFFFFFFFFF47
:10CA0000FFFFFFFFFFFFFFFFFFFFFFFFFFFFFFFF36
:10CA1000FFFFFFFFFFFFFFFFFFFFFFFFFFFFFFFF26
:10CA2000FFFFFFFFFFFFFFFFFFFFFFFFFFFFFFFF16
:10CA3000FFFFFFFFFFFFFFFFFFFFFFFFFFFFFFFF06
:10CA4000FFFFFFFFFFFFFFFFFFFFFFFFFFFFFFFFF6
:10CA5000FFFFFFFFFFFFFFFFFFFFFFFFFFFFFFFFE6
:10CA6000FFFFFFFFFFFFFFFFFFFFFFFFFFFFFFFFD6
:10CA7000FFFFFFFFFFFFFFFFFFFFFFFFFFFFFFFFC6
:10CA8000FFFFFFFFFFFFFFFFFFFFFFFFFFFFFFFFB6
:10CA9000FFFFFFFFFFFFFFFFFFFFFFFFFFFFFFFFA6
:10CAA000FFFFFFFFFFFFFFFFFFFFFFFFFFFFFFFF96
:10CAB000FFFFFFFFFFFFFFFFFFFFFFFFFFFFFFFF86
:10CAC000FFFFFFFFFFFFFFFFFFFFFFFFFFFFFFFF76
:10CAD000FFFFFFFFFFFFFFFFFFFFFFFFFFFFFFFF66
:10CAE000FFFFFFFFFFFFFFFFFFFFFFFFFFFFFFFF56
:10CAF000FFFFFFFFFFFFFFFFFFFFFFFFFFFFFFFF46
:10CB0000FFFFFFFFFFFFFFFFFFFFFFFFFFFFFFFF35
:10CB1000FFFFFFFFFFFFFFFFFFFFFFFFFFFFFFFF25
:10CB2000FFFFFFFFFFFFFFFFFFFFFFFFFFFFFFFF15
:10CB3000FFFFFFFFFFFFFFFFFFFFFFFFFFFFFFFF05
:10CB4000FFFFFFFFFFFFFFFFFFFFFFFFFFFFFFFFF5
:10CB5000FFFFFFFFFFFFFFFFFFFFFFFFFFFFFFFFE5
:10CB6000FFFFFFFFFFFFFFFFFFFFFFFFFFFFFFFFD5
:10CB7000FFFFFFFFFFFFFFFFFFFFFFFFFFFFFFFFC5
:10CB8000FFFFFFFFFFFFFFFFFFFFFFFFFFFFFFFFB5
:10CB9000FFFFFFFFFFFFFFFFFFFFFFFFFFFFFFFFA5
:10CBA000FFFFFFFFFFFFFFFFFFFFFFFFFFFFFFFF95
:10CBB000FFFFFFFFFFFFFFFFFFFFFFFFFFFFFFFF85
:10CBC000FFFFFFFFFFFFFFFFFFFFFFFFFFFFFFFF75
:10CBD000FFFFFFFFFFFFFFFFFFFFFFFFFFFFFFFF65
:10CBE000FFFFFFFFFFFFFFFFFFFFFFFFFFFFFFFF55
:10CBF000FFFFFFFFFFFFFFFFFFFFFFFFFFFFFFFF45
:10CC0000FFFFFFFFFFFFFFFFFFFFFFFFFFFFFFFF34
:10CC1000FFFFFFFFFFFFFFFFFFFFFFFFFFFFFFFF24
:10CC2000FFFFFFFFFFFFFFFFFFFFFFFFFFFFFFFF14
:10CC3000FFFFFFFFFFFFFFFFFFFFFFFFFFFFFFFF04
:10CC4000FFFFFFFFFFFFFFFFFFFFFFFFFFFFFFFFF4
:10CC5000FFFFFFFFFFFFFFFFFFFFFFFFFFFFFFFFE4
:10CC6000FFFFFFFFFFFFFFFFFFFFFFFFFFFFFFFFD4
:10CC7000FFFFFFFFFFFFFFFFFFFFFFFFFFFFFFFFC4
:10CC8000FFFFFFFFFFFFFFFFFFFFFFFFFFFFFFFFB4
:10CC9000FFFFFFFFFFFFFFFFFFFFFFFFFFFFFFFFA4
:10CCA000FFFFFFFFFFFFFFFFFFFFFFFFFFFFFFFF94
:10CCB000FFFFFFFFFFFFFFFFFFFFFFFFFFFFFFFF84
:10CCC000FFFFFFFFFFFFFFFFFFFFFFFFFFFFFFFF74
:10CCD000FFFFFFFFFFFFFFFFFFFFFFFFFFFFFFFF64
:10CCE000FFFFFFFFFFFFFFFFFFFFFFFFFFFFFFFF54
:10CCF000FFFFFFFFFFFFFFFFFFFFFFFFFFFFFFFF44
:10CD0000FFFFFFFFFFFFFFFFFFFFFFFFFFFFFFFF33
:10CD1000FFFFFFFFFFFFFFFFFFFFFFFFFFFFFFFF23
:10CD2000FFFFFFFFFFFFFFFFFFFFFFFFFFFFFFFF13
:10CD3000FFFFFFFFFFFFFFFFFFFFFFFFFFFFFFFF03
:10CD4000FFFFFFFFFFFFFFFFFFFFFFFFFFFFFFFFF3
:10CD5000FFFFFFFFFFFFFFFFFFFFFFFFFFFFFFFFE3
:10CD6000FFFFFFFFFFFFFFFFFFFFFFFFFFFFFFFFD3
:10CD7000FFFFFFFFFFFFFFFFFFFFFFFFFFFFFFFFC3
:10CD8000FFFFFFFFFFFFFFFFFFFFFFFFFFFFFFFFB3
:10CD9000FFFFFFFFFFFFFFFFFFFFFFFFFFFFFFFFA3
:10CDA000FFFFFFFFFFFFFFFFFFFFFFFFFFFFFFFF93
:10CDB000FFFFFFFFFFFFFFFFFFFFFFFFFFFFFFFF83
:10CDC000FFFFFFFFFFFFFFFFFFFFFFFFFFFFFFFF73
:10CDD000FFFFFFFFFFFFFFFFFFFFFFFFFFFFFFFF63
:10CDE000FFFFFFFFFFFFFFFFFFFFFFFFFFFFFFFF53
:10CDF000FFFFFFFFFFFFFFFFFFFFFFFFFFFFFFFF43
:10CE0000FFFFFFFFFFFFFFFFFFFFFFFFFFFFFFFF32
:10CE1000FFFFFFFFFFFFFFFFFFFFFFFFFFFFFFFF22
:10CE2000FFFFFFFFFFFFFFFFFFFFFFFFFFFFFFFF12
:10CE3000FFFFFFFFFFFFFFFFFFFFFFFFFFFFFFFF02
:10CE4000FFFFFFFFFFFFFFFFFFFFFFFFFFFFFFFFF2
:10CE5000FFFFFFFFFFFFFFFFFFFFFFFFFFFFFFFFE2
:10CE6000FFFFFFFFFFFFFFFFFFFFFFFFFFFFFFFFD2
:10CE7000FFFFFFFFFFFFFFFFFFFFFFFFFFFFFFFFC2
:10CE8000FFFFFFFFFFFFFFFFFFFFFFFFFFFFFFFFB2
:10CE9000FFFFFFFFFFFFFFFFFFFFFFFFFFFFFFFFA2
:10CEA000FFFFFFFFFFFFFFFFFFFFFFFFFFFFFFFF92
:10CEB000FFFFFFFFFFFFFFFFFFFFFFFFFFFFFFFF82
:10CEC000FFFFFFFFFFFFFFFFFFFFFFFFFFFFFFFF72
:10CED000FFFFFFFFFFFFFFFFFFFFFFFFFFFFFFFF62
:10CEE000FFFFFFFFFFFFFFFFFFFFFFFFFFFFFFFF52
:10CEF000FFFFFFFFFFFFFFFFFFFFFFFFFFFFFFFF42
:10CF0000FFFFFFFFFFFFFFFFFFFFFFFFFFFFFFFF31
:10CF1000FFFFFFFFFFFFFFFFFFFFFFFFFFFFFFFF21
:10CF2000FFFFFFFFFFFFFFFFFFFFFFFFFFFFFFFF11
:10CF3000FFFFFFFFFFFFFFFFFFFFFFFFFFFFFFFF01
:10CF4000FFFFFFFFFFFFFFFFFFFFFFFFFFFFFFFFF1
:10CF5000FFFFFFFFFFFFFFFFFFFFFFFFFFFFFFFFE1
:10CF6000FFFFFFFFFFFFFFFFFFFFFFFFFFFFFFFFD1
:10CF7000FFFFFFFFFFFFFFFFFFFFFFFFFFFFFFFFC1
:10CF8000FFFFFFFFFFFFFFFFFFFFFFFFFFFFFFFFB1
:10CF9000FFFFFFFFFFFFFFFFFFFFFFFFFFFFFFFFA1
:10CFA000FFFFFFFFFFFFFFFFFFFFFFFFFFFFFFFF91
:10CFB000FFFFFFFFFFFFFFFFFFFFFFFFFFFFFFFF81
:10CFC000FFFFFFFFFFFFFFFFFFFFFFFFFFFFFFFF71
:10CFD000FFFFFFFFFFFFFFFFFFFFFFFFFFFFFFFF61
:10CFE000FFFFFFFFFFFFFFFFFFFFFFFFFFFFFFFF51
:10CFF000FFFFFFFFFFFFFFFFFFFFFFFFFFFFFFFF41
:10D00000FFFFFFFFFFFFFFFFFFFFFFFFFFFFFFFF30
:10D01000FFFFFFFFFFFFFFFFFFFFFFFFFFFFFFFF20
:10D02000FFFFFFFFFFFFFFFFFFFFFFFFFFFFFFFF10
:10D03000FFFFFFFFFFFFFFFFFFFFFFFFFFFFFFFF00
:10D04000FFFFFFFFFFFFFFFFFFFFFFFFFFFFFFFFF0
:10D05000FFFFFFFFFFFFFFFFFFFFFFFFFFFFFFFFE0
:10D06000FFFFFFFFFFFFFFFFFFFFFFFFFFFFFFFFD0
:10D07000FFFFFFFFFFFFFFFFFFFFFFFFFFFFFFFFC0
:10D08000FFFFFFFFFFFFFFFFFFFFFFFFFFFFFFFFB0
:10D09000FFFFFFFFFFFFFFFFFFFFFFFFFFFFFFFFA0
:10D0A000FFFFFFFFFFFFFFFFFFFFFFFFFFFFFFFF90
:10D0B000FFFFFFFFFFFFFFFFFFFFFFFFFFFFFFFF80
:10D0C000FFFFFFFFFFFFFFFFFFFFFFFFFFFFFFFF70
:10D0D000FFFFFFFFFFFFFFFFFFFFFFFFFFFFFFFF60
:10D0E000FFFFFFFFFFFFFFFFFFFFFFFFFFFFFFFF50
:10D0F000FFFFFFFFFFFFFFFFFFFFFFFFFFFFFFFF40
:10D10000FFFFFFFFFFFFFFFFFFFFFFFFFFFFFFFF2F
:10D11000FFFFFFFFFFFFFFFFFFFFFFFFFFFFFFFF1F
:10D12000FFFFFFFFFFFFFFFFFFFFFFFFFFFFFFFF0F
:10D13000FFFFFFFFFFFFFFFFFFFFFFFFFFFFFFFFFF
:10D14000FFFFFFFFFFFFFFFFFFFFFFFFFFFFFFFFEF
:10D15000FFFFFFFFFFFFFFFFFFFFFFFFFFFFFFFFDF
:10D16000FFFFFFFFFFFFFFFFFFFFFFFFFFFFFFFFCF
:10D17000FFFFFFFFFFFFFFFFFFFFFFFFFFFFFFFFBF
:10D18000FFFFFFFFFFFFFFFFFFFFFFFFFFFFFFFFAF
:10D19000FFFFFFFFFFFFFFFFFFFFFFFFFFFFFFFF9F
:10D1A000FFFFFFFFFFFFFFFFFFFFFFFFFFFFFFFF8F
:10D1B000FFFFFFFFFFFFFFFFFFFFFFFFFFFFFFFF7F
:10D1C000FFFFFFFFFFFFFFFFFFFFFFFFFFFFFFFF6F
:10D1D000FFFFFFFFFFFFFFFFFFFFFFFFFFFFFFFF5F
:10D1E000FFFFFFFFFFFFFFFFFFFFFFFFFFFFFFFF4F
:10D1F000FFFFFFFFFFFFFFFFFFFFFFFFFFFFFFFF3F
:10D20000FFFFFFFFFFFFFFFFFFFFFFFFFFFFFFFF2E
:10D21000FFFFFFFFFFFFFFFFFFFFFFFFFFFFFFFF1E
:10D22000FFFFFFFFFFFFFFFFFFFFFFFFFFFFFFFF0E
:10D23000FFFFFFFFFFFFFFFFFFFFFFFFFFFFFFFFFE
:10D24000FFFFFFFFFFFFFFFFFFFFFFFFFFFFFFFFEE
:10D25000FFFFFFFFFFFFFFFFFFFFFFFFFFFFFFFFDE
:10D26000FFFFFFFFFFFFFFFFFFFFFFFFFFFFFFFFCE
:10D27000FFFFFFFFFFFFFFFFFFFFFFFFFFFFFFFFBE
:10D28000FFFFFFFFFFFFFFFFFFFFFFFFFFFFFFFFAE
:10D29000FFFFFFFFFFFFFFFFFFFFFFFFFFFFFFFF9E
:10D2A000FFFFFFFFFFFFFFFFFFFFFFFFFFFFFFFF8E
:10D2B000FFFFFFFFFFFFFFFFFFFFFFFFFFFFFFFF7E
:10D2C000FFFFFFFFFFFFFFFFFFFFFFFFFFFFFFFF6E
:10D2D000FFFFFFFFFFFFFFFFFFFFFFFFFFFFFFFF5E
:10D2E000FFFFFFFFFFFFFFFFFFFFFFFFFFFFFFFF4E
:10D2F000FFFFFFFFFFFFFFFFFFFFFFFFFFFFFFFF3E
:10D30000FFFFFFFFFFFFFFFFFFFFFFFFFFFFFFFF2D
:10D31000FFFFFFFFFFFFFFFFFFFFFFFFFFFFFFFF1D
:10D32000FFFFFFFFFFFFFFFFFFFFFFFFFFFFFFFF0D
:10D33000FFFFFFFFFFFFFFFFFFFFFFFFFFFFFFFFFD
:10D34000FFFFFFFFFFFFFFFFFFFFFFFFFFFFFFFFED
:10D35000FFFFFFFFFFFFFFFFFFFFFFFFFFFFFFFFDD
:10D36000FFFFFFFFFFFFFFFFFFFFFFFFFFFFFFFFCD
:10D37000FFFFFFFFFFFFFFFFFFFFFFFFFFFFFFFFBD
:10D38000FFFFFFFFFFFFFFFFFFFFFFFFFFFFFFFFAD
:10D39000FFFFFFFFFFFFFFFFFFFFFFFFFFFFFFFF9D
:10D3A000FFFFFFFFFFFFFFFFFFFFFFFFFFFFFFFF8D
:10D3B000FFFFFFFFFFFFFFFFFFFFFFFFFFFFFFFF7D
:10D3C000FFFFFFFFFFFFFFFFFFFFFFFFFFFFFFFF6D
:10D3D000FFFFFFFFFFFFFFFFFFFFFFFFFFFFFFFF5D
:10D3E000FFFFFFFFFFFFFFFFFFFFFFFFFFFFFFFF4D
:10D3F000FFFFFFFFFFFFFFFFFFFFFFFFFFFFFFFF3D
:10D40000FFFFFFFFFFFFFFFFFFFFFFFFFFFFFFFF2C
:10D41000FFFFFFFFFFFFFFFFFFFFFFFFFFFFFFFF1C
:10D42000FFFFFFFFFFFFFFFFFFFFFFFFFFFFFFFF0C
:10D43000FFFFFFFFFFFFFFFFFFFFFFFFFFFFFFFFFC
:10D44000FFFFFFFFFFFFFFFFFFFFFFFFFFFFFFFFEC
:10D45000FFFFFFFFFFFFFFFFFFFFFFFFFFFFFFFFDC
:10D46000FFFFFFFFFFFFFFFFFFFFFFFFFFFFFFFFCC
:10D47000FFFFFFFFFFFFFFFFFFFFFFFFFFFFFFFFBC
:10D48000FFFFFFFFFFFFFFFFFFFFFFFFFFFFFFFFAC
:10D49000FFFFFFFFFFFFFFFFFFFFFFFFFFFFFFFF9C
:10D4A000FFFFFFFFFFFFFFFFFFFFFFFFFFFFFFFF8C
:10D4B000FFFFFFFFFFFFFFFFFFFFFFFFFFFFFFFF7C
:10D4C000FFFFFFFFFFFFFFFFFFFFFFFFFFFFFFFF6C
:10D4D000FFFFFFFFFFFFFFFFFFFFFFFFFFFFFFFF5C
:10D4E000FFFFFFFFFFFFFFFFFFFFFFFFFFFFFFFF4C
:10D4F000FFFFFFFFFFFFFFFFFFFFFFFFFFFFFFFF3C
:10D50000FFFFFFFFFFFFFFFFFFFFFFFFFFFFFFFF2B
:10D51000FFFFFFFFFFFFFFFFFFFFFFFFFFFFFFFF1B
:10D52000FFFFFFFFFFFFFFFFFFFFFFFFFFFFFFFF0B
:10D53000FFFFFFFFFFFFFFFFFFFFFFFFFFFFFFFFFB
:10D54000FFFFFFFFFFFFFFFFFFFFFFFFFFFFFFFFEB
:10D55000FFFFFFFFFFFFFFFFFFFFFFFFFFFFFFFFDB
:10D56000FFFFFFFFFFFFFFFFFFFFFFFFFFFFFFFFCB
:10D57000FFFFFFFFFFFFFFFFFFFFFFFFFFFFFFFFBB
:10D58000FFFFFFFFFFFFFFFFFFFFFFFFFFFFFFFFAB
:10D59000FFFFFFFFFFFFFFFFFFFFFFFFFFFFFFFF9B
:10D5A000FFFFFFFFFFFFFFFFFFFFFFFFFFFFFFFF8B
:10D5B000FFFFFFFFFFFFFFFFFFFFFFFFFFFFFFFF7B
:10D5C000FFFFFFFFFFFFFFFFFFFFFFFFFFFFFFFF6B
:10D5D000FFFFFFFFFFFFFFFFFFFFFFFFFFFFFFFF5B
:10D5E000FFFFFFFFFFFFFFFFFFFFFFFFFFFFFFFF4B
:10D5F000FFFFFFFFFFFFFFFFFFFFFFFFFFFFFFFF3B
:10D60000FFFFFFFFFFFFFFFFFFFFFFFFFFFFFFFF2A
:10D61000FFFFFFFFFFFFFFFFFFFFFFFFFFFFFFFF1A
:10D62000FFFFFFFFFFFFFFFFFFFFFFFFFFFFFFFF0A
:10D63000FFFFFFFFFFFFFFFFFFFFFFFFFFFFFFFFFA
:10D64000FFFFFFFFFFFFFFFFFFFFFFFFFFFFFFFFEA
:10D65000FFFFFFFFFFFFFFFFFFFFFFFFFFFFFFFFDA
:10D66000FFFFFFFFFFFFFFFFFFFFFFFFFFFFFFFFCA
:10D67000FFFFFFFFFFFFFFFFFFFFFFFFFFFFFFFFBA
:10D68000FFFFFFFFFFFFFFFFFFFFFFFFFFFFFFFFAA
:10D69000FFFFFFFFFFFFFFFFFFFFFFFFFFFFFFFF9A
:10D6A000FFFFFFFFFFFFFFFFFFFFFFFFFFFFFFFF8A
:10D6B000FFFFFFFFFFFFFFFFFFFFFFFFFFFFFFFF7A
:10D6C000FFFFFFFFFFFFFFFFFFFFFFFFFFFFFFFF6A
:10D6D000FFFFFFFFFFFFFFFFFFFFFFFFFFFFFFFF5A
:10D6E000FFFFFFFFFFFFFFFFFFFFFFFFFFFFFFFF4A
:10D6F000FFFFFFFFFFFFFFFFFFFFFFFFFFFFFFFF3A
:10D70000FFFFFFFFFFFFFFFFFFFFFFFFFFFFFFFF29
:10D71000FFFFFFFFFFFFFFFFFFFFFFFFFFFFFFFF19
:10D72000FFFFFFFFFFFFFFFFFFFFFFFFFFFFFFFF09
:10D73000FFFFFFFFFFFFFFFFFFFFFFFFFFFFFFFFF9
:10D74000FFFFFFFFFFFFFFFFFFFFFFFFFFFFFFFFE9
:10D75000FFFFFFFFFFFFFFFFFFFFFFFFFFFFFFFFD9
:10D76000FFFFFFFFFFFFFFFFFFFFFFFFFFFFFFFFC9
:10D77000FFFFFFFFFFFFFFFFFFFFFFFFFFFFFFFFB9
:10D78000FFFFFFFFFFFFFFFFFFFFFFFFFFFFFFFFA9
:10D79000FFFFFFFFFFFFFFFFFFFFFFFFFFFFFFFF99
:10D7A000FFFFFFFFFFFFFFFFFFFFFFFFFFFFFFFF89
:10D7B000FFFFFFFFFFFFFFFFFFFFFFFFFFFFFFFF79
:10D7C000FFFFFFFFFFFFFFFFFFFFFFFFFFFFFFFF69
:10D7D000FFFFFFFFFFFFFFFFFFFFFFFFFFFFFFFF59
:10D7E000FFFFFFFFFFFFFFFFFFFFFFFFFFFFFFFF49
:10D7F000FFFFFFFFFFFFFFFFFFFFFFFFFFFFFFFF39
:10D80000FFFFFFFFFFFFFFFFFFFFFFFFFFFFFFFF28
:10D81000FFFFFFFFFFFFFFFFFFFFFFFFFFFFFFFF18
:10D82000FFFFFFFFFFFFFFFFFFFFFFFFFFFFFFFF08
:10D83000FFFFFFFFFFFFFFFFFFFFFFFFFFFFFFFFF8
:10D84000FFFFFFFFFFFFFFFFFFFFFFFFFFFFFFFFE8
:10D85000FFFFFFFFFFFFFFFFFFFFFFFFFFFFFFFFD8
:10D86000FFFFFFFFFFFFFFFFFFFFFFFFFFFFFFFFC8
:10D87000FFFFFFFFFFFFFFFFFFFFFFFFFFFFFFFFB8
:10D88000FFFFFFFFFFFFFFFFFFFFFFFFFFFFFFFFA8
:10D89000FFFFFFFFFFFFFFFFFFFFFFFFFFFFFFFF98
:10D8A000FFFFFFFFFFFFFFFFFFFFFFFFFFFFFFFF88
:10D8B000FFFFFFFFFFFFFFFFFFFFFFFFFFFFFFFF78
:10D8C000FFFFFFFFFFFFFFFFFFFFFFFFFFFFFFFF68
:10D8D000FFFFFFFFFFFFFFFFFFFFFFFFFFFFFFFF58
:10D8E000FFFFFFFFFFFFFFFFFFFFFFFFFFFFFFFF48
:10D8F000FFFFFFFFFFFFFFFFFFFFFFFFFFFFFFFF38
:10D90000FFFFFFFFFFFFFFFFFFFFFFFFFFFFFFFF27
:10D91000FFFFFFFFFFFFFFFFFFFFFFFFFFFFFFFF17
:10D92000FFFFFFFFFFFFFFFFFFFFFFFFFFFFFFFF07
:10D93000FFFFFFFFFFFFFFFFFFFFFFFFFFFFFFFFF7
:10D94000FFFFFFFFFFFFFFFFFFFFFFFFFFFFFFFFE7
:10D95000FFFFFFFFFFFFFFFFFFFFFFFFFFFFFFFFD7
:10D96000FFFFFFFFFFFFFFFFFFFFFFFFFFFFFFFFC7
:10D97000FFFFFFFFFFFFFFFFFFFFFFFFFFFFFFFFB7
:10D98000FFFFFFFFFFFFFFFFFFFFFFFFFFFFFFFFA7
:10D99000FFFFFFFFFFFFFFFFFFFFFFFFFFFFFFFF97
:10D9A000FFFFFFFFFFFFFFFFFFFFFFFFFFFFFFFF87
:10D9B000FFFFFFFFFFFFFFFFFFFFFFFFFFFFFFFF77
:10D9C000FFFFFFFFFFFFFFFFFFFFFFFFFFFFFFFF67
:10D9D000FFFFFFFFFFFFFFFFFFFFFFFFFFFFFFFF57
:10D9E000FFFFFFFFFFFFFFFFFFFFFFFFFFFFFFFF47
:10D9F000FFFFFFFFFFFFFFFFFFFFFFFFFFFFFFFF37
:10DA0000FFFFFFFFFFFFFFFFFFFFFFFFFFFFFFFF26
:10DA1000FFFFFFFFFFFFFFFFFFFFFFFFFFFFFFFF16
:10DA2000FFFFFFFFFFFFFFFFFFFFFFFFFFFFFFFF06
:10DA3000FFFFFFFFFFFFFFFFFFFFFFFFFFFFFFFFF6
:10DA4000FFFFFFFFFFFFFFFFFFFFFFFFFFFFFFFFE6
:10DA5000FFFFFFFFFFFFFFFFFFFFFFFFFFFFFFFFD6
:10DA6000FFFFFFFFFFFFFFFFFFFFFFFFFFFFFFFFC6
:10DA7000FFFFFFFFFFFFFFFFFFFFFFFFFFFFFFFFB6
:10DA8000FFFFFFFFFFFFFFFFFFFFFFFFFFFFFFFFA6
:10DA9000FFFFFFFFFFFFFFFFFFFFFFFFFFFFFFFF96
:10DAA000FFFFFFFFFFFFFFFFFFFFFFFFFFFFFFFF86
:10DAB000FFFFFFFFFFFFFFFFFFFFFFFFFFFFFFFF76
:10DAC000FFFFFFFFFFFFFFFFFFFFFFFFFFFFFFFF66
:10DAD000FFFFFFFFFFFFFFFFFFFFFFFFFFFFFFFF56
:10DAE000FFFFFFFFFFFFFFFFFFFFFFFFFFFFFFFF46
:10DAF000FFFFFFFFFFFFFFFFFFFFFFFFFFFFFFFF36
:10DB0000FFFFFFFFFFFFFFFFFFFFFFFFFFFFFFFF25
:10DB1000FFFFFFFFFFFFFFFFFFFFFFFFFFFFFFFF15
:10DB2000FFFFFFFFFFFFFFFFFFFFFFFFFFFFFFFF05
:10DB3000FFFFFFFFFFFFFFFFFFFFFFFFFFFFFFFFF5
:10DB4000FFFFFFFFFFFFFFFFFFFFFFFFFFFFFFFFE5
:10DB5000FFFFFFFFFFFFFFFFFFFFFFFFFFFFFFFFD5
:10DB6000FFFFFFFFFFFFFFFFFFFFFFFFFFFFFFFFC5
:10DB7000FFFFFFFFFFFFFFFFFFFFFFFFFFFFFFFFB5
:10DB8000FFFFFFFFFFFFFFFFFFFFFFFFFFFFFFFFA5
:10DB9000FFFFFFFFFFFFFFFFFFFFFFFFFFFFFFFF95
:10DBA000FFFFFFFFFFFFFFFFFFFFFFFFFFFFFFFF85
:10DBB000FFFFFFFFFFFFFFFFFFFFFFFFFFFFFFFF75
:10DBC000FFFFFFFFFFFFFFFFFFFFFFFFFFFFFFFF65
:10DBD000FFFFFFFFFFFFFFFFFFFFFFFFFFFFFFFF55
:10DBE000FFFFFFFFFFFFFFFFFFFFFFFFFFFFFFFF45
:10DBF000FFFFFFFFFFFFFFFFFFFFFFFFFFFFFFFF35
:10DC0000FFFFFFFFFFFFFFFFFFFFFFFFFFFFFFFF24
:10DC1000FFFFFFFFFFFFFFFFFFFFFFFFFFFFFFFF14
:10DC2000FFFFFFFFFFFFFFFFFFFFFFFFFFFFFFFF04
:10DC3000FFFFFFFFFFFFFFFFFFFFFFFFFFFFFFFFF4
:10DC4000FFFFFFFFFFFFFFFFFFFFFFFFFFFFFFFFE4
:10DC5000FFFFFFFFFFFFFFFFFFFFFFFFFFFFFFFFD4
:10DC6000FFFFFFFFFFFFFFFFFFFFFFFFFFFFFFFFC4
:10DC7000FFFFFFFFFFFFFFFFFFFFFFFFFFFFFFFFB4
:10DC8000FFFFFFFFFFFFFFFFFFFFFFFFFFFFFFFFA4
:10DC9000FFFFFFFFFFFFFFFFFFFFFFFFFFFFFFFF94
:10DCA000FFFFFFFFFFFFFFFFFFFFFFFFFFFFFFFF84
:10DCB000FFFFFFFFFFFFFFFFFFFFFFFFFFFFFFFF74
:10DCC000FFFFFFFFFFFFFFFFFFFFFFFFFFFFFFFF64
:10DCD000FFFFFFFFFFFFFFFFFFFFFFFFFFFFFFFF54
:10DCE000FFFFFFFFFFFFFFFFFFFFFFFFFFFFFFFF44
:10DCF000FFFFFFFFFFFFFFFFFFFFFFFFFFFFFFFF34
:10DD0000FFFFFFFFFFFFFFFFFFFFFFFFFFFFFFFF23
:10DD1000FFFFFFFFFFFFFFFFFFFFFFFFFFFFFFFF13
:10DD2000FFFFFFFFFFFFFFFFFFFFFFFFFFFFFFFF03
:10DD3000FFFFFFFFFFFFFFFFFFFFFFFFFFFFFFFFF3
:10DD4000FFFFFFFFFFFFFFFFFFFFFFFFFFFFFFFFE3
:10DD5000FFFFFFFFFFFFFFFFFFFFFFFFFFFFFFFFD3
:10DD6000FFFFFFFFFFFFFFFFFFFFFFFFFFFFFFFFC3
:10DD7000FFFFFFFFFFFFFFFFFFFFFFFFFFFFFFFFB3
:10DD8000FFFFFFFFFFFFFFFFFFFFFFFFFFFFFFFFA3
:10DD9000FFFFFFFFFFFFFFFFFFFFFFFFFFFFFFFF93
:10DDA000FFFFFFFFFFFFFFFFFFFFFFFFFFFFFFFF83
:10DDB000FFFFFFFFFFFFFFFFFFFFFFFFFFFFFFFF73
:10DDC000FFFFFFFFFFFFFFFFFFFFFFFFFFFFFFFF63
:10DDD000FFFFFFFFFFFFFFFFFFFFFFFFFFFFFFFF53
:10DDE000FFFFFFFFFFFFFFFFFFFFFFFFFFFFFFFF43
:10DDF000FFFFFFFFFFFFFFFFFFFFFFFFFFFFFFFF33
:10DE0000FFFFFFFFFFFFFFFFFFFFFFFFFFFFFFFF22
:10DE1000FFFFFFFFFFFFFFFFFFFFFFFFFFFFFFFF12
:10DE2000FFFFFFFFFFFFFFFFFFFFFFFFFFFFFFFF02
:10DE3000FFFFFFFFFFFFFFFFFFFFFFFFFFFFFFFFF2
:10DE4000FFFFFFFFFFFFFFFFFFFFFFFFFFFFFFFFE2
:10DE5000FFFFFFFFFFFFFFFFFFFFFFFFFFFFFFFFD2
:10DE6000FFFFFFFFFFFFFFFFFFFFFFFFFFFFFFFFC2
:10DE7000FFFFFFFFFFFFFFFFFFFFFFFFFFFFFFFFB2
:10DE8000FFFFFFFFFFFFFFFFFFFFFFFFFFFFFFFFA2
:10DE9000FFFFFFFFFFFFFFFFFFFFFFFFFFFFFFFF92
:10DEA000FFFFFFFFFFFFFFFFFFFFFFFFFFFFFFFF82
:10DEB000FFFFFFFFFFFFFFFFFFFFFFFFFFFFFFFF72
:10DEC000FFFFFFFFFFFFFFFFFFFFFFFFFFFFFFFF62
:10DED000FFFFFFFFFFFFFFFFFFFFFFFFFFFFFFFF52
:10DEE000FFFFFFFFFFFFFFFFFFFFFFFFFFFFFFFF42
:10DEF000FFFFFFFFFFFFFFFFFFFFFFFFFFFFFFFF32
:10DF0000FFFFFFFFFFFFFFFFFFFFFFFFFFFFFFFF21
:10DF1000FFFFFFFFFFFFFFFFFFFFFFFFFFFFFFFF11
:10DF2000FFFFFFFFFFFFFFFFFFFFFFFFFFFFFFFF01
:10DF3000FFFFFFFFFFFFFFFFFFFFFFFFFFFFFFFFF1
:10DF4000FFFFFFFFFFFFFFFFFFFFFFFFFFFFFFFFE1
:10DF5000FFFFFFFFFFFFFFFFFFFFFFFFFFFFFFFFD1
:10DF6000FFFFFFFFFFFFFFFFFFFFFFFFFFFFFFFFC1
:10DF7000FFFFFFFFFFFFFFFFFFFFFFFFFFFFFFFFB1
:10DF8000FFFFFFFFFFFFFFFFFFFFFFFFFFFFFFFFA1
:10DF9000FFFFFFFFFFFFFFFFFFFFFFFFFFFFFFFF91
:10DFA000FFFFFFFFFFFFFFFFFFFFFFFFFFFFFFFF81
:10DFB000FFFFFFFFFFFFFFFFFFFFFFFFFFFFFFFF71
:10DFC000FFFFFFFFFFFFFFFFFFFFFFFFFFFFFFFF61
:10DFD000FFFFFFFFFFFFFFFFFFFFFFFFFFFFFFFF51
:10DFE000FFFFFFFFFFFFFFFFFFFFFFFFFFFFFFFF41
:10DFF000FFFFFFFFFFFFFFFFFFFFFFFFFFFFFFFF31
:10E00000FFFFFFFFFFFFFFFFFFFFFFFFFFFFFFFF20
:10E01000FFFFFFFFFFFFFFFFFFFFFFFFFFFFFFFF10
:10E02000FFFFFFFFFFFFFFFFFFFFFFFFFFFFFFFF00
:10E03000FFFFFFFFFFFFFFFFFFFFFFFFFFFFFFFFF0
:10E04000FFFFFFFFFFFFFFFFFFFFFFFFFFFFFFFFE0
:10E05000FFFFFFFFFFFFFFFFFFFFFFFFFFFFFFFFD0
:10E06000FFFFFFFFFFFFFFFFFFFFFFFFFFFFFFFFC0
:10E07000FFFFFFFFFFFFFFFFFFFFFFFFFFFFFFFFB0
:10E08000FFFFFFFFFFFFFFFFFFFFFFFFFFFFFFFFA0
:10E09000FFFFFFFFFFFFFFFFFFFFFFFFFFFFFFFF90
:10E0A000FFFFFFFFFFFFFFFFFFFFFFFFFFFFFFFF80
:10E0B000FFFFFFFFFFFFFFFFFFFFFFFFFFFFFFFF70
:10E0C000FFFFFFFFFFFFFFFFFFFFFFFFFFFFFFFF60
:10E0D000FFFFFFFFFFFFFFFFFFFFFFFFFFFFFFFF50
:10E0E000FFFFFFFFFFFFFFFFFFFFFFFFFFFFFFFF40
:10E0F000FFFFFFFFFFFFFFFFFFFFFFFFFFFFFFFF30
:10E10000FFFFFFFFFFFFFFFFFFFFFFFFFFFFFFFF1F
:10E11000FFFFFFFFFFFFFFFFFFFFFFFFFFFFFFFF0F
:10E12000FFFFFFFFFFFFFFFFFFFFFFFFFFFFFFFFFF
:10E13000FFFFFFFFFFFFFFFFFFFFFFFFFFFFFFFFEF
:10E14000FFFFFFFFFFFFFFFFFFFFFFFFFFFFFFFFDF
:10E15000FFFFFFFFFFFFFFFFFFFFFFFFFFFFFFFFCF
:10E16000FFFFFFFFFFFFFFFFFFFFFFFFFFFFFFFFBF
:10E17000FFFFFFFFFFFFFFFFFFFFFFFFFFFFFFFFAF
:10E18000FFFFFFFFFFFFFFFFFFFFFFFFFFFFFFFF9F
:10E19000FFFFFFFFFFFFFFFFFFFFFFFFFFFFFFFF8F
:10E1A000FFFFFFFFFFFFFFFFFFFFFFFFFFFFFFFF7F
:10E1B000FFFFFFFFFFFFFFFFFFFFFFFFFFFFFFFF6F
:10E1C000FFFFFFFFFFFFFFFFFFFFFFFFFFFFFFFF5F
:10E1D000FFFFFFFFFFFFFFFFFFFFFFFFFFFFFFFF4F
:10E1E000FFFFFFFFFFFFFFFFFFFFFFFFFFFFFFFF3F
:10E1F000FFFFFFFFFFFFFFFFFFFFFFFFFFFFFFFF2F
:10E20000FFFFFFFFFFFFFFFFFFFFFFFFFFFFFFFF1E
:10E21000FFFFFFFFFFFFFFFFFFFFFFFFFFFFFFFF0E
:10E22000FFFFFFFFFFFFFFFFFFFFFFFFFFFFFFFFFE
:10E23000FFFFFFFFFFFFFFFFFFFFFFFFFFFFFFFFEE
:10E24000FFFFFFFFFFFFFFFFFFFFFFFFFFFFFFFFDE
:10E25000FFFFFFFFFFFFFFFFFFFFFFFFFFFFFFFFCE
:10E26000FFFFFFFFFFFFFFFFFFFFFFFFFFFFFFFFBE
:10E27000FFFFFFFFFFFFFFFFFFFFFFFFFFFFFFFFAE
:10E28000FFFFFFFFFFFFFFFFFFFFFFFFFFFFFFFF9E
:10E29000FFFFFFFFFFFFFFFFFFFFFFFFFFFFFFFF8E
:10E2A000FFFFFFFFFFFFFFFFFFFFFFFFFFFFFFFF7E
:10E2B000FFFFFFFFFFFFFFFFFFFFFFFFFFFFFFFF6E
:10E2C000FFFFFFFFFFFFFFFFFFFFFFFFFFFFFFFF5E
:10E2D000FFFFFFFFFFFFFFFFFFFFFFFFFFFFFFFF4E
:10E2E000FFFFFFFFFFFFFFFFFFFFFFFFFFFFFFFF3E
:10E2F000FFFFFFFFFFFFFFFFFFFFFFFFFFFFFFFF2E
:10E30000FFFFFFFFFFFFFFFFFFFFFFFFFFFFFFFF1D
:10E31000FFFFFFFFFFFFFFFFFFFFFFFFFFFFFFFF0D
:10E32000FFFFFFFFFFFFFFFFFFFFFFFFFFFFFFFFFD
:10E33000FFFFFFFFFFFFFFFFFFFFFFFFFFFFFFFFED
:10E34000FFFFFFFFFFFFFFFFFFFFFFFFFFFFFFFFDD
:10E35000FFFFFFFFFFFFFFFFFFFFFFFFFFFFFFFFCD
:10E36000FFFFFFFFFFFFFFFFFFFFFFFFFFFFFFFFBD
:10E37000FFFFFFFFFFFFFFFFFFFFFFFFFFFFFFFFAD
:10E38000FFFFFFFFFFFFFFFFFFFFFFFFFFFFFFFF9D
:10E39000FFFFFFFFFFFFFFFFFFFFFFFFFFFFFFFF8D
:10E3A000FFFFFFFFFFFFFFFFFFFFFFFFFFFFFFFF7D
:10E3B000FFFFFFFFFFFFFFFFFFFFFFFFFFFFFFFF6D
:10E3C000FFFFFFFFFFFFFFFFFFFFFFFFFFFFFFFF5D
:10E3D000FFFFFFFFFFFFFFFFFFFFFFFFFFFFFFFF4D
:10E3E000FFFFFFFFFFFFFFFFFFFFFFFFFFFFFFFF3D
:10E3F000FFFFFFFFFFFFFFFFFFFFFFFFFFFFFFFF2D
:10E40000FFFFFFFFFFFFFFFFFFFFFFFFFFFFFFFF1C
:10E41000FFFFFFFFFFFFFFFFFFFFFFFFFFFFFFFF0C
:10E42000FFFFFFFFFFFFFFFFFFFFFFFFFFFFFFFFFC
:10E43000FFFFFFFFFFFFFFFFFFFFFFFFFFFFFFFFEC
:10E44000FFFFFFFFFFFFFFFFFFFFFFFFFFFFFFFFDC
:10E45000FFFFFFFFFFFFFFFFFFFFFFFFFFFFFFFFCC
:10E46000FFFFFFFFFFFFFFFFFFFFFFFFFFFFFFFFBC
:10E47000FFFFFFFFFFFFFFFFFFFFFFFFFFFFFFFFAC
:10E48000FFFFFFFFFFFFFFFFFFFFFFFFFFFFFFFF9C
:10E49000FFFFFFFFFFFFFFFFFFFFFFFFFFFFFFFF8C
:10E4A000FFFFFFFFFFFFFFFFFFFFFFFFFFFFFFFF7C
:10E4B000FFFFFFFFFFFFFFFFFFFFFFFFFFFFFFFF6C
:10E4C000FFFFFFFFFFFFFFFFFFFFFFFFFFFFFFFF5C
:10E4D000FFFFFFFFFFFFFFFFFFFFFFFFFFFFFFFF4C
:10E4E000FFFFFFFFFFFFFFFFFFFFFFFFFFFFFFFF3C
:10E4F000FFFFFFFFFFFFFFFFFFFFFFFFFFFFFFFF2C
:10E50000FFFFFFFFFFFFFFFFFFFFFFFFFFFFFFFF1B
:10E51000FFFFFFFFFFFFFFFFFFFFFFFFFFFFFFFF0B
:10E52000FFFFFFFFFFFFFFFFFFFFFFFFFFFFFFFFFB
:10E53000FFFFFFFFFFFFFFFFFFFFFFFFFFFFFFFFEB
:10E54000FFFFFFFFFFFFFFFFFFFFFFFFFFFFFFFFDB
:10E55000FFFFFFFFFFFFFFFFFFFFFFFFFFFFFFFFCB
:10E56000FFFFFFFFFFFFFFFFFFFFFFFFFFFFFFFFBB
:10E57000FFFFFFFFFFFFFFFFFFFFFFFFFFFFFFFFAB
:10E58000FFFFFFFFFFFFFFFFFFFFFFFFFFFFFFFF9B
:10E59000FFFFFFFFFFFFFFFFFFFFFFFFFFFFFFFF8B
:10E5A000FFFFFFFFFFFFFFFFFFFFFFFFFFFFFFFF7B
:10E5B000FFFFFFFFFFFFFFFFFFFFFFFFFFFFFFFF6B
:10E5C000FFFFFFFFFFFFFFFFFFFFFFFFFFFFFFFF5B
:10E5D000FFFFFFFFFFFFFFFFFFFFFFFFFFFFFFFF4B
:10E5E000FFFFFFFFFFFFFFFFFFFFFFFFFFFFFFFF3B
:10E5F000FFFFFFFFFFFFFFFFFFFFFFFFFFFFFFFF2B
:10E60000FFFFFFFFFFFFFFFFFFFFFFFFFFFFFFFF1A
:10E61000FFFFFFFFFFFFFFFFFFFFFFFFFFFFFFFF0A
:10E62000FFFFFFFFFFFFFFFFFFFFFFFFFFFFFFFFFA
:10E63000FFFFFFFFFFFFFFFFFFFFFFFFFFFFFFFFEA
:10E64000FFFFFFFFFFFFFFFFFFFFFFFFFFFFFFFFDA
:10E65000FFFFFFFFFFFFFFFFFFFFFFFFFFFFFFFFCA
:10E66000FFFFFFFFFFFFFFFFFFFFFFFFFFFFFFFFBA
:10E67000FFFFFFFFFFFFFFFFFFFFFFFFFFFFFFFFAA
:10E68000FFFFFFFFFFFFFFFFFFFFFFFFFFFFFFFF9A
:10E69000FFFFFFFFFFFFFFFFFFFFFFFFFFFFFFFF8A
:10E6A000FFFFFFFFFFFFFFFFFFFFFFFFFFFFFFFF7A
:10E6B000FFFFFFFFFFFFFFFFFFFFFFFFFFFFFFFF6A
:10E6C000FFFFFFFFFFFFFFFFFFFFFFFFFFFFFFFF5A
:10E6D000FFFFFFFFFFFFFFFFFFFFFFFFFFFFFFFF4A
:10E6E000FFFFFFFFFFFFFFFFFFFFFFFFFFFFFFFF3A
:10E6F000FFFFFFFFFFFFFFFFFFFFFFFFFFFFFFFF2A
:10E70000FFFFFFFFFFFFFFFFFFFFFFFFFFFFFFFF19
:10E71000FFFFFFFFFFFFFFFFFFFFFFFFFFFFFFFF09
:10E72000FFFFFFFFFFFFFFFFFFFFFFFFFFFFFFFFF9
:10E73000FFFFFFFFFFFFFFFFFFFFFFFFFFFFFFFFE9
:10E74000FFFFFFFFFFFFFFFFFFFFFFFFFFFFFFFFD9
:10E75000FFFFFFFFFFFFFFFFFFFFFFFFFFFFFFFFC9
:10E76000FFFFFFFFFFFFFFFFFFFFFFFFFFFFFFFFB9
:10E77000FFFFFFFFFFFFFFFFFFFFFFFFFFFFFFFFA9
:10E78000FFFFFFFFFFFFFFFFFFFFFFFFFFFFFFFF99
:10E79000FFFFFFFFFFFFFFFFFFFFFFFFFFFFFFFF89
:10E7A000FFFFFFFFFFFFFFFFFFFFFFFFFFFFFFFF79
:10E7B000FFFFFFFFFFFFFFFFFFFFFFFFFFFFFFFF69
:10E7C000FFFFFFFFFFFFFFFFFFFFFFFFFFFFFFFF59
:10E7D000FFFFFFFFFFFFFFFFFFFFFFFFFFFFFFFF49
:10E7E000FFFFFFFFFFFFFFFFFFFFFFFFFFFFFFFF39
:10E7F000FFFFFFFFFFFFFFFFFFFFFFFFFFFFFFFF29
:10E80000FFFFFFFFFFFFFFFFFFFFFFFFFFFFFFFF18
:10E81000FFFFFFFFFFFFFFFFFFFFFFFFFFFFFFFF08
:10E82000FFFFFFFFFFFFFFFFFFFFFFFFFFFFFFFFF8
:10E83000FFFFFFFFFFFFFFFFFFFFFFFFFFFFFFFFE8
:10E84000FFFFFFFFFFFFFFFFFFFFFFFFFFFFFFFFD8
:10E85000FFFFFFFFFFFFFFFFFFFFFFFFFFFFFFFFC8
:10E86000FFFFFFFFFFFFFFFFFFFFFFFFFFFFFFFFB8
:10E87000FFFFFFFFFFFFFFFFFFFFFFFFFFFFFFFFA8
:10E88000FFFFFFFFFFFFFFFFFFFFFFFFFFFFFFFF98
:10E89000FFFFFFFFFFFFFFFFFFFFFFFFFFFFFFFF88
:10E8A000FFFFFFFFFFFFFFFFFFFFFFFFFFFFFFFF78
:10E8B000FFFFFFFFFFFFFFFFFFFFFFFFFFFFFFFF68
:10E8C000FFFFFFFFFFFFFFFFFFFFFFFFFFFFFFFF58
:10E8D000FFFFFFFFFFFFFFFFFFFFFFFFFFFFFFFF48
:10E8E000FFFFFFFFFFFFFFFFFFFFFFFFFFFFFFFF38
:10E8F000FFFFFFFFFFFFFFFFFFFFFFFFFFFFFFFF28
:10E90000FFFFFFFFFFFFFFFFFFFFFFFFFFFFFFFF17
:10E91000FFFFFFFFFFFFFFFFFFFFFFFFFFFFFFFF07
:10E92000FFFFFFFFFFFFFFFFFFFFFFFFFFFFFFFFF7
:10E93000FFFFFFFFFFFFFFFFFFFFFFFFFFFFFFFFE7
:10E94000FFFFFFFFFFFFFFFFFFFFFFFFFFFFFFFFD7
:10E95000FFFFFFFFFFFFFFFFFFFFFFFFFFFFFFFFC7
:10E96000FFFFFFFFFFFFFFFFFFFFFFFFFFFFFFFFB7
:10E97000FFFFFFFFFFFFFFFFFFFFFFFFFFFFFFFFA7
:10E98000FFFFFFFFFFFFFFFFFFFFFFFFFFFFFFFF97
:10E99000FFFFFFFFFFFFFFFFFFFFFFFFFFFFFFFF87
:10E9A000FFFFFFFFFFFFFFFFFFFFFFFFFFFFFFFF77
:10E9B000FFFFFFFFFFFFFFFFFFFFFFFFFFFFFFFF67
:10E9C000FFFFFFFFFFFFFFFFFFFFFFFFFFFFFFFF57
:10E9D000FFFFFFFFFFFFFFFFFFFFFFFFFFFFFFFF47
:10E9E000FFFFFFFFFFFFFFFFFFFFFFFFFFFFFFFF37
:10E9F000FFFFFFFFFFFFFFFFFFFFFFFFFFFFFFFF27
:10EA0000FFFFFFFFFFFFFFFFFFFFFFFFFFFFFFFF16
:10EA1000FFFFFFFFFFFFFFFFFFFFFFFFFFFFFFFF06
:10EA2000FFFFFFFFFFFFFFFFFFFFFFFFFFFFFFFFF6
:10EA3000FFFFFFFFFFFFFFFFFFFFFFFFFFFFFFFFE6
:10EA4000FFFFFFFFFFFFFFFFFFFFFFFFFFFFFFFFD6
:10EA5000FFFFFFFFFFFFFFFFFFFFFFFFFFFFFFFFC6
:10EA6000FFFFFFFFFFFFFFFFFFFFFFFFFFFFFFFFB6
:10EA7000FFFFFFFFFFFFFFFFFFFFFFFFFFFFFFFFA6
:10EA8000FFFFFFFFFFFFFFFFFFFFFFFFFFFFFFFF96
:10EA9000FFFFFFFFFFFFFFFFFFFFFFFFFFFFFFFF86
:10EAA000FFFFFFFFFFFFFFFFFFFFFFFFFFFFFFFF76
:10EAB000FFFFFFFFFFFFFFFFFFFFFFFFFFFFFFFF66
:10EAC000FFFFFFFFFFFFFFFFFFFFFFFFFFFFFFFF56
:10EAD000FFFFFFFFFFFFFFFFFFFFFFFFFFFFFFFF46
:10EAE000FFFFFFFFFFFFFFFFFFFFFFFFFFFFFFFF36
:10EAF000FFFFFFFFFFFFFFFFFFFFFFFFFFFFFFFF26
:10EB0000FFFFFFFFFFFFFFFFFFFFFFFFFFFFFFFF15
:10EB1000FFFFFFFFFFFFFFFFFFFFFFFFFFFFFFFF05
:10EB2000FFFFFFFFFFFFFFFFFFFFFFFFFFFFFFFFF5
:10EB3000FFFFFFFFFFFFFFFFFFFFFFFFFFFFFFFFE5
:10EB4000FFFFFFFFFFFFFFFFFFFFFFFFFFFFFFFFD5
:10EB5000FFFFFFFFFFFFFFFFFFFFFFFFFFFFFFFFC5
:10EB6000FFFFFFFFFFFFFFFFFFFFFFFFFFFFFFFFB5
:10EB7000FFFFFFFFFFFFFFFFFFFFFFFFFFFFFFFFA5
:10EB8000FFFFFFFFFFFFFFFFFFFFFFFFFFFFFFFF95
:10EB9000FFFFFFFFFFFFFFFFFFFFFFFFFFFFFFFF85
:10EBA000FFFFFFFFFFFFFFFFFFFFFFFFFFFFFFFF75
:10EBB000FFFFFFFFFFFFFFFFFFFFFFFFFFFFFFFF65
:10EBC000FFFFFFFFFFFFFFFFFFFFFFFFFFFFFFFF55
:10EBD000FFFFFFFFFFFFFFFFFFFFFFFFFFFFFFFF45
:10EBE000FFFFFFFFFFFFFFFFFFFFFFFFFFFFFFFF35
:10EBF000FFFFFFFFFFFFFFFFFFFFFFFFFFFFFFFF25
:10EC0000FFFFFFFFFFFFFFFFFFFFFFFFFFFFFFFF14
:10EC1000FFFFFFFFFFFFFFFFFFFFFFFFFFFFFFFF04
:10EC2000FFFFFFFFFFFFFFFFFFFFFFFFFFFFFFFFF4
:10EC3000FFFFFFFFFFFFFFFFFFFFFFFFFFFFFFFFE4
:10EC4000FFFFFFFFFFFFFFFFFFFFFFFFFFFFFFFFD4
:10EC5000FFFFFFFFFFFFFFFFFFFFFFFFFFFFFFFFC4
:10EC6000FFFFFFFFFFFFFFFFFFFFFFFFFFFFFFFFB4
:10EC7000FFFFFFFFFFFFFFFFFFFFFFFFFFFFFFFFA4
:10EC8000FFFFFFFFFFFFFFFFFFFFFFFFFFFFFFFF94
:10EC9000FFFFFFFFFFFFFFFFFFFFFFFFFFFFFFFF84
:10ECA000FFFFFFFFFFFFFFFFFFFFFFFFFFFFFFFF74
:10ECB000FFFFFFFFFFFFFFFFFFFFFFFFFFFFFFFF64
:10ECC000FFFFFFFFFFFFFFFFFFFFFFFFFFFFFFFF54
:10ECD000FFFFFFFFFFFFFFFFFFFFFFFFFFFFFFFF44
:10ECE000FFFFFFFFFFFFFFFFFFFFFFFFFFFFFFFF34
:10ECF000FFFFFFFFFFFFFFFFFFFFFFFFFFFFFFFF24
:10ED0000FFFFFFFFFFFFFFFFFFFFFFFFFFFFFFFF13
:10ED1000FFFFFFFFFFFFFFFFFFFFFFFFFFFFFFFF03
:10ED2000FFFFFFFFFFFFFFFFFFFFFFFFFFFFFFFFF3
:10ED3000FFFFFFFFFFFFFFFFFFFFFFFFFFFFFFFFE3
:10ED4000FFFFFFFFFFFFFFFFFFFFFFFFFFFFFFFFD3
:10ED5000FFFFFFFFFFFFFFFFFFFFFFFFFFFFFFFFC3
:10ED6000FFFFFFFFFFFFFFFFFFFFFFFFFFFFFFFFB3
:10ED7000FFFFFFFFFFFFFFFFFFFFFFFFFFFFFFFFA3
:10ED8000FFFFFFFFFFFFFFFFFFFFFFFFFFFFFFFF93
:10ED9000FFFFFFFFFFFFFFFFFFFFFFFFFFFFFFFF83
:10EDA000FFFFFFFFFFFFFFFFFFFFFFFFFFFFFFFF73
:10EDB000FFFFFFFFFFFFFFFFFFFFFFFFFFFFFFFF63
:10EDC000FFFFFFFFFFFFFFFFFFFFFFFFFFFFFFFF53
:10EDD000FFFFFFFFFFFFFFFFFFFFFFFFFFFFFFFF43
:10EDE000FFFFFFFFFFFFFFFFFFFFFFFFFFFFFFFF33
:10EDF000FFFFFFFFFFFFFFFFFFFFFFFFFFFFFFFF23
:10EE0000FFFFFFFFFFFFFFFFFFFFFFFFFFFFFFFF12
:10EE1000FFFFFFFFFFFFFFFFFFFFFFFFFFFFFFFF02
:10EE2000FFFFFFFFFFFFFFFFFFFFFFFFFFFFFFFFF2
:10EE3000FFFFFFFFFFFFFFFFFFFFFFFFFFFFFFFFE2
:10EE4000FFFFFFFFFFFFFFFFFFFFFFFFFFFFFFFFD2
:10EE5000FFFFFFFFFFFFFFFFFFFFFFFFFFFFFFFFC2
:10EE6000FFFFFFFFFFFFFFFFFFFFFFFFFFFFFFFFB2
:10EE7000FFFFFFFFFFFFFFFFFFFFFFFFFFFFFFFFA2
:10EE8000FFFFFFFFFFFFFFFFFFFFFFFFFFFFFFFF92
:10EE9000FFFFFFFFFFFFFFFFFFFFFFFFFFFFFFFF82
:10EEA000FFFFFFFFFFFFFFFFFFFFFFFFFFFFFFFF72
:10EEB000FFFFFFFFFFFFFFFFFFFFFFFFFFFFFFFF62
:10EEC000FFFFFFFFFFFFFFFFFFFFFFFFFFFFFFFF52
:10EED000FFFFFFFFFFFFFFFFFFFFFFFFFFFFFFFF42
:10EEE000FFFFFFFFFFFFFFFFFFFFFFFFFFFFFFFF32
:10EEF000FFFFFFFFFFFFFFFFFFFFFFFFFFFFFFFF22
:10EF0000FFFFFFFFFFFFFFFFFFFFFFFFFFFFFFFF11
:10EF1000FFFFFFFFFFFFFFFFFFFFFFFFFFFFFFFF01
:10EF2000FFFFFFFFFFFFFFFFFFFFFFFFFFFFFFFFF1
:10EF3000FFFFFFFFFFFFFFFFFFFFFFFFFFFFFFFFE1
:10EF4000FFFFFFFFFFFFFFFFFFFFFFFFFFFFFFFFD1
:10EF5000FFFFFFFFFFFFFFFFFFFFFFFFFFFFFFFFC1
:10EF6000FFFFFFFFFFFFFFFFFFFFFFFFFFFFFFFFB1
:10EF7000FFFFFFFFFFFFFFFFFFFFFFFFFFFFFFFFA1
:10EF8000FFFFFFFFFFFFFFFFFFFFFFFFFFFFFFFF91
:10EF9000FFFFFFFFFFFFFFFFFFFFFFFFFFFFFFFF81
:10EFA000FFFFFFFFFFFFFFFFFFFFFFFFFFFFFFFF71
:10EFB000FFFFFFFFFFFFFFFFFFFFFFFFFFFFFFFF61
:10EFC000FFFFFFFFFFFFFFFFFFFFFFFFFFFFFFFF51
:10EFD000FFFFFFFFFFFFFFFFFFFFFFFFFFFFFFFF41
:10EFE000FFFFFFFFFFFFFFFFFFFFFFFFFFFFFFFF31
:10EFF000FFFFFFFFFFFFFFFFFFFFFFFFFFFFFFFF21
:10F00000FFFFFFFFFFFFFFFFFFFFFFFFFFFFFFFF10
:10F01000FFFFFFFFFFFFFFFFFFFFFFFFFFFFFFFF00
:10F02000FFFFFFFFFFFFFFFFFFFFFFFFFFFFFFFFF0
:10F03000FFFFFFFFFFFFFFFFFFFFFFFFFFFFFFFFE0
:10F04000FFFFFFFFFFFFFFFFFFFFFFFFFFFFFFFFD0
:10F05000FFFFFFFFFFFFFFFFFFFFFFFFFFFFFFFFC0
:10F06000FFFFFFFFFFFFFFFFFFFFFFFFFFFFFFFFB0
:10F07000FFFFFFFFFFFFFFFFFFFFFFFFFFFFFFFFA0
:10F08000FFFFFFFFFFFFFFFFFFFFFFFFFFFFFFFF90
:10F09000FFFFFFFFFFFFFFFFFFFFFFFFFFFFFFFF80
:10F0A000FFFFFFFFFFFFFFFFFFFFFFFFFFFFFFFF70
:10F0B000FFFFFFFFFFFFFFFFFFFFFFFFFFFFFFFF60
:10F0C000FFFFFFFFFFFFFFFFFFFFFFFFFFFFFFFF50
:10F0D000FFFFFFFFFFFFFFFFFFFFFFFFFFFFFFFF40
:10F0E000FFFFFFFFFFFFFFFFFFFFFFFFFFFFFFFF30
:10F0F000FFFFFFFFFFFFFFFFFFFFFFFFFFFFFFFF20
:10F10000FFFFFFFFFFFFFFFFFFFFFFFFFFFFFFFF0F
:10F11000FFFFFFFFFFFFFFFFFFFFFFFFFFFFFFFFFF
:10F12000FFFFFFFFFFFFFFFFFFFFFFFFFFFFFFFFEF
:10F13000FFFFFFFFFFFFFFFFFFFFFFFFFFFFFFFFDF
:10F14000FFFFFFFFFFFFFFFFFFFFFFFFFFFFFFFFCF
:10F15000FFFFFFFFFFFFFFFFFFFFFFFFFFFFFFFFBF
:10F16000FFFFFFFFFFFFFFFFFFFFFFFFFFFFFFFFAF
:10F17000FFFFFFFFFFFFFFFFFFFFFFFFFFFFFFFF9F
:10F18000FFFFFFFFFFFFFFFFFFFFFFFFFFFFFFFF8F
:10F19000FFFFFFFFFFFFFFFFFFFFFFFFFFFFFFFF7F
:10F1A000FFFFFFFFFFFFFFFFFFFFFFFFFFFFFFFF6F
:10F1B000FFFFFFFFFFFFFFFFFFFFFFFFFFFFFFFF5F
:10F1C000FFFFFFFFFFFFFFFFFFFFFFFFFFFFFFFF4F
:10F1D000FFFFFFFFFFFFFFFFFFFFFFFFFFFFFFFF3F
:10F1E000FFFFFFFFFFFFFFFFFFFFFFFFFFFFFFFF2F
:10F1F000FFFFFFFFFFFFFFFFFFFFFFFFFFFFFFFF1F
:10F20000FFFFFFFFFFFFFFFFFFFFFFFFFFFFFFFF0E
:10F21000FFFFFFFFFFFFFFFFFFFFFFFFFFFFFFFFFE
:10F22000FFFFFFFFFFFFFFFFFFFFFFFFFFFFFFFFEE
:10F23000FFFFFFFFFFFFFFFFFFFFFFFFFFFFFFFFDE
:10F24000FFFFFFFFFFFFFFFFFFFFFFFFFFFFFFFFCE
:10F25000FFFFFFFFFFFFFFFFFFFFFFFFFFFFFFFFBE
:10F26000FFFFFFFFFFFFFFFFFFFFFFFFFFFFFFFFAE
:10F27000FFFFFFFFFFFFFFFFFFFFFFFFFFFFFFFF9E
:10F28000FFFFFFFFFFFFFFFFFFFFFFFFFFFFFFFF8E
:10F29000FFFFFFFFFFFFFFFFFFFFFFFFFFFFFFFF7E
:10F2A000FFFFFFFFFFFFFFFFFFFFFFFFFFFFFFFF6E
:10F2B000FFFFFFFFFFFFFFFFFFFFFFFFFFFFFFFF5E
:10F2C000FFFFFFFFFFFFFFFFFFFFFFFFFFFFFFFF4E
:10F2D000FFFFFFFFFFFFFFFFFFFFFFFFFFFFFFFF3E
:10F2E000FFFFFFFFFFFFFFFFFFFFFFFFFFFFFFFF2E
:10F2F000FFFFFFFFFFFFFFFFFFFFFFFFFFFFFFFF1E
:10F30000FFFFFFFFFFFFFFFFFFFFFFFFFFFFFFFF0D
:10F31000FFFFFFFFFFFFFFFFFFFFFFFFFFFFFFFFFD
:10F32000FFFFFFFFFFFFFFFFFFFFFFFFFFFFFFFFED
:10F33000FFFFFFFFFFFFFFFFFFFFFFFFFFFFFFFFDD
:10F34000FFFFFFFFFFFFFFFFFFFFFFFFFFFFFFFFCD
:10F35000FFFFFFFFFFFFFFFFFFFFFFFFFFFFFFFFBD
:10F36000FFFFFFFFFFFFFFFFFFFFFFFFFFFFFFFFAD
:10F37000FFFFFFFFFFFFFFFFFFFFFFFFFFFFFFFF9D
:10F38000FFFFFFFFFFFFFFFFFFFFFFFFFFFFFFFF8D
:10F39000FFFFFFFFFFFFFFFFFFFFFFFFFFFFFFFF7D
:10F3A000FFFFFFFFFFFFFFFFFFFFFFFFFFFFFFFF6D
:10F3B000FFFFFFFFFFFFFFFFFFFFFFFFFFFFFFFF5D
:10F3C000FFFFFFFFFFFFFFFFFFFFFFFFFFFFFFFF4D
:10F3D000FFFFFFFFFFFFFFFFFFFFFFFFFFFFFFFF3D
:10F3E000FFFFFFFFFFFFFFFFFFFFFFFFFFFFFFFF2D
:10F3F000FFFFFFFFFFFFFFFFFFFFFFFFFFFFFFFF1D
:10F40000FFFFFFFFFFFFFFFFFFFFFFFFFFFFFFFF0C
:10F41000FFFFFFFFFFFFFFFFFFFFFFFFFFFFFFFFFC
:10F42000FFFFFFFFFFFFFFFFFFFFFFFFFFFFFFFFEC
:10F43000FFFFFFFFFFFFFFFFFFFFFFFFFFFFFFFFDC
:10F44000FFFFFFFFFFFFFFFFFFFFFFFFFFFFFFFFCC
:10F45000FFFFFFFFFFFFFFFFFFFFFFFFFFFFFFFFBC
:10F46000FFFFFFFFFFFFFFFFFFFFFFFFFFFFFFFFAC
:10F47000FFFFFFFFFFFFFFFFFFFFFFFFFFFFFFFF9C
:10F48000FFFFFFFFFFFFFFFFFFFFFFFFFFFFFFFF8C
:10F49000FFFFFFFFFFFFFFFFFFFFFFFFFFFFFFFF7C
:10F4A000FFFFFFFFFFFFFFFFFFFFFFFFFFFFFFFF6C
:10F4B000FFFFFFFFFFFFFFFFFFFFFFFFFFFFFFFF5C
:10F4C000FFFFFFFFFFFFFFFFFFFFFFFFFFFFFFFF4C
:10F4D000FFFFFFFFFFFFFFFFFFFFFFFFFFFFFFFF3C
:10F4E000FFFFFFFFFFFFFFFFFFFFFFFFFFFFFFFF2C
:10F4F000FFFFFFFFFFFFFFFFFFFFFFFFFFFFFFFF1C
:10F50000FFFFFFFFFFFFFFFFFFFFFFFFFFFFFFFF0B
:10F51000FFFFFFFFFFFFFFFFFFFFFFFFFFFFFFFFFB
:10F52000FFFFFFFFFFFFFFFFFFFFFFFFFFFFFFFFEB
:10F53000FFFFFFFFFFFFFFFFFFFFFFFFFFFFFFFFDB
:10F54000FFFFFFFFFFFFFFFFFFFFFFFFFFFFFFFFCB
:10F55000FFFFFFFFFFFFFFFFFFFFFFFFFFFFFFFFBB
:10F56000FFFFFFFFFFFFFFFFFFFFFFFFFFFFFFFFAB
:10F57000FFFFFFFFFFFFFFFFFFFFFFFFFFFFFFFF9B
:10F58000FFFFFFFFFFFFFFFFFFFFFFFFFFFFFFFF8B
:10F59000FFFFFFFFFFFFFFFFFFFFFFFFFFFFFFFF7B
:10F5A000FFFFFFFFFFFFFFFFFFFFFFFFFFFFFFFF6B
:10F5B000FFFFFFFFFFFFFFFFFFFFFFFFFFFFFFFF5B
:10F5C000FFFFFFFFFFFFFFFFFFFFFFFFFFFFFFFF4B
:10F5D000FFFFFFFFFFFFFFFFFFFFFFFFFFFFFFFF3B
:10F5E000FFFFFFFFFFFFFFFFFFFFFFFFFFFFFFFF2B
:10F5F000FFFFFFFFFFFFFFFFFFFFFFFFFFFFFFFF1B
:10F60000FFFFFFFFFFFFFFFFFFFFFFFFFFFFFFFF0A
:10F61000FFFFFFFFFFFFFFFFFFFFFFFFFFFFFFFFFA
:10F62000FFFFFFFFFFFFFFFFFFFFFFFFFFFFFFFFEA
:10F63000FFFFFFFFFFFFFFFFFFFFFFFFFFFFFFFFDA
:10F64000FFFFFFFFFFFFFFFFFFFFFFFFFFFFFFFFCA
:10F65000FFFFFFFFFFFFFFFFFFFFFFFFFFFFFFFFBA
:10F66000FFFFFFFFFFFFFFFFFFFFFFFFFFFFFFFFAA
:10F67000FFFFFFFFFFFFFFFFFFFFFFFFFFFFFFFF9A
:10F68000FFFFFFFFFFFFFFFFFFFFFFFFFFFFFFFF8A
:10F69000FFFFFFFFFFFFFFFFFFFFFFFFFFFFFFFF7A
:10F6A000FFFFFFFFFFFFFFFFFFFFFFFFFFFFFFFF6A
:10F6B000FFFFFFFFFFFFFFFFFFFFFFFFFFFFFFFF5A
:10F6C000FFFFFFFFFFFFFFFFFFFFFFFFFFFFFFFF4A
:10F6D000FFFFFFFFFFFFFFFFFFFFFFFFFFFFFFFF3A
:10F6E000FFFFFFFFFFFFFFFFFFFFFFFFFFFFFFFF2A
:10F6F000FFFFFFFFFFFFFFFFFFFFFFFFFFFFFFFF1A
:10F70000FFFFFFFFFFFFFFFFFFFFFFFFFFFFFFFF09
:10F71000FFFFFFFFFFFFFFFFFFFFFFFFFFFFFFFFF9
:10F72000FFFFFFFFFFFFFFFFFFFFFFFFFFFFFFFFE9
:10F73000FFFFFFFFFFFFFFFFFFFFFFFFFFFFFFFFD9
:10F74000FFFFFFFFFFFFFFFFFFFFFFFFFFFFFFFFC9
:10F75000FFFFFFFFFFFFFFFFFFFFFFFFFFFFFFFFB9
:10F76000FFFFFFFFFFFFFFFFFFFFFFFFFFFFFFFFA9
:10F77000FFFFFFFFFFFFFFFFFFFFFFFFFFFFFFFF99
:10F78000FFFFFFFFFFFFFFFFFFFFFFFFFFFFFFFF89
:10F79000FFFFFFFFFFFFFFFFFFFFFFFFFFFFFFFF79
:10F7A000FFFFFFFFFFFFFFFFFFFFFFFFFFFFFFFF69
:10F7B000FFFFFFFFFFFFFFFFFFFFFFFFFFFFFFFF59
:10F7C000FFFFFFFFFFFFFFFFFFFFFFFFFFFFFFFF49
:10F7D000FFFFFFFFFFFFFFFFFFFFFFFFFFFFFFFF39
:10F7E000FFFFFFFFFFFFFFFFFFFFFFFFFFFFFFFF29
:10F7F000FFFFFFFFFFFFFFFFFFFFFFFFFFFFFFFF19
:10F80000FFFFFFFFFFFFFFFFFFFFFFFFFFFFFFFF08
:10F81000FFFFFFFFFFFFFFFFFFFFFFFFFFFFFFFFF8
:10F82000FFFFFFFFFFFFFFFFFFFFFFFFFFFFFFFFE8
:10F83000FFFFFFFFFFFFFFFFFFFFFFFFFFFFFFFFD8
:10F84000FFFFFFFFFFFFFFFFFFFFFFFFFFFFFFFFC8
:10F85000FFFFFFFFFFFFFFFFFFFFFFFFFFFFFFFFB8
:10F86000FFFFFFFFFFFFFFFFFFFFFFFFFFFFFFFFA8
:10F87000FFFFFFFFFFFFFFFFFFFFFFFFFFFFFFFF98
:10F88000FFFFFFFFFFFFFFFFFFFFFFFFFFFFFFFF88
:10F89000FFFFFFFFFFFFFFFFFFFFFFFFFFFFFFFF78
:10F8A000FFFFFFFFFFFFFFFFFFFFFFFFFFFFFFFF68
:10F8B000FFFFFFFFFFFFFFFFFFFFFFFFFFFFFFFF58
:10F8C000FFFFFFFFFFFFFFFFFFFFFFFFFFFFFFFF48
:10F8D000FFFFFFFFFFFFFFFFFFFFFFFFFFFFFFFF38
:10F8E000FFFFFFFFFFFFFFFFFFFFFFFFFFFFFFFF28
:10F8F000FFFFFFFFFFFFFFFFFFFFFFFFFFFFFFFF18
:10F90000FFFFFFFFFFFFFFFFFFFFFFFFFFFFFFFF07
:10F91000FFFFFFFFFFFFFFFFFFFFFFFFFFFFFFFFF7
:10F92000FFFFFFFFFFFFFFFFFFFFFFFFFFFFFFFFE7
:10F93000FFFFFFFFFFFFFFFFFFFFFFFFFFFFFFFFD7
:10F94000FFFFFFFFFFFFFFFFFFFFFFFFFFFFFFFFC7
:10F95000FFFFFFFFFFFFFFFFFFFFFFFFFFFFFFFFB7
:10F96000FFFFFFFFFFFFFFFFFFFFFFFFFFFFFFFFA7
:10F97000FFFFFFFFFFFFFFFFFFFFFFFFFFFFFFFF97
:10F98000FFFFFFFFFFFFFFFFFFFFFFFFFFFFFFFF87
:10F99000FFFFFFFFFFFFFFFFFFFFFFFFFFFFFFFF77
:10F9A000FFFFFFFFFFFFFFFFFFFFFFFFFFFFFFFF67
:10F9B000FFFFFFFFFFFFFFFFFFFFFFFFFFFFFFFF57
:10F9C000FFFFFFFFFFFFFFFFFFFFFFFFFFFFFFFF47
:10F9D000FFFFFFFFFFFFFFFFFFFFFFFFFFFFFFFF37
:10F9E000FFFFFFFFFFFFFFFFFFFFFFFFFFFFFFFF27
:10F9F000FFFFFFFFFFFFFFFFFFFFFFFFFFFFFFFF17
:10FA0000FFFFFFFFFFFFFFFFFFFFFFFFFFFFFFFF06
:10FA1000FFFFFFFFFFFFFFFFFFFFFFFFFFFFFFFFF6
:10FA2000FFFFFFFFFFFFFFFFFFFFFFFFFFFFFFFFE6
:10FA3000FFFFFFFFFFFFFFFFFFFFFFFFFFFFFFFFD6
:10FA4000FFFFFFFFFFFFFFFFFFFFFFFFFFFFFFFFC6
:10FA5000FFFFFFFFFFFFFFFFFFFFFFFFFFFFFFFFB6
:10FA6000FFFFFFFFFFFFFFFFFFFFFFFFFFFFFFFFA6
:10FA7000FFFFFFFFFFFFFFFFFFFFFFFFFFFFFFFF96
:10FA8000FFFFFFFFFFFFFFFFFFFFFFFFFFFFFFFF86
:10FA9000FFFFFFFFFFFFFFFFFFFFFFFFFFFFFFFF76
:10FAA000FFFFFFFFFFFFFFFFFFFFFFFFFFFFFFFF66
:10FAB000FFFFFFFFFFFFFFFFFFFFFFFFFFFFFFFF56
:10FAC000FFFFFFFFFFFFFFFFFFFFFFFFFFFFFFFF46
:10FAD000FFFFFFFFFFFFFFFFFFFFFFFFFFFFFFFF36
:10FAE000FFFFFFFFFFFFFFFFFFFFFFFFFFFFFFFF26
:10FAF000FFFFFFFFFFFFFFFFFFFFFFFFFFFFFFFF16
:10FB0000FFFFFFFFFFFFFFFFFFFFFFFFFFFFFFFF05
:10FB1000FFFFFFFFFFFFFFFFFFFFFFFFFFFFFFFFF5
:10FB2000FFFFFFFFFFFFFFFFFFFFFFFFFFFFFFFFE5
:10FB3000FFFFFFFFFFFFFFFFFFFFFFFFFFFFFFFFD5
:10FB4000FFFFFFFFFFFFFFFFFFFFFFFFFFFFFFFFC5
:10FB5000FFFFFFFFFFFFFFFFFFFFFFFFFFFFFFFFB5
:10FB6000FFFFFFFFFFFFFFFFFFFFFFFFFFFFFFFFA5
:10FB7000FFFFFFFFFFFFFFFFFFFFFFFFFFFFFFFF95
:10FB8000FFFFFFFFFFFFFFFFFFFFFFFFFFFFFFFF85
:10FB9000FFFFFFFFFFFFFFFFFFFFFFFFFFFFFFFF75
:10FBA000FFFFFFFFFFFFFFFFFFFFFFFFFFFFFFFF65
:10FBB000FFFFFFFFFFFFFFFFFFFFFFFFFFFFFFFF55
:10FBC000FFFFFFFFFFFFFFFFFFFFFFFFFFFFFFFF45
:10FBD000FFFFFFFFFFFFFFFFFFFFFFFFFFFFFFFF35
:10FBE000FFFFFFFFFFFFFFFFFFFFFFFFFFFFFFFF25
:10FBF000FFFFFFFFFFFFFFFFFFFFFFFFFFFFFFFF15
:10FC0000FFFFFFFFFFFFFFFFFFFFFFFFFFFFFFFF04
:10FC1000FFFFFFFFFFFFFFFFFFFFFFFFFFFFFFFFF4
:10FC2000FFFFFFFFFFFFFFFFFFFFFFFFFFFFFFFFE4
:10FC3000FFFFFFFFFFFFFFFFFFFFFFFFFFFFFFFFD4
:10FC4000FFFFFFFFFFFFFFFFFFFFFFFFFFFFFFFFC4
:10FC5000FFFFFFFFFFFFFFFFFFFFFFFFFFFFFFFFB4
:10FC6000FFFFFFFFFFFFFFFFFFFFFFFFFFFFFFFFA4
:10FC7000FFFFFFFFFFFFFFFFFFFFFFFFFFFFFFFF94
:10FC8000FFFFFFFFFFFFFFFFFFFFFFFFFFFFFFFF84
:10FC9000FFFFFFFFFFFFFFFFFFFFFFFFFFFFFFFF74
:10FCA000FFFFFFFFFFFFFFFFFFFFFFFFFFFFFFFF64
:10FCB000FFFFFFFFFFFFFFFFFFFFFFFFFFFFFFFF54
:10FCC000FFFFFFFFFFFFFFFFFFFFFFFFFFFFFFFF44
:10FCD000FFFFFFFFFFFFFFFFFFFFFFFFFFFFFFFF34
:10FCE000FFFFFFFFFFFFFFFFFFFFFFFFFFFFFFFF24
:10FCF000FFFFFFFFFFFFFFFFFFFFFFFFFFFFFFFF14
:10FD0000FFFFFFFFFFFFFFFFFFFFFFFFFFFFFFFF03
:10FD1000FFFFFFFFFFFFFFFFFFFFFFFFFFFFFFFFF3
:10FD2000FFFFFFFFFFFFFFFFFFFFFFFFFFFFFFFFE3
:10FD3000FFFFFFFFFFFFFFFFFFFFFFFFFFFFFFFFD3
:10FD4000FFFFFFFFFFFFFFFFFFFFFFFFFFFFFFFFC3
:10FD5000FFFFFFFFFFFFFFFFFFFFFFFFFFFFFFFFB3
:10FD6000FFFFFFFFFFFFFFFFFFFFFFFFFFFFFFFFA3
:10FD7000FFFFFFFFFFFFFFFFFFFFFFFFFFFFFFFF93
:10FD8000FFFFFFFFFFFFFFFFFFFFFFFFFFFFFFFF83
:10FD9000FFFFFFFFFFFFFFFFFFFFFFFFFFFFFFFF73
:10FDA000FFFFFFFFFFFFFFFFFFFFFFFFFFFFFFFF63
:10FDB000FFFFFFFFFFFFFFFFFFFFFFFFFFFFFFFF53
:10FDC000FFFFFFFFFFFFFFFFFFFFFFFFFFFFFFFF43
:10FDD000FFFFFFFFFFFFFFFFFFFFFFFFFFFFFFFF33
:10FDE000FFFFFFFFFFFFFFFFFFFFFFFFFFFFFFFF23
:10FDF000FFFFFFFFFFFFFFFFFFFFFFFFFFFFFFFF13
:10FE0000FFFFFFFFFFFFFFFFFFFFFFFFFFFFFFFF02
:10FE1000FFFFFFFFFFFFFFFFFFFFFFFFFFFFFFFFF2
:10FE2000FFFFFFFFFFFFFFFFFFFFFFFFFFFFFFFFE2
:10FE3000FFFFFFFFFFFFFFFFFFFFFFFFFFFFFFFFD2
:10FE4000FFFFFFFFFFFFFFFFFFFFFFFFFFFFFFFFC2
:10FE5000FFFFFFFFFFFFFFFFFFFFFFFFFFFFFFFFB2
:10FE6000FFFFFFFFFFFFFFFFFFFFFFFFFFFFFFFFA2
:10FE7000FFFFFFFFFFFFFFFFFFFFFFFFFFFFFFFF92
:10FE8000FFFFFFFFFFFFFFFFFFFFFFFFFFFFFFFF82
:10FE9000FFFFFFFFFFFFFFFFFFFFFFFFFFFFFFFF72
:10FEA000FFFFFFFFFFFFFFFFFFFFFFFFFFFFFFFF62
:10FEB000FFFFFFFFFFFFFFFFFFFFFFFFFFFFFFFF52
:10FEC000FFFFFFFFFFFFFFFFFFFFFFFFFFFFFFFF42
:10FED000FFFFFFFFFFFFFFFFFFFFFFFFFFFFFFFF32
:10FEE000FFFFFFFFFFFFFFFFFFFFFFFFFFFFFFFF22
:10FEF000FFFFFFFFFFFFFFFFFFFFFFFFFFFFFFFF12
:10FF0000FFFFFFFFFFFFFFFFFFFFFFFFFFFFFFFF01
:10FF1000FFFFFFFFFFFFFFFFFFFFFFFFFFFFFFFFF1
:10FF2000FFFFFFFFFFFFFFFFFFFFFFFFFFFFFFFFE1
:10FF3000FFFFFFFFFFFFFFFFFFFFFFFFFFFFFFFFD1
:10FF4000FFFFFFFFFFFFFFFFFFFFFFFFFFFFFFFFC1
:10FF5000FFFFFFFFFFFFFFFFFFFFFFFFFFFFFFFFB1
:10FF6000FFFFFFFFFFFFFFFFFFFFFFFFFFFFFFFFA1
:10FF7000FFFFFFFFFFFFFFFFFFFFFFFFFFFFFFFF91
:10FF8000FFFFFFFFFFFFFFFFFFFFFFFFFFFFFFFF81
:10FF9000FFFFFFFFFFFFFFFFFFFFFFFFFFFFFFFF71
:10FFA000FFFFFFFFFFFFFFFFFFFFFFFFFFFFFFFF61
:10FFB000FFFFFFFFFFFFFFFFFFFFFFFFFFFFFFFF51
:10FFC000FFFFFFFFFFFFFFFFFFFFFFFFFFFFFFFF41
:10FFD000FFFFFFFFFFFFFFFFFFFFFFFFFFFFFFFF31
:10FFE000FFFFFFFFFFFFFFFFFFFFFFFFFFFFFFFF21
:10FFF000FFFFFFFFFFFFFFFFFFFFFFFFFFFFFFFF11
:00000001FF
