:100000002852FF1FED8A00003D8B00003D8B000051
:100010003D8B00003D8B00003D8B00000000000088
:10002000000000000000000000000000219200001D
:100030003D8B000000000000319300009993000008
:10004000A5400000B5400000C5400000D5400000BC
:10005000E5400000F54000000541000015410000AA
:100060002541000035410000454100005541000098
:100070006541000075410000854100009541000088
:10008000E5350000F53500000536000015360000A6
:10009000253600001914000035140000511400002A
:1000A0006D14000000000000000000003D21000071
:1000B0004D2100005D210000000000003D8B00008C
:1000C00000000000693E0000158A0000258A00003B
:1000D000358A0000458A0000558A0000658A0000C4
:1000E000758A0000858A0000000000000000000002
:1000F0000000000000000000293300003933000038
:100100003D8B00003D8B0000DD8A00002D080000C3
:10011000C93D00003D8B000005200000D91F0000F4
:100120003D8B00003D8B00003D8B00003D8B0000AF
:100130003D8B00003D8B00003D8B00003D8B00009F
:100140003D8B00003D8B00003D8B00003D8B00008F
:100150003D8B00003D8B00003D8B00003D8B00007F
:100160003D8B00003D8B00003D8B00000000000037
:10017000000000000000000000000000000000007F
:10018000000000003D2F00001D340000451C000051
:10019000551C0000651C0000751C00006543000034
:1001A0002D3D0000213D0000393D0000C51C000030
:0401B000D51C00005A
:1001C00053B94AB9002908BF00281CBF4FF0FF31BE
:1001D0004FF0FF3000F07EB9ADF1080C6DE904CEB0
:1001E00000F006F8DDF804E0DDE9022304B0704712
:1001F0002DE9F0478C460E460446089D002B50D151
:100200008A4217466CD9B2FA82FEBEF1000F0BD0BB
:10021000CEF1200420FA04F401FA0EF644EA060CAA
:1002200002FA0EF700FA0EF44FEA1749220CBCFB53
:10023000F9F01FFA87F809FB10C642EA064600FBF0
:1002400008F3B34209D9F61900F1FF3280F0228198
:10025000B34240F21F8102383E44F61AA2B2B6FB06
:10026000F9F309FB136642EA064403FB08F8A045CC
:1002700009D9E41903F1FF3280F00A81A04540F268
:100280000781023B3C44C8EB040443EA00400021E0
:10029000002D62D024FA0EF400232C606B60BDE8C0
:1002A000F0878B4207D9002D55D0002185E8410009
:1002B0000846BDE8F087B3FA83F1002940F090804A
:1002C000B34202D3824200F2F880841A66EB03063E
:1002D0000120B446002D40D085E81010BDE8F0871D
:1002E00012B90127B7FBF2F7B7FA87FEBEF1000F8C
:1002F00035D1F31B4FEA17481FFA87FC0121B3FBE6
:10030000F8F0220C08FB103642EA06460CFB00F31C
:10031000B34207D9F61900F1FF3202D2B34200F21C
:10032000CE801046F61AA2B2B6FBF8F308FB1366AD
:1003300042EA06440CFB03FCA44507D9E41903F187
:10034000FF3202D2A44500F2B5801346CCEB040480
:1003500043EA00409CE729462846BDE8F087CEF1F5
:10036000200106FA0EF307FA0EF720FA01F94FEA18
:100370001748CE4049EA0309B6FBF8FA4FEA194498
:1003800008FB1A661FFA87FC44EA06430AFB0CF2D4
:100390009A4200FA0EF40AD9DB190AF1FF3180F013
:1003A00087809A4240F28480AAF1020A3B449B1A59
:1003B0001FFA89F9B3FBF8F108FB113349EA03434B
:1003C00001FB0CF69E4207D9DB1901F1FF326BD21B
:1003D0009E4269D902393B449B1B41EA0A418EE7A0
:1003E000C1F1200E22FA0EF48B40234320FA0EF7BF
:1003F00006FA01F44FEA134C26FA0EF63C43B6FB1C
:10040000FCF9270C0CFB19661FFA83F847EA06462D
:1004100009FB08F7B74202FA01F200FA01FA08D91B
:10042000F61809F1FF3041D2B7423FD9A9F10209CC
:100430001E44F61BA0B2B6FBFCF40CFB146640EAAB
:10044000064704FB08F8B84507D9FF1804F1FF3048
:1004500028D2B84526D9023C1F4444EA0940C8EBDB
:100460000707A0FB02894F4544464E4614D329D0C6
:1004700065B3BAEB040367EB060707FA0EFECB4041
:10048000CF404EEA030385E888000021BDE8F087ED
:100490001346F8E61046E0E6B8EB020469EB030603
:1004A0000138E5E70446D8E7114695E78146C0E7FD
:1004B0008A467CE7023B3C4448E708460AE70238A4
:1004C0003E442FE7C245E7D33E46D1E72946BDE883
:1004D000F08700BF704700BF844641EA000313F075
:1004E00003036DD1403A41D351F8043B40F8043B3B
:1004F00051F8043B40F8043B51F8043B40F8043BFE
:1005000051F8043B40F8043B51F8043B40F8043BED
:1005100051F8043B40F8043B51F8043B40F8043BDD
:1005200051F8043B40F8043B51F8043B40F8043BCD
:1005300051F8043B40F8043B51F8043B40F8043BBD
:1005400051F8043B40F8043B51F8043B40F8043BAD
:1005500051F8043B40F8043B51F8043B40F8043B9D
:1005600051F8043B40F8043B403ABDD2303211D33D
:1005700051F8043B40F8043B51F8043B40F8043B7D
:1005800051F8043B40F8043B51F8043B40F8043B6D
:10059000103AEDD20C3205D351F8043B40F8043B3D
:1005A000043AF9D2043208D0D2071CBF11F8013B3B
:1005B00000F8013B01D30B8803806046704700BF01
:1005C000082A13D38B078DD010F003038AD0C3F110
:1005D0000403D21ADB071CBF11F8013B00F8013BF2
:1005E00080D331F8023B20F8023B7BE7043AD9D3B1
:1005F000013A11F8013B00F8013BF9D20B78037086
:100600004B7843708B7883706046704780B500AF3D
:1006100008F01EFB0AF0D4FD0AF06EFF0EF0B4FAEB
:100620000EF0E8FB0BF0B6F90FF078F908F070FB6C
:10063000FEE700BF80B483B000AF0023FB71084B1E
:100640005B68C3F308033B603B68002B01D00123C8
:10065000FB71FB7918460C37BD465DF8047B70478B
:1006600000ED00E02DE9B04F00AF09F0A3FE034616
:1006700018464FF0000102460B464FEA830B4BEA47
:10068000927B4FEA820A52465B465D0145EAD2659B
:100690005401A41A65EB0305241845EB01054FEA44
:1006A000C50949EA54794FEAC40844464D462046F4
:1006B000294642F210724FF00003FFF781FD034616
:1006C0000C461846BDE8B08F80B586B000AF7860A4
:1006D00000237B617B681B683B61FFF7ABFF034630
:1006E000FB73FB7B002B17D00023BB6007F10803D3
:1006F0001946386909F04EF878617B69012B12D1EF
:10070000BB68002B0FD00E4B4FF080521A60BFF326
:100710004F8FBFF36F8F06E000230022002138695E
:1007200008F072FF78617B69012B14BF012300235D
:10073000DBB2BB81BB8918461837BD4680BD00BF00
:1007400004ED00E080B584B000AF78600B46FB702C
:100750000023FB81FB781946FF2008F035FF024695
:100760007B681A607B681B68002B01D10123FB8129
:10077000FB8918461037BD4680BD00BF80B584B0E8
:1007800000AF78607B681B68FB60F86809F010F9BF
:10079000002318461037BD4680BD00BF80B483B02B
:1007A00000AF78607B685B6843F040027B685A600A
:1007B00000BF0C37BD465DF8047B704780B483B042
:1007C00000AF78607B68074A9A607B689B687B68AB
:1007D000054A9A607B689B6800BF0C37BD465DF890
:1007E000047B704787D964E078848A8680B584B0BA
:1007F00000AF0346FB710B4BFB60F868FFF7DEFFB1
:10080000F868FFF7CBFFFB79074A52F82330002B3B
:1008100004D0FB79044A52F82330984700BF1037C0
:10082000BD4680BD00B000401802FF1F80B500AF7C
:100830000020FFF7DBFF00BF80BD00BF80B483B0A6
:1008400000AF78600B46FB707B681B6923F00102E8
:10085000FB78002B01D0012300E000231A437B68C2
:100860001A6100BF7B681B6903F00103002B14BFF2
:1008700001230023DBB21A46FB789A42F2D100BF73
:100880000C37BD465DF8047B704700BF80B483B071
:1008900000AF78600B46FB707B681B6C23F0020294
:1008A000FB78002B01D0022300E000231A437B6871
:1008B0001A6400BF0C37BD465DF8047B704700BF6B
:1008C00080B483B000AF78600B46FB707B681B6C14
:1008D00023F00102FB78002B01D0012300E000236C
:1008E0001A437B681A6400BF0C37BD465DF8047B71
:1008F000704700BF80B483B000AF78600B46FB70D8
:10090000FA787B681A6000BF0C37BD465DF8047B3F
:10091000704700BF80B483B000AF786039607B68F7
:100920001B68DAB23B681A7000BF0C37BD465DF831
:10093000047B704780B485B000AF78609E23FB6075
:100940007B68FA681A6200BF1437BD465DF8047B05
:10095000704700BF80B584B000AF7860404A7B68C4
:1009600052F82330FB603F4A7B6852F82330BB606B
:10097000786800F061F94FF44031F86800F054FCF9
:100980000346002B0AD04FF48031F86800F0A2FC37
:100990000346002B02D0786800F074F83249F868FA
:1009A00000F042FC0346002B09D03049F86800F003
:1009B00091FC0346002B02D0786800F0AFF82C4978
:1009C000F86800F031FC0346002B09D02949F8688B
:1009D00000F080FC0346002B02D0786800F002F99A
:1009E0002549F86800F020FC0346002B15D0234968
:1009F000F86800F06FFC0346002B0ED01F49F86822
:100A000000F09AFCBB689B69002B06D0BB689B6911
:100A1000BA68D2690421B86898471949F86800F0A3
:100A200003FC0346002B17D04FF40031F86800F0A8
:100A300051FC0346002B0FD04FF40031F86800F052
:100A40007BFCBB689B69002B06D0BB689B69BA68BE
:100A5000D2690521B868984700BF1037BD4680BDF0
:100A600014FB00001C02FF1F010003000500010031
:100A7000020003000600010002000400080002005A
:100A80000400060080B584B000AF7860224A7B681D
:100A900052F82330FB60786800F062FAFB681B7D37
:100AA000022B0AD0FB685B685A1CFB685A60FB6823
:100AB000DB685A1EFB68DA6009E0FB685B689A1C19
:100AC000FB685A60FB68DB689A1EFB68DA60FB68AB
:100AD000DB68002B0AD1FB689B69002B06D0FB6802
:100AE0009B69FA68D2690021F8689847FB68DB685F
:100AF000002B0DD1786800F0B1F9FB689B69002BE1
:100B000006D0FB689B69FA68D2690221F8689847A9
:100B100000BF1037BD4680BD1C02FF1F80B584B0EA
:100B200000AF78602B4A7B6852F82330FB602A4A7A
:100B30007B6852F82330BB60FB689B68002B45D074
:100B4000786800F0CFF9FB681B7D022B13D0FB689F
:100B50009B68012B04D101222049B86800F0ECFA0F
:100B6000FB681B685A1CFB681A60FB689B685A1E6E
:100B7000FB689A6012E0FB689B68022B04D101229B
:100B80001649B86800F0D8FAFB681B689A1CFB6825
:100B90001A60FB689B689A1EFB689A60FB689B68FA
:100BA000002B13D1FB681B6A002B06D0FB681B6A65
:100BB000FA68526A0121F8689847FB689B68002B25
:100BC00004D100220649B86800F0B6FA00BF103719
:100BD000BD4680BD1C02FF1F14FB00000200030085
:100BE0000100030080B584B000AF7860114A7B68D3
:100BF00052F82330FB60FB689B68002B16D1FB6822
:100C000093F82830012B03D1786800F0EDF802E06A
:100C1000786800F0E1F9FB681B6A002B06D0FB68DE
:100C20001B6AFA68526A0221F868984700BF1037B9
:100C3000BD4680BD1C02FF1F80B584B000AF786048
:100C4000634A7B6852F82330FB60624A7B6852F843
:100C50002330BB604FF00111B86800F03BFB034646
:100C6000002B1DD0FB6840F20162DA86FB6893F826
:100C70002830012B03D1786800F0F0F802E07868A2
:100C800000F0E6F9FB689B69002B06D0FB689B69C6
:100C9000FA68D2690321F8689847B868FFF74AFEF6
:100CA0004D49B86800F016FB0346002B1DD0FB68C9
:100CB00040F20462DA86FB6893F82830012B03D1F6
:100CC000786800F0CBF802E0786800F0C1F9FB68C2
:100CD0009B69002B06D0FB689B69FA68D2690321E7
:100CE000F8689847B868FFF725FE3C49B86800F0F7
:100CF000F1FA0346002B1DD0FB6840F20362DA864E
:100D0000FB6893F82830012B03D1786800F0A6F82F
:100D100002E0786800F09CF9FB689B69002B06D024
:100D2000FB689B69FA68D2690321F8689847B8683C
:100D3000FFF700FE2A49B86800F0CCFA0346002B02
:100D40001DD0FB6840F20562DA86FB6893F8283014
:100D5000012B03D1786800F081F802E0786800F098
:100D600077F9FB689B69002B06D0FB689B69FA68E2
:100D7000D2690321F8689847B868FFF7DBFD194985
:100D8000B86800F0A7FA0346002B1DD0FB6840F2BC
:100D90000662DA86FB6893F82830012B03D1786865
:100DA00000F05CF802E0786800F052F9FB689B699B
:100DB000002B06D0FB689B69FA68D2690321F868AA
:100DC0009847B868FFF7B6FD00BF1037BD4680BD35
:100DD0001C02FF1F14FB00000200010003000100C1
:100DE000040001000700010080B584B000AF786006
:100DF000164A7B6852F82330FB60154A7B6852F82C
:100E00002330BB60BB689B8E9BB2022B03D1BB68B7
:100E100000229A8604E000220E49F86800F08CF95E
:100E200000220D49F86800F087F9BB6800221A74A7
:100E3000BB689B7CDBB2002B04D0BB683033184608
:100E4000FFF742FC00BF1037BD4680BD14FB000019
:100E50001C02FF1F010003000200030080B586B0E2
:100E600000AF78600023FB731C4A7B6852F8233084
:100E70007B611B4A7B6852F823303B610021386953
:100E8000FFF7DCFC0021386900F09CFA07F10F0342
:100E900019463869FFF73EFD00224FF440313869AA
:100EA00000F04AF97B69DB7CDBB2002B07D07B6961
:100EB0002C331846FFF708FC7B690022DA747B6943
:100EC00000225A747B69DB8E9BB2022B02D17B69B4
:100ED0000022DA8600BF1837BD4680BD1C02FF1F06
:100EE00014FB000080B586B000AF78601A4A7B68BA
:100EF00052F823307B61194A7B6852F823303B61FA
:100F00000023FB817B691B68BB607B691B7D002B19
:100F100003D07B691B7D012B06D1BB681B7819466A
:100F20003869FFF7E7FC12E0BB681B78FB81BB6800
:100F30000133BB60BB681B789BB21B029AB2FB8972
:100F40001343FB81FB891946386900F0CFF800BFD5
:100F50001837BD4680BD00BF1C02FF1F14FB0000F8
:100F600080B586B000AF7860194A7B6852F82330AC
:100F70007B61184A7B6852F823303B6100237B81F8
:100F80007B695B68FB607B691B7D002B03D07B6901
:100F90001B7D012B04D1F9683869FFF7BBFC12E017
:100FA00007F10A031946386900F0B2F87B89DAB212
:100FB000FB681A70FB680133FB607B891B0A9BB2DC
:100FC000DAB2FB681A7000BF1837BD4680BD00BF9B
:100FD0001C02FF1F14FB000080B584B000AF7860D6
:100FE000184A7B6852F82330FB60174A7B6852F836
:100FF0002330BB600021F868FFF748FCBB6893F81A
:101000002A30184603F024F800221049F86800F04E
:1010100093F8BB689B7CDBB2002B04D0BB683033F9
:101020001846FFF751FBBB689B8E9BB2022B02D187
:10103000BB6800229A86BB6800221A7400BF103772
:10104000BD4680BD14FB00001C02FF1F0200030010
:1010500080B586B000AF7860224A7B6852F82330B2
:101060007B61214A7B6852F823303B610023FB738C
:1010700000217869FFF7E2FB0021786900F0A2F90E
:1010800000217869FFF71CFC07F10F031946786906
:10109000FFF740FC07F10F0319467869FFF73AFCA8
:1010A0003B6993F82930184602F0D2FF3B69DB7C9C
:1010B000DBB2002B07D03B692C331846FFF704FB4B
:1010C0003B690022DA743B69DB8E9BB2022B02D1B2
:1010D0003B690022DA863B6900225A7400BF183748
:1010E000BD4680BD14FB00001C02FF1F80B483B00E
:1010F00000AF78600B467B807B88C3F308027B6877
:101100001A6000BF0C37BD465DF8047B704700BF16
:1011100080B483B000AF786039607B681B689BB295
:10112000C3F308039AB23B681A8000BF0C37BD4670
:101130005DF8047B704700BF80B487B000AFF860F3
:10114000B9601346FB71BB681B0C7B61BB689BB22B
:101150003B617B69033B032B5ED801A252F823F06D
:10116000711100009B110000C5110000EF1100007B
:10117000FB68DA6901213B6901FA03F3DB431A409A
:10118000FB79002B01D0012100E000213B6901FA2D
:1011900003F31A43FB68DA613FE0FB689A6C0121B4
:1011A0003B6901FA03F3DB431A40FB79002B01D0C2
:1011B000012100E000213B6901FA03F31A43FB68B7
:1011C0009A642AE0FB68DA6D01213B6901FA03F3B6
:1011D000DB431A40FB79002B01D0012100E0002104
:1011E0003B6901FA03F31A43FB68DA6515E0FB6813
:1011F0009A6D01213B6901FA03F3DB431A40FB7945
:10120000002B01D0012100E000213B6901FA03F32A
:101210001A43FB689A6500E000BF00BF1C37BD465B
:101220005DF8047B704700BF80B485B000AF786084
:1012300039603B681B0CBB600023FB73BB68033B3E
:10124000032B3FD801A252F823F000BF5D1200002B
:101250007712000091120000AB1200007B68DB697E
:101260003A6892B2D34003F00103002B14BF01236C
:101270000023FB7327E07B689B6C3A6892B2D340F3
:1012800003F00103002B14BF01230023FB731AE0BA
:101290007B68DB6D3A6892B2D34003F00103002B08
:1012A00014BF01230023FB730DE07B689B6D3A683C
:1012B00092B2D34003F00103002B14BF012300239B
:1012C000FB7300E000BFFB7B18461437BD465DF89A
:1012D000047B704780B485B000AF786039603B68AC
:1012E0001B0CBB600023FB73BB68012B02D0022BDD
:1012F0000DD019E07B681B6A3A6892B2D34003F0C4
:101300000103002B14BF01230023FB730CE07B6857
:101310005B6A3A6892B2D34003F00103002B14BF1A
:1013200001230023FB7300BFFB7B18461437BD4627
:101330005DF8047B704700BF80B485B000AF786073
:1013400039600023FB813B681B0CBB603B681A4A79
:10135000934206D8194A93420ED2B3F5803F0BD080
:101360000DE0174A934207D0154A934207D3A3F5DD
:101370000033053B022B02D80123FB8114E0BB683C
:10138000012B08D13B689BB21A46012303FA02F2F3
:101390007B681A6207E03B689BB21A46012303FA96
:1013A00002F27B685A6200BFFB8918461437BD46BB
:1013B0005DF8047B704700BF0600010005000100D6
:1013C0000800010080B582B000AF78600B46FB706A
:1013D000FB781A460D497868FFF7AEFEFB781A468F
:1013E0004FF003117868FFF7A7FEFB781A4608490B
:1013F0007868FFF7A1FEFB781A4606497868FFF780
:101400009BFE00BF0837BD4680BD00BF060003003D
:10141000050003000400030080B500AF044B1B6807
:10142000002B03D0024B1B680020984700BF80BDF3
:101430000000FF1F80B500AF044B5B68002B03D09A
:10144000024B5B680120984700BF80BD0000FF1F72
:1014500080B500AF044B9B68002B03D0024B9B6808
:101460000220984700BF80BD0000FF1F80B500AF7D
:10147000044BDB68002B03D0024BDB68032098474A
:1014800000BF80BD0000FF1F80B483B000AF0346E3
:10149000FB7197F90730002B0BDB094997F90730EF
:1014A0005B09FA7902F01F02012000FA02F241F80A
:1014B000232000BF0C37BD465DF8047B704700BF9A
:1014C00000E100E080B483B000AF0346FB7197F900
:1014D0000730002B10DB0B4997F907305B09FA79CD
:1014E00002F01F02012000FA02F2203341F823200B
:1014F000BFF34F8FBFF36F8F00BF0C37BD465DF852
:10150000047B704700E100E080B483B000AF7860F6
:101510007B681B6843F001027B681A6000BF0C37D0
:10152000BD465DF8047B704780B483B000AF78603F
:101530007B681B6823F001027B681A6000BF0C37D0
:10154000BD465DF8047B704780B483B000AF78601F
:1015500039607B68DA683B681A437B68DA6000BFF1
:101560000C37BD465DF8047B704700BF80B483B084
:1015700000AF786039607B68DA683B68DB431A400B
:101580007B68DA6000BF0C37BD465DF8047B7047AE
:1015900080B483B000AF786039607B683A681A60C5
:1015A00000BF0C37BD465DF8047B704780B483B044
:1015B00000AF786039607B683A685A6000BF0C37CA
:1015C000BD465DF8047B704780B483B000AF78609F
:1015D00039607B689A683B681A437B689A6000BFF1
:1015E0000C37BD465DF8047B704700BF80B483B004
:1015F00000AF786039607B689A683B68DB431A40CB
:101600007B689A6000BF0C37BD465DF8047B70476D
:1016100080B483B000AF786039607B685A683B68FB
:10162000134018460C37BD465DF8047B704700BF79
:1016300080B483B000AF786039607B683A685A60E4
:1016400000BF0C37BD465DF8047B704780B483B0A3
:1016500000AF78600B46FB707B689B6823F030021C
:10166000FB781B011A437B689A6000BF0C37BD46AC
:101670005DF8047B704700BF80B485B000AF786030
:101680007B689B6803F030031B09BB60BB68032BBE
:1016900016D801A252F823F0A9160000AF160000D8
:1016A000B5160000BB1600000023FB730BE00123FE
:1016B000FB7308E00223FB7305E00323FB7302E0E6
:1016C0000023FB7300BFFB7B18461437BD465DF853
:1016D000047B704780B483B000AF78600B46FB702A
:1016E0007B689B6823F00C02FB789B001A437B68A5
:1016F0009A6000BF0C37BD465DF8047B704700BFA1
:1017000080B483B000AF786039607B689B6823F455
:1017100070423B681B031A437B689A6000BF0C371A
:10172000BD465DF8047B704780B483B000AF78603D
:101730000B46FB707B689B6823F48032FB781B04AC
:101740001A437B689A6000BF0C37BD465DF8047B86
:10175000704700BF80B483B000AF78600B46FB7069
:101760007B689B6823F48062FB789B021A437B684A
:101770009A6000BF0C37BD465DF8047B704700BF20
:1017800080B483B000AF78600B46FB707B689B68C9
:1017900023F40072FB785B021A437B689A6000BFF7
:1017A0000C37BD465DF8047B704700BF80B483B042
:1017B00000AF78600B46FB707B689B6823F48072F7
:1017C000FB781B021A437B689A6000BF0C37BD464A
:1017D0005DF8047B704700BF80B483B000AF7860D1
:1017E0000B46FB707B689B6823F00102FB781A4371
:1017F0007B689A6000BF0C37BD465DF8047B70477C
:1018000080B483B000AF78600B46FB707B681B68C8
:1018100023F00202FB785B001A437B681A6000BF6A
:101820000C37BD465DF8047B704700BF80B584B0BF
:1018300000AF03460A46FB711346BB714FF481703B
:10184000FB799B000D4A1344194604F011FB034633
:10185000FB8101214D2003F059FD01214D2003F0B2
:10186000C7FD0748FFF750FEBB7919460448FFF74C
:10187000C7FF00BF1037BD4680BD00BF2C02FF1F51
:101880000010014080B582B000AF0346FB710748ED
:10189000FFF74AFE00214D2003F0AAFD00214D2054
:1018A00003F034FD00BF0837BD4680BD0010014085
:1018B00080B586B000AF0346B9607A60FB73494AD1
:1018C000BB6852F823303B610023FB82BB68002BCE
:1018D00006D17B68DB7C002B02D00123FB827BE0FE
:1018E0007B68DB7C19463869FFF776FF7B681B78DD
:1018F00019463869FFF7AAFE7B681B78022B04D1D2
:1019000000213869FFF7E6FE05E07B685B7A19463F
:101910003869FFF7DFFE7B685B78012B09D17B68B4
:101920005A68FB7BB968184600F086F80346FB82CC
:1019300006E07B685A68FB7BB968184600F00EF930
:10194000FB8A002B48D17B681B7A19463869FFF760
:10195000EBFE7B68DB6819463869FFF7D1FE7B68D0
:101960001B7C19463869FFF7F5FE7B685B7C1946DE
:101970003869FFF705FF7B689B7C19463869FFF7DC
:1019800015FF7B689B691946B86800F013F97B68FE
:101990001B7D002B10D00122BB6802FA03F319460D
:1019A0001148FFF711FE114ABB68134493F9003048
:1019B0001846FFF769FD0FE00122BB6802FA03F346
:1019C00019460948FFF712FE084ABB68134493F909
:1019D00000301846FFF776FDFB8A18461837BD46DB
:1019E00080BD00BF1000FF1F0010014024FB00005D
:1019F00080B584B000AF03463960FB71044BFB60D7
:101A00003968F868FFF7A0FD00BF1037BD4680BDFC
:101A10000010014080B584B000AF03463960FB710F
:101A2000044BFB603968F868FFF7A0FD00BF103772
:101A3000BD4680BD00100140F0B58BB000AF03463D
:101A4000B9607A60FB73414ABB6852F823307B610E
:101A50000023FB844FF48170FB7B9B003C4A1344C2
:101A6000194604F005FA03467B827B6818464FF05E
:101A70000001FB7B364A52F823301A464FF0000330
:101A800002FB01FE00FB03F67644A0FB0223F118E3
:101A90000B46C7E90623C7E90623D7E906012D4A05
:101AA0004FF00003FEF78CFB02460B4612F1FF32AB
:101AB00043F1FF33C7E906237869FFF7DDFD0346ED
:101AC0007B74D7E90623012B08BF002A2FD27B7C29
:101AD000012B2ED1D7E906231F484FF00001994270
:101AE00008BF904202D20123FB8422E0D7E90623FB
:101AF0004FF6FF704FF00001994208BF904218D294
:101B0000D7E90623B2F5803243F1FF331D0445EADD
:101B1000124514044FF6FF724FF0000344EA02002E
:101B200045EA030103460C46C7E9063401E00123F8
:101B3000FB84FB8C002B04D1BB6919467869FFF745
:101B400027FDFB8C18462C37BD46F0BD1000FF1F4B
:101B50002C02FF1F40420F00FEFF010080B586B03F
:101B600000AF0346B9607A60FB73064ABB6852F85F
:101B700023307B6179687869FFF70AFD00BF183769
:101B8000BD4680BD1000FF1F80B586B000AF034684
:101B9000B9607A60FB73064ABB6852F823307B61F8
:101BA00079687869FFF702FD00BF1837BD4680BD30
:101BB0001000FF1F80B483B000AF78603960054922
:101BC0007B683A6841F8232000BF0C37BD465DF8BA
:101BD000047B70473002FF1F80B584B000AF78608F
:101BE0000023FB6001227B6802FA03F319461248C6
:101BF000FFF70EFDF860FB68002B18D001227B6810
:101C000002FA03F319460C48FFF712FD0B4A7B68F2
:101C100052F82330002B0AD0084A7B6852F8233050
:101C200007497A6851F822000022F968984700BFF6
:101C30001037BD4680BD00BF001001403002FF1FBD
:101C40001000FF1F80B500AF0020FFF7C5FF00BFE9
:101C500080BD00BF80B500AF0120FFF7BDFF00BF12
:101C600080BD00BF80B500AF0220FFF7B5FF00BF09
:101C700080BD00BF80B500AF0320FFF7ADFF00BF00
:101C800080BD00BF80B584B000AF0346FB71002368
:101C9000FB60FB79013B094A52F82330002B08D046
:101CA000FB79013B054A52F823300022F9680448C9
:101CB000984700BF1037BD4680BD00BF4002FF1FE0
:101CC0000081084080B500AF0120FFF7DBFF00BFB7
:101CD00080BD00BF80B500AF0220FFF7D3FF00BF7B
:101CE00080BD00BF80B483B000AF0346FB710A49DA
:101CF000094B1B6823F4E062FB791B0213430B6062
:101D0000054A054B1B6843F00203136000BF0C3704
:101D1000BD465DF8047B70470080004080B400AF92
:101D2000054B5B69DBB203F00703DBB21846BD4627
:101D30005DF8047B704700BF0080004080B400AFB6
:101D4000054B1B6803F4E0631B0ADBB21846BD4673
:101D50005DF8047B704700BF0080004080B400AF96
:101D6000074B5B6803F080639B0E002B14BF0123BD
:101D70000023DBB21846BD465DF8047B704700BF08
:101D80000080004080B400AF074B5B6803F40003A1
:101D9000DB0D002B14BF01230023DBB21846BD4628
:101DA0005DF8047B704700BF0080004080B400AF46
:101DB000034B0022DA6200BFBD465DF8047B70472A
:101DC0000080004080B483B000AF78607B681B68FF
:101DD00003F480131B0D18460C37BD465DF8047BD9
:101DE000704700BF80B588B000AF0346FB714FF06D
:101DF00080439B693B6100237B83FB79052B0BD1DF
:101E00005B4B1B68DBB2082B06D0594B1B68DBB25F
:101E1000092B01D00423A7E0FB791846FFF762FFE6
:101E2000FB79042B02D0FB79002B05D14FF08042C7
:101E30003B6923F060039361FB79002B02D0FB79AF
:101E4000012B16D14FF47A73FB61FFF767FF03464E
:101E5000FB72FA7AFB799A4205D0FB69013BFB6180
:101E6000FB69002BF1D1FB69002B36D101237B8369
:101E700033E0FB79052B01D1FFF798FFFB79042BA9
:101E800014D1FFF77FFF0346002B0FD04FF08040A7
:101E9000FFF798FF0346012B08D1364B364A1A60EC
:101EA000364B374A1A60374B374A1A60374B1B6834
:101EB000FB60364AFB6823F001031360344A344B5D
:101EC0001B6943F00403136130BF304AFB681360A1
:101ED000FB79052B01D101237B83FB79042B02D0F5
:101EE000FB79002B1BD12B4B5B6803F00053002BBD
:101EF00011D04CF25033FB6100BFFFF72FFF0346B8
:101F000083F00103DBB2002B05D0FB69013BFB61D1
:101F1000FB69002BF1D14FF080423B699361FB7963
:101F2000012B20D0FFF72EFF0346002B1BD04FF0D4
:101F300080424FF080431B6B23F03F031363002369
:101F40007B6103E000BF7B6901337B617B69632BAD
:101F5000F8D94FF080424FF080431B6B23F03F03D2
:101F600043F0010313637B8B18462037BD4680BDC9
:101F70002418200030800040010040783C80004060
:101F800002420200488000400820120110E000E0F8
:101F900000ED00E00080004080B500AFFFF7BEFE1E
:101FA0000346184680BD00BF80B500AFFFF7C6FEF0
:101FB0000346184680BD00BF80B400AF054A054BFC
:101FC0005B6943F01003536100BFBD465DF8047BBD
:101FD000704700BF0080004080B500AFFFF7ECFF06
:101FE000064B1B68002B06D0044B1B68044AD168C3
:101FF00000220348984700BF80BD00BF4802FF1F72
:102000000080004080B500AF054B1B68002B05D059
:10201000034B1B68002200210248984700BF80BD87
:102020004C02FF1F0080004080B584B000AF786094
:102030000B46FB700023FB81FB78262B61D801A2A5
:1020400052F823F0E1200000E1200000EF20000022
:10205000EF200000E7200000EF2000000321000037
:10206000E1200000E1200000032100000321000026
:1020700003210000032100000321000003210000D0
:1020800003210000032100000321000003210000C0
:1020900003210000032100000321000003210000B0
:1020A00003210000032100000321000003210000A0
:1020B0000321000003210000032100000321000090
:1020C0000321000003210000032100000321000080
:1020D000032100000321000003210000FB20000079
:1020E0000123FB810EE0786800F012F80AE0FB782B
:1020F00001229A407B68DA6004E07B682622DA607D
:1021000000E000BFFB8918461037BD4680BD00BF08
:1021100080B483B000AF78607B689B6843F01002A6
:102120007B689A607B689B6823F010027B689A60EA
:1021300000BF0C37BD465DF8047B704780B500AF2B
:10214000002000F0D5FA00BF80BD00BF80B500AF11
:10215000012000F0CDFA00BF80BD00BF80B500AF08
:10216000022000F0C5FA00BF80BD00BF80B483B07C
:1021700000AF78607B685B6803F480531B0B002B17
:1021800014BF01230023DBB218460C37BD465DF8AF
:10219000047B704780B483B000AF78607B685B6875
:1021A00003F00073002B07D07B685B6803F080535B
:1021B000002B01D0012300E0002303F00103DBB278
:1021C00018460C37BD465DF8047B704780B483B079
:1021D00000AF78600B46FB707B68DA68FB7822FA08
:1021E00003F303F00103002B14BF01230023DBB230
:1021F00018460C37BD465DF8047B704780B483B049
:1022000000AF78600B46FB701346BB70BB78002BA9
:1022100009D07B685A68FB78012101FA03F31A435D
:102220007B685A6009E07B685A68FB78012101FAF3
:1022300003F3DB431A407B685A6000BF0C37BD468E
:102240005DF8047B704700BF80B483B000AF786056
:102250000B46FB707B685A68FB7822FA03F303F0A5
:102260000103002B14BF01230023DBB218460C37F7
:10227000BD465DF8047B704780B483B000AF7860E2
:102280000B46FB707B685B6823F48042FB789B0302
:102290001A437B685A6000BF0C37BD465DF8047B6B
:1022A000704700BF80B483B000AF78600B46FB700E
:1022B0007B685B6823F40042FB78DB031A437B688E
:1022C0005A6000BF0C37BD465DF8047B704700BF05
:1022D00080B483B000AF78607B689B6843F02002D5
:1022E0007B689A6000BF0C37BD465DF8047B704781
:1022F00080B483B000AF78607B681B6918460C37E8
:10230000BD465DF8047B704780B483B000AF786051
:102310007B685B699B0803F00103002B14BF01235A
:102320000023DBB218460C37BD465DF8047B7047CE
:1023300080B483B000AF78607B685B69DB0803F032
:102340000103002B14BF01230023DBB218460C3716
:10235000BD465DF8047B704780B582B000AF786001
:10236000786800F005F8002318460837BD4680BDA0
:1023700080B584B000AF7860294A7B6852F823307A
:10238000FB60284A7B6852F82330BB60FB68002260
:102390001A72FB689B78002B02D0786800F024F951
:1023A000FB68DB7E002B12D10021B868FFF77AFFB3
:1023B0000021B868FFF760FFFB685B7E184601F0FC
:1023C00047FEFB689B7E184601F042FE09E00022B2
:1023D0000921B868FFF712FF00220821B868FFF74B
:1023E0000DFF786800F062FAFB68DB78002B07D0FD
:1023F000FB681C331846FEF767F9FB680022DA70A9
:10240000FB685B6A002B06D0FB685B6AFA68926A1D
:102410000021F868984700BF1037BD4680BD00BF57
:102420005002FF1F2000FF1F80B586B000AF78600C
:102430006A4A7B6852F823303B61694A7B6852F8EC
:102440002330FB60674B7B610221F868FFF7BEFE1B
:102450000346002B0FD03B69DB68002B0BD078685C
:10246000FFF77AFF0221F868FFF7DEFD3B690122E2
:1024700083F82020AEE00321F868FFF7A7FE0346AB
:10248000002B0FD03B691B69002B0BD07868FFF73E
:1024900063FF0321F868FFF7C7FD3B69022283F859
:1024A000202097E0F868FFF743FF0346002B0DD08C
:1024B00002E07B69013B7B610721F868FFF786FE3C
:1024C0000346002B02D07B69002BF2D10121F86872
:1024D000FFF77CFE0346002B0BD03B69DB8A9BB2E7
:1024E000002B03D0786800F085F902E0F868FFF768
:1024F000FFFE0021F868FFF769FE0346002B07D0B6
:102500003B699B8A9BB2002B02D0786800F00CF9E3
:102510003B699B8A9BB2002B05D0F868FFF708FF48
:102520000346002B1CD03B69DB8A9BB2002B05D0F5
:10253000F868FFF7E9FE0346002B11D00721F86881
:10254000FFF744FE034683F00103DBB2002B07D004
:1025500000220821F868FFF751FE7868FFF708FFAE
:102560000521F868FFF732FE0346002B15D01F2126
:10257000F868FFF769FE0346002B0ED00521F868C6
:10258000FFF752FD3B695B6A002B06D03B695B6A33
:102590003A69926A0121386998470421F868FFF77F
:1025A00015FE0346002B15D00D21F868FFF74CFEF1
:1025B0000346002B0ED00421F868FFF735FD3B6978
:1025C0005B6A002B06D03B695B6A3A69926A02211A
:1025D000386998471837BD4680BD00BF5002FF1FBD
:1025E0002000FF1F40420F0080B584B000AF78602C
:1025F0004FF47A73FB60134A7B6852F82330BB6058
:10260000B868FFF7B3FD0346002B16D0B868FFF794
:10261000C1FD0346002B10D002E0FB68013BFB60CC
:102620000721B868FFF7D2FD0346002B02D0FB68F4
:10263000002BF2D1B868FFF74BFE00BF1037BD4644
:1026400080BD00BF2000FF1F80B483B000AF786062
:102650007B685B6803F480531B0B002B14BF0123C2
:102660000023DBB218460C37BD465DF8047B70478B
:1026700080B483B000AF78600B46FB701346BB702C
:10268000BB78002B09D07B685A68FB78012101FADE
:1026900003F31A437B685A6009E07B685A68FB7849
:1026A000012101FA03F3DB431A407B685A6000BF43
:1026B0000C37BD465DF8047B704700BF80B483B023
:1026C00000AF786039607B683A681A6100BF0C37E8
:1026D000BD465DF8047B704780B483B000AF78607E
:1026E0007B681B6918460C37BD465DF8047B704754
:1026F00080B584B000AF78600A4A7B6852F8233016
:10270000FB60F868FFF7A0FF0346002B03D0786852
:10271000FFF78AFE02E0786800F0A0F900BF1037EA
:10272000BD4680BD2000FF1F80B586B000AF786039
:102730002E4A7B6852F823303B612D4A7B6852F861
:102740002330FB6000237B613B699B78002B08D022
:102750003B699B8A9BB2012B03D13B6900229A8281
:1027600041E03B69DB68002B39D03B691B88082BB3
:1027700010D83B69DB681B787B613B69DB685A1CBE
:102780003B69DA603B699B8A9BB2013B9AB23B6929
:102790009A8224E03B691B88102B10D83B69DB68C8
:1027A0001B887B613B69DB689A1C3B69DA603B698B
:1027B0009B8A9BB2023B9AB23B699A820FE03B69CB
:1027C000DB681B687B613B69DB681A1D3B69DA606B
:1027D0003B699B8A9BB2043B9AB23B699A827969B6
:1027E000F868FFF76BFF1837BD4680BD5002FF1F2A
:1027F0002000FF1F80B586B000AF7860294A7B6853
:1028000052F823307B61284A7B6852F823303B61C1
:102810000023FB603869FFF75FFFF8607B691B6985
:10282000002B3BD07B691B88082B11D87B691B6967
:10283000FA68D2B21A707B691B695A1C7B691A61EB
:102840007B69DB8A9BB2013B9AB27B69DA8225E025
:102850007B691B88102B11D87B691B69FA6892B2BF
:102860001A807B691B699A1C7B691A617B69DB8A08
:102870009BB2023B9AB27B69DA820FE07B691B69EB
:10288000FA681A607B691B691A1D7B691A617B698A
:10289000DB8A9BB2043B9AB27B69DA8200BF1837AD
:1028A000BD4680BD5002FF1F2000FF1F80B584B0D1
:1028B00000AF78600D4A7B6852F82330FB6000223D
:1028C0000A21F868FFF7D4FE00220B21F868FFF711
:1028D000CFFE0221F868FFF7A7FB0321F868FFF796
:1028E000A3FB00BF1037BD4680BD00BF2000FF1F07
:1028F00080B483B000AF78600B46FB707B68DA6809
:10290000FB7822FA03F303F00103002B14BF012329
:102910000023DBB218460C37BD465DF8047B7047D8
:1029200080B483B000AF78600B46FB701346BB7079
:10293000BB78002B09D07B685A68FB78012101FA2B
:1029400003F31A437B685A6009E07B685A68FB7896
:10295000012101FA03F3DB431A407B685A6000BF90
:102960000C37BD465DF8047B704700BF80B483B070
:1029700000AF78600B46FB707B685A68FB7822FAE0
:1029800003F303F00103002B14BF01230023DBB288
:1029900018460C37BD465DF8047B704780B483B0A1
:1029A00000AF78600B46FB707B685B6823F4804265
:1029B000FB789B031A437B685A6000BF0C37BD4607
:1029C0005DF8047B704700BF80B483B000AF7860CF
:1029D0000B46FB707B685B6823F40042FB78DB03EB
:1029E0001A437B685A6000BF0C37BD465DF8047B14
:1029F000704700BF80B483B000AF78607B681B690C
:102A000018460C37BD465DF8047B704780B483B030
:102A100000AF78607B685B699B0803F00103002BC3
:102A200014BF01230023DBB218460C37BD465DF806
:102A3000047B704780B483B000AF78607B685B69CB
:102A4000DB0803F00103002B14BF01230023DBB2DA
:102A500018460C37BD465DF8047B704780B584B0DE
:102A600000AF7860654A7B6852F82330FB60644AA7
:102A70007B6852F82330BB600221F868FFF738FF0B
:102A80000346002B0BD0BB68DB68002B07D07868AF
:102A900000F0B8F8BB68012283F82020ABE00321E6
:102AA000F868FFF725FF0346002B0BD0BB681B69B6
:102AB000002B07D0786800F0A5F8BB68022283F8E5
:102AC000202098E00121F868FFF712FF0346002B51
:102AD00017D0BB68DB8A9BB2002B0FD0FFF764FADC
:102AE0000346032B06D1F868FFF784FF0020FFF7A9
:102AF00079F906E07868FFF77DFE02E0F868FFF7F5
:102B000079FF0021F868FFF7F3FE0346002B07D09A
:102B1000BB689B8A9BB2002B02D07868FFF704FE4B
:102B2000BB689B8A9BB2002B04D100220821F86865
:102B3000FFF7F6FEBB68DB8A9BB2002B04D10022B4
:102B40000921F868FFF7ECFEBB68DB8A9BB2002B1B
:102B500005D0F868FFF75AFF0346002B2ED0BB685C
:102B60009B8A9BB2002B05D0F868FFF763FF0346F2
:102B7000002B23D000220A21F868FFF7D1FE0022A3
:102B80000B21F868FFF7CCFEBB685B6A002B06D010
:102B9000BB685B6ABA68926A0021B8689847BB68EC
:102BA000DB78002B07D0BB681C331846FDF78CFD83
:102BB000BB680022DA70BB6800221A720521F8682F
:102BC000FFF796FE0346002B15D01F21F868FFF78C
:102BD000CDFE0346002B0ED00521F868FFF724FA3E
:102BE000BB685B6A002B06D0BB685B6ABA68926AF6
:102BF0000121B86898471037BD4680BD2000FF1FEF
:102C00005002FF1F80B584B000AF7860204A7B6817
:102C100052F82330FB601F4A7B6852F82330BB60B8
:102C2000BB68DB7E012B0AD100220821F868FFF780
:102C300077FE00220921F868FFF772FE11E00021FB
:102C4000F868FFF7C1FE0021F868FFF7A7FEBB6830
:102C50005B7E184601F0FCF9BB689B7E184601F0CC
:102C6000F7F97868FFF722FEBB6800221A72BB688A
:102C7000DB78002B07D0BB681C331846FDF724FD1A
:102C8000BB680022DA70002318461037BD4680BDAD
:102C90002000FF1F5002FF1F80B483B000AF786098
:102CA00039607B683A685A6000BF0C37BD465DF8F2
:102CB000047B704780B483B000AF78607B689B680A
:102CC00018460C37BD465DF8047B704780B483B06E
:102CD00000AF78607B685B6903F00803DB08002BBA
:102CE00014BF01230023DBB218460C37BD465DF844
:102CF000047B704780B483B000AF78607B685B6909
:102D000003F004039B08002B14BF01230023DBB254
:102D100018460C37BD465DF8047B704780B485B01B
:102D200000AF78607B685B69FB60FB6843F002037F
:102D3000FB607B68FA685A6100BF1437BD465DF8D6
:102D4000047B704780B586B000AF0346FB71434BF0
:102D50007B61FA79424913465B0013449B000B44A4
:102D60001B683B61FA793E4913465B0013449B00A4
:102D70000B4408331B68FB607869FFF7CFFF786965
:102D8000FFF7A4FF0346002B4AD03B69002B54D029
:102D90003B699B68002B03D13B691B7B002B26D032
:102DA0007869FFF787FFB8603B695A68BB681344CE
:102DB000013BBB60B9687869FFF76EFFFA79284973
:102DC00013465B0013449B000B44043301221A702A
:102DD0003B691B7B83F00103DBB2002B03D03B6913
:102DE0009B68013B00E000233A6993600DE00021FD
:102DF0007869FFF751FFFA79194913465B001344CC
:102E00009B000B44043300221A703B691B69002BA2
:102E100013D03B691B693A695269104698470CE028
:102E2000FB68002B09D0FB685B68002B05D0FB68B2
:102E30005B68FA689268104698477869FFF75AFF0E
:102E40000346002B06D0786900F040F8012178692C
:102E500000F058F800BF1837BD4680BD009800400C
:102E60005C02FF1F80B485B000AF78600B46FB703A
:102E70007B685B6923F00203FB60FB6823F01003AF
:102E8000FB60FB78002B03D0FB6843F01003FB6072
:102E90007B68FA685A6100BF1437BD465DF8047B51
:102EA000704700BF80B483B000AF78607B685B6917
:102EB00003F010031B09002B14BF01230023DBB216
:102EC00018460C37BD465DF8047B704780B582B06C
:102ED00000AF78607868FFF7E5FF0346002B03D06A
:102EE00000217868FFF7BEFF7868FFF7DBFF034635
:102EF000002B01D0012300E0002318460837BD460F
:102F000080BD00BF80B584B000AF78603960002319
:102F1000FB817868FFF7C6FF0346002B02D0012330
:102F2000FB8104E0044A3B6893600023FB81FB893A
:102F300018461037BD4680BD0098004080B500AFF0
:102F40000020FFF7FFFE00BF80BD00BF80B483B04C
:102F500000AF0346FB714FF080414FF080435B6947
:102F600023F40002FB79DB0513434B6100BF0C37F0
:102F7000BD465DF8047B704780B483B000AF034664
:102F80000A46FB711346BB71FB79092B00F2848062
:102F900001A252F823F000BFC12F0000D92F00007A
:102FA000F12F00000930000021300000393000000E
:102FB000513000009930000069300000813000007D
:102FC0004FF080414FF080435B6923F48062BB790E
:102FD0009B0213434B6160E04FF080414FF0804310
:102FE0005B6923F40062BB79DB0213434B6154E05D
:102FF0004FF080414FF080435B6923F48052BB79EE
:103000001B0313434B6148E04FF080414FF0804376
:103010005B6923F40052BB795B0313434B613CE0D3
:103020004FF080414FF080435B6923F40042BB794D
:10303000DB0313434B6130E04FF080414FF080439E
:103040005B6923F48032BB791B0413434B6124E09A
:103050004FF080414FF080435B6923F40032BB792D
:103060005B0413434B6118E04FF080414FF0804305
:103070005B6923F40022BB79DB0413434B610CE052
:103080004FF080414FF080435B6923F48012BB799D
:103090001B0513434B6100E000BF00BF0C37BD466A
:1030A0005DF8047B704700BF80B483B000AF034677
:1030B000FB714FF080414FF080435B6923F4407215
:1030C000FB791B0213434B6100BF0C37BD465DF813
:1030D000047B704780B483B000AF03460A46FB719F
:1030E0001346BB71FB79092B00F28F8001A252F8C5
:1030F00023F000BF1D310000333100004B310000D0
:10310000633100007B31000093310000AB310000DF
:10311000C3310000DB310000F33100004FF080418B
:103120004FF080439B6923F00102BB7913438B610D
:103130006CE04FF080414FF080439B6923F0020226
:10314000BB795B0013438B6160E04FF080414FF02F
:1031500080439B6923F00402BB799B0013438B617E
:1031600054E04FF080414FF080439B6923F0080208
:10317000BB79DB0013438B6148E04FF080414FF097
:1031800080439B6923F02002BB795B0113438B6171
:103190003CE04FF080414FF080439B6923F04002B8
:1031A000BB799B0113438B6130E04FF080414FF0BE
:1031B00080439B6923F08002BB79DB0113438B6161
:1031C00024E04FF080414FF080439B6923F48072EC
:1031D000BB791B0213438B6118E04FF080414FF025
:1031E00080439B6923F40072BB795B0213438B61BC
:1031F0000CE04FF080414FF080439B6923F48062E4
:10320000BB799B0213438B6100E000BF00BF0C370A
:10321000BD465DF8047B704780B582B000AF0346C1
:10322000FB710B46BB7113467B710120FFF78EFECD
:10323000BA79FB7911461846FFF79EFE7B7918464E
:10324000FFF732FF00BF0837BD4680BD80B582B0B2
:1032500000AF03460A46FB711346BB71BA79FB798E
:1032600011461846FFF736FF00BF0837BD4680BD40
:1032700080B485B000AF0346FB71FB79094A52F870
:103280002330FB60FB681B6803F480639B0A002B00
:1032900014BF01230023DBB218461437BD465DF886
:1032A000047B70472C00FF1F80B485B000AF03463D
:1032B000FB71FB79074A52F82330FB60FB681B68FF
:1032C00023F48062FB681A6000BF1437BD465DF8C6
:1032D000047B70472C00FF1F80B584B000AF03460D
:1032E000FB710123FB73FB791846FFF7C1FF03460F
:1032F000FB73FB7B002B11D0FB791846FFF7D4FF43
:10330000FB79084A52F82330002B07D0FB79054A95
:1033100052F82330F879F97B0022984700BF103724
:10332000BD4680BD6802FF1F80B500AF0020FFF7DB
:10333000D3FF00BF80BD00BF80B500AF0120FFF705
:10334000CBFF00BF80BD00BF80B483B000AF78600A
:103350007B681B6803F480731B0A002B14BF0123D6
:103360000023DBB218460C37BD465DF8047B70477E
:1033700080B483B000AF78607B681B6843F48072D0
:103380007B681A6000BF0C37BD465DF8047B704750
:1033900080B584B000AF0346FB71064BFB60F86854
:1033A000FFF7D2FF0346FB72FB7A18461037BD4683
:1033B00080BD00BF0090014080B584B000AF0346DF
:1033C000FB71044BFB60F868FFF7D2FF00BF1037BA
:1033D000BD4680BD0090014080B582B000AF0023A3
:1033E0007B600020FFF7D4FF03467B607B68002BE7
:1033F0000CD00020FFF7E0FF064B1B68002B05D028
:10340000044B1B68002279680348984700BF0837BF
:10341000BD4680BD7002FF1F0090014080B500AF27
:10342000FFF7DAFF00BF80BD80B485B000AF7860E1
:103430007B68D3F8A030FB60FB6818461437BD46A4
:103440005DF8047B704700BF80B483B000AF786044
:103450007B684FF0FF32C3F8A02000BF0C37BD4699
:103460005DF8047B704700BF80B487B000AFF860A0
:10347000B9601346FB71FB685B697B610122BB6825
:1034800002FA03F3DB437A6913407B61FA79BB6884
:1034900002FA03F37A6913437B61FB687A695A6124
:1034A00000BF1C37BD465DF8047B704780B487B011
:1034B00000AFF860B9601346FB71FB681B687B6165
:1034C0000122BB6802FA03F3DB437A6913407B6194
:1034D000FA79BB6802FA03F37A6913437B61FB68EC
:1034E0007A691A6000BF1C37BD465DF8047B7047DF
:1034F00080B485B000AF78600023FB607B681B69F7
:10350000FB60FB6818461437BD465DF8047B7047C6
:1035100080B584B000AFF860B9601346FB71FB79E9
:103520001A46B968F86800F085F800BF1037BD4644
:1035300080BD00BF80B584B000AFF860B9601346AD
:10354000FB71FB791A46B968F868FFF78DFF00BF79
:103550001037BD4680BD00BF80B584B000AFF860B5
:10356000B9601346FB71FB791A46B968F868FFF732
:103570009DFF00BF1037BD4680BD00BF80B582B043
:1035800000AF78607868FFF7B3FF03461846083746
:10359000BD4680BD80B586B000AF78600F4A7B68BD
:1035A00052F823307B617B68DB000D4A13443B619A
:1035B0007869FFF739FFF8607869FFF745FF3B69E5
:1035C0001B68002B06D03B691B683A695268F96892
:1035D0007868984700BF1837BD4680BD28FB0000BB
:1035E0007402FF1F80B500AF0020FFF7D3FF00BFBC
:1035F00080BD00BF80B500AF0120FFF7CBFF00BF4B
:1036000080BD00BF80B500AF0220FFF7C3FF00BF41
:1036100080BD00BF80B500AF0320FFF7BBFF00BF38
:1036200080BD00BF80B500AF0420FFF7B3FF00BF2F
:1036300080BD00BF80B487B000AFF860B9601346AA
:10364000FB71FB68BA6853F822307B61FB79FB742D
:103650007B6923F4E0637B61FB7C1B027A69134383
:103660007B61FB68BA68796943F8221000BF1C3798
:10367000BD465DF8047B704780B483B000AF7860CE
:10368000044A7B68D36000BF0C37BD465DF8047BFD
:10369000704700BF0020004080B400AF054B1B689E
:1036A00003F480439B0BDBB21846BD465DF8047BF8
:1036B000704700BF0020004080B400AF054B1B687E
:1036C00003F400535B0BDBB21846BD465DF8047B88
:1036D000704700BF0020004080B483B000AF0346B5
:1036E000FB710749064B1B6923F02002FB795B0144
:1036F00013430B6100BF0C37BD465DF8047B704778
:103700000020004080B483B000AF0346FB71044A40
:10371000FB79536100BF0C37BD465DF8047B7047F1
:103720000020004080B483B000AF7860044A7B681A
:10373000D36100BF0C37BD465DF8047B704700BF06
:103740000020004080B483B000AF7860044A7B68FA
:10375000136200BF0C37BD465DF8047B704700BFA5
:103760000020004080B483B000AF7860044A7B68DA
:10377000936100BF0C37BD465DF8047B704700BF06
:103780000020004080B400AF034B01221A6300BF49
:10379000BD465DF8047B70470020004080B400AF58
:1037A000044B1B6803F4FE531846BD465DF8047BCA
:1037B000704700BF0020004080B400AF054B9B6CF9
:1037C000DBB203F00F03DBB21846BD465DF8047BA5
:1037D000704700BF0020004080B400AF054B1B685D
:1037E00003F480731B0ADBB21846BD465DF8047B08
:1037F000704700BF0020004080B400AF054A054B71
:103800001B6843F48073136000BFBD465DF8047B02
:10381000704700BF0020004080B400AF054B1B681C
:1038200003F480531B0BDBB21846BD465DF8047BE6
:10383000704700BF0020004080B400AF054A054B30
:103840001B6843F48053136000BFBD465DF8047BE2
:10385000704700BF0020004080B582B000AF002359
:10386000FB80FFF719FF03467B7100233B6012E0EA
:103870000D48FFF701FF0D48FFF7FEFE3B68642B84
:1038800002D90323FB8009E0FFF706FF03467B71A3
:103890003B6801333B607B79012BE9D0FB881846FC
:1038A0000837BD4680BD00BF4078AC0067452301A6
:1038B00080B500AF0348FFF7DFFE0348FFF7DCFEEB
:1038C00000BF80BDBF8753FF98BADCFE80B483B0D1
:1038D00000AF78600B46FB70FB78082B0AD8FB78AA
:1038E00003F00103DBB2002B04D1FB785A037B68A1
:1038F000DA6003E07B684FF40032DA6000BF0C3717
:10390000BD465DF8047B704780B584B000AF786039
:1039100039600023FB73FFF7BFFE0346012B05D17F
:103920001B48FFF7A9FE1B48FFF7A6FE0120FFF783
:10393000D3FE7B681A683B681A607B685A683B68EC
:103940005A607B689A683B689A607B68DA683B6873
:103950001A617B681A693B689A61FFF72DFF03467D
:10396000FB73FB7B19463868FFF7B0FF3B68DB68E9
:10397000B3F5003F04D23B684FF480525A6102E035
:103980003B6800225A6100BF1037BD4680BD00BFB2
:103990004078AC006745230180B586B000AF786001
:1039A0000B46FB700023FB820A233B612523FB604F
:1039B000FB78002B07D0204A1F4BD3F80C3443F080
:1039C0000103C2F80C34FFF7DDFE1B4BD3F80C34B7
:1039D00003F00103002B10D000BFFB685A1EFA60F1
:1039E000002BFAD1154B1B68134A134BD3F80C3438
:1039F00023F00103C2F80C340DE000BF3B695A1EEE
:103A00003A61002BFAD106E07B689B69002B02D05B
:103A10007B689B699847FFF74FFE0346002BF3D066
:103A2000FFF7BCFE0346002B01D00123FB82FB8A7B
:103A300018461837BD4680BD0C0008E00808200075
:103A400080B588B000AFF860B9607A600023FB836E
:103A50000023BB6100233B617B687B61FB689B6843
:103A60003B61BA683B699A420AD3FB68DA683B69F2
:103A70001A44BB689A4203D94FF40063BB6117E054
:103A8000FB681B683B61BA683B699A420AD3FB68D2
:103A90005A683B691A44BB689A4203D94FF40063E1
:103AA000BB6105E00123FB8300237B610023BB6135
:103AB000BB695A1E7B691340002B24D00423FB836F
:103AC00021E0FFF7F9FD0346002B02D10223FB831F
:103AD00019E0124A114B1B6843F4FE531360012096
:103AE000FFF710FEB868FFF73DFE0121F868FFF709
:103AF00053FF0346FB837A69BB69D31A7B61BA68BB
:103B0000BB691344BB607B69002B02D0FB8B002B8D
:103B1000D7D0FB8B18462037BD4680BD0020004023
:103B200080B586B000AFF860B9607A603B60002372
:103B3000FB827B6803F00703002B02D00423FB8287
:103B40006BE0FB681A68FB685B681A44BB689A42C2
:103B50005DD8FB689A68BB689A4207D8FB689A6888
:103B6000FB68DB681A44BB689A4250D80123FB8289
:103B70004DE0FFF7A1FD0346002B02D10223FB829B
:103B800045E0284A274B1B6843F4FE53136010207E
:103B9000FFF7B8FDB868FFF7E5FD3B681B781A46EC
:103BA0003B6801331B781B021A433B6802331B78C6
:103BB0001B041A433B6803331B781B061343184648
:103BC000FFF7B0FD3B6804331B781A463B680533AA
:103BD0001B781B021A433B6806331B781B041A43ED
:103BE0003B6807331B781B0613431846FFF7AAFDF3
:103BF0000121F868FFF7D0FE0346FB82BB6808335B
:103C0000BB607B68083B7B603B6808333B607B683C
:103C1000002B02D0FB8A002BABD0FB8A184618374A
:103C2000BD4680BD0020004080B487B000AFF86082
:103C3000B9607A603B600023FB8200233B61FB6834
:103C40001A68FB685B681A44BB689A420ED8FB6826
:103C50009A68BB689A4207D8FB689A68FB68DB6879
:103C60001A44BB689A4201D80123FB82FB8A002BCD
:103C700011D100233B610AE07A683B691344B968BB
:103C80003A690A4412781A703B6901333B613A6918
:103C90003B689A42F0D3FB8A18461C37BD465DF854
:103CA000047B704780B500AF044B1B68002B02D02B
:103CB000024B1B68984700BF80BD00BF9C02FF1FDE
:103CC00080B500AFFFF788FD03461A46064B1A7011
:103CD000FFF792FD054B1B68002B02D0034B1B68BE
:103CE000984700BF80BD00BFA802FF1FA002FF1FB2
:103CF00080B500AFFFF790FD03461A46064B1A70D9
:103D0000FFF79AFD054B1B68002B02D0034B1B6885
:103D1000984700BF80BD00BFA902FF1FA402FF1F7C
:103D200080B500AFFFF7BEFF00BF80BD80B500AF1C
:103D3000FFF7C6FF00BF80BD80B500AFFFF7D8FF1B
:103D400000BF80BD80B483B000AF78600B46FB70CD
:103D5000FA787B681A6000BF0C37BD465DF8047BBB
:103D6000704700BF80B483B000AF78607B681B6889
:103D7000DBB218460C37BD465DF8047B704700BFC8
:103D800080B584B000AF78600D4BFB60F868FFF73A
:103D9000E9FF034623F00803DBB21946F868FFF792
:103DA000D1FF084A7B6852F82330002B04D0054A23
:103DB0007B6852F82330984700BF1037BD4680BD5E
:103DC00000B40040AC02FF1F80B500AF0020FFF739
:103DD000D7FF00BF80BD00BF80B483B000AF786064
:103DE0007B689B6818460C37BD465DF8047B7047BE
:103DF00080B483B000AF78607B68DB6818460C370E
:103E0000BD465DF8047B704780B483B000AF786036
:103E10007B681B6918460C37BD465DF8047B70470C
:103E200080B483B000AF78607B685B6918460C375C
:103E3000BD465DF8047B704780B483B000AF786006
:103E40007B689B6918460C37BD465DF8047B70475C
:103E500080B483B000AF78607B68DB6918460C37AC
:103E6000BD465DF8047B704780B58AB000AF002383
:103E70003B62304BFB61F869FFF7D2FFB861F8692C
:103E8000FFF7AAFF0246BB6913407B61F869FFF7A1
:103E9000D3FFB861F869FFF7ABFF0246BB69134077
:103EA0003B61F869FFF7D4FFB861F869FFF7ACFF31
:103EB0000246BB691340FB601F4A3B6A52F823303D
:103EC0000833BB600023FB842CE0FB8C9B00BA68AA
:103ED00013441B687B607B68002B20D07B681B68C9
:103EE000002B1CD07B681B7A1A4601239340013BB0
:103EF0007A68527A93403B607A693B681340002BA2
:103F000009D13A693B681340002B04D1FA683B6839
:103F10001340002B03D07B681B6878689847FB8CA4
:103F20000133FB84FB8C032BCFD900BF2837BD4660
:103F300080BD00BF00A00040B002FF1F80B483B06E
:103F400000AF78600B46FB707B685B6A23F0010270
:103F5000FB781A437B685A6200BF0C37BD465DF898
:103F6000047B704780B483B000AF78607B689B6847
:103F700043F002027B689A607B689B6823F0020230
:103F80007B689A6000BF0C37BD465DF8047B7047C4
:103F900080B586B000AF0346FB71FB79FB7500234B
:103FA0003B61FB7D064A52F82330FB60F86800F065
:103FB00067F838613B6918461837BD4680BD00BFB9
:103FC0003CFB000080B586B000AF0346FB710023C8
:103FD0007B611D4B1B68FA7953F822303B61FB79FA
:103FE000FB73FB7B194A52F82330BB60FB79184600
:103FF000FFF7CEFF78617B6903F0FC03002B0FD045
:104000007B6903F00803002B04D17B6903F00403F0
:10401000002B02D0B868FFF7A5FF3B6901221A7395
:104020003B69002B0CD03B695B68002B08D03B69D7
:104030005B683A6990683A69127BD2B21146984738
:1040400000BF1837BD4680BDB402FF1F3CFB000017
:1040500080B584B000AF0346FB71FB79FB73FB7B3B
:10406000064A52F82330BB600021B868FFF766FFAC
:10407000002318461037BD4680BD00BF3CFB000042
:1040800080B485B000AF78607B681B68FB60FB681C
:10409000DA437B681A60FB6818461437BD465DF842
:1040A000047B704780B500AF0020FFF78BFF00BF97
:1040B00080BD00BF80B500AF0120FFF783FF00BFC8
:1040C00080BD00BF80B500AF0220FFF77BFF00BFBF
:1040D00080BD00BF80B500AF0320FFF773FF00BFB6
:1040E00080BD00BF80B500AF0420FFF76BFF00BFAD
:1040F00080BD00BF80B500AF0520FFF763FF00BFA4
:1041000080BD00BF80B500AF0620FFF75BFF00BF9A
:1041100080BD00BF80B500AF0720FFF753FF00BF91
:1041200080BD00BF80B500AF0820FFF74BFF00BF88
:1041300080BD00BF80B500AF0920FFF743FF00BF7F
:1041400080BD00BF80B500AF0A20FFF73BFF00BF76
:1041500080BD00BF80B500AF0B20FFF733FF00BF6D
:1041600080BD00BF80B500AF0C20FFF72BFF00BF64
:1041700080BD00BF80B500AF0D20FFF723FF00BF5B
:1041800080BD00BF80B500AF0E20FFF71BFF00BF52
:1041900080BD00BF80B500AF0F20FFF713FF00BF49
:1041A00080BD00BF80B483B000AF0346FB710749F8
:1041B000064B1B6923F00802FB79DB0013430B61FC
:1041C00000BF0C37BD465DF8047B704700200040FF
:1041D00090B482B000AF0446084611461A46234602
:1041E000FB710346BB710B467B7113463B710A4959
:1041F0003B791A067B791B0403F47F031A43BB79CE
:104200001B029BB21A43FB7913430B6000BF0837B4
:10421000BD4690BC704700BF0010001480B582B04E
:1042200000AF042000F0C6FC0346BB800123FB80E6
:10423000BB88202B40D0202B0FDC022B2CD0022B54
:1042400004DC002B1CD0012B23D04DE0082B2BD0FD
:10425000102B2DD0042B23D046E0802B34D0802B84
:1042600004DC212B15D0402B2AD03DE0B3F5007F94
:1042700032D0B3F5806F33D0B3F5807F28D033E0F0
:104280001E4B9B6C03F44033002B30D00023FB808B
:104290002DE00023FB802BE040F20243FB8027E06F
:1042A00040F20343FB8023E040F20443FB801FE025
:1042B00040F20543FB801BE040F20643FB8017E021
:1042C00040F20743FB8013E04FF48163FB800FE073
:1042D00040F20943FB800BE040F20A43FB8007E019
:1042E00040F20C43FB8003E00123FB8000E000BFB1
:1042F000FB8818460837BD4680BD00BF002000403F
:1043000080B400AF054B9B6803F480731B0ADBB2DB
:104310001846BD465DF8047B704700BF0020004092
:1043200080B400AF054A054B9B6843F480739360EB
:1043300000BFBD465DF8047B704700BF0020004011
:1043400080B483B000AF786039603A687B6813440A
:104350005A1E3B685B42134018460C37BD465DF859
:10436000047B704780B582B000AFFFF7C9FF0346FA
:10437000FB71FFF7D5FFFB79002B42D0234B1B6865
:104380001B78002B3DD0214B1B685B78013B052B34
:104390001AD801A252F823F0B1430000B74300003D
:1043A000B1430000B7430000BD430000C343000019
:1043B00000F084F909E000F0BFF906E000F016FA19
:1043C00003E000F055FA00E000BF104B1B681B78BB
:1043D00083F00103DBB2002B13D00020FFF7E2FED5
:1043E0000A4B1B689B6B002B0BD0084B1B689B6B0D
:1043F000064A126852781046044A1268D26B114677
:10440000984700BF0837BD4680BD00BFB802FF1FF8
:1044100080B582B000AF1D4B1B681A691B4B1B682F
:10442000DB68D31A1B097B607B68072B02D87B688B
:104430009BB200E007237B807B88DBB21B017B7093
:10444000124B1B685A68114B1B68DB6813447A785F
:104450001946102000F062FA7B8819460E2000F001
:10446000ADFA0A4B1B687A785A61084B1B6858787A
:10447000064B1B6893F82020044B1B681B7E002111
:10448000FFF7A6FE00BF0837BD4680BDB802FF1F7C
:1044900080B584B000AF334B1B681A69314B1B6881
:1044A000DB68D31A1B09BB60BB68072B02D8BB684B
:1044B0009BB200E00723FB80FB88DBB21B01FB7390
:1044C000284B1B6893F82030002B20D1BB68062BAB
:1044D00002D8BB689BB200E00623FB80FB88DBB2FE
:1044E0001B01FB731F4B1B68DB6910221946102050
:1044F00000F014FA1B4B1B685A681A4B1B68DB68E8
:104500001344FA7B1946202000F008FA0BE0154B03
:104510001B685A68134B1B68DB681344FA7B194607
:10452000102000F0FBF90F4B1B681B691B099BB2A5
:1045300019460E2000F042FA0A4B1B68FA7B5A61BA
:10454000084B1B685878074B1B6893F82020054BD5
:104550001B681B7E0021FFF73BFE00BF1037BD46E6
:1045600080BD00BFB802FF1F80B582B000AF1F4BF7
:104570001B681A691D4B1B68DB68D31A702B0AD89D
:104580001A4B1B681B69DAB2184B1B68DB68DBB27D
:10459000D31ADBB200E07023FB71144B1B685A681E
:1045A000124B1B68DB681344FA791946102000F09F
:1045B000B5F90E4B1B682433012219460C2000F07C
:1045C0007BFA0A4B1B68FA795A61084B1B685878CA
:1045D000064B1B6893F82020044B1B681B7E0021B0
:1045E000FFF7F6FD00BF0837BD4680BDB802FF1FCC
:1045F00080B582B000AF304B1B681A692E4B1B6828
:10460000DB68D31A702B0AD82B4B1B681B69DAB2F4
:10461000294B1B68DB68DBB2D31ADBB200E07023E6
:10462000FB71FB7910211846FFF78AFE0346BB7128
:10463000214B1B685A68204B1B68DB681344FA79CE
:104640001946102000F06AF91B4B1B682433012225
:1046500019460C2000F030FA174B1B685B6B9BB2BD
:104660001946082000F0AAF9BB7910336F2B0ED839
:10467000BB791033D8B2104B1B681B6B1022194644
:1046800000F04CF90C4B1B68012283F82C200A4BDC
:104690001B68FA795A61084B1B685878064B1B68EF
:1046A00093F82020044B1B681B7E0021FFF790FD30
:1046B00000BF0837BD4680BDB802FF1F98B500AFE8
:1046C0001C4B1C68FFF7AAFD03466383194B1B684C
:1046D0005B8B002B04D0174B1B6800221A7028E05C
:1046E000144B1B689A68134B1B68DB68D118114B7D
:1046F0001B685B69DBB21A46102000F005FA0D4B0F
:104700001B680C4A1268D2680A4909684969C9B22B
:104710000A44DA60074B1B68DA68064B1B681B69A2
:104720009A4204D3034B1B6800221A7001E0FFF782
:104730006FFE98BDB802FF1F98B500AF2A4B1C68EA
:10474000FFF76CFD03466383274B1B685B8B002BD5
:1047500004D0254B1B6800221A7043E0224B1B68D3
:1047600093F82030002B14D11F4B1B689A681E4B06
:104770001B68DB68D1181C4B1B685B69DBB21A46EF
:10478000202000F0C1F9184B1B68012283F820207B
:104790000EE0154B1B689A68134B1B68DB68D11839
:1047A000114B1B685B69DBB21A46102000F0ACF9B4
:1047B0000D4B1B680C4A1268D2680B49096849699D
:1047C000C9B20A44DA60084B1B68DA68064B1B68FA
:1047D0001B699A4204D3044B1B6800221A7001E043
:1047E000FFF756FE98BD00BFB802FF1F98B500AF97
:1047F0001E4B1C68FFF712FD034663831B4B1B68AF
:104800005B8B002B04D0194B1B6800221A702CE024
:10481000164B1B6893F82030002B04D1134B1B68F8
:10482000012283F82020114B1B68104A1268D268BD
:104830000E4909684969C9B20A44DA600B4B1B6822
:10484000DA680A4B1B681B699A420CD3074B1B683A
:1048500000221A70054B1B689B6810221946202005
:1048600000F052F901E0FFF77FFE98BDB802FF1F8C
:1048700098B500AF284B1C68FFF7D0FC0346638354
:10488000254B1B685B8B002B04D0234B1B6800223D
:104890001A703FE0204B1B6893F82030002B04D1A6
:1048A0001D4B1B68012283F820201B4B1B681A4AF2
:1048B0001268D268184909684969C9B20A44DA60BD
:1048C000154B1B68144A126892F82C20002A14BF5A
:1048D00001220022D2B282F00102D2B202F0010221
:1048E000D2B21A700C4B1B681B7883F00103DBB249
:1048F000002B0DD0084B1B689C6A142000F05AF95D
:104900000346002B0CBF01230023DBB2237001E020
:10491000FFF76EFE98BD00BFB802FF1F90B585B0CF
:1049200000AF03463960FB711346BB710023FB7374
:1049300025E0214CFA79FB7B13449B10FA7B033270
:1049400039680A4412781106FA7B02323868024448
:104950001278120402F47F021143FA7B01323868A4
:1049600002441278120292B20A43F97B3868014479
:1049700009780A4344F82320FB7B0433FB73FB7B59
:10498000DA1CBB799A42D4D30DE0FA79FB7B13444D
:10499000D8B2FB7B3A6813441B78194600F046F8FE
:1049A000FB7B0133FB73FA7BBB799A42EDD300BFEB
:1049B0001437BD4690BD00BF0010001480B485B010
:1049C00000AF03460A46FB711346BB800023FB6021
:1049D000154AFB799B08DBB252F82330FB60FB7968
:1049E00003F00203002B08D0FB681B0C1B04FB60C8
:1049F000BB88FA681343FB6007E0FB689BB2FB606F
:104A0000BB881B04FA681343FB60074AFB799B08C9
:104A1000DBB21946FB6842F8213000BF1437BD46AF
:104A20005DF8047B704700BF0010001480B483B0B1
:104A300000AF03460A46FB711346BB71FB7903F0D6
:104A40000303032B2ED801A252F823F0934A00004F
:104A5000814A00006F4A00005D4A0000154AFB7958
:104A60009B08DBB29B001344BA79DA701BE0114A51
:104A7000FB799B08DBB29B001344BA799A7012E071
:104A80000C4AFB799B08DBB29B001344BA795A703D
:104A900009E0084AFB799B08DBB21946BB7902F8AA
:104AA000213000E000BF00BF0C37BD465DF8047B3D
:104AB000704700BF0010001480B485B000AF0346FB
:104AC0003960FB711346BB710023FB73FB799B08B4
:104AD000BB730DE00B48BA7BFB7B1344FA7B92005F
:104AE00039680A44126840F82320FB7B0133FB73CA
:104AF000FA7BBB799A42EDD300BF1437BD465DF80F
:104B0000047B70470010001490B585B000AF0346D9
:104B10003960FB711346BB710023FB730023BB603C
:104B200028E02349FA79FB7B13449B1051F823308A
:104B3000BB60FB7B03333A681344BA68120ED2B2EF
:104B40001A70FB7B02333A681344BA68120CD2B273
:104B50001A70FB7B01333A681344BA68120AD2B266
:104B60001A70FB7B3A681344BA68D2B21A70FB7BA6
:104B70000433FB73FB7BDA1CBB799A42D1D30EE082
:104B8000FB7B3A68D418FA79FB7B1344DBB21846F6
:104B900000F038F803462370FB7B0133FB73FA7B8C
:104BA000BB799A42ECD300BF1437BD4690BD00BF1D
:104BB0000010001480B485B000AF0346FB710023E1
:104BC000FB81FB7903F00203002B0AD00C4AFB792E
:104BD0009B08DBB252F823301B0C1B041B0CFB811F
:104BE00006E0074AFB799B08DBB252F82330FB81D1
:104BF000FB8918461437BD465DF8047B704700BF3B
:104C00000010001480B485B000AF0346FB71002390
:104C1000FB73FB7903F00303032B2ED801A252F898
:104C200023F000BF354C0000474C0000594C0000F9
:104C30006B4C0000154AFB799B08DBB29B001344C8
:104C4000DB78FB731AE0114AFB799B08DBB29B000F
:104C500013449B78FB7311E00C4AFB799B08DBB291
:104C60009B0013445B78FB7308E0084AFB799B08C0
:104C7000DBB212F82330FB7300E000BFFB7B184669
:104C80001437BD465DF8047B704700BF0010001468
:104C900080B483B000AF0346FB7197F90730002B57
:104CA0000BDB094997F907305B09FA7902F01F021B
:104CB000012000FA02F241F8232000BF0C37BD4664
:104CC0005DF8047B704700BF00E100E080B485B070
:104CD00000AFF860B9607A603B60FB681B6823F046
:104CE0007072BB689B051A43FB681A60FB681B68FF
:104CF00023F470227B681B041A43FB681A60FB686C
:104D00001B6823F0F0023B681B011A43FB681A6022
:104D100000BF1437BD465DF8047B704780B485B092
:104D200000AFF860B9607A603B60FB681B6823F0F5
:104D30007052BB689B061A43FB681A60FB681B68CD
:104D400023F470427B681B031A43FB681A60FB68FC
:104D50001B6823F00F023B681A43FB681A6000BF10
:104D60001437BD465DF8047B704700BF80B483B044
:104D700000AF78607B681B6803F470231B0C184637
:104D80000C37BD465DF8047B704700BF80B485B02A
:104D900000AFF860B9607A60FB68DB6A23F47C627C
:104DA000BB689B011A43FB68DA62FB681B6B23F448
:104DB0007C627B689B011A43FB681A6300BF14374F
:104DC000BD465DF8047B704780B483B000AF786067
:104DD0007B68DB6A03F47C639B0918460C37BD468D
:104DE0005DF8047B704700BF80B483B000AF78608B
:104DF0007B681B6B03F47C639B0918460C37BD462C
:104E00005DF8047B704700BF80B485B000AFF860E8
:104E1000B9607A60FB68DB6A23F47C32BB681B03F1
:104E20001A43FB68DA62FB681B6B23F47C327B68F5
:104E30001B031A43FB681A6300BF1437BD465DF8B5
:104E4000047B704780B483B000AF78607B68DB6A16
:104E500003F47C331B0B18460C37BD465DF8047B0E
:104E6000704700BF80B483B000AF78607B681B6B75
:104E700003F47C331B0B18460C37BD465DF8047BEE
:104E8000704700BF80B483B000AF78600B46FB7002
:104E90007B681B6823F40012FB785B051A437B6870
:104EA0001A6000BF0C37BD465DF8047B704700BF39
:104EB00080B485B000AFF860B9607A60FB68DB6AE7
:104EC00023F47C02BB689B041A43FB68DA62FB682C
:104ED0001B6B23F47C027B689B041A43FB681A63F8
:104EE00000BF1437BD465DF8047B704780B483B0C3
:104EF00000AF78607B68DB6A03F47C039B0C184688
:104F00000C37BD465DF8047B704700BF80B483B0AA
:104F100000AF78607B681B6B03F47C039B0C184626
:104F20000C37BD465DF8047B704700BF80B485B088
:104F300000AFF860B9607A60FB68DB6A23F03F027B
:104F4000BB681A43FB68DA62FB681B6B23F03F0205
:104F50007B681A43FB681A6300BF1437BD465DF8CF
:104F6000047B704780B483B000AF78607B68DB6AF5
:104F700003F03F0318460C37BD465DF8047B7047CD
:104F800080B483B000AF78607B681B6B03F03F0395
:104F900018460C37BD465DF8047B704780B483B07B
:104FA00000AF786039607B681B6823F480123B682F
:104FB0001B051A437B681A6000BF0C37BD465DF8BD
:104FC000047B704780B483B000AF78607B681B6857
:104FD00003F480131B0D18460C37BD465DF8047BA7
:104FE000704700BF80B483B000AF0346FB714FF041
:104FF00080414FF080431B6823F00042FB79DB07C0
:1050000013430B6000BF0C37BD465DF8047B70474F
:1050100080B483B000AF7860084611461A46034654
:10502000FB700B46BB7013467B707B68D3F8C030B7
:1050300023F07852FB785B061A437B68C3F8C020E4
:105040007B68D3F8C03023F4FF02BB78DB031A433C
:105050007B68C3F8C0207B68D3F8C03023F040429F
:105060007B789B071A437B68C3F8C0200B4A0B4B25
:10507000D3F8C43043F4E073C2F8C430074A074B96
:10508000D3F8C43023F00E0343F00603C2F8C43053
:1050900000BF0C37BD465DF8047B704700880040B8
:1050A00080B485B000AFF860B9607A603B60FB689F
:1050B000D3F8C03003F078535B0EDAB2BB681A70D5
:1050C000FB68D3F8C03003F4FF03DB0BDAB27B6874
:1050D0001A70FB68D3F8C03003F040439B0FDAB27C
:1050E0003B681A7000BF1437BD465DF8047B7047FB
:1050F00080B483B000AF786039607B689B6C23F428
:10510000E0623B681B021A437B689A6400BF0C375D
:10511000BD465DF8047B704780B483B000AF786013
:105120007B689B6C03F4E0631B0A18460C37BD4692
:105130005DF8047B704700BF80B483B000AF786037
:105140000B46FB707B689B6C23F40062FB78DB02F0
:105150001A437B689A6400BF0C37BD465DF8047B38
:10516000704700BF80B483B000AF0346FB710749AE
:10517000064B5B6823F08052FB791B0713434B609F
:1051800000BF0C37BD465DF8047B704700800040CF
:1051900080B483B000AF0346FB710749064B5B68E0
:1051A00023F40072FB795B0213434B6000BF0C37A2
:1051B000BD465DF8047B70470080004080B483B03A
:1051C00000AF0346FB710749064B5B6823F480720E
:1051D000FB791B0213434B6000BF0C37BD465DF8E3
:1051E000047B70470080004080B400AF074B5B68D1
:1051F00003F080731B0E002B14BF01230023DBB2CE
:105200001846BD465DF8047B704700BF0080004033
:1052100080B483B000AF0346FB710749064B5B685F
:1052200023F48062FB799B0213434B6000BF0C3771
:10523000BD465DF8047B70470080004080B400AF3D
:10524000074B5B6803F000735B0E002B14BF012358
:105250000023DBB21846BD465DF8047B704700BFF3
:105260000080004080B483B000AF0346FB71074963
:10527000064B5B6823F00052FB795B0713434B60DE
:1052800000BF0C37BD465DF8047B704700800040CE
:1052900080B400AF074B5B6803F080639B0E002B6C
:1052A00014BF01230023DBB21846BD465DF8047B22
:1052B000704700BF0080004080B483B000AF034659
:1052C000FB710749064B5B6823F00062FB79DB0644
:1052D00013434B6000BF0C37BD465DF8047B70473D
:1052E0000080004080B400AF074B5B6803F400030C
:1052F000DB0D002B14BF01230023DBB21846BD4693
:105300005DF8047B704700BF0080004080B485B02A
:1053100000AF03460A46FB711346BB71FB79FB6085
:10532000FB681F2B1BD8BB79002B0BD04FF08041A3
:105330004FF080439A680120FB6800FA03F313439F
:105340008B604FE04FF080414FF080439A6801201E
:10535000FB6800FA03F3DB4313408B6042E0FB6819
:105360003F2B1ED8FB68203BFB60BB79002B0BD08A
:105370004FF080414FF08043DA680120FB6800FA6B
:1053800003F31343CB602DE04FF080414FF0804397
:10539000DA680120FB6800FA03F3DB431340CB60BB
:1053A00020E0FB68532B1DD8FB68403BFB60BB79BA
:1053B000002B0BD04FF080414FF080431A69012041
:1053C000FB6800FA03F313430B610BE04FF08041DD
:1053D0004FF080431A690120FB6800FA03F3DB43B6
:1053E00013400B6100BF1437BD465DF8047B704766
:1053F00080B485B000AF03460A46FB711346BB710B
:10540000FB79FB60FB681F2B1BD8BB79002B0BD0F3
:105410004FF080414FF080431A6A0120FB6800FA88
:1054200003F313430B624FE04FF080414FF0804392
:105430001A6A0120FB6800FA03F3DB4313400B6296
:1054400042E0FB683F2B1ED8FB68203BFB60BB792A
:10545000002B0BD04FF080414FF080435A6A01205F
:10546000FB6800FA03F313434B622DE04FF08041D9
:105470004FF080435A6A0120FB6800FA03F3DB43D4
:1054800013404B6220E0FB684E2B1DD8FB68403B6D
:10549000FB60BB79002B0BD04FF080414FF0804375
:1054A0009A6A0120FB6800FA03F313438B620BE056
:1054B0004FF080414FF080439A6A0120FB6800FA68
:1054C00003F3DB4313408B6200BF1437BD465DF826
:1054D000047B704780B586B000AF64233B6101F068
:1054E00013FB03465B08FB606C4B01221A604FF014
:1054F00080431B6BBB604FF080424FF080431B6BBF
:1055000023F03F0343F0010313634FF080424FF059
:1055100080431B6B23F47C3313634FF08043DB6BBE
:105520007B604FF080424FF08043DB6B23F0FF0342
:1055300043F05703D3634FF080439B683B604FF0C9
:1055400080424FF080439B6843F0030393604FF029
:1055500080424FF080431B6A23F0030313624FF035
:1055600080424FF080431B6A43F00303136200BF85
:105570004B4AFB685B0A4B49A1FB0313DB08136032
:10558000494AFB685B094949A1FB0313DB0903F0A6
:105590000F035B001360464B01221A60454B01224A
:1055A0001A60454B03221A60444B05221A60444B93
:1055B00001221A60434B01221A60434B03221A60F6
:1055C00000BF00BF414B1B6803F02003002B05D137
:1055D0003B69013B3B613B69002BF3D13C4BAA2269
:1055E0001A6041F288333B6100BF3A4B1B6803F0FD
:1055F0000103002B05D13B69013B3B613B69002B5B
:10560000F3D1354B1B68DBB2AA2B07D03349334BA0
:105610001B6803F4E062324B13430B604FF080428F
:105620004FF080431B6A23F0030313624FF0804264
:105630004FF080431B6A43F0030313624FF0804234
:105640003B6893604FF080427B68D3634FF08042A9
:10565000BB681363114B00221A604FF080424FF079
:1056600080431B6B23F03F03136300237B6103E044
:1056700000BF7B6901337B617B69632BF8D94FF0F5
:1056800080424FF080431B6B23F03F0343F0010344
:10569000136300BF1837BD4680BD00BF48510840A6
:1056A00004800140ADC5A70044800140C55A7C0A72
:1056B0000C800140148001401080014004820140B0
:1056C0000C8201401482014010820140208201407E
:1056D0000082014020800140008001400CED00E08C
:1056E0000400FA0580B598B000AF78607B68FB6570
:1056F0007B68002B07D107F10803184600F0FAF881
:1057000007F10803FB65FB6D184600F01FF8034620
:10571000A7F85A30B7F85A30002B10D1FFF7E2FD46
:105720000346002B01D0FFF7D5FEFB6D2C33184646
:1057300000F090F8FB6D4833184600F04BF8B7F8CE
:105740005A3018466037BD4680BD00BF80B584B072
:1057500000AF78600023FB817B68002B32D000F023
:10576000F1FD0346FB81FB89002B04D1786800F032
:1057700019FE0346FB81FB89002B23D1144B002229
:105780001A607B6893F82030002B03D07B68DB69BC
:105790000F4A13607B6893F82A30002B12D07B6885
:1057A00024331946012000F043FF0346FB81FB89A7
:1057B000002B07D17B6827331946022000F038FF01
:1057C0000346FB81FB8918461037BD4680BD00BFEC
:1057D000F849FF1F80B584B000AF78607B68002B6C
:1057E00033D07B685B68002B2FD00023FB6027E061
:1057F0007B685968FA6813465B0013445B000B44EE
:105800005B883B817B685968FA6813465B001344E8
:105810005B000B441B790133DBB2BB727B685968B8
:10582000FA6813465B0013445B000B441B8807F1C6
:1058300008021146184601F0D5F9FB680133FB60F8
:105840007B681A68FB689A42D2D800BF1037BD4601
:1058500080BD00BF80B584B000AF78607B681B78E6
:10586000002B14D07B689B7819464FF0804001F0E4
:1058700011FB7B68DB7819464FF08040FFF738FC5E
:105880007B685B7819464FF08040FFF755FC7B68DA
:105890001B79002B07D07B685A797B689B79194666
:1058A000104601F0CBFC7B681B7A002B12D0002342
:1058B000FB730CE0FA7BFB7B796802339B000B44A3
:1058C0005B680B4941F82230FB7B0133FB73FB7BA8
:1058D000022BEFD97B681B7E002B04D07B685B7E9C
:1058E000184601F087FD00BF1037BD4680BD00BFE0
:1058F000FC49FF1F80B483B000AF78607B68012251
:105900009A707B680122DA707B6800221A707B68CB
:1059100000225A707B6801229A717B6800221A71FA
:105920007B6800225A717B68012283F820207B6803
:105930000022DA617B6801221A747B683C4A9A6013
:105940007B6800225A737B6800229A737B6800226E
:10595000DA737B680122DA767B6800221A757B682D
:1059600060225A757B6808229A757B680022DA7576
:105970007B6801225A767B6801229A767B68012235
:1059800083F82A207B68002283F826207B68002287
:1059900083F825207B68012283F824207B6802227B
:1059A00083F829207B68002283F828207B68012265
:1059B00083F827207B681F4ADA647B680D229A648B
:1059C0007B68012283F82C207B68002283F82D203D
:1059D0007B68022283F82E207B68002283F82F2028
:1059E0007B68012283F830207B68002283F8322014
:1059F0007B68022283F831207B68012283F83420FF
:105A00007B6800229A637B680022DA637B6800224D
:105A10001A647B68012283F844207B68002283F8A3
:105A2000452000BF0C37BD465DF8047B704700BFC2
:105A300000127A003800FF1F80B584B000AF034623
:105A40003960FB800023FB810023BB60FB88102BA7
:105A50007AD801A252F823F09D5A0000A75A0000FC
:105A6000B15A0000B95A0000C15A0000C95A0000DA
:105A7000D15A0000D95A0000E15A0000195B000019
:105A8000E95A0000015B0000315B0000255B00006B
:105A9000F55A00000D5B00003D5B0000002000F0A7
:105AA00053FDB86053E0012000F04EFDB8604EE0B9
:105AB00000F002FFB8604AE000F0FEFFB86046E088
:105AC00001F00EF8B86042E000F0E2FFB8603EE09E
:105AD00001F01AF8B8603AE0224B1B68BB6036E070
:105AE00000F074FFB86032E00021032000F056FEA1
:105AF000B8602CE00121032000F050FEB86026E0E1
:105B00000021042000F04AFEB86020E001210420BA
:105B100000F044FEB8601AE00021052000F03EFECF
:105B2000B86014E00121052000F038FEB8600EE0F6
:105B30000021062000F032FEB86008E001210620B6
:105B400000F02CFEB86002E00423FB8100BF3B683C
:105B5000002B02D03B68BA681A60FB8918461037E0
:105B6000BD4680BDF849FF1F80B586B000AF034633
:105B70003960FB800023FB8200233B610023FB7321
:105B80000023BB7300237B73FB88163B0B2B00F2B7
:105B9000A68001A252F823F0C95B0000F15B00006F
:105BA000175C00003D5C0000635C0000895C000045
:105BB000AF5C0000B75C0000BF5C0000C75C000089
:105BC000CF5C0000D75C000007F10D0307F10E0267
:105BD00007F10F01002001F0D1FB7B7B022B00F2CB
:105BE00081807B7B1A464A4B53F822303B6179E037
:105BF00007F10D0307F10E0207F10F01012001F07B
:105C0000BDFB7B7B022B6FD87B7B1A46404B53F846
:105C100022303B6168E007F10D0307F10E0207F146
:105C20000F01022001F0AAFB7B7B022B5ED87B7B5D
:105C30001A46374B53F822303B6157E007F10D030A
:105C400007F10E0207F10F01032001F097FB7B7BA8
:105C5000022B4DD87B7B1A462D4B53F822303B61EB
:105C600046E007F10D0307F10E0207F10F010420D2
:105C700001F084FB7B7B022B3CD87B7B1A46244BB8
:105C800053F822303B6135E007F10D0307F10E02B6
:105C900007F10F01052001F071FB7B7B022B2BD854
:105CA0007B7B1A461A4B53F822303B6124E000F00C
:105CB00003FE386121E000F0B7FE38611DE000F01E
:105CC00063FF386119E04FF47A733B6115E04FF4DC
:105CD000FA433B6111E04FF4FA333B610DE00423DA
:105CE000FB820AE000BF08E000BF06E000BF04E05E
:105CF00000BF02E000BF00E000BF3B68002B02D005
:105D00003B683A691A60FB8A18461837BD4680BD61
:105D1000FC49FF1F80B588B000AF03463960FB80A7
:105D20000023FB8300233B610023FB730023BB7331
:105D300000237B73FB88FF2B5AD9FB88B3F58C7F3C
:105D400056D2FB88B3F5847F25D3FB88B3F5877FD4
:105D500021D2FB88A3F58473BB61BB69DBB2184613
:105D600001F068F90346BB8307F11002BB8B1146B3
:105D7000184600F07DF80346FB83BB69DBB218468A
:105D800001F0D4F90346FB753A69FB7D0133B2FBA0
:105D9000F3F33B6160E0FB88184601F0B1FB03467A
:105DA000043B032B16D801A252F823F0BD5D00007E
:105DB000C35D0000C95D0000CF5D00000D23BB8303
:105DC0000CE00E23BB8309E00F23BB8306E0102306
:105DD000BB8303E040F2FF13BB8300BF07F1100257
:105DE000BB8B1146184600F043F80346FB8333E0B3
:105DF000FB88B3F58C7F2DD3FB88B3F58F7F29D239
:105E0000FB88A3F58C73BB6107F10D0307F10E024C
:105E100007F10F01B86901F0B1FAFB7B002B0CD040
:105E2000BB699BB216339BB207F1100211461846AC
:105E300000F01EF80346FB830EE0BB7B9BB20933E8
:105E40009BB207F110021146184600F011F8034604
:105E5000FB8301E00423FB833B68002B02D03A69FB
:105E60003B681A60FB8B18462037BD4680BD00BFDB
:105E700080B584B000AF03463960FB800023FB810E
:105E8000FB88102B07D8FB8839681846FFF7D4FD2C
:105E90000346FB8118E0FB88212B07D8FB88396873
:105EA0001846FFF761FE0346FB810DE0FB88B3F562
:105EB0008F7F07D2FB8839681846FFF72BFF034610
:105EC000FB8101E00423FB81FB8918461037BD46A6
:105ED00080BD00BF80B582B000AFFCF75DF803461F
:105EE000002B02D0012B03D005E00123FB7105E05C
:105EF0000223FB7102E00323FB7100BFFB7918460C
:105F00000837BD4680BD00BF80B586B000AF786061
:105F10000023FB82FFF7DEFF0346FB73FB7B796800
:105F2000184600F085FB0346FB82FB8A002B15D147
:105F300064233B613B69013B3B614FF0804001F0D2
:105F400005F802467B689B789A4202D03B69002B99
:105F5000F0D13B69002B01D10323FB82FB8A184659
:105F60001837BD4680BD00BF80B586B000AF034680
:105F70003960FB710023FB823B68002B09D10023B1
:105F80003B7200237B720123FB7207F108033B6124
:105F900001E03B683B614FF0804000F0D7FF0346D3
:105FA000022B02D10223FB8228E0FB79002B25D0B3
:105FB0003B691B7819463B695B781A464FF0804075
:105FC000FEF722FFFB791846FFF7E2F83B69DB7822
:105FD0001846FFF7F3F86423FB6002E0FB68013B1F
:105FE000FB6000F069FD0346002B02D1FB68002B2B
:105FF000F4D1FB68002B01D10323FB82FB8A1846F6
:106000001837BD4680BD00BF80B586B000AF0346DF
:106010003960FB710023FB823B68002B07D1002312
:106020003B7200237B7207F108033B6101E03B6890
:106030003B614FF0804000F089FF0346002B02D106
:106040000223FB8227E0FB79002B21D03B691B78E0
:1060500019463B695B781A464FF08040FEF796FE82
:10606000FB791846FFF7D4F86423FB6002E0FB6875
:10607000013BFB6000F034FD0346002B02D1FB68BE
:10608000002BF4D1FB68002B05D10323FB8202E037
:106090000020FFF7BDF8FB8A18461837BD4680BDC3
:1060A00080B588B000AF03463960FB710023FB83E5
:1060B0003B68002B0BD10023BB730023FB73002331
:1060C0007B73464BBB6007F10803BB6101E03B6893
:1060D000BB614FF0804000F039FF0346012B02D135
:1060E0000223FB8374E0FB79002B6BD00020FEF7CA
:1060F00079FFBB699B791946BB69DB791A464FF07A
:106100008040FEF7D5FEBB695B79002B14BF0123ED
:106110000023DBB21846FFF725F8FB791846FFF796
:10612000A1F8BB691B682E4A13602E4B7B6102E00D
:106130007B69013B7B6100F0ABFC0346002B02D185
:106140007B69002BF4D17B69002B02D10323FB83F5
:106150003EE0BB691B79012B13D0022B23D0002B0F
:1061600000D035E000214FF08040FEF78BFE00218B
:106170000420FDF76BF8002200210420FDF74CF805
:1061800026E001214FF08040FEF77CFE0021042034
:10619000FDF75CF8002201210420FDF73DF83820CE
:1061A000FEF776FD14E001214FF08040FEF76AFE15
:1061B00001210420FDF74AF8002200210420FDF708
:1061C0002BF805E00020FFF74DF8054B00221A6080
:1061D000FB8B18462037BD4680BD00BF00127A00F9
:1061E0003400FF1FA086010080B588B000AF0346D1
:1061F0003960FB710023FB833B68002B0FD1012327
:106200007B730123BB7300233B7260237B720823E3
:10621000BB720023FB7207F10803BB6101E03B681E
:10622000BB614FF0804000F091FE0346032B02D18A
:106230000223FB8302E00020FFF73EF8FB79002BEE
:1062400078D0FB8B002B75D10020FEF7CBFEBB690D
:10625000DB78002B03D100F02FFC786102E000F026
:1062600017FC7861BB691B7801337A69B2FBF3F3E1
:106270007B61BB695B781A467B6902FB03F37B6138
:10628000BB695B79012219464FF08040FEF74EFE54
:10629000BB69DB7819464FF08040FEF77FFEBB6993
:1062A0009978BB695A78BB691B782548FEF7B0FE20
:1062B000FB791846FFF700F8BB691B79012B0ED05C
:1062C000022B19D0002B00D020E000210520FCF784
:1062D000BDFF002200210520FCF79EFF16E00021F3
:1062E0000520FCF7B3FF002201210520FCF794FFF5
:1062F0003820FEF7CDFC09E001210520FCF7A6FFC0
:10630000002200210520FCF787FF00BF42F2107336
:106310003B6102E03B69013B3B6100F0F5FB03465A
:10632000002B02D13B69002BF4D13B69002B01D13A
:106330000323FB83FB8B18462037BD4680BD00BF7F
:106340000088004080B582B000AF0023FB804FF092
:10635000804000F0FBFD0346002B1BD000F0C0FB8B
:106360000346002B05D100210120FFF74DFE034617
:10637000FB80FB88002B0DD10023BB70084B9B7862
:106380007B70074BDB783B703B461846FFF7BCFD44
:106390000346FB80FB8818460837BD4680BD00BF1A
:1063A0007CFB000080B586B000AF78600023FB82E4
:1063B0007B689B787A6811461846FFF7D5FD03463F
:1063C000FB82FB8A002B16D17B681A7C7B68083322
:1063D00019461046FFF764FE0346FB82FB8A002B3A
:1063E00009D17B68DA7E7B68143319461046FFF7C3
:1063F000FBFE0346FB82FFF76DFD0346012B02D037
:10640000022B04D007E07B6824333B6106E07B6805
:1064100027333B6102E000233B6100BFFB8A002B76
:1064200040F08A803B69002B00F086803B699B78B6
:10643000002B64D10123FB827B68DB7E002B11D013
:10644000FB8A012B0ED10323BB733E4B9B797B73DD
:106450003C4BDB793B7307F10C031846FFF754FD07
:106460000346FB827B681B7C002B11D0FB8A012B2F
:106470000ED10123BB73334B1B797B73314B5B799B
:106480003B7307F10C031846FFF73EFD0346FB8202
:106490007B689B78002B11D0FB8A012B0ED1022345
:1064A000BB73284B1B787B73264B5B783B7307F1E0
:1064B0000C031846FFF728FD0346FB82FB8A002BDE
:1064C0003AD17B689A797B68043319461046FFF706
:1064D0009BFD0346FB82FB8A002B2DD13B699B78F9
:1064E000BB733B695B787B733B691B783B7307F13C
:1064F0000C031846FFF708FD0346FB821CE03B69CE
:106500009B78BB733B695B787B733B691B783B7300
:1065100007F10C031846FFF7F7FC0346FB82FB8AE2
:10652000002B09D17B689A797B68043319461046A1
:10653000FFF76AFD0346FB82FB8A18461837BD4603
:1065400080BD00BF84FB000080B584B000AF03466F
:10655000FB714FF0804000F0F9FC0346032B1BD881
:1065600001A252F823F000BF8965000079650000A0
:10657000816500009165000000F08AFAF8600EE085
:1065800000F09AFAF8600AE000F0AAFAF86006E073
:1065900000F0BAFAF86002E00023FB6000BF4FF0A1
:1065A0008040FEF7E3FB03460133FA68B2FBF3F3E6
:1065B000FB60FB79012B09D14FF0804000F0E2FC39
:1065C00003460133FA68B2FBF3F3FB60FB6818463D
:1065D0001037BD4680BD00BF80B584B000AF034614
:1065E000FB71FB79032B1BD801A252F823F000BFEB
:1065F00011660000016600000966000019660000CF
:1066000000F046FAF8600EE000F056FAF8600AE092
:1066100000F066FAF86006E000F076FAF86002E052
:106620000023FB6000BFFB6818461037BD4680BDE5
:1066300080B588B000AF03463960FB710023FB834F
:106640003B689B781846FFF7C7FFB8613B685B78EB
:106650000133BA69B2FBF3F37B613B681B7801330A
:106660007A69B2FBF3F33B61FB79012B02D0022B79
:106670005CD07DE03B689B781A46404B53F8322053
:106680007B699A4208D33B689B783C4ADB00134401
:106690005A683B699A4202D20123FB8368E00020DA
:1066A000FEF7A0FC364B374ADA60354B364ADA60E3
:1066B0007B69364AA2FB03239B0CFB60304B1B69B2
:1066C00003F47F431A0AFB689A4208D22C492C4BE8
:1066D0001B6923F47F42FB681B0213430B613B6879
:1066E0009B7819463B685B781A463B681B784FF0ED
:1066F0008040FEF7EBFA224B1B6903F47F431A0A32
:10670000FB689A4208D91E491D4B1B6923F47F423E
:10671000FB681B0213430B610120FEF763FC184B5F
:106720001B4ADA60164B1B4ADA6021E01A4B1A68E2
:106730007B699A4208D3184B5A683B699A4203D343
:106740003B689B78022B02D00123FB830FE00020E3
:10675000FEF748FC3B685B781A463B681B780221D1
:106760004FF08040FEF7DAFA0120FEF73BFC00BF55
:10677000FB8B18462037BD4680BD00BF8CFB000058
:10678000002000404078AC006745230183DE1B43B6
:10679000BF8753FF98BADCFEACFB000080B584B025
:1067A00000AF03460A46FB8013467B710023BB60A3
:1067B0007B79002B02D0012B38D06FE0FB88033BA4
:1067C000032B2FD801A252F823F000BFEF6700007F
:1067D000DD670000016800001368000000F080F928
:1067E000F8604FF08040FEF7EFFAB8601DE000F06F
:1067F00063F9F8604FF08040FEF724FBB86014E0C6
:1068000000F046F9F8604FF08040FEF76FFBB8608B
:106810000BE000F079F9F8604FF08040FEF7A2FB42
:10682000B86002E00023FB6000BF3AE0FB88033B56
:10683000032B2FD801A252F823F000BF5F6800009D
:106840004D680000716800008368000000F048F99E
:10685000F8604FF08040FEF7C7FAB8601DE000F026
:106860002BF9F8604FF08040FEF7FCFAB86014E0B6
:1068700000F00EF9F8604FF08040FEF747FBB8607B
:106880000BE000F041F9F8604FF08040FEF778FB34
:10689000B86002E00023FB6000BF02E00023FB6061
:1068A00000BFBB680133FA68B2FBF3F3FB60FB681F
:1068B00018461037BD4680BD80B582B000AF4FF09E
:1068C000804000F015FB0346122B6CD801A252F851
:1068D00023F000BF21690000296900003169000030
:1068E00039690000A7690000A7690000A7690000D6
:1068F000A7690000A769000041690000496900001C
:106900005169000059690000656900007169000063
:106910007D69000089690000936900009D6900009D
:1069200000F0B6F8786041E000F0C6F878603DE02D
:1069300000F0D6F8786039E000F0E6F8786035E0ED
:1069400000F072F8786031E000F01EF978602DE018
:106950004FF4FA337B6029E001210520FFF71EFF89
:10696000786023E001210420FFF718FF78601DE024
:1069700001210320FFF712FF786017E001210620B4
:10698000FFF70CFF786011E00120FFF7DDFD786074
:106990000CE00020FFF7D8FD786007E00020FFF74B
:1069A000D3FD786002E000237B6000BF4FF08040A1
:1069B000FEF7B2FB034601337A68B2FBF3F37B6068
:1069C0007B6818460837BD4680BD00BF80B582B0E1
:1069D00000AF4FF0804000F0A9FA0346032B1BD80C
:1069E00001A252F823F000BFF9690000016A00001B
:1069F000096A0000116A000000F04AF878600EE0B1
:106A000000F05AF878600AE000F06AF8786006E072
:106A100000F07AF8786002E000237B6000BF7B68BA
:106A200018460837BD4680BD80B582B000AF4FF034
:106A3000804000F01FFC0346032B1FD801A252F830
:106A400023F000BF556A0000616A00006D6A000013
:106A5000756A000000210520FFF7A0FE786010E0B5
:106A600000210420FFF79AFE78600AE04FF4FA4311
:106A70007B6006E0054B1B687B6002E000237B60C7
:106A800000BF7B6818460837BD4680BDF849FF1F28
:106A900080B582B000AF00237B60FEF7F9FB0346B0
:106AA000002B02D0034B1B687B607B6818460837BD
:106AB000BD4680BD3400FF1F80B582B000AF00230B
:106AC0007B60FEF791FB0346002B01D0034B7B60FC
:106AD0007B6818460837BD4680BD00BF00127A00AB
:106AE00080B582B000AF00237B60FEF7A7FB0346B2
:106AF000002B01D0034B7B607B6818460837BD46EE
:106B000080BD00BF006CDC0280B582B000AF002306
:106B10007B600023FB700023BB7000237B70FEF7BB
:106B2000E1FB0346002B28D04FF08040FEF74AFAE5
:106B30000346002B03D1FFF7BFFF786002E0FFF7A9
:106B4000A7FF78607B68002B17D0FB1CBA1C791C50
:106B50000C48FEF7A5FAFB7801337A68B2FBF3F331
:106B60007B60BB781A467B6802FB03F37B607B7813
:106B70005B007A68B2FBF3F37B607B6818460837EA
:106B8000BD4680BD0088004080B582B000AF0023C4
:106B90007B604FF0804000F07DFB0346032B1AD84A
:106BA00001A252F823F000BFB96B0000C16B0000D6
:106BB000C96B0000D16B00004FF4FA337B600BE02F
:106BC0004FF4FA437B6007E04FF47A737B6003E095
:106BD00000237B6000E000BF7B6818460837BD4695
:106BE00080BD00BF80B584B000AF03463960FB8034
:106BF0003B68002B40D0FB88FF2B2AD9FB88B3F5DC
:106C00008C7F26D2FB88B3F5847F1AD3FB88B3F53B
:106C1000877F16D2FB88A3F58473FB60FB68DAB22A
:106C20003B681B881946104600F0C6F9FB68DAB2CB
:106C30003B689B78013BDBB21946104600F02AFA0C
:106C40001AE03B681A88FB881146184600F0E8FBFA
:106C500012E0FB88B3F58C7F0ED3FB88B3F58F7FF2
:106C60000AD2FB88A3F58C73FB603B681B8819462E
:106C7000F86800F01DFBFFE700BF1037BD4680BD80
:106C800080B485B000AFF8607A601A460B46FB729C
:106C90001346BB720A4AFB681360094AFB7A1371F8
:106CA000074A7B689360064ABB7A1373044ABB7A2F
:106CB0005373002318461437BD465DF8047B7047B4
:106CC000BC02FF1F80B586B000AF03460A46FB71C9
:106CD0001346BB710023BB82FB793B73BB797B738B
:106CE000624B1B78DBB2002B00D172B65F4B1B7876
:106CF000DBB20133DAB25D4B1A705D4B1A7B5C4B31
:106D00005A730123BB730023FB7525E0584B9A6827
:106D1000FB7D9B0013441B683B613B69002B18D033
:106D20003B691B79022B14D03B691B683A69916857
:106D300007F10C02104698470346002B09D04C4A35
:106D4000FB7D5373BB79002B03D140F20313BB824D
:106D500007E0FB7D0133FB75454B1B7BFA7D9A42B7
:106D6000D4D3BB8A002B02D0BB79012B14D1404B6A
:106D70001A68FB799B0013441B681846FEF7B2FCA7
:106D80000346BB82BB8A002B0CBF01230023BB75CB
:106D9000374AFB79537101E00023BB75BB7D002BA3
:106DA00030D00223BB730023FB7525E0304B9A687B
:106DB000FB7D9B0013441B683B613B69002B18D093
:106DC0003B691B79012B14D03B691B683A699168B8
:106DD00007F10C02104698470346002B09D0244ABD
:106DE000FB7D5373BB79002B03D14FF48273BB82BD
:106DF00024E0FB7D0133FB751D4B1B7BFA7D9A4222
:106E0000D4D31BE00023BB73194B9A68FB7D9B0016
:106E100013441B683B613B69002B07D03B691B682F
:106E20003A69916807F10C0210469847FB7D002BE8
:106E300003D0FB7D013BFB75E6E700BF0B4B1B78E6
:106E4000DBB2002B06D0094B1B78DBB2013BDAB278
:106E5000064B1A70054B1B78DBB2002B00D162B6D3
:106E6000BB8A18461837BD4680BD00BF5003FF1FC0
:106E7000BC02FF1F80B400AF054B5B69DBB203F0BF
:106E80000703DBB21846BD465DF8047B704700BFC0
:106E90000080004080B483B000AF786039607B68C8
:106EA0009B6C23F400627B689A643B68072B0ED8C6
:106EB0007B689B6C23F007023B681A437B689A64EB
:106EC0007B689B6C23F0F0027B689A6409E07B6826
:106ED0009B6C23F0F0023B68083B1B011A437B6864
:106EE0009A6400BF0C37BD465DF8047B704700BF55
:106EF00080B485B000AF78607B689B6C03F0F003D2
:106F0000002B07D07B689B6C03F0F0031B09083350
:106F1000FB6004E07B689B6C03F00703FB60FB688D
:106F200018461437BD465DF8047B704780B485B0C1
:106F300000AF78607B689B6C03F00703FB60FB6825
:106F400018461437BD465DF8047B704780B584B0A1
:106F500000AF7860FFF78EFF0346002B06D17B68F9
:106F60001B6803F070739B0DFB6005E07B681B687A
:106F700003F070539B0EFB60FB6818461037BD464C
:106F800080BD00BF80B584B000AF7860FFF772FFAE
:106F90000346002B06D17B681B6803F0F0031B0936
:106FA000FB6004E07B681B6803F00F03FB60FB6879
:106FB00018461037BD4680BD80B487B000AF034689
:106FC0000A46FB711346BB8000237B6103233B61B0
:106FD0000023FB60BB880D2B04D0102B08D0002BA6
:106FE00003D008E001237B6108E002237B6105E018
:106FF00003237B6102E000237B6100BFFB795B0020
:10700000FB603A69FB6802FA03F33B614FF0804092
:107010004FF080439A6B3B69DB431A407969FB6808
:1070200001FA03F31343836300BF1C37BD465DF8C9
:10703000047B704780B485B000AF0346FB7100232A
:10704000BB6040F2FF13FB814FF080439A6BFB79EA
:107050005B0022FA03F303F00303BB60BB68022B5F
:1070600006D0032B07D0012B08D10D23FB8109E0AB
:107070000023FB8106E01023FB8103E040F2FF13B5
:10708000FB8100BFFB8918461437BD465DF8047BC1
:10709000704700BF80B483B000AF03460A46FB715F
:1070A0001346BB71FB79032B39D801A252F823F0A8
:1070B000C1700000D7700000EF7000000771000081
:1070C0004FF080414FF08043DB6C23F00102BB792D
:1070D0001343CB6424E04FF080414FF08043DB6CDE
:1070E00023F00202BB795B001343CB6418E04FF03E
:1070F00080414FF08043DB6C23F00402BB799B009E
:107100001343CB640CE04FF080414FF08043DB6CC5
:1071100023F00802BB79DB001343CB6400E000BF1F
:1071200000BF0C37BD465DF8047B704780B485B066
:1071300000AF0346FB714FF08043DB6CBB60002364
:10714000FB73FB79032B23D801A252F823F000BF75
:10715000617100006D71000079710000857100009F
:10716000BB68DBB203F00103FB7312E0BB685B0892
:1071700003F00103FB730CE0BB689B0803F0010301
:10718000FB7306E0BB68DB0803F00103FB7300E060
:1071900000BFFB7B18461437BD465DF8047B704783
:1071A00080B483B000AF03460A46FB711346BB713F
:1071B000FB79032B3AD801A252F823F0CD710000DD
:1071C000E5710000FD710000157200004FF0804174
:1071D0004FF08043DB6C23F4E072BB799B011343D7
:1071E000CB6424E04FF080414FF08043DB6C23F40C
:1071F0006062BB795B021343CB6418E04FF08041BF
:107200004FF08043DB6C23F4E042BB791B03134354
:10721000CB640CE04FF080414FF08043DB6C23F4F3
:107220006032BB79DB031343CB6400E000BF00BFD7
:107230000C37BD465DF8047B704700BF80B483B057
:1072400000AF03460A46FB711346BB714FF0804006
:107250004FF080435B6823F00F02FB799900BB7904
:107260000B431343436000BF0C37BD465DF8047BFE
:10727000704700BF80B483B000AF78607B685B6804
:1072800003F00C039B0818460C37BD465DF8047BE1
:10729000704700BF80B483B000AF78607B685B68E4
:1072A00003F0030318460C37BD465DF8047B7047B6
:1072B00080B489B000AF78600B467B800023FB76FA
:1072C00000237B610023FB614FF080431B6C3B611B
:1072D0001F23FB600523BB607B88082B0FD97B88AD
:1072E0000B2B0CD80023FB767B88093B7B61FB7E54
:1072F0001B011A467B699B001343FB611CE07B88E2
:10730000112B0ED97B88152B0BD80123FB767B889C
:10731000123B7B61FB7E1B011A467B691343FB61B9
:107320000AE00023FB7600237B61FB7E1B011A46EB
:107330007B699B001343FB61BB687A6802FB03F324
:10734000FA6902FA03F3FB61BB687A6802FB03F394
:10735000FA6802FA03F3DB433A6913403B613A6986
:10736000FB6913433B614FF080423B69136400BFEC
:107370002437BD465DF8047B704700BF80B485B0FC
:1073800000AFF860B9607A603B604FF08043196CE1
:10739000FA6813469B001344043321FA03F3DBB26B
:1073A00003F01003DAB2BB681A704FF08043196C17
:1073B000FA6813469B00134421FA03F3DBB203F08F
:1073C0000303DAB23B681A704FF08043196CFA6815
:1073D00013469B001344023321FA03F3DBB203F09C
:1073E0000C03DAB27B681A7000BF1437BD465DF833
:1073F000047B704780B483B000AF78604FF0804169
:107400004FF08043DB6C23F070427B681B07134313
:10741000CB6400BF0C37BD465DF8047B704700BFEE
:1074200080B487B000AF03460A46FB801346BB809A
:10743000FB88A3F580733B6100237B610023FB6025
:10744000BB8840F2FF12934202D100237B6102E02D
:10745000BB88093B7B613B69072B16D83B6903F06E
:1074600007039B00FB604FF080404FF080435A6B56
:107470000F21FB6801FA03F3DB431A407969FB68CB
:1074800001FA03F31343436333E03B690F2B17D82F
:107490003B69033B03F007039B00FB604FF0804018
:1074A0004FF080439A6B0F21FB6801FA03F3DB4333
:1074B0001A407969FB6801FA03F31343836318E008
:1074C0003B691F2B15D83B6903F007039B00FB604A
:1074D0004FF080404FF08043DA6B0F21FB6801FAD8
:1074E00003F3DB431A407969FB6801FA03F31343A2
:1074F000C36300BF1C37BD465DF8047B704700BF07
:1075000080B487B000AF0346FB80FB88A3F580738F
:107510003B610023FB600023FB753B69072B0FD801
:107520003B6903F007039B00FB604FF080435A6BFD
:10753000FB6822FA03F3DBB203F00F03FB7525E0CF
:107540003B690F2B10D83B69033B03F007039B00FB
:10755000FB604FF080439A6BFB6822FA03F3DBB2C7
:1075600003F00F03FB7511E03B691F2B0ED83B693D
:1075700003F007039B00FB604FF08043DA6BFB686E
:1075800022FA03F3DBB203F00F03FB75FB7D184611
:107590001C37BD465DF8047B704700BF80B483B0E4
:1075A00000AF0346FB7197F90730002B0BDB09494D
:1075B00097F907305B09FA7902F01F02012000FAFF
:1075C00002F241F8232000BF0C37BD465DF8047B72
:1075D000704700BF00E100E080B483B000AF034615
:1075E000FB7197F90730002B10DB0B4997F9073037
:1075F0005B09FA7902F01F02012000FA02F220333F
:1076000041F82320BFF34F8FBFF36F8F00BF0C37BC
:10761000BD465DF8047B704700E100E080B483B0B4
:1076200000AF0346FB7197F90730002B0CDB0949CB
:1076300097F907305B09FA7902F01F02012000FA7E
:1076400002F2603341F8232000BF0C37BD465DF8DD
:10765000047B704700E100E080B483B000AF786045
:107660000B46FB70FB78002B0BD17B68D3F8A03066
:1076700003F480531B0B002B14BF01230023DBB248
:107680000AE07B68D3F8A03003F440331B0C032BD3
:107690000CBF01230023DBB218460C37BD465DF852
:1076A000047B704780B483B000AF78600B46FB70FA
:1076B000FB78002B0BD17B68D3F8A03003F4805308
:1076C0001B0B002B14BF01230023DBB209E07B68F6
:1076D000D3F8A03003F4C063002B14BF01230023B0
:1076E000DBB218460C37BD465DF8047B704700BF1F
:1076F00080B483B000AF786039607B683A681A65FF
:1077000000BF0C37BD465DF8047B704780B483B082
:1077100000AF786039607B683A685A6500BF0C3703
:10772000BD465DF8047B704780B483B000AF7860DD
:107730000B46FB707B68D3F8A03023F00802FB787F
:10774000DB001A437B68C3F8A02000BF0C37BD469E
:107750005DF8047B704700BF80B483B000AF7860F1
:107760000B46FB707B68D3F8A03023F01002FB7847
:107770001B011A437B68C3F8A02000BF0C37BD462D
:107780005DF8047B704700BF80B483B000AF7860C1
:107790000B46FB707B68D3F8A03023F02002FB7807
:1077A0005B011A437B68C3F8A02000BF0C37BD46BD
:1077B0005DF8047B704700BF80B483B000AF786091
:1077C0000B46FB707B68D3F8A03023F04002FB78B7
:1077D0009B011A437B68C3F8A02000BF0C37BD464D
:1077E0005DF8047B704700BF80B483B000AF786061
:1077F0000B46FB707B68D3F8A03023F08002FB7847
:10780000DB011A437B68C3F8A02000BF0C37BD46DC
:107810005DF8047B704700BF80B483B000AF786030
:107820007B68D3F8A03003F08003DB09002B14BF82
:1078300001230023DBB218460C37BD465DF8047BFC
:10784000704700BF80B483B000AF78607B68D3F826
:10785000A03003F400535B0B002B14BF0123002363
:10786000DBB218460C37BD465DF8047B704700BF9D
:1078700080B483B000AF78600B46FB707B68D3F8B0
:10788000A03023F48042FB789B031A437B68C3F843
:10789000A02000BF0C37BD465DF8047B704700BFD9
:1078A00080B483B000AF78600B46FB707B68D3F880
:1078B000A03023F4810323F4B053FA78D20392B2B8
:1078C0001A437B68C3F8A02000BF0C37BD465DF8A3
:1078D000047B704780B483B000AF78600B46FB70C8
:1078E0007B68D3F8A03023F40022FB78DB041A4332
:1078F0007B68C3F8A02000BF0C37BD465DF8047B51
:10790000704700BF80B483B000AF78600B46FB7057
:107910007B68D3F8A03023F40012FB785B051A4390
:107920007B68C3F8A02000BF0C37BD465DF8047B20
:10793000704700BF80B483B000AF78607B68D3F835
:10794000A03023F4800323F4B05343F480027B6817
:10795000C3F8A02000BF0C37BD465DF8047B70471C
:1079600080B483B000AF78600B46FB707B68D3F8BF
:10797000A03023F40002FB78DB051A437B68C3F8D0
:10798000A02000BF0C37BD465DF8047B704700BFE8
:1079900080B483B000AF78607B68D3F8A03003F088
:1079A00040731B0EDBB218460C37BD465DF8047BF6
:1079B000704700BF80B483B000AF78600B46FB70A7
:1079C0007B68D3F8A03023F08062FB789B061A43D3
:1079D0007B68C3F8A02000BF0C37BD465DF8047B70
:1079E000704700BF80B483B000AF78607B68D3F885
:1079F000A03023F0825323F4B05343F080527B68CD
:107A0000C3F8A02000BF0C37BD465DF8047B70476B
:107A100080B483B000AF78600B46FB707B68D3F80E
:107A2000A03023F08042FB789B071A437B68C3F8A1
:107A3000A02000BF0C37BD465DF8047B704700BF37
:107A400080B483B000AF78600B46FB707B68D3F8DE
:107A5000A03023F00042FB78DB071A437B68C3F8B1
:107A6000A02000BF0C37BD465DF8047B704700BF07
:107A700080B483B000AF786039607B683A68C3F83F
:107A8000A42000BF0C37BD465DF8047B704700BFE3
:107A900080B483B000AF78607B68D3F8A430184618
:107AA0000C37BD465DF8047B704700BF80B483B0DF
:107AB00000AF786039607B68D3F8A43023F42813D2
:107AC00023F0FE033A681A437B68C3F8A42000BF82
:107AD0000C37BD465DF8047B704700BF80B483B0AF
:107AE00000AF78600B46FB707B68D3F8A43023F0BE
:107AF0007062FB781B061A437B68C3F8A42000BFA2
:107B00000C37BD465DF8047B704700BF80B483B07E
:107B100000AF78600B46FB707B68D3F8A43023F08D
:107B20007042FB781B071A437B68C3F8A42000BF90
:107B30000C37BD465DF8047B704700BF80B483B04E
:107B400000AF786039603B681A687B68C3F8A8208A
:107B500000BF0C37BD465DF8047B704780B483B02E
:107B600000AF786039603B681A687B68C3F8AC2066
:107B700000BF0C37BD465DF8047B704780B483B00E
:107B800000AF78607B68D3F8B03003F0E0035B09A6
:107B9000DBB218460C37BD465DF8047B704700BF6A
:107BA00080B483B000AF78600B46FB707B68D3F87D
:107BB000B03023F4FE42FB781B021A437B68C3F803
:107BC000B02000BF0C37BD465DF8047B704700BF96
:107BD00080B483B000AF78600B46FB707B68D3F84D
:107BE000B03023F40042FB78DB031A437B68C3F810
:107BF000B02000BF0C37BD465DF8047B704700BF66
:107C000080B483B000AF78600B46FB707B68D3F81C
:107C1000B43023F48072FB781B021A437B68C3F8EC
:107C2000B42000BF0C37BD465DF8047B704700BF31
:107C300080B483B000AF78600B46FB707B68D3F8EC
:107C4000B43023F40072FB785B021A437B68C3F8FC
:107C5000B42000BF0C37BD465DF8047B704700BF01
:107C600080B483B000AF78600B46FB707B68D3F8BC
:107C7000B43023F48062FB789B021A437B68C3F81C
:107C8000B42000BF0C37BD465DF8047B704700BFD1
:107C900080B483B000AF78600B46FB707B68D3F88C
:107CA000B43023F40062FB78DB021A437B68C3F82C
:107CB000B42000BF0C37BD465DF8047B704700BFA1
:107CC00080B483B000AF78600B46FB707B68D3F85C
:107CD000B43023F03F02FB781A437B68C3F8B4202A
:107CE00000BF0C37BD465DF8047B704780B483B09D
:107CF00000AF786039607B68D3F8B43023F040027D
:107D00007B68C3F8B4203B6823F060427B68C3F80B
:107D1000C02000BF0C37BD465DF8047B704700BF34
:107D200080B483B000AF786039607B68D3F8B4303A
:107D300043F040027B68C3F8B4203B6823F0004264
:107D40007B68C3F8C02000BF0C37BD465DF8047BDC
:107D5000704700BF80B483B000AF786039607B6843
:107D60003A68C3F8C42000BF0C37BD465DF8047BF9
:107D7000704700BF80B483B000AF78607B68D3F8F1
:107D8000C43018460C37BD465DF8047B704700BF11
:107D900080B483B000AF78600B46FB707B68D3F88B
:107DA000C43023F48032FB781B041A437B68C3F889
:107DB000C42000BF0C37BD465DF8047B704700BF90
:107DC00080B483B000AF786039607B68D3F8C4308A
:107DD00023F420223B681A437B68C3F8C42000BF09
:107DE0000C37BD465DF8047B704700BF80B483B09C
:107DF00000AF78607B68D3F8C43003F40003DB0D78
:107E0000002B14BF01230023DBB218460C37BD46FC
:107E10005DF8047B704700BF80B483B000AF78602A
:107E20000B46FB707B68D3F8CC3023F00102FB7863
:107E30001A437B68C3F8CC2000BF0C37BD465DF801
:107E4000047B704780B483B000AF78600B46FB7052
:107E50007B68D3F8CC3023F00202FB785B001A4336
:107E60007B68C3F8CC2000BF0C37BD465DF8047BAF
:107E7000704700BFB0B586B000AF0346FB71FB7919
:107E80002B4A52F823307B61FB795B01294A13446A
:107E90003B617869FFF7FCFDF860F9687869FFF7E6
:107EA000E7FDFA68244B13403A6913603B691B7A7B
:107EB000002B10D07869FFF75DFFF860F9687869EA
:107EC000FFF748FF3B691A68FB681B0203F0A053E9
:107ED0001A433B691A603B691B6803F44063002B3B
:107EE00005D03B690C331846F8F7EEFB0AE03B6916
:107EF0001B6803F40043002B04D03B691033184681
:107F0000F8F7E2FB3B699B69002B0CD03B699C694D
:107F10003B691D687869FFF731FE03461A46FB7915
:107F200029461846A04700BF1837BD46B0BD00BF60
:107F3000B4FB0000CC02FF1F01FFD50080B584B068
:107F400000AF0346FB71FB795B01094A1344FB60F8
:107F5000FB68DB69002B06D0FB68DB69F87900223F
:107F60004FF08041984700BF1037BD4680BD00BF2D
:107F7000CC02FF1F80B586B000AF3B600346FB71AB
:107F80000B46BB7113467B71FB79274A52F82330AD
:107F90003B613869FFF740FC0346FB73FB7B83F0D2
:107FA0000103DBB2002B03D001213869FFF71CFC71
:107FB0007A79BB791946386900F0BCFC7B79002BD3
:107FC00024D0BB7919463869FFF77AFE3B681B68F5
:107FD00019463869FFF78AFE3B685B6823F0604307
:107FE0007B613B681B7A002B04D17B6943F08043A3
:107FF0007B6107E03B681B7A012B03D17B6943F06F
:10800000C0437B6179693869FFF78AFEFB7B83F0A7
:108010000103DBB2002B03D000213869FFF7E4FB3A
:1080200000BF1837BD4680BDB4FB000080B483B0EC
:1080300000AF03463960FB71FB79064A5B011344CC
:1080400018333A681A6000BF0C37BD465DF8047BF0
:10805000704700BFCC02FF1F80B483B000AF03465F
:108060003960FB71FB79064A5B0113441C333A68A3
:108070001A6000BF0C37BD465DF8047B704700BF37
:10808000CC02FF1F80B582B000AF03460A46FB71E9
:108090001346BB71BB79002B06D0FB790E4AD35631
:1080A0001846FFF77BFA0BE0FB790B4AD3561846CC
:1080B000FFF792FAFB79084AD3561846FFF7AEFA53
:1080C000FB79064A5B0113440533BA791A7000BF85
:1080D0000837BD4680BD00BF8800FF1FCC02FF1FD0
:1080E00080B582B000AF03460A46FB711346BB71F0
:1080F000BB79002B06D0FB790A4AD3561846FFF706
:108100004DFA0BE0FB79074AD3561846FFF764FA9D
:10811000FB79044AD3561846FFF780FA00BF0837A8
:10812000BD4680BD8C00FF1F80B586B000AF034602
:108130003960FB710023BB82FB79964A52F82330E9
:108140003B61FB795B01944A1344FB600023FB75A0
:10815000FB6800221A60FB79904AD35C0121184623
:10816000FDF7D4F8FB798E4AD35C01211846FDF760
:108170003FF901213869FFF737FB3B68DB7C194683
:108180003869FFF705FE3B68DA7CFB681A723B68CA
:10819000203319463869FFF7D1FC3B689B7A002BE6
:1081A00017D03B68DB7A19463869FFF7D9FB3B6883
:1081B000243319463869FFF7D1FC3B681B7B19460D
:1081C0003869FFF705FD3B685B7B19463869FFF7A7
:1081D000E7FC3B68DB7C002B11D007E0FB7D013323
:1081E000FB75FB7DC82B01D9012313E13869FFF72B
:1081F000FDFD034683F00103DBB2002BEED13B68AB
:108200009B6A002B17D00023FB750FE03B68996A2F
:10821000FA7D13465B0013449B000B44F97DF8790B
:108220000122FFF7A7FEFB7D0133FB753B681B783E
:10823000FA7D9A42EAD33B689B7C19463869FFF77E
:10824000B9FB3B689A7CFB68DA7100213869FFF75B
:10825000CBFA3B685B78012B04D101213869FFF729
:1082600007FB1BE03B685B78022B04D101213869D6
:10827000FFF78AFA12E03B685B78032B0AD10121F1
:108280003869FFF799FA3B681B7A19463869FFF796
:10829000D7FB03E000213869FFF7EAFA3B685B7A15
:1082A00019463869FFF71AFC3B685B79194638694B
:1082B000FFF752FA3B689B7919463869FFF734FAA1
:1082C0000C213869FFF722FC3B68DB7819463869D6
:1082D000FFF718FB3B68DB7919463869FFF798FB15
:1082E0003B689B7D19463869FFF7F4FA002138692D
:1082F000FFF786FC3B689B7B002B1AD03B681A7CFF
:10830000FB7911461846FEF74BFF3B68DB7B1946AD
:108310003869FFF7BDFC3B685B7C19463869FFF79D
:1083200087FC01213869FFF76BFC01213869FFF7F1
:1083300097FC3B681A79FB681A753B689A7BFB6867
:108340009A71FB680C3300211846F8F7FBF90346D5
:10835000002B01D001235DE0FB681033002118469B
:10836000F8F7F0F90346002B06D0FB680C331846EB
:10837000F8F704FA01234DE03B689B7C002B11D0F9
:108380003B689B6923F0800319463869FFF78EFB31
:108390000EE000BFB4FB0000CC02FF1F9000FF1FE7
:1083A0009400FF1F3B689B6919463869FFF77EFB05
:1083B0003B68DB6919463869FFF702FD3B685B7D66
:1083C00019463869FFF728FD3B681B7D1946386957
:1083D000FFF738FD3B68DA6AFB7911461846FFF76C
:1083E00025FE3B689A78FB7911461846FFF74AFE4E
:1083F0003B681A6BFB7911461846FFF72DFE3B6868
:108400001A7DFB7911461846FFF76AFEFB680122C8
:108410001A71BB8A18461837BD4680BD80B586B034
:1084200000AF0346FB710023FB82FB79224A52F81E
:1084300023303B61FB795B01204A1344FB60FB68FE
:108440001B79002B06D0FB6800221A7101213869C4
:10845000FFF7CAF9FB680C331846F8F78FF9FB6889
:1084600010331846F8F78AF9FB7900211846FFF710
:10847000DDFDFB7900211846FFF704FEFB790021A2
:108480001846FFF7E9FDFB7900211846FFF728FEA3
:10849000FB790B4AD35C00211846FCF7A9FFFB7956
:1084A000084AD35C00211846FCF730FFFB8A1846C7
:1084B0001837BD4680BD00BFB4FB0000CC02FF1FD3
:1084C0009400FF1F9000FF1F80B586B000AF0346E9
:1084D0003960FB711346BB71FB79384A52F823307F
:1084E000FB60BB791946F868FFF7DAF93B681B684F
:1084F00023F060437B61FB79314A5B01134406330F
:108500001B78002B03D07B6943F080437B613B6881
:108510001B7A002B03D07B6943F000437B617969B0
:10852000F868FFF7E5F83B685B7A03F00F033B61FF
:108530003B68DB7A002B0CD03B6943F020033B61A6
:108540003B689B7A002B0CD03B6943F010033B61E6
:1085500007E03B681B7B002B03D03B6943F04003E3
:108560003B613B685B7B002B03D03B6943F080039E
:108570003B613969F868FFF7C9F83B681B7B002B42
:1085800011D13B685B7A002B0DD03B685B7A1846B3
:1085900000F056F90346FB723B681B69FA7A1946EC
:1085A000F86800F02BF9BB79012B02D1F868FFF7CE
:1085B000C1F900BF1837BD4680BD00BFB4FB000045
:1085C000CC02FF1F80B582B000AF03460A46FB71A4
:1085D0001346BB71FB79064A52F82330BA7911462B
:1085E0001846FFF739F8034618460837BD4680BDE0
:1085F000B4FB000080B586B000AF03463960FB7164
:108600001346BB710023FB82FB79244A52F82330C6
:108610003B61FB795B01224A1344FB603869FFF739
:10862000FBF80346002B05D13869FFF70BF9034629
:10863000002B01D001232CE0BB79012B0ED1FB686C
:108640001B7D002B0AD1BB7919463869FFF704F866
:108650000346002B0CD00223FB8209E0BB791946AC
:108660003869FFF71FF80346002B01D00223FB8275
:10867000FB8A002B0CD1BA79FB7939681846FFF7D1
:1086800023FFFB681A7DBB791946386900F018F999
:10869000FB8A18461837BD4680BD00BFB4FB0000FA
:1086A000CC02FF1F80B582B000AF0346FB71FB799F
:1086B000054A52F823301846FFF76AF90346184670
:1086C0000837BD4680BD00BFB4FB000080B586B052
:1086D00000AF786039603B6808337B613B681B689A
:1086E00023F060427B681A603B681B68DB0FDAB2DC
:1086F0007B681A723B685B68FB60FB681B09DBB236
:1087000003F00103DAB27B689A72FB685B09DBB2A3
:1087100003F00103DAB27B68DA72FB689B09DBB213
:1087200003F00103DAB27B681A73FB68DB09DBB282
:1087300003F00103DAB27B685A73FB68DBB203F023
:108740000F03DAB27B685A727B681B7B002B26D141
:108750007B685B7A002B22D07B685B7A184600F03E
:108760006FF80346FB747B68DB7A002B04D1FB7C3B
:10877000082B01D90823FB740023BB740BE07B6832
:108780001A69BB7C1A447B69191D79611B681360E7
:10879000BB7C0433BB74BA7CFB7C9A42EFD33B684E
:1087A0009A6C7B685A6000BF1837BD4680BD00BF19
:1087B00080B584B000AF03463960FB710023FB81B4
:1087C000FB790D4A52F82330BB60B868FFF7E0F838
:1087D0000346002B02D10123FB8107E0BB68194649
:1087E0003868FFF773FFB868FFF7FCF8FB89184695
:1087F0001037BD4680BD00BFB4FB000080B487B019
:1088000000AFF860B9601346FB71FB6858333B61F9
:108810000023FB750AE03B691A1D3A61FA7DB968CD
:108820000A4412681A60FB7D0433FB75FA7DFB79FC
:108830009A42F0D300BF1C37BD465DF8047B7047F9
:1088400080B485B000AF0346FB710023FB73FB7956
:10885000082B02D8FB79FB732AE0FB79093B062B36
:1088600025D801A252F823F0858800008B880000EB
:1088700091880000978800009D880000A388000070
:10888000A98800000C23FB7312E01023FB730FE098
:108890001423FB730CE01823FB7309E02023FB7304
:1088A00006E03023FB7303E04023FB7300E000BFCE
:1088B000FB7B18461437BD465DF8047B704700BF4C
:1088C00080B483B000AF78600B46FB701346BB707A
:1088D000FB78002B0CD17B68D3F8A03023F4800305
:1088E00023F4B05343F480527B68C3F8A0201BE00C
:1088F000BB78002B0CD17B68D3F8A03023F4800325
:1089000023F4905343F400727B68C3F8A0200BE07B
:108910007B68D3F8A03023F4800323F4A05343F4FE
:1089200080627B68C3F8A02000BF0C37BD465DF8AD
:10893000047B704780B483B000AF78600B46FB7057
:108940001346BB70FB780F2B1DD8BB78002B0CD0C7
:108950007B68D3F8B420FB78012101FA03F31B04F0
:108960001A437B68C3F8B4204EE07B68D3F8B42088
:10897000FB78012101FA03F31B04DB431A407B68F7
:10898000C3F8B42040E0FB782F2B1DD8BB78002B18
:108990000CD07B68D3F8B820FB78103B012101FA9A
:1089A00003F31A437B68C3F8B8202DE07B68D3F843
:1089B000B820FB78103B012101FA03F3DB431A4096
:1089C0007B68C3F8B8201FE0FB783B2B1CD8BB7832
:1089D000002B0CD07B68D3F8BC20FB78303B012106
:1089E00001FA03F31A437B68C3F8BC200CE07B68F0
:1089F000D3F8BC20FB78303B012101FA03F3DB43C1
:108A00001A407B68C3F8BC2000BF0C37BD465DF838
:108A1000047B704780B500AF0020FFF72BFA00BF42
:108A200080BD00BF80B500AF0020FFF787FA00BF10
:108A300080BD00BF80B500AF0120FFF71BFA00BF6B
:108A400080BD00BF80B500AF0120FFF777FA00BFFF
:108A500080BD00BF80B500AF0220FFF70BFA00BF5A
:108A600080BD00BF80B500AF0220FFF767FA00BFEE
:108A700080BD00BF80B500AF0320FFF7FBF900BF4A
:108A800080BD00BF80B500AF0320FFF757FA00BFDD
:108A900080BD00BF80B584B000AF78600D4BFB6037
:108AA0000023BB60FB689B69BB60FB68BA689A6186
:108AB000094A7B6852F82330002B06D0064A7B68AF
:108AC00052F82330B9687868984700BF1037BD4620
:108AD00080BD00BF005000404C03FF1F80B500AFB9
:108AE0000020FFF7D7FF00BF80BD00BFDFF834D004
:108AF00003E00D4B5B58435004310C480C4B4218BB
:108B00009A42F6D30B4A02E0002342F8043B0A4B98
:108B10009A42F9D300F066F800F012F8F7F776FD04
:108B2000704700002852FF1FBCFC00000000FF1F20
:108B30001802FF1F1802FF1F244AFF1FFEE7000054
:108B400080B489B000AF1F4BFB611F4B3B611F4BD3
:108B5000BB601F4BBB611F4BFB601F4B7B601F4B00
:108B60007B611F4B3B6009E03B691A78FB691A7017
:108B7000FB690133FB613B6901333B61BA683B69C7
:108B80009A42F1D109E0FB681A78BB691A70BB6997
:108B90000133BB61FB680133FB607A68FB689A4272
:108BA000F1D105E07B6900221A707B6901337B619A
:108BB0003A687B699A42F5D100BF2437BD465DF81B
:108BC000047B70470000FF1FBCFC0000D4FE0000C7
:108BD0001802FF1FD4FE0000D4FE00001802FF1F81
:108BE000244AFF1F80B400AF144A144BD3F8F43367
:108BF00043F00A03C2F8F4334FF080424FF0804351
:108C00009B6923F4806393610D4A0D4BD3F8883040
:108C100043F47003C2F888300A4B0B4A9A60094B40
:108C20000A4A9A60074A074B1B6823F080031360C7
:108C300000BFBD465DF8047B704700BF0C0008E034
:108C400000ED00E000B0004087D964E078848A86B7
:108C500080B500AF0023054A01210548FEF710F852
:108C600000210020FEF72EF800BF80BD6403FF1F27
:108C70007401FF1F80B588B002AF786001237B616B
:108C800001233B610123FB6000F01EFB164B0193A7
:108C90000223009300234FF480721449144801F01A
:108CA00029F87861134B01930123009300234FF4BB
:108CB00080721149114801F01DF83861104B019381
:108CC00001230093002380220E490F4801F012F87F
:108CD000F8600E4B1B68184601F05AF900F00EFBC5
:108CE00000BF1837BD4680BD5403FF1FB8FA00000F
:108CF000858D00005803FF1FCCFA0000A98D0000ED
:108D00005C03FF1FE0FA0000CD8D00006003FF1F31
:108D100080B584B002AF01237B60094B1B680193CF
:108D200001230093002340220649074800F0E2FF98
:108D300078607B68012B01D101F000FAFEE700BFEB
:108D40006003FF1FF8FA0000758C000080B485B046
:108D500000AF0346FB800CE00023FB7303E000BF81
:108D6000FB7B0133FB73FB7B772BF8D9FB88013B43
:108D7000FB80FB88002BEFD100BF1437BD465DF8A8
:108D8000047B704780B584B000AF786001F012FBBF
:108D90000346FB6006F00EF907F10C0305211846A7
:108DA00001F07AF9F6E700BF80B584B000AF7860D3
:108DB00001F000FB0346FB6002F0ACFE07F10C0380
:108DC0003221184601F068F9F6E700BF80B584B09B
:108DD00000AF786001F0EEFA0346FB6002F066FE39
:108DE00007F10C036421184601F056F9F6E700BFBD
:108DF00080B58AB000AF78600023FB6101F0E0F934
:108E0000464B1B68002B04D100F0D8F8434B0122DD
:108E10001A607B68002B13D008231A467B6803F086
:108E20000703D31A08337B617B69DA437B689A4274
:108E300004D37A687B6913447B6001E000237B6084
:108E40007B68002B63DB7B68002B60D0344B1B6896
:108E50007A689A425BD8334B3B62324B1B687B6229
:108E600004E07B6A3B627B6A1B687B627B6A5A68B0
:108E70007B689A4203D27B6A1B68002BF1D17B6A24
:108E8000294A934243D03B6A1B6808221344FB6182
:108E90007B6A1A683B6A1A607B6A5A687B68D31AD5
:108EA00008225200934222D97A6A7B6813443B61BC
:108EB0007B6A5A687B68D21A3B695A607B6A7A6817
:108EC0005A603B695B68FB60164BBB6102E0BB69A3
:108ED0001B68BB61BB691B685A68FB689A42F6D382
:108EE000BB691A683B691A60BB693A691A600C4B26
:108EF0001A687B6A5B68D31A094A13607B6A5B68ED
:108F000043F000427B6A5A607B6A00221A6001F0DB
:108F100065F9FB6918462837BD4680BD7843FF1FB9
:108F20007801FF1F6843FF1F7043FF1F80B586B0A5
:108F300000AF78607B683B617B68002B35D00823ED
:108F40005B423A6913443B613B69FB60FB685B68C9
:108F5000002B2ADAFB681B68002B26D1FB685B68B4
:108F600023F00042FB685A6001F02AF9FB685B6855
:108F7000BB60104B7B6102E07B691B687B617B6996
:108F80001B685A68BB689A42F6D37B691A68FB680B
:108F90001A607B69FA681A60FB685A68064B1B689E
:108FA0001344054A136001F019F900BF1837BD4694
:108FB00080BD00BF6843FF1F7801FF1F80B483B0EE
:108FC00000AF104B23F007037B600F4A7B681360F0
:108FD0000D4B00225A600D4B43F6F8725A600B4B52
:108FE00000221A607B683B603B6843F6F8725A6067
:108FF0003B68064A1A6000BF0C37BD465DF8047B2B
:10900000704700BF6F03FF1F6843FF1F7043FF1FC0
:1090100080B483B000AF78607B6803F108027B689E
:109020005A607B684FF0FF329A607B6803F1080258
:109030007B68DA607B6803F108027B681A617B68F1
:1090400000221A6000BF0C37BD465DF8047B7047F4
:1090500080B483B000AF78607B6800221A6100BFE3
:109060000C37BD465DF8047B704700BF80B485B007
:1090700000AF786039607B685B68FB603B68FA68CA
:109080005A60FB689A683B689A60FB689B683A681C
:109090005A60FB683A689A603B687A681A617B6834
:1090A0001B685A1C7B681A6000BF1437BD465DF808
:1090B000047B704780B485B000AF786039603B684E
:1090C0001B68BB60BB68B3F1FF3F03D17B681B69C2
:1090D000FB600CE07B680833FB6002E0FB685B68C8
:1090E000FB60FB685B681A68BB689A42F6D9FB684C
:1090F0005A683B685A603B685B683A689A603B68AC
:10910000FA689A60FB683A685A603B687A681A6144
:109110007B681B685A1C7B681A6000BF1437BD4609
:109120005DF8047B704700BF80B485B000AF786005
:109130007B681B69FB607B685B687A6892689A60F1
:109140007B689B687A6852685A60FB685A687B68DB
:109150009A4203D17B689A68FB685A607B68002258
:109160001A61FB681B685A1EFB681A60FB681B6863
:1091700018461437BD465DF8047B704780B485B04F
:1091800000AFF860B9607A60FB68043BFB60FB6885
:109190004FF080721A60FB68043BFB60BB6823F0F1
:1091A0000102FB681A60FB68043BFB600C4AFB6829
:1091B0001A60FB68143BFB607A68FB681A60FB6806
:1091C000043BFB60FB686FF002021A60FB68203B07
:1091D000FB60FB6818461437BD465DF8047B70479A
:1091E000E591000080B483B000AF00233B604FF0F6
:1091F000500383F31188BFF36F8FBFF34F8F7B60F2
:1092000000BF3B68002BFCD000BF0C37BD465DF8AB
:10921000047B704700000000000000000000000018
:10922000074B19680868B0E8F04F80F30988BFF36E
:109230006F8F4FF0000080F311887047AFF300800C
:109240007C43FF1F00BF00BF08480068006880F330
:1092500008884FF0000080F3148862B661B6BFF34F
:109260004F8FBFF36F8F00DF00BF000008ED00E0FD
:1092700000BF00BF80B500AF104A104B1B6843F41D
:10928000700313600D4A0D4B1B6843F0704313606D
:1092900000F0A2F80A4B00221A6000F0B7F8094A61
:1092A000084B1B6843F040431360FFF7CDFF01F00C
:1092B000A3F9FFF797FF0023184680BD20ED00E0DB
:1092C0007C01FF1F34EF00E080B483B000AF4FF0AB
:1092D000500383F31188BFF36F8FBFF34F8F7B6011
:1092E000054B1B680133044A136000BF0C37BD46B1
:1092F0005DF8047B704700BF7C01FF1F80B483B022
:1093000000AF0A4B1B68013B084A1360074B1B6800
:10931000002B04D100237B607B6883F3118800BF9E
:109320000C37BD465DF8047B704700BF7C01FF1F12
:10933000EFF30980BFF36F8F154B1A681EF0100F03
:1093400008BF20ED108A20E9F04F10602DE90900D8
:109350004FF0500080F31188BFF34F8FBFF36F8F32
:1093600001F04AF94FF0000080F3118809BC196838
:109370000868B0E8F04F1EF0100F08BFB0EC108A7C
:1093800080F30988BFF36F8F704700BFAFF3008091
:109390007C43FF1F00BF00BF80B582B000AF4FF01D
:1093A000500383F31188BFF36F8FBFF34F8F3B6080
:1093B00001F01CF80346002B03D0064B4FF08052FF
:1093C0001A6000237B607B6883F3118800BF083735
:1093D000BD4680BD04ED00E080B400AF084B002224
:1093E0001A60084B00221A60074B42F6DF621A60CF
:1093F000034B07221A6000BFBD465DF8047B70472F
:1094000010E000E018E000E014E000E0DFF80C00FD
:10941000016841F4700101607047000088ED00E0D0
:1094200000BF00BF80B584B000AF78603960012311
:10943000FB607B68BB60BB68002B5AD0BB68DB6BF2
:10944000002B56D0BB68DB6B4FF0FF32B2FBF3F260
:10945000BB681B6C9A424CD3FFF736FFBB681A6897
:10946000BB68DB6BB968096C01FB03F31A44BB688A
:109470009A60BB6800229A63BB681A68BB685A602E
:10948000BB681A68BB68DB6B013BB968096C01FB00
:1094900003F31A44BB68DA60BB68FF2283F84420F8
:1094A000BB68FF2283F845203B68002B14D1BB68C2
:1094B0001B69002B1AD0BB681033184601F030F935
:1094C0000346002B12D00E4B4FF080521A60BFF3B0
:1094D0004F8FBFF36F8F09E0BB6810331846FFF75B
:1094E00097FDBB6824331846FFF792FDFFF706FF90
:1094F00001E00023FB60FB6818461037BD4680BDC5
:1095000004ED00E080B58AB002AFF860B9601346A0
:10951000FB710023FB61FB68002B2AD04FF0FF3268
:10952000FB68B2FBF3F2BB689A4222D3FB68BA68CD
:1095300002FB03F313F1550F1BD8FB68BA6802FB5B
:1095400003F3BB61BB6954331846FFF751FCF86164
:10955000FB69002B0DD0FB697B617B6954337B6118
:10956000FA79FB69009313467A69B968F86800F0E4
:1095700005F8FB6918462037BD4680BD80B584B02C
:1095800000AFF860B9607A60FB70BB68002B03D154
:10959000BB69BA691A6002E0BB697A681A60BB6984
:1095A000FA68DA63BB69BA681A640121B869FFF71F
:1095B00039FFBB69FA7883F85020BB6900229A64AE
:1095C00000BF1037BD4680BD80B584B000AF786065
:1095D00039600023FB607B68002B0FD03A687B6802
:1095E0009A420BD8022200217868FFF78BFFF860BF
:1095F000FB68002B02D0FB683A689A63FB68184648
:109600001037BD4680BD00BF80B58AB000AFF8609E
:10961000B9607A603B6000237B62FB683B62FFF7C6
:1096200053FE3B6A9A6B3B6ADB6B9A4202D33B6800
:10963000022B45D13B6A9B6BFB613A68B968386A7B
:1096400000F0C4F9B8613B6A9B6C002B14D03B68F6
:10965000022B02D1FB69002B2ED1386A00F008FBE7
:109660000346002B28D04A4B4FF080521A60BFF3BC
:109670004F8FBFF36F8F1FE03B6A5B6A002B10D0E8
:109680003B6A2433184601F04BF80346002B13D0F5
:109690003F4B4FF080521A60BFF34F8FBFF36F8F75
:1096A0000AE0BB69002B07D0394B4FF080521A609B
:1096B000BFF34F8FBFF36F8FFFF720FE012363E0EF
:1096C0007B68002B03D1FFF719FE00235CE07B6A67
:1096D000002B06D107F11003184601F0E9F8012329
:1096E0007B62FFF70BFE00F06BFDFFF7EDFD3B6AC1
:1096F00093F844305BB2B3F1FF3F03D13B6A0022E1
:1097000083F844203B6A93F845305BB2B3F1FF3FE6
:1097100003D13B6A002283F84520FFF7EFFD3A1D95
:1097200007F110031146184601F0D8F80346002B44
:1097300024D1386A00F050FA0346002B18D03B6A57
:1097400010337A681146184600F09CFF386A00F022
:10975000CDF900F043FD0346002B7FF460AF0C4BC6
:109760004FF080521A60BFF34F8FBFF36F8F56E7F1
:10977000386A00F0BBF900F031FD50E7386A00F0BC
:10978000B5F900F02BFD002318462837BD4680BDF3
:1097900004ED00E080B58CB000AF786039607B6884
:1097A000BB62EFF311824FF0500383F31188BFF3D4
:1097B0006F8FBFF34F8F3A61FB603B693B62BB6ABF
:1097C0009B6BFB61BB6ADA6BFB699A4242D9BB6A4D
:1097D00093F84530FB76FB695A1CBB6A9A6397F98C
:1097E0001B30B3F1FF3F23D1BB6A9B6C002B0CD025
:1097F000B86A00F03DFA0346002B28D03B68002BE6
:1098000025D03B6801221A6021E0BB6A5B6A002B0D
:109810001DD0BB6A2433184600F082FF0346002B9C
:1098200015D03B68002B12D03B6801221A600EE075
:1098300000F0D0FD786197F91B207B699A4206D22F
:10984000FB7E0133DBB25AB2BB6A83F845200123A9
:10985000FB6201E00023FB623B6A7B627B6A83F36D
:109860001188FB6A18463037BD4680BD80B58AB086
:1098700000AFF860B9607A6000237B62FB683B62EE
:10988000FFF722FD3B6A9B6BFB61FB69002B1FD03E
:10989000B968386A00F004F9FB695A1E3B6A9A639A
:1098A0003B6A1B69002B0FD03B6A1033184600F04F
:1098B00037FF0346002B07D03C4B4FF080521A6015
:1098C000BFF34F8FBFF36F8FFFF718FD012369E0E0
:1098D0007B68002B03D1FFF711FD002362E07B6A58
:1098E000002B06D107F11403184600F0E1FF012315
:1098F0007B62FFF703FD00F063FCFFF7E5FC3B6ACA
:1099000093F844305BB2B3F1FF3F03D13B6A0022CE
:1099100083F844203B6A93F845305BB2B3F1FF3FD4
:1099200003D13B6A002283F84520FFF7E7FC3A1D8C
:1099300007F114031146184600F0D0FF0346002B30
:1099400023D1386A00F032F90346002B17D03B6A66
:1099500024337A681146184600F094FE386A00F005
:10996000C5F800F03BFC0346002B89D10F4B4FF0AC
:1099700080521A60BFF34F8FBFF36F8F80E7386A52
:1099800000F0B4F800F02AFC7AE7386A00F0AEF88C
:1099900000F024FC386A00F009F90346002B3FF47C
:1099A0006FAF002318462837BD4680BD04ED00E0A8
:1099B00080B584B000AF78607B68FB60F868FFF723
:1099C000B5FA00BF1037BD4680BD00BF80B586B078
:1099D00000AFF860B9607A6000237B61FB689B6B25
:1099E0003B61FB681B6C002B0DD1FB681B68002BD7
:1099F0004DD1FB689B68184601F076F87861FB68EA
:109A000000229A6043E07B68002B19D1FB685868FC
:109A1000FB681B6C1A46B968F6F75EFDFB685A686E
:109A2000FB681B6C1A44FB685A60FB685A68FB6849
:109A30009B689A422BD3FB681A68FB685A6026E041
:109A4000FB68D868FB681B6C1A46B968F6F744FDDA
:109A5000FB68DA68FB681B6C5B421A44FB68DA60DF
:109A6000FB68DA68FB681B689A4207D2FB689A6851
:109A7000FB681B6C5B421A44FB68DA607B68022B54
:109A800005D13B69002B02D03B69013B3B613B693F
:109A90005A1CFB689A637B6918461837BD4680BD1F
:109AA00080B582B000AF786039607B681B6C002B9A
:109AB00018D07B68DA687B681B6C1A447B68DA60B4
:109AC0007B68DA687B689B689A4203D37B681A6874
:109AD0007B68DA607B68D9687B681B6C1A463868DB
:109AE000F6F7FAFC00BF0837BD4680BD80B584B0EC
:109AF00000AF7860FFF7E8FB7B6893F84530FB73B5
:109B00001EE07B689B6C002B08D0786800F0B0F8F2
:109B10000346002B10D000F03BFF0DE07B685B6A32
:109B2000002B12D07B682433184600F0F9FD034661
:109B3000002B01D000F02CFFFB7B013BDBB2FB7361
:109B400097F90F30002BDCDC00E000BF7B68FF22C0
:109B500083F84520FFF7D2FBFFF7B6FB7B6893F84D
:109B60004430BB7311E07B681B69002B12D07B680B
:109B70001033184600F0D4FD0346002B01D000F04E
:109B800007FFBB7B013BDBB2BB7397F90E30002BA9
:109B9000E9DC00E000BF7B68FF2283F84420FFF788
:109BA000ADFB00BF1037BD4680BD00BF80B584B09F
:109BB00000AF7860FFF788FB7B689B6B002B02D1BE
:109BC0000123FB6001E00023FB60FFF797FBFB68CC
:109BD00018461037BD4680BD80B584B000AF7860B0
:109BE000FFF772FB7B689A6B7B68DB6B9A4202D152
:109BF0000123FB6001E00023FB60FFF77FFBFB68B4
:109C000018461037BD4680BD80B586B000AFF860FD
:109C1000B9607A60FB687B61FFF756FB7B6993F85C
:109C200044305BB2B3F1FF3F03D17B69002283F87C
:109C300044207B6993F845305BB2B3F1FF3F03D119
:109C40007B69002283F84520FFF758FB7B699B6BFB
:109C5000002B06D17B6924337A68B968184600F076
:109C600027FD7869FFF742FF00BF1837BD4680BD6A
:109C700080B586B000AF78607B689B6C3B61002349
:109C80007B613B699A6B3B69DB6B9A422DD23B69E6
:109C900093F84530FB733B1D002219463869FFF7E6
:109CA00095FE786197F90F30B3F1FF3F0ED13B6914
:109CB0005B6A002B19D03B692433184600F030FD55
:109CC0000346002B11D001237B610EE000F082FBE4
:109CD000B86097F90F20BB689A4206D2FB7B01332C
:109CE000DBB25AB23B6983F845207B6918461837C6
:109CF000BD4680BD80B58CB004AFF860B9603B60F4
:109D00001346FB80FB889B001846FFF771F87861CB
:109D10007B69002B13D05820FFF76AF8F861FB69C4
:109D2000002B08D058220021F86905F077FEFB6966
:109D30007A691A6305E07869FFF7F8F801E0002313
:109D4000FB61FB69002B13D0FA8800230393FB69A6
:109D50000293FB6A0193BB6A00933B68B968F86899
:109D600000F00EF8F86900F07DF80123BB6102E015
:109D70004FF0FF33BB61BB6918462037BD4680BD3D
:109D800080B586B000AFF860B9607A603B60BB6AAE
:109D9000186B7B689B001A46A52105F03FFEBB6A45
:109DA0001A6B7B6803F18043013B9B0013443B61CA
:109DB0003B6923F007033B61BB68002B20D00023E5
:109DC0007B6114E0BA687B69134493F90010BA6AA6
:109DD0007B69134434330A461A70BA687B691344AA
:109DE00093F90030002B06D07B6901337B617B69DE
:109DF000092BE7D900E000BFBB6A002283F83D20B1
:109E00003B6A132B01D913233B62BB6A3A6ADA62BD
:109E1000BB6A3A6A9A64BB6A04331846FFF718F9BA
:109E2000BB6A18331846FFF713F9BB6ABA6A1A619E
:109E30003B6AC3F11402BB6A9A61BB6ABA6A5A628E
:109E40003A68F9683869FFF799F90246BB6A1A60FF
:109E50007B6A002B02D07B6ABA6A1A6000BF18378F
:109E6000BD4680BD80B584B000AF7860FFF72CFAA6
:109E7000404B1B6801333F4A13603F4B1B68002B6C
:109E800009D13D4A7B6813603A4B1B68012B10D106
:109E900000F092FD0DE0394B1B68002B09D1364BC9
:109EA0001B68DA6A7B68DB6A9A4202D8324A7B68AE
:109EB0001360334B1B680133314A1360304B1A680F
:109EC0007B681A647B68DB6A01229A402D4B1B6811
:109ED00013432C4A13607B68DA6A2B4913469B00B4
:109EE00013449B000B4404331B68FB607B68FA68D7
:109EF0009A60FB689A687B68DA60FB689B687A689E
:109F000004325A607B681A1DFB689A607B68DA6AC3
:109F100013469B0013449B001B4A1A447B685A61FA
:109F20007B68DA6A184913469B0013449B000B4474
:109F30001B68591C144813469B0013449B000344A0
:109F40001960FFF7DBF90D4B1B68002B0ED00A4B95
:109F50001B68DA6A7B68DB6A9A4207D20B4B4FF0C8
:109F600080521A60BFF34F8FBFF36F8F00BF10375F
:109F7000BD4680BD8045FF1F7C43FF1F8C45FF1FF2
:109F80009C45FF1F8845FF1F8043FF1F04ED00E035
:109F900080B584B000AF7860FFF796F97B68002B3E
:109FA00002D1344B1B6800E07B68FB60FB68043324
:109FB0001846FFF7B9F80346002B15D1FB68DA6A9B
:109FC0002D4913469B0013449B000B441B68002B38
:109FD0000AD1FB68DB6A012202FA03F3DA43274B5A
:109FE0001B681340254A1360FB689B6A002B04D052
:109FF000FB6818331846FFF797F8214B1B680133AD
:10A000001F4A13601B4B1B68FA689A420BD1FB680E
:10A01000043319461B48FFF729F81B4B1B68013313
:10A02000194A136006E0194B1B68013B174A13607D
:10A0300000F03EFDFFF762F90E4B1B68FA689A428A
:10A0400002D0F86800F024FD114B1B68002B0CD0E7
:10A05000084B1B68FA689A4207D10E4B4FF08052AA
:10A060001A60BFF34F8FBFF36F8F00BF1037BD462D
:10A0700080BD00BF7C43FF1F8043FF1F8845FF1F3B
:10A080009C45FF1F5445FF1F6845FF1F8045FF1F6C
:10A090008C45FF1F04ED00E080B586B000AF78600E
:10A0A000396000237B6100F08BF8224B1B683B6119
:10A0B0007B681A683B681344FB607B681A683B69DD
:10A0C0009A420BD97B681A68FB689A4211D9FA68E0
:10A0D0003B699A420DD901237B610AE07B681A68CB
:10A0E000FB689A4203D8FA683B699A4201D9012376
:10A0F0007B617B68FA681A607B69002B06D0FA687E
:10A100003B69D31A0021184600F070FD00F066F894
:10A11000B860BB68002B07D1074B4FF080521A6024
:10A12000BFF34F8FBFF36F8F7B6918461837BD465B
:10A1300080BD00BF8445FF1F04ED00E080B584B002
:10A1400002AF184B01930023009300234FF4807259
:10A1500015491648FFF7CEFD78607B68012B02D1C8
:10A1600000F0C8FD78607B68012B14D14FF05003DC
:10A1700083F31188BFF36F8FBFF34F8F3B600C4B9E
:10A180004FF0FF321A600B4B01221A600A4B00227B
:10A190001A60FFF76FF8094B1B6800BF0837BD4610
:10A1A00080BD00BFA445FF1F04FB0000A9A900005B
:10A1B000A045FF1F8C45FF1F8445FF1F8001FF1F27
:10A1C00080B400AF044B1B680133034A136000BF27
:10A1D000BD465DF8047B7047A845FF1F80B586B07B
:10A1E00000AF00237B6100233B61FFF76DF8684BF4
:10A1F0001B68013B664A1360654B1B68002B40F0EF
:10A20000C080644B1B68002B00F0BB808AE0624B6F
:10A21000DB68DB687B617B699B6ABB607B69DB69B0
:10A220007A69126A9A607B691B6A7A69D2695A6094
:10A23000BB685A687B6918339A4203D17B691A6AF2
:10A24000BB685A607B6900229A62BB681B685A1E11
:10A25000BB681A607B695B697B607B699B687A6914
:10A26000D2689A607B69DB687A6992685A607B6819
:10A270005A687B6904339A4203D17B69DA687B6848
:10A280005A607B6900225A617B681B685A1E7B6892
:10A290001A607B69DB6A01229A40404B1B681343BA
:10A2A0003E4A13607B69DA6A3D4913469B001344BA
:10A2B0009B000B4404331B683B607B693A689A60DF
:10A2C0003B689A687B69DA603B689B687A6904320C
:10A2D0005A607B691A1D3B689A607B69DA6A13468B
:10A2E0009B0013449B002E4A1A447B695A617B6988
:10A2F000DA6A2B4913469B0013449B000B441B68EE
:10A30000591C274813469B0013449B0003441960C3
:10A310007B69DA6A234B1B68DB6A9A4202D3224BC1
:10A3200001221A601C4B1B68002B7FF470AF7B6905
:10A33000002B01D000F0BCFB1C4B1B68FB60FB68D2
:10A34000002B10D000F052F80346002B02D0164B21
:10A3500001221A60FB68013BFB60FB68002BF1D116
:10A36000124B00221A60104B1B68002B09D00123EE
:10A370003B610F4B4FF080521A60BFF34F8FBFF31A
:10A380006F8FFEF7BBFF3B6918461837BD4680BD8F
:10A39000A845FF1F8045FF1F4045FF1F8845FF1F41
:10A3A0008043FF1F7C43FF1F9445FF1F9045FF1F05
:10A3B00004ED00E080B483B000AF054B1B687B6008
:10A3C0007B6818460C37BD465DF8047B704700BFBC
:10A3D0008445FF1F80B400AF034B1B681846BD4681
:10A3E0005DF8047B704700BF8045FF1F80B588B0D3
:10A3F00000AF0023FB61754B1B68002B40F0DC8035
:10A40000734B1B680133BB61714ABB691360BB6945
:10A41000002B10D16F4B1B687B616F4B1B686D4A23
:10A4200013606D4A7B6913606C4B1B6801336B4A88
:10A43000136000F03DFB6A4B1B68BA699A42C0F09A
:10A44000A680644B1B681B68002B04D1644B4FF043
:10A45000FF321A609BE05F4B1B68DB68DB683B6187
:10A460003B695B68FB60BA69FB689A4203D25C4A4D
:10A47000FB6813608BE03B695B69BB603B699B6871
:10A480003A69D2689A603B69DB683A6992685A60B7
:10A49000BB685A683B6904339A4203D13B69DA6866
:10A4A000BB685A603B6900225A61BB681B685A1E30
:10A4B000BB681A603B699B6A002B1ED03B699B6A94
:10A4C0007B603B69DB693A69126A9A603B691B6A87
:10A4D0003A69D2695A607B685A683B6918339A4274
:10A4E00003D13B691A6A7B685A603B6900229A6211
:10A4F0007B681B685A1E7B681A603B69DB6A012215
:10A500009A40384B1B681343364A13603B69DA6A3A
:10A51000354913469B0013449B000B4404331B68CE
:10A520003B603B693A689A603B689A683B69DA60CD
:10A530003B689B683A6904325A603B691A1D3B6864
:10A540009A603B69DA6A13469B0013449B00264AD3
:10A550001A443B695A613B69DA6A234913469B00F6
:10A5600013449B000B441B68591C1F4813469B0057
:10A5700013449B00034419603B69DA6A1B4B1B6858
:10A58000DB6A9A427FF65DAF0123FB6159E7174B07
:10A590001B68DA6A144913469B0013449B000B4462
:10A5A0001B68012B01D90123FB61114B1B68002B98
:10A5B00007D00123FB6104E00E4B1B6801330D4AF9
:10A5C0001360FB6918462037BD4680BDA845FF1FB4
:10A5D0008445FF1F3845FF1F3C45FF1F9845FF1F5F
:10A5E000A045FF1F8845FF1F8043FF1F7C43FF1FBF
:10A5F0009445FF1F9045FF1F80B485B000AF1C4BF2
:10A600001B68002B03D01B4B01221A602AE0194B58
:10A6100000221A60184B1B687B607B68B3FA83F3D7
:10A62000FB70FB78C3F11F03FB60FA6813469B00C5
:10A6300013449B00114A1344BB60BB685B685A68B3
:10A64000BB685A60BB685A68BB6808339A4204D139
:10A65000BB685B685A68BB685A60BB685B68DB684C
:10A66000074A136000BF1437BD465DF8047B70478E
:10A67000A845FF1F9445FF1F8845FF1F8043FF1F0C
:10A680007C43FF1F80B582B000AF78603960074B14
:10A690001B68183319467868FEF70CFD01213868ED
:10A6A00000F0A4FA00BF0837BD4680BD7C43FF1F01
:10A6B00080B586B000AFF860B9607A60FB685B680F
:10A6C0007B61164B1B687A69DA61144B1B687A69E7
:10A6D00092681A627B699B68104A126818325A6045
:10A6E0000E4B1B6803F118027B699A600B4B1B68C9
:10A6F000FA689A62FB681B685A1CFB681A607B68E0
:10A70000002B02D04FF0FF33BB607968B86800F0CF
:10A710006DFA00BF1837BD4680BD00BF7C43FF1FE8
:10A7200080B489B000AF78607B68DB68DB68BB61B0
:10A73000BB699B6A7B61BB69DB69BA69126A9A6013
:10A74000BB691B6ABA69D2695A607B695A68BB697E
:10A7500018339A4203D1BB691A6A7B695A60BB6994
:10A7600000229A627B691B685A1E7B691A604A4BF9
:10A770001B68002B5ED1BB695B693B61BB699B6851
:10A78000BA69D2689A60BB69DB68BA6992685A6034
:10A790003B695A68BB6904339A4203D1BB69DA68E2
:10A7A0003B695A60BB6900225A613B691B685A1EAB
:10A7B0003B691A60BB69DB6A01229A40374B1B6810
:10A7C0001343364A1360BB69DA6A354913469B0066
:10A7D00013449B000B4404331B68FB60BB69FA689D
:10A7E0009A60FB689A68BB69DA60FB689B68BA6923
:10A7F00004325A60BB691A1DFB689A60BB69DA6A49
:10A8000013469B0013449B00254A1A44BB695A61B6
:10A81000BB69DA6A224913469B0013449B000B4430
:10A820001B68591C1E4813469B0013449B0003449D
:10A8300019601BE01B4B5B68BB60BB69BA68DA61DF
:10A84000BB689A68BB691A62BB689B68BA691832B0
:10A850005A60BB6903F11802BB689A60BB69114A70
:10A860009A62104B1B6801330E4A1360BB69DA6AA7
:10A870000D4B1B68DB6A9A4205D90123FB610B4B28
:10A8800001221A6001E00023FB61FB6918462437AE
:10A89000BD465DF8047B7047A845FF1F8845FF1F34
:10A8A0008043FF1F4045FF1F7C43FF1F9445FF1F50
:10A8B00080B483B000AF7860064B1A687B681A607A
:10A8C000054B1A687B685A6000BF0C37BD465DF8BF
:10A8D000047B70479845FF1F8445FF1F80B586B0F5
:10A8E00000AF78603960FEF7EFFC264B1B683B61D8
:10A8F0007B685B683A69D31AFB60234B1B6893F84B
:10A900005530002B07D0204B1B68002283F85520C0
:10A9100001237B612EE03B681B68B3F1FF3F02D14E
:10A9200000237B6126E07B681A68184B1B689A42FB
:10A930000AD07B685A683B699A4205D801237B613B
:10A940003B6800221A6015E03B681A68FB689A426F
:10A950000BD93B681A68FB68D21A3B681A607868A2
:10A96000FFF7A6FF00237B6104E03B6800221A602A
:10A9700001237B61FEF7C2FC7B6918461837BD4690
:10A9800080BD00BF8445FF1F7C43FF1F9845FF1F0C
:10A9900080B400AF034B01221A6000BFBD465DF8D2
:10A9A000047B70479445FF1F80B582B000AF78608C
:10A9B00000F042F8FCE700BF80B582B000AF002392
:10A9C0007B600CE07A6813469B0013449B00124A9C
:10A9D00013441846FEF71CFB7B6801337B607B68E1
:10A9E000132BEFD90D48FEF713FB0D48FEF710FBB4
:10A9F0000C48FEF70DFB0C48FEF70AFB0B48FEF770
:10AA000007FB0B4B054A1A600A4B054A1A6000BF48
:10AA10000837BD4680BD00BF8043FF1F1045FF1FA4
:10AA20002445FF1F4045FF1F5445FF1F6C45FF1F76
:10AA30003845FF1F3C45FF1F80B582B000AF19E0CD
:10AA4000FEF742FC0F4BDB68DB687B607B680433FE
:10AA50001846FEF769FB0C4B1B68013B0A4A136062
:10AA60000A4B1B68013B094A1360FEF747FC7868F4
:10AA700000F00EF8054B1B68002BE1D100BF083732
:10AA8000BD4680BD5445FF1F8045FF1F6845FF1F21
:10AA900080B582B000AF78607B681B6B1846FEF70C
:10AAA00045FA7868FEF742FA00BF0837BD4680BD18
:10AAB00080B400AF0A4B1B681B68002B04D1094B04
:10AAC0004FF0FF321A6005E0054B1B68DB681B681E
:10AAD000044A136000BFBD465DF8047B704700BFA9
:10AAE0003845FF1FA045FF1F80B586B000AF7860D6
:10AAF0007B683B6100237B617B68002B6CD03B69EA
:10AB0000DB6C5A1E3B69DA643B69DA6A3B699B6C11
:10AB10009A4261D03B69DB6C002B5DD13B69043309
:10AB20001846FEF701FB0346002B0AD13B69DB6A9E
:10AB3000012202FA03F3DA432A4B1B681340294A25
:10AB400013603B699A6C3B69DA623B69DB6AC3F16B
:10AB500014023B699A613B69DB6A01229A40214BEE
:10AB60001B6813431F4A13603B69DA6A1E49134688
:10AB70009B0013449B000B4404331B68FB603B6940
:10AB8000FA689A60FB689A683B69DA60FB689B68C0
:10AB90003A6904325A603B691A1DFB689A603B6946
:10ABA000DA6A13469B0013449B000F4A1A443B6920
:10ABB0005A613B69DA6A0C4913469B0013449B00B7
:10ABC0000B441B68591C084813469B0013449B0008
:10ABD0000344196001237B617B6918461837BD4621
:10ABE00080BD00BF8845FF1F8043FF1F80B586B032
:10ABF00000AF78603960384B1B687B61374B1B684E
:10AC0000002283F85520354B1B6804331846FEF7A5
:10AC10008BFA0346002B0BD1304B1B68DB6A0122F9
:10AC200002FA03F3DA432E4B1B6813402C4A1360DD
:10AC30007B68B3F1FF3F24D13B68002B21D0294B27
:10AC40005B683B61254B1B683A699A60234B1B6824
:10AC50003A699268DA603B699B68204A126804325C
:10AC60005A601E4B1B681A1D3B699A601B4B1B6880
:10AC70001C4A5A611B4B1B6801331A4A136000BF00
:10AC800026E07A697B681344FB60144B1B68FA6802
:10AC90005A60FA687B699A4209D2134B1A680F4BC3
:10ACA0001B68043319461046FEF704FA10E00F4BF8
:10ACB0001A680A4B1B68043319461046FEF7FAF966
:10ACC0000B4B1B68FA689A4202D2094AFB68136070
:10ACD00000BF1837BD4680BD8445FF1F7C43FF1F62
:10ACE0008845FF1F6C45FF1F3C45FF1F3845FF1F70
:10ACF000A045FF1F80B584B002AF00237B6000F049
:10AD000035FA0A4B1B68002B0BD0094B0193022329
:10AD1000009300234FF4007206490748FEF7EAFF4C
:10AD200078607B6818460837BD4680BDDC45FF1F4C
:10AD3000E045FF1F0CFB0000DDAD000080B584B0D6
:10AD400000AFF860B9607A6008E0FB689B69BA6898
:10AD50001344BB60FB681B6AF8689847FB689A69F4
:10AD6000BB68D118BB687A68F86800F0DBF8034666
:10AD7000002BEAD100BF1037BD4680BD80B584B03E
:10AD800000AF78603960144B1B68DB68DB68FB60E0
:10AD9000FB6804331846FEF7C7F9FB6893F82830C0
:10ADA00003F00403002B05D03A687968F868FFF7D0
:10ADB000C5FF08E0FB6893F8283023F00103DAB2FE
:10ADC000FB6883F82820FB681B6AF868984700BF77
:10ADD0001037BD4680BD00BFD445FF1F80B584B08D
:10ADE00000AF786007F10803184600F057F8F860E4
:10ADF000BB681946F86800F003F800F0D5F8F1E7F1
:10AE000080B584B000AF78603960FFF7D9F907F1F9
:10AE10000803184600F066F8F860BB68002B30D1D4
:10AE20003B68002B0AD17A68FB689A4206D8FFF784
:10AE3000D5F9F9687868FFF7A1FF24E03B68002B9B
:10AE400008D0134B1B681B68002B01D1012300E0C5
:10AE500000233B600F4B18687A68FB68D31A3A6886
:10AE60001946FEF7D1FEFFF7B9F90346002B0AD1C8
:10AE7000094B4FF080521A60BFF34F8FBFF36F8FB3
:10AE800001E0FFF7ABF900BF1037BD4680BD00BF42
:10AE9000D845FF1FDC45FF1F04ED00E080B485B0FE
:10AEA00000AF78600E4B1B681B68002B01D101229C
:10AEB00000E000227B681A607B681B68002B05D1CC
:10AEC000074B1B68DB681B68FB6001E00023FB602D
:10AED000FB6818461437BD465DF8047B704700BF19
:10AEE000D445FF1F80B584B000AF7860FFF762FAE9
:10AEF000F8600B4B1B68FA689A4205D200F010F913
:10AF00007B6801221A6002E07B6800221A60044A12
:10AF1000FB681360FB6818461037BD4680BD00BF54
:10AF2000E445FF1F80B586B000AFF860B9607A6075
:10AF30003B6000237B61FB68BA685A60FB68FA6873
:10AF40001A61BA687B689A4212D87A683B68D21A4A
:10AF5000FB689B699A4202D301237B611BE0104B83
:10AF60001A68FB68043319461046FEF7A3F812E08E
:10AF70007A683B689A4206D2BA683B689A4202D322
:10AF800001237B6107E0074B1A68FB68043319460D
:10AF90001046FEF78FF87B6918461837BD4680BD0E
:10AFA000D845FF1FD445FF1F80B588B000AFA5E08E
:10AFB0007B68002B0ADA3B1D0433FB61FB691B68CD
:10AFC000FA695068FA699268114698477B68002BC5
:10AFD000C0F29480FB68BB61BB695B69002B04D045
:10AFE000BB6904331846FEF79FF83B461846FFF747
:10AFF00079FF78617B68013B082B7ED801A252F86B
:10B0000023F000BF29B0000029B0000091B000007B
:10B01000A5B00000D1B0000029B0000029B00000A8
:10B0200091B00000A5B00000BB6993F8283043F050
:10B030000103DAB2BB6983F82820BA68BB699B694F
:10B04000D118BB687A69B869FFF76CFF0346002B1B
:10B0500054D0BB6993F8283003F00403002B09D0C7
:10B06000BA68BB699B6913447A691946B869FFF7E6
:10B0700065FE08E0BB6993F8283023F00103DAB2DB
:10B08000BB6983F82820BB691B6AB869984735E01B
:10B09000BB6993F8283023F00103DAB2BB6983F867
:10B0A00028202BE0BB6993F8283043F00103DAB283
:10B0B000BB6983F82820BA68BB699A61BB699A6941
:10B0C0007B69D1187B697A69B869FFF72BFF15E0B6
:10B0D000BB6993F8283003F00203002B03D1B86951
:10B0E000FDF724FF0AE0BB6993F8283023F0010341
:10B0F000DAB2BB6983F8282000E000BF074B1B6869
:10B10000391D00221846FEF7B1FB0346002B7FF4E1
:10B110004FAF00BF2037BD4680BD00BFDC45FF1FDD
:10B1200080B582B000AF09E00E4B1B68DB681B687E
:10B130007B604FF0FF317868FFF720FE094B1B68FA
:10B140001B68002BF0D1074B1B683B60064B1B684C
:10B15000044A1360044A3B68136000BF0837BD46C9
:10B1600080BD00BFD445FF1FD845FF1F80B500AF8D
:10B17000FEF7AAF80D4B1B68002B13D10C48FDF706
:10B1800047FF0C48FDF744FF0B4B094A1A600B4B75
:10B19000084A1A60002210210520FEF7B3F9024682
:10B1A000024B1A60FEF7AAF800BF80BDDC45FF1F06
:10B1B000AC45FF1FC045FF1FD445FF1FD845FF1FEB
:10B1C00080B500AF02490348F8F79EFB00BF80BD81
:10B1D000084AFF1FC4FB000080B582B000AF002307
:10B1E000FB80F8F739FB0346FB80FB8818460837DD
:10B1F000BD4680BD80B500AFF8F75AFB00BF80BDEB
:10B2000080B584B000AF786039600023BB60002354
:10B21000FB81274B1B78DBB2002B00D172B6244B8D
:10B220001B78DBB20133DAB2214B1A70FFF7D4FF7F
:10B230000346002B22D13B68DB0ABB600023BB81A5
:10B2400015E0BB89DA027B6813444FF400621946AB
:10B250001848F8F7F5FB0346002B02D10023FB81C9
:10B2600002E00123FB8106E0BB890133BB81BA897F
:10B27000BB689A42E5D3FFF7BDFF01E00123FB81E4
:10B280000B4B1B78DBB2002B06D0094B1B78DBB2D3
:10B29000013BDAB2064B1A70054B1B78DBB2002B70
:10B2A00000D162B6FB8918461037BD4680BD00BF8D
:10B2B0005003FF1F084AFF1F80B58AB000AFF86037
:10B2C000B9607A600023FB84BB68DBB203F007033C
:10B2D000FB77FB7F002B1ED007F114030822FF2110
:10B2E000184604F09BFB00233B6210E0FB7FBA682A
:10B2F000D21A3B6A13447A681344197807F114028E
:10B300003B6A13440A461A703B6A01333B62FA7F78
:10B310003B6A9A42EADC2A4B1B78DBB2002B00D155
:10B3200072B6274B1B78DBB20133DAB2244B1A70AA
:10B33000F8F792FA0346002B29D1FB7FBA68D21A9C
:10B340007B68F9681F48F8F7EBFB0346002B19D11F
:10B35000FB7F002B13D0FA68BB681A44FB7FD11A1D
:10B3600007F1140308221748F8F7DAFB0346002B0D
:10B3700002D10023FB8407E00123FB8404E00023C7
:10B38000FB8401E00123FB84FFF734FF01E001238C
:10B39000FB840B4B1B78DBB2002B06D0084B1B78D1
:10B3A000DBB2013BDAB2064B1A70054B1B78DBB2FD
:10B3B000002B00D162B6FB8C18462837BD4680BDF5
:10B3C0005003FF1F084AFF1F80B584B000AF7860AC
:10B3D0000B467B807A887B68D11807F10F02012326
:10B3E0000348F8F721FCFB7B18461037BD4680BDAB
:10B3F000084AFF1F80B586B000AFF860B9607A6078
:10B400000023FB827B68BA68F9680548F8F70CFCF2
:10B410000346FB82FB8A18461837BD4680BD00BF35
:10B42000084AFF1F80B58CB000AF78600B467B8068
:10B4300013467B700023FB8507F10C0320220021BB
:10B44000184604F0EBFA2A4B1B78DBB2002B00D134
:10B4500072B6274B1B78DBB20133DAB2244B1A7079
:10B46000F8F7FAF90346002B2AD107F10C02202342
:10B4700079682048F8F7D8FB7B8807F1300213443D
:10B480007A7803F8242C4FF4006279681948F8F7A9
:10B49000D7FA0346002B0FD107F10C03202279685D
:10B4A0001448F8F73DFB0346002B02D10023FB852F
:10B4B00004E00123FB8501E00123FB85F8F7F8F99F
:10B4C0000B4B1B78DBB2002B06D0094B1B78DBB291
:10B4D000013BDAB2064B1A70054B1B78DBB2002B2E
:10B4E00000D162B6FB8D18463037BD4680BD00BF27
:10B4F0005003FF1F084AFF1F80B500AF0122032140
:10B500000748F8F705F8012202210548F8F700F886
:10B51000012203210348F8F70DF800BF80BD00BFEA
:10B52000005208400050084080B500AF01220221BF
:10B530001048F7F7FFFF012202210E48F8F70CF838
:10B54000012203210B48F8F707F80420FDF7FEFB62
:10B55000002202210748F7F7FFFF0420FDF7F6FB62
:10B56000002203210348F7F7F7FF0420FDF7EEFB65
:10B5700000BF80BD0050084080B500AF012202210D
:10B580000C48F7F7D7FF002202210A48F7F7E4FF3B
:10B590000420FDF7DBFB012203210648F7F7DCFF5F
:10B5A0000420FDF7D3FB012202210248F7F7D4FF64
:10B5B00000BF80BD0050084080B584B000AF034696
:10B5C000FB71012202211A48F7F7B4FF0023FB7335
:10B5D00027E097F90730002B05DA012202211448F1
:10B5E000F7F7BAFF04E0002202211148F7F7B4FF91
:10B5F000FB795B00FB710420FDF7A8FB012203210E
:10B600000B48F7F7A9FF0420FDF7A0FB0022032158
:10B610000748F7F7A1FF0420FDF798FBFB7B0133F8
:10B62000FB73FB7B072BD4D900BF1037BD4680BD11
:10B630000050084080B584B000AF0346FB71002382
:10B64000FB73002202211E48F7F774FF012202213A
:10B650001B48F7F781FF0023BB7320E00122032181
:10B660001748F7F779FF0420FDF770FBFB7B5B00C1
:10B67000FB731348F7F782FF034603F00403002B24
:10B6800002D0FB7B0133FB73002203210C48F7F748
:10B6900063FF0420FDF75AFBBB7B0133BB73BB7B0D
:10B6A000072BDBD9FB79002B02D100F06FF801E00A
:10B6B00000F044F8FB7B18461037BD4680BD00BF44
:10B6C0000050084080B582B000AF0023FB7100221B
:10B6D00002211948F7F72EFF012202211648F7F739
:10B6E0003BFF0420FDF732FB012203211248F7F74C
:10B6F00033FF0420FDF72AFB09E0FB790133FB71DE
:10B70000FB79FA2B03D9FFF737FF002310E00A4833
:10B71000F7F734FF034603F00403002BEDD10022BA
:10B7200003210548F7F718FF0420FDF70FFB01235D
:10B7300018460837BD4680BD0050084080B500AFB0
:10B74000012202211048F7F7F5FE002202210E48DF
:10B75000F7F702FF0420FDF7F9FA012203210A4856
:10B76000F7F7FAFE0420FDF7F1FA0022032106485C
:10B77000F7F7F2FE0420FDF7E9FA01220221024860
:10B78000F7F7EAFE00BF80BD0050084080B500AF6B
:10B79000012202210E48F7F7CDFE012202210C48BA
:10B7A000F7F7DAFE0420FDF7D1FA01220321084859
:10B7B000F7F7D2FE0420FDF7C9FA0022032104485E
:10B7C000F7F7CAFE0420FDF7C1FA00BF80BD00BF35
:10B7D0000050084090B583B000AF03463960FB715C
:10B7E0001346BB80FA79BB881344B3F5807F02DC33
:10B7F0003B68002B01D1002342E0FFF795FEA0201B
:10B80000FFF7DAFEFFF75EFF0346002B30D0FB792F
:10B810001846FFF7D1FEFFF755FF0346002B29D04E
:10B82000FFF782FEA120FFF7C7FEFFF74BFF03469D
:10B83000002B21D0BB88013BBB8007E03C68631C28
:10B840003B600120FFF7F6FE03462370BB885A1EBB
:10B85000BA80002BF2D10020FFF7ECFE03461A4617
:10B860003B681A70FFF792FFFFF786FE012307E09F
:10B8700000BF02E000BF00E000BFFFF77DFE002335
:10B8800018460C37BD4690BD80B584B000AF034666
:10B890003960FB711346BB80FA79BB881344B3F55A
:10B8A000807F02DC3B68002B01D100235AE0FB794A
:10B8B0007B810023FB8141E0FB89002B04D07B8945
:10B8C00003F00703002B27D1FFF756FE4FF47A70E1
:10B8D000FDF73CFA0023BB810CE0FFF725FEA0201A
:10B8E000FFF76AFEFFF7EEFE0346002B06D1BB8989
:10B8F0000133BB81BB89632BEFD900E000BFBB895B
:10B90000642B27D07B89DBB21846FFF755FEFFF783
:10B91000D9FE0346002B1FD0FB893A6813441B78DD
:10B920001846FFF749FEFFF7CDFE0346002B15D062
:10B930007B8901337B81FB890133FB81FA89BB88D9
:10B940009A42B9D3FFF718FE4FF47A70FDF7FEF96B
:10B95000012307E000BF02E000BF00E000BFFFF7E7
:10B960000BFE012318461037BD4680BD80B400AFE2
:10B97000BFF34F8F0549054BDB6803F4E062044BCE
:10B980001343CB60BFF34F8F00BFFDE700ED00E036
:10B990000400FA0580B500AF002003F00BFA002088
:10B9A00003F018FA0D4B00221A700D4B00221A708A
:10B9B0000C4B00221A7000F01FF80B4B03221A7078
:10B9C0000A4B01221A700A4B04221A70094B0022FA
:10B9D0001A7002F0CFFF00BF80BD00BFEF49FF1F0C
:10B9E000F149FF1FC949FF1F1449FF1FF049FF1FFD
:10B9F0006249FF1F1C49FF1F80B588B000AF3B1D87
:10BA00001C220021184604F009F800233B71012391
:10BA10007B7141F28833BB6001233B7300233B61A0
:10BA200000233B7500237B750023BB750023FB754A
:10BA300001233B76074BFB6101210020F5F7F6FE61
:10BA40003B1D1A4600210020F5F732FF00BF2037CA
:10BA5000BD4680BD95BA000080B500AF0020F5F767
:10BA600011FF00BF80BD00BF80B500AF00220021E4
:10BA70000020F6F789F801210020F5F7B9FF00BF93
:10BA800080BD00BF80B500AF01210020F5F7C2FFE7
:10BA900000BF80BD80B584B000AFF860B9607A6047
:10BAA00003F000FD00BF1037BD4680BD80B582B0F9
:10BAB00000AF154B1B78012B04D1144B1B78DBB264
:10BAC000012B08D0104B1B78012B19D1104B1B7880
:10BAD000DBB2012B14D103F029FA78607B681B6874
:10BAE0001B783E2B00D002E002F0C0FE00BF002019
:10BAF00003F070F9054B00221A70054B00221A70F2
:10BB000000BF0837BD4680BDF249FF1FF349FF1F44
:10BB1000D049FF1F80B582B000AF03F0F3F9786021
:10BB2000B74B1B78022B10D9B64B1B88002B06D1C4
:10BB3000B44B00221A80B24B03221A7005E0B14BBD
:10BB40001B88053B9AB2AF4B1A80AF4B1B78012B79
:10BB500015D1AE4B1B88002B0BD1AD4B01221A70B7
:10BB6000AC4B01221A70AC4B04221A7000F062F93F
:10BB700005E0A64B1B88053B9AB2A44B1A80A74B45
:10BB80001B78012B40F09280A54B1B78DBB2012B78
:10BB900040F08C80A34B01221A707B681B681B78D5
:10BBA000103B272B70D801A252F823F04DBC0000A7
:10BBB00053BC000089BC000089BC000089BC0000A7
:10BBC00089BC000089BC000089BC000089BC000061
:10BBD00089BC000089BC000089BC000089BC000051
:10BBE00089BC000089BC000089BC000089BC000041
:10BBF00089BC000059BC000089BC000089BC000061
:10BC000089BC000089BC00005FBC000065BC00006E
:10BC100089BC000089BC000089BC000089BC000010
:10BC200089BC00006BBC000089BC000089BC00001E
:10BC300071BC000089BC000089BC000077BC00001A
:10BC400089BC00007DBC000083BC000000F020FF28
:10BC500022E000F0F5FF1FE001F0DAF81CE001F04F
:10BC60001DFA19E001F010FB16E001F055FC13E09D
:10BC700001F0FEFD10E002F069FA0DE002F0A6FB13
:10BC80000AE002F077FD07E07B681B681B78112152
:10BC9000184600F0B5FC00BF624B03221A7000206A
:10BCA00003F088F85E4B00221A70A4E05B4B1B780F
:10BCB000012B24D15C4B1B78DBB2012B1FD1594BDC
:10BCC00001221A707B681B681B78112B07D0282B68
:10BCD00008D0102B00D008E000F0DAFE05E000F0FC
:10BCE000AFFF02E001F0D0FA00BF4E4B03221A7002
:10BCF000002003F05FF84C4B00221A707BE0022119
:10BD00004FF08070FFF760FB0346BB2B66D1474BBB
:10BD10001B78042B62D13E4B02221A703B4B42F23D
:10BD200010721A8003F0F8F838603B6800221A712C
:10BD300000225A713B681A683B689B889BB2591C69
:10BD400088B239688880134450221A703B681A6898
:10BD50003B689B889BB2591C88B239688880134421
:10BD600002221A703B681A683B689B889BB2591C78
:10BD700088B239688880134400221A703B681A68B8
:10BD80003B689B889BB2591C88B2396888801344F1
:10BD900032221A703B681A683B689B889BB2591C18
:10BDA00088B239688880134402221A703B681A6886
:10BDB0003B689B889BB2591C88B2396888801344C1
:10BDC000BC221A7003F06EFB002002F0F3FF144B4C
:10BDD00000221A700C4B01221A700CE0144B1B78D5
:10BDE000012B08D101F044FD002002F0E3FF0C4BD1
:10BDF00000221A70FFE700BF0837BD4680BD00BFB4
:10BE0000F945FF1F8601FF1FEE49FF1FFA45FF1F7F
:10BE1000F445FF1FF049FF1F6249FF1F6149FF1FE3
:10BE2000E849FF1F1449FF1FC849FF1FC949FF1FE9
:10BE3000EF49FF1F80B500AF084B1B78DBB2002B2A
:10BE400000D172B6054B1B78DBB20133DAB2034B7B
:10BE50001A70FFF78BFD00BF80BD00BF5003FF1FAE
:10BE600080B586B000AF0346FB71FB793E2B38D11D
:10BE700003F05CF8786103F063F838613B690022F5
:10BE80001A7100225A713B691A683B699B889BB200
:10BE9000591C88B2396988801344FA794032D2B289
:10BEA0001A703B691A683B699B889BB2591C88B21F
:10BEB0003969888013447A6912680132127802F075
:10BEC0007F02D2B21A707B691B6801331B785BB2A8
:10BED000002B02DBFFF7C8FD3BE0204B00221A706D
:10BEE00037E003F00FF8F86003F016F8B860BB68AD
:10BEF00000221A7100225A71BB681A68BB689B88BD
:10BF00009BB2591C88B2B96888801344FA794032D0
:10BF1000D2B21A70BB681A68BB689B889BB2591C66
:10BF200088B2B96888801344FA68126801321278BE
:10BF300002F07F02D2B21A70FB681B6801331B78D3
:10BF40005BB2002B02DBFFF78FFD02E0034B002208
:10BF50001A7000BF1837BD4680BD00BF6049FF1F83
:10BF600080B584B000AF0346FB7102F0CBFFF860F0
:10BF700002F0D2FFB860BB6800221A7100225A7129
:10BF8000BB681A68BB689B889BB2591C88B2B968A9
:10BF90008880134450221A70BB681A68BB689B885B
:10BFA0009BB2591C88B2B96888801344FA68126839
:10BFB0000132127802F07F02D2B21A70BB681A689E
:10BFC000BB689B889BB2591C88B2B96888801344AF
:10BFD00000221A70BB681A68BB689B889BB2591C08
:10BFE00088B2B9688880134432221A70BB681A6814
:10BFF000BB689B889BB2591C88B2B968888013447F
:10C0000002221A70BB681A68BB689B889BB2591CD5
:10C0100088B2B96888801344BC221A70FB681B6818
:10C0200001331B785BB2002B02DBFFF71DFD02E042
:10C03000034B00221A7000BF1037BD4680BD00BF01
:10C040006049FF1F80B586B000AF3B600346FB71BF
:10C050000B46BB801346BB710023FB7502F052FFF9
:10C06000386102F059FFF860FB6800221A71002263
:10C070005A71FB681A68FB689B889BB2591C88B28E
:10C08000F96888801344FA794032D2B21A70FB689A
:10C090001A68FB689B889BB2591C88B2F968888033
:10C0A0001344BA88120A92B2D2B21A70FB681A68A4
:10C0B000FB689B889BB2591C88B2F968888013443E
:10C0C000BA88D2B21A700023FB7511E0FB681A68B7
:10C0D000FB689B889BB2591C88B2F968888013441E
:10C0E000FA7D39680A4412781A70FB7D0133FB75BA
:10C0F000BB79084A1A2101FB03F3134413331B785D
:10C10000FA7D9A42E2D3FFF7AFFC00BF1837BD4675
:10C1100080BD00BFD8FB000080B584B000AF0346EF
:10C120000A46FB711346BB8002F0ECFEF86002F099
:10C13000F3FEB860BB6800221A7100225A71BB6816
:10C140001A68BB689B889BB2591C88B2B968888002
:10C150001344FA794032D2B21A70BB681A68BB68CD
:10C160009B889BB2591C88B2B96888801344BA88EE
:10C17000120A92B2D2B21A70BB681A68BB689B8866
:10C180009BB2591C88B2B96888801344BA88D2B26D
:10C190001A70FFF769FC00BF1037BD4680BD00BFB5
:10C1A00080B586B000AF03460A46FB711346BB71EB
:10C1B0000023FB7502F0A6FE386102F0ADFEF860C8
:10C1C000FB6800221A7100225A71FB681A68FB682A
:10C1D0009B889BB2591C88B2F96888801344FA790D
:10C1E0004032D2B21A70FB681A68FB689B889BB217
:10C1F000591C88B2F968888013443A691268013280
:10C20000127802F07F02D2B21A700023FB7513E09D
:10C21000FB681A68FB689B889BB2591C88B2F96856
:10C22000888013443A691168FA7D02320A44127810
:10C230001A70FB7D0133FB75FA7DBB79013B9A4295
:10C24000E6DB3B691B6801331B785BB2002B02DB2A
:10C25000FFF70AFC02E0034B00221A7000BF1837F8
:10C26000BD4680BD6049FF1F80B586B000AF034664
:10C27000FB710B46BB7113467B710023FB7502F00B
:10C2800041FE386102F048FEF860FB6800221A7136
:10C2900000225A71FB681A68FB689B889BB2591C84
:10C2A00088B2F96888801344FA794032D2B21A70A1
:10C2B000FB681A68FB689B889BB2591C88B2F968B6
:10C2C000888013443A6912680132127802F07F02C2
:10C2D000D2B21A700023FB7513E0FB681A68FB6882
:10C2E0009B889BB2591C88B2F968888013443A69CC
:10C2F0001168FA7D02320A4412781A70FB7D01330C
:10C30000FB75FA7DBB79013B9A42E6DBFB681A6854
:10C31000FB689B889BB2591C88B2F96888801344DB
:10C320007A791A703B691B6801331B785BB2002B6A
:10C3300002DBFFF799FB02E0034B00221A7000BFFB
:10C340001837BD4680BD00BF6049FF1F80B584B06F
:10C3500000AF0346FB7102F0D5FDF86002F0DCFD92
:10C36000B860BB6800221A7100225A71BB681A6853
:10C37000BB689B889BB2591C88B2B96888801344FB
:10C38000FA794032D2B21A70BB681A68BB689B88CF
:10C390009BB2591C88B2B9688880134440221A7035
:10C3A000BB681A68BB689B889BB2591C88B2B96885
:10C3B0008880134400221A70BB681A68BB689B8887
:10C3C0009BB2591C88B2B9688880134400221A7045
:10C3D000BB681A68BB689B889BB2591C88B2B96855
:10C3E0008880134401221A70BB681A68BB689B8856
:10C3F0009BB2591C88B2B9688880134402221A7013
:10C40000FFF732FB00BF1037BD4680BD80B584B05A
:10C4100000AF0346FB7102F07FFDF860FB6800226D
:10C420001A7100225A71FB681A68FB689B889BB2DC
:10C43000591C88B2F96888801344FA794032D2B224
:10C440001A70FFF711FB00BF1037BD4680BD00BF5B
:10C4500080B489B000AFF860B9607A607B68FB6136
:10C460000023BB6100233B6125E0FA68BB691344EC
:10C470001B781A46FB695340FB610823FB7514E0E7
:10C48000FB6903F00103002B03D04FF0FF333B6146
:10C4900001E000233B61FB695A0839690B4B0B40F3
:10C4A0005340FB61FB7D013BFB75FB7D002BE7D11E
:10C4B000BB690133BB61BA69BB689A42D5D3FB69DA
:10C4C00018462437BD465DF8047B70472083B8EDDD
:10C4D00080B5C8B000AF07F10C03186007F108037E
:10C4E00019603B1D1A6007F1140318464FF480735E
:10C4F0001A46002103F092FA0023C7F81C310023EA
:10C50000C7F818310023C7F814313B1D1B68C7F862
:10C51000143133E0D7F81C3103F5807207F10803BA
:10C520001B689A4208D907F108031A68D7F81C312A
:10C53000D31AC7F8183103E04FF48073C7F81831E5
:10C5400007F10C031A68D7F81C31134407F11401E2
:10C550004FF480721846FEF74DFF07F11403D7F829
:10C560001421D7F818111846FFF772FFC7F8140105
:10C57000D7F81C3103F58073C7F81C3107F10803A5
:10C58000D7F81C211B689A42C4D3D7F81431184637
:10C5900007F59077BD4680BD80B586B000AF0346F5
:10C5A000FB710023FB7502F0ADFC386102F0B4FCB6
:10C5B000F860FB6800221A7100225A71FB681A6841
:10C5C000FB689B889BB2591C88B2F9688880134429
:10C5D000FA794032D2B21A70FB681A68FB689B88FD
:10C5E0009BB2591C88B2F968888013443A69126872
:10C5F00052781A70FFF738FA00BF1837BD4680BD71
:10C6000080B584B000AF03460A46FB711346BB7188
:10C61000FB793E2B2ED102F093FCF860FB680022E0
:10C620001A7100225A71FB681A68FB689B889BB2DA
:10C63000591C88B2F968888013447F221A70FB68FD
:10C640001A68FB689B889BB2591C88B2F96888807D
:10C650001344FA791A70FB681A68FB689B889BB2CE
:10C66000591C88B2F96888801344BA791A70FFF7A8
:10C67000FBF92DE002F050FCB860BB6800221A7193
:10C6800000225A71BB681A68BB689B889BB2591C10
:10C6900088B2B968888013447F221A70BB681A6810
:10C6A000BB689B889BB2591C88B2B96888801344C8
:10C6B000FA791A70BB681A68BB689B889BB2591CD0
:10C6C00088B2B96888801344BA791A70FFF7CCF938
:10C6D00000BF1037BD4680BD80B584B000AF0346B3
:10C6E000FB7102F019FCF860FB6800221A7100224D
:10C6F0005A71FB681A68FB689B889BB2591C88B208
:10C70000F968888013447F221A70FB681A68FB68F6
:10C710009B889BB2591C88B2F96888801344FA79C7
:10C720001A70FB681A68FB689B889BB2591C88B218
:10C73000F9688880134478221A704FF4FA50FCF795
:10C7400005FB02F0AFFE00BF1037BD4680BD00BF45
:10C7500080B586B000AF0346FB7102F0D3FB786171
:10C7600002F0DAFB38613B6900221A7100225A712B
:10C770003B691A683B699B889BB2591C88B239692E
:10C7800088801344FA794032D2B21A703B691A6831
:10C790003B699B889BB2591C88B2396988801344D5
:10C7A0007A6912680132127802F07F02D2B21A70EE
:10C7B000644B1B78012B30D13B691A683B699B881D
:10C7C0009BB2591C88B23969888013442D221A7093
:10C7D0003B691A683B699B889BB2591C88B23969CE
:10C7E00088801344CF221A703B691A683B699B8882
:10C7F0009BB2591C88B239698880134446221A704A
:10C800003B691A683B699B889BB2591C88B239699D
:10C810008880134429221A708DE04B4B1B78012B22
:10C8200005D17B691B6802331B78012B09D0464B6D
:10C830001B78032B39D17B691B6802331B78032BD0
:10C8400033D13B691A683B699B889BB2591C88B2FB
:10C8500039698880134400221A703B691A683B6961
:10C860009B889BB2591C88B2396988801344002286
:10C870001A703B691A683B699B889BB2591C88B245
:10C8800039698880134400221A703B691A683B6931
:10C890009B889BB2591C88B2396988801344002256
:10C8A0001A702A4B00221A7045E0F3F7DBFEF8609D
:10C8B0003B691A683B699B889BB2591C88B23969ED
:10C8C00088801A44FB68DBB283F01B03DB43DBB2D6
:10C8D00013703B691A683B699B889BB2591C88B2EC
:10C8E000396988801A44FB68DBB283F07203DB434A
:10C8F000DBB213703B691A683B699B889BB2591C79
:10C9000088B2396988801344FA68D2B282F0190279
:10C91000D2B21A703B691A683B699B889BB2591C5A
:10C9200088B2396988801A44FB68DBB283F01D0342
:10C93000DB43DBB21370FFF797F800BF1837BD4633
:10C9400080BD00BF8401FF1F6249FF1FFC45FF1F20
:10C9500080B588B000AF0346FB7102F0D3FAF861EE
:10C9600002F0DAFAB861FB691B6802331B781A0619
:10C97000FB691B6803331B781B041A44FB691B68A3
:10C9800004331B781B021344FA69126805321278CB
:10C9900013447B61BB691B6802331B781A06BB69B1
:10C9A0001B6803331B781B041A44BB691B680433E0
:10C9B0001B781B021344BA691268053212781344BB
:10C9C0003B613B69DA093B691B041343FB60FB686D
:10C9D0005B00FB60FA68284B5340FB60FB685A0120
:10C9E000FB681B0B1343FB607A69FB689A4206D114
:10C9F000224B09221A70224B00221A7039E0214B77
:10CA00001B78022B29D91E4B1B78002B09D11B4BFD
:10CA10000B221A701A4B01221A701B4B04221A7037
:10CA200027E01A4B1B88002B10D1164B00221A70DE
:10CA3000134B01221A70154B4EF660221A800F4BD1
:10CA400004221A70104B04221A7012E00B4B0C22B5
:10CA50001A700D4B04221A700BE00A4B1B7801333D
:10CA6000DAB2084B1A70054B0A221A70064B0422E0
:10CA70001A702037BD4680BD82FD3E7DF645FF1F02
:10CA80001C49FF1FF945FF1F6249FF1F8601FF1F59
:10CA900080B582B000AF02F035FA786002F03CFA5F
:10CAA00038607B689B889BB2022B03D05E4B0522CB
:10CAB0001A7063E07B681B6801331B7803F07F0307
:10CAC000013B032B52D801A252F823F0DDCA00002B
:10CAD00025CB000051CB00005FCB0000524B1B78F0
:10CAE000022B15D1504B01221A70504B01221A70A3
:10CAF0004F4B04221A704F4B00221A701020FFF780
:10CB00002FFA42F21070FCF721F9FFF793F935E0A4
:10CB1000454B01221A70454B01221A70444B0422E6
:10CB20001A702BE0404B1B78032B06D13E4B0222A0
:10CB30001A703E4B02221A701FE03B4B1B78022BEF
:10CB40001BD0394B07221A70384B01221A7014E09F
:10CB5000354B03221A70354B03221A700EE0324B0C
:10CB600004221A70314B04221A7007E02E4B062261
:10CB70001A702E4B01221A7000E000BF2A4B1B785E
:10CB8000013B062B4AD801A252F823F0C7CB000084
:10CB9000D5CB0000EDCB000005CC0000A9CB0000F8
:10CBA000B3CB0000BDCB000013211020FFF728FD00
:10CBB00035E012211020FFF723FD30E02221102064
:10CBC000FFF71EFD2BE01B4B00221A701020FFF711
:10CBD000C7F924E0184B1A78164B1A70174B42F21B
:10CBE00010721A801020FFF7BBF918E0124B1A7868
:10CBF000104B1A70114B42F210721A801020FFF77E
:10CC0000AFF90CE00C4B1A780A4B1A700B4B42F23E
:10CC100010721A801020FFF7A3F900E000BF00BFD8
:10CC20000837BD4680BD00BFF445FF1FF049FF1F18
:10CC30006249FF1FEE49FF1F6149FF1FFA45FF1FB1
:10CC400080B582B000AF02F05DF9786002F064F95F
:10CC500038606A4B1B88002B04D0684B42F210727C
:10CC60001A8008E0664B01221A70664B04221A7083
:10CC7000654B01221A707B689B889BB2022B04D003
:10CC800013211120FFF7BCFCB4E05D4B1B78022B95
:10CC900008D05B4B1B78032B04D07E211120FFF7BB
:10CCA000AFFCA7E0574B1B78012B08D0554B1B78E6
:10CCB000032B04D033211120FFF7A2FC9AE07B68FC
:10CCC0001B6801331B7803F07F03013B042B00F248
:10CCD0008C8001A252F823F0EDCC000057CD00006B
:10CCE00065CD0000CFCD0000DDCD0000474B012217
:10CCF0001A70434B01221A703B6800221A710022FD
:10CD00005A713B681A683B689B889BB2591C88B271
:10CD100039688880134451221A703B681A683B684E
:10CD20009B889BB2591C88B23968888013447A6802
:10CD300012680132127802F07F02D2B21A70FEF746
:10CD400093FE42F21070FCF701F82D4B01221A708D
:10CD5000FFF770F84EE02D4B02221A70284B01228B
:10CD60001A7047E0294B03221A70254B01221A70D2
:10CD70003B6800221A7100225A713B681A683B68AE
:10CD80009B889BB2591C88B2396888801344512211
:10CD90001A703B681A683B689B889BB2591C88B222
:10CDA0003968888013447A6812680132127802F078
:10CDB0007F02D2B21A70FEF757FE42F21070FBF7F4
:10CDC000C5FF0F4B01221A70FFF734F812E00F4B2A
:10CDD00004221A700A4B01221A700BE00B4B052239
:10CDE0001A70074B01221A7004E012211020FFF77D
:10CDF00007FC00BF0837BD4680BD00BFFA45FF1FD6
:10CE0000F445FF1F6249FF1FF049FF1FF545FF1F53
:10CE100080B588B000AF02F075F8786102F07CF858
:10CE200038610023FB600023BB600023FB770023F5
:10CE3000BB770023BB61914B01221A70904B1B887A
:10CE4000002B04D08E4B42F210721A8008E08D4BFA
:10CE500001221A708C4B04221A708C4B01221A701A
:10CE60007B699B889BB2032B04D013212220FFF700
:10CE7000C7FB00E17B691B6801331B789BB21B0277
:10CE80009AB27B691B6802331B789BB21344FB8008
:10CE90000023BB7726E0BB7F7D4A1A2101FB03F309
:10CEA00013441B889BB2FA889A4218D1BB7F784AF8
:10CEB0001A2101FB03F3134402331B78002B16D015
:10CEC000BB7F734A1A2101FB03F3134402331B781F
:10CED000022B0CD031212220FFF792FBCBE0BB7F4D
:10CEE0000133BB776B4B1B78BA7F9A42D3D3694B24
:10CEF0001B78BA7F9A4204D131212220FFF780FBB0
:10CF0000B9E0BB7F624A1A2101FB03F31344D3F853
:10CF10000330FB60FB68002B20D00023FB770AE086
:10CF2000FB7FFA6813441A78584B1B789A4209D051
:10CF3000FB7F0133FB77FB7FFA6813441B78002BE0
:10CF4000EED100E000BFFB7FFA6813441B78002B92
:10CF500004D131212220FFF753FB8CE0BB7F4C4AE8
:10CF60001A2101FB03F31344D3F80730BB60BB68FD
:10CF7000002B20D00023FB770AE0FB7FBA68134424
:10CF80001A78414B1B789A4209D0FB7F0133FB771B
:10CF9000FB7FBA6813441B78002BEED100E000BF82
:10CFA000FB7FBA6813441B78002B04D13321222065
:10CFB000FFF726FB5FE0FB884FF28712934225D1F3
:10CFC000BB7F334A1A2101FB03F3134402331B785E
:10CFD000002B0AD1BB7F2E4A1A2101FB03F3134415
:10CFE0001033D3F80630BB610CE0BB7F284A1A210E
:10CFF00001FB03F3134410339B889BB21A46264B64
:10D000001344BB611D4B08221A7025E0BB7F204AE8
:10D010001A2101FB03F3134402331B78002B0AD1BE
:10D02000BB7F1B4A1A2101FB03F313441033D3F8CF
:10D030000630BB610CE0BB7F154A1A2101FB03F3EC
:10D04000134410339B889BB21A46134B1344BB61A5
:10D050000A4B08221A7000BF084B1B78012B09D01D
:10D06000082B00D007E0BA7FF988BB692220FEF7C1
:10D07000E9FF00E000BF2037BD4680BDF745FF1F38
:10D08000FA45FF1FF445FF1F6249FF1FF049FF1FCC
:10D09000D8FB0000D901FF1F1C46FF1F80B582B0DE
:10D0A00000AF01F02FFF786001F036FF38606D4B64
:10D0B0001B88002B04D06B4B42F210721A8008E0E0
:10D0C000694B01221A70694B04221A70684B0122C5
:10D0D0001A707B689B889BB2022B0BD07B689B8865
:10D0E0009BB2062B06D0634B11221A705F4B0422B1
:10D0F0001A7059E05C4B1B78022B0AD05A4B1B78F4
:10D10000032B06D05B4B0E221A70584B04221A7068
:10D110004AE07B681B6801331B7803F07F03012B17
:10D1200002D0022B1DD038E0534B1B78012B0ED1BF
:10D13000524B1B78022B0AD9514B1B88002B06D06F
:10D140004C4B0B221A70494B04221A702CE04D4BA9
:10D1500001221A70474B02221A70444B04221A70A3
:10D1600022E0484B1B78002B06D1424B0D221A704F
:10D170003E4B04221A7017E03E4B06221A702720FD
:10D18000FFF7E6FB3B4B1B78092B02D1374B012203
:10D190001A703C4B00221A7006E0364B10221A70AF
:10D1A000324B04221A7000BF324B1B78023B0F2B0C
:10D1B00052D801A252F823F001D2000059D2000047
:10D1C00059D2000059D2000059D2000059D20000B3
:10D1D00059D20000F9D1000027D200001DD2000072
:10D1E00031D200003BD2000009D2000045D200003D
:10D1F00013D200004FD200002720FEF731FE2CE0B2
:10D200002720FFF7A5FA28E07F212720FFF7F8F96C
:10D2100023E012212720FFF7F3F91EE03621272013
:10D22000FFF7EEF919E035212720FFF7E9F914E0BF
:10D2300037212720FFF7E4F90FE024212720FFF70B
:10D24000DFF90AE022212720FFF7DAF905E01321B0
:10D250002720FFF7D5F900E000BF00BF0837BD4623
:10D2600080BD00BFFA45FF1FF445FF1F6249FF1F45
:10D27000F049FF1FF645FF1F1C49FF1FF945FF1F1F
:10D280008601FF1FFC45FF1F80B584B000AF01F091
:10D2900039FEF86001F040FEB8600023FB71012305
:10D2A000BB71984B01221A70974B1B88002B04D03E
:10D2B000954B42F210721A8008E0944B01221A70CA
:10D2C000934B04221A70934B01221A70FB689B88BF
:10D2D0009BB2022B03D88B4B03221A705AE08B4B64
:10D2E0001B78032B03D0874B04221A7052E0FB6893
:10D2F0001B6801331B7803F07F03032B46D801A280
:10D3000052F823F015D3000033D3000051D30000AE
:10D310006FD30000FB681B6802331B78012B03D11D
:10D32000784B06221A7003E0764B02221A7000BF77
:10D3300030E0FB681B6802331B78012B03D1714B73
:10D3400007221A7003E06F4B02221A7000BF21E01F
:10D35000FB681B6802331B78012B03D1694B082241
:10D360001A7003E0674B02221A7000BF12E0FB68DC
:10D370001B6802331B78012B03D1624B09221A7000
:10D3800003E0604B02221A7000BF03E05D4B0522F0
:10D390001A7000BF5B4B1B78023B072B00F2AC807E
:10D3A00001A252F823F000BFE7D30000C9D3000068
:10D3B000D3D30000DDD30000F1D3000033D400004C
:10D3C00075D40000B7D4000013212820FFF718F906
:10D3D00093E07E212820FFF713F98EE01221282008
:10D3E000FFF70EF989E031212820FFF709F984E0E1
:10D3F00001F0FAFB01F0E0FBBB791A4605214FF082
:10D400008070FEF70FF80346002B0DD1BB791A464A
:10D4100004214FF08070FEF705F80346002B03D17E
:10D420002820FEF71DFD68E022212820FFF7E8F8FC
:10D4300063E001F0D9FB01F0CBFBBB791A46052173
:10D440004FF08070FDF7EEFF0346002B0DD1FB7906
:10D450001A4604214FF08070FDF7E4FF0346002BCD
:10D4600003D12820FEF7FCFC47E022212820FFF70B
:10D47000C7F842E001F0D6FB01F09EFBFB791A46AB
:10D4800005214FF08070FDF7CDFF0346002B0DD135
:10D49000BB791A4604214FF08070FDF7C3FF0346A5
:10D4A000002B03D12820FEF7DBFC26E022212820D8
:10D4B000FFF7A6F821E001F0B5FB01F089FBFB794D
:10D4C0001A4605214FF08070FDF7ACFF0346002B94
:10D4D0000DD1FB791A4604214FF08070FDF7A2FFB1
:10D4E0000346002B03D12820FEF7BAFC05E02221D9
:10D4F0002820FFF785F800E000BF00BF1037BD46C9
:10D5000080BD00BFF845FF1FFA45FF1FF445FF1F10
:10D510006249FF1FF049FF1F80B588B000AF01F0DE
:10D52000F1FCB86101F0F8FC78610023FB7700237F
:10D53000BB7700237B7700237B820023FB600123E2
:10D54000FB720023BB7200237B6000233B60BB693E
:10D550001B6801331B789BB21B029AB2BB691B6824
:10D5600002331B789BB213447B827B8A002B30D121
:10D57000FF2200214FF08070FDF754FF0346002B7F
:10D5800022D1FF2201214FF08070FDF74BFF0346AF
:10D59000002B19D1BB7A1A4603214FF08070FDF79A
:10D5A00041FF0346002B0FD1BB7A1A4604214FF0EE
:10D5B0008070FDF737FF0346002B05D17B8A1946A3
:10D5C0002E20FEF7A9FD41E122212E20FFF718F8B9
:10D5D0003CE17B8A012B30D1AA2200214FF08070E0
:10D5E000FDF720FF0346002B22D1CC2201214FF072
:10D5F0008070FDF717FF0346002B19D1FB7A1A46FE
:10D6000003214FF08070FDF70DFF0346002B0FD173
:10D61000FB7A1A4604214FF08070FDF703FF0346A2
:10D62000002B05D17B8A19462E20FEF775FD0DE1F2
:10D6300022212E20FEF7E4FF08E1864B1B88002BF9
:10D6400004D0844B42F210721A8008E0824B01220F
:10D650001A70824B04221A70814B01221A70BB6926
:10D660009B889BB2032B04D813212E20FEF7C8FF02
:10D67000ECE00023FB7726E0FB7F7A4A1A2101FBCE
:10D6800003F313441B889BB27A8A9A4218D1FB7F1A
:10D69000744A1A2101FB03F3134402331B78012B54
:10D6A00016D0FB7F6F4A1A2101FB03F313440233A8
:10D6B0001B78022B0CD031212E20FEF7A1FFC5E0F4
:10D6C000FB7F0133FB77684B1B78FA7F9A42D3D3F9
:10D6D000654B1B78FA7F9A4204D131212E20FEF748
:10D6E0008FFFB3E0BB699B889BB21846FB7F5D4A06
:10D6F0001A2101FB03F3134413331B7803339842BD
:10D7000004D013212E20FEF77BFF9FE0FB7F554ABC
:10D710001A2101FB03F313440833D3F803307B6071
:10D720007B68002B20D00023BB770AE0BB7F7A68A0
:10D7300013441A784A4B1B789A4209D0BB7F0133B5
:10D74000BB77BB7F7A6813441B78002BEED100E0D7
:10D7500000BFBB7F7A6813441B78002B04D13121B2
:10D760002E20FEF74DFF71E0FB7F3E4A1A2101FBA0
:10D7700003F313440833D3F807303B603B68002BB6
:10D7800020D000237B770AE07B7F3A6813441A7825
:10D79000324B1B789A4209D07B7F01337B777B7FAA
:10D7A0003A6813441B78002BEED100E000BF7B7F6A
:10D7B0003A6813441B78002B04D133212E20FEF746
:10D7C0001FFF43E0BB7F274A1A2101FB03F31344E9
:10D7D00010339B889BB21A46244B1344FB600023F2
:10D7E0007B770CE07B7FFA681344BA6911687A7F13
:10D7F00003320A4412781A707B7F01337B77FB7FF8
:10D80000184A1A2101FB03F3134413331B787A7F60
:10D810009A42E7D3FB7F134A1A2101FB03F3134417
:10D8200010339B889BB2D8B2FB7F0E4A1A2101FBB2
:10D8300003F3134413331B789BB21A46F968FEF7BF
:10D8400023F87B8A19462E20FEF766FC2037BD465A
:10D8500080BD00BFFA45FF1FF445FF1F6249FF1F4F
:10D86000F049FF1FD8FB0000D901FF1F1C46FF1F16
:10D8700080B586B000AF0023FB75934B02221A706F
:10D8800001F040FB386101F047FBF8600023FB72B8
:10D890000023BB758D4B1B88002B04D08B4B42F2B1
:10D8A00010721A8008E08A4B01221A70894B0422F8
:10D8B0001A70894B01221A703B691B6802331B786E
:10D8C0009BB21B029AB23B691B6803331B789BB265
:10D8D00013443B813B699B889BB2032B06D87A4B50
:10D8E00008221A707D4B00221A70ACE3784B1B782B
:10D8F000022B06D0744B06221A70784B00221A7045
:10D90000A1E3764B1B78012B42D1754B1B68002B92
:10D9100034D0744B1B68B3F5402F08D1724B0522ED
:10D920001A703120FEF7D8FE6F4B01221A706D4B32
:10D930001B684FF400611846FDF762FC0346002B9C
:10D9400012D1694B05221A70664B1B6803F5006300
:10D95000644A1360624B1B68A3F50063604A13605E
:10D96000594B03221A706EE3574B0A221A705B4B15
:10D9700000221A705C4B05221A7064E3574B002298
:10D980001A70514B01221A70574B05221A705AE334
:10D990003B691B6801331B7803F07F03022B00F007
:10D9A0003F83032B00F04383012B40F047833B89E7
:10D9B0004FF64472934213D03B89022B10D03B891F
:10D9C00040F2022293420BD03B8940F20322934261
:10D9D00006D03D4B09221A70404B00221A701EE3FC
:10D9E0003B8940F20222934200F033824FF64472A8
:10D9F000934203D0022B00F0398110E3374B012210
:10DA00001A703B691B6804331B781B061A463B6976
:10DA10001B6805331B781B0413443A6912680632ED
:10DA20001278120213443A691268073212781344CA
:10DA30002C4A13603B691B6808331B781B061A4687
:10DA40003B691B6809331B781B0413443A6912684D
:10DA50000A321278120213443A6912680B321278B1
:10DA600013441F4A13601E4B1B68B3F5702F23D855
:10DA70001B4B1B68C3F30A03002B1DD1194B1B68FA
:10DA8000B3F5803F04D1164B1B68B3F5502F2DD052
:10DA9000144B1B68B3F5602F04D1114B1B68B3F511
:10DAA000003F23D00F4B1B68B3F5803F04D10C4BD4
:10DAB0001B68B3F5702F19D0034B09221A70074B5E
:10DAC00000221A70D1E000BFFD45FF1FFA45FF1F7D
:10DAD000F445FF1F6249FF1FF049FF1FEF49FF1F79
:10DAE000EC45FF1FE845FF1FC949FF1FAD4B1B78E1
:10DAF000092B40F0B080AC4B05221A703120FEF7A4
:10DB0000EBFDAA4B1B68B3F5803F39D1A84B1B68CE
:10DB1000B3F5702F34D1A54B1B684FF40061184644
:10DB2000FDF76EFB0346002B23D1FF2200214FF0AF
:10DB30008070FDF777FC0346002B40F09380FF22B6
:10DB400001214FF08070FDF76DFC0346002B40F083
:10DB50008980964B1B6803F50063944A1360944BCD
:10DB60001B68A3F50063924A1360924B03221A705C
:10DB700078E0904B0A221A708F4B00221A7071E0E5
:10DB80008A4B1B68B3F5803F2ED1894B1B68B3F5D8
:10DB9000502F29D1854B1B684FF400611846FDF7C3
:10DBA0002FFB0346002B18D1FF2200214FF080707D
:10DBB000FDF738FC0346002B56D17C4B1B6803F560
:10DBC00000637A4A13607A4B1B68A3F50063784AB6
:10DBD0001360784B03221A7046E0764B0A221A70C3
:10DBE000754B00221A703FE0704B1B68B3F5602F35
:10DBF00040F014826E4B1B68B3F5003F40F00E827C
:10DC00006A4B1B684FF400611846FDF7F9FA0346AA
:10DC1000002B19D1FF2201214FF08070FDF702FC8B
:10DC20000346002B40F0FA81604B1B6803F500634C
:10DC30005E4A13605E4B1B68A3F500635C4A136089
:10DC40005C4B03221A70E9E15A4B0A221A705A4BB4
:10DC500000221A70E2E1574B0B221A70564B002239
:10DC60001A70DBE100BFD9E100BFD7E13B691B6857
:10DC700004331B781B041A463B691B6805331B7869
:10DC80001B0213443A691268063212781344474A59
:10DC900013603B691B6807331B781B041A463B69FA
:10DCA0001B6808331B781B0213443A691268093257
:10DCB00012781344414A13603C4B1B68B3F5803F14
:10DCC0000FD13E4B1B683E4A93420AD1374B4FF46B
:10DCD00080321A60364B4FF450221A600123BB7514
:10DCE00028E0324B1B68B3F5602F0FD1334B1B6814
:10DCF000344A93420AD12D4B4FF460221A602C4BC8
:10DD00004FF400321A600223BB7513E0274B1B68E7
:10DD1000B3F5803F0ED1294B1B682A4A934209D1A3
:10DD2000224B4FF480321A60214B4FF470221A605C
:10DD30000323BB751E4B1B68B3F5702F05D81C4B16
:10DD40001B68C3F30A03002B06D01A4B09221A7072
:10DD5000194B00221A707BE0124B1B78092B6BD1F8
:10DD6000124B1A68124B1B6819461046FDF748FA09
:10DD70000346002B59D1BB7D022B25D0032B33D07A
:10DD8000012B4AD1FF2200214FF08070FDF74AFBA2
:10DD90000346002B57D1074B01221A70064B002275
:10DDA0001A7050E0F645FF1FC949FF1FE845FF1FE5
:10DDB000EC45FF1FFD45FF1FEF49FF1FF045FF1F0B
:10DDC000FFFF0D00FFFF0F00FF2201214FF08070C9
:10DDD000FDF728FB0346002B37D1B74B01221A7001
:10DDE000B64B00221A7030E0FF2200214FF0807005
:10DDF000FDF718FB0346002B29D1FF2201214FF02C
:10DE00008070FDF70FFB0346002B20D1AA4B0122A7
:10DE10001A70AA4B00221A7019E0A74B09221A7037
:10DE2000A64B00221A7000BF12E0A34B0A221A7000
:10DE3000A24B00221A70F2E09F4B0B221A709F4BEC
:10DE400000221A70EBE000BFE9E000BFE7E000BF8E
:10DE5000E5E03B699B889BB2082B03D0964B0822D8
:10DE60001A70DCE0964B1B78092B40F0D38000231E
:10DE70007B60AA23FB70CC23BB70924B05221A70E7
:10DE80003120FEF729FC8F4B01221A708E4B186847
:10DE90008E4B1B684FF0FF321946FEF719FB786076
:10DEA0007B68DB437B600123FB753B691B680433A4
:10DEB0001B781B061A463B691B6805331B781B043D
:10DEC00013443A69126806321278120213443A690E
:10DED0001268073212781A447B689A421CD17A4B36
:10DEE0001B68B3F5803F17D1784B1B68B3F5502FF3
:10DEF00012D1AA2200214FF08070FDF793FA034659
:10DF0000002B05D16C4B0C221A700023FB757DE0B1
:10DF1000694B0A221A7079E03B691B6804331B784D
:10DF20001B061A463B691B6805331B781B04134408
:10DF30003A69126806321278120213443A6912687A
:10DF4000073212781A447B689A421CD15E4B1B68D8
:10DF5000B3F5602F17D15D4B1B68B3F5003F12D1AD
:10DF6000CC2201214FF08070FDF75CFA0346002BB4
:10DF700005D1514B0D221A700023FB7546E04E4B24
:10DF80000A221A7042E03B691B6804331B781B06A7
:10DF90001A463B691B6805331B781B0413443A6916
:10DFA000126806321278120213443A691268073274
:10DFB00012781A447B689A4225D1434B1B68B3F50B
:10DFC000803F20D1414B1B68B3F5702F1BD1AA2293
:10DFD00000214FF08070FDF725FA0346002B0ED18B
:10DFE000CC2201214FF08070FDF71CFA0346002B74
:10DFF00005D1314B0E221A700023FB7506E02E4B23
:10E000000A221A7002E02C4B09221A702B4B0022B4
:10E010001A7004E0284B0B221A7000E000BF12E0D7
:10E02000264B00221A70244B01221A700BE0234B5E
:10E0300000221A70204B01221A7004E012213120B4
:10E04000FEF7DEFA00BF1C4B1B78013B0D2B6ED890
:10E0500001A252F823F000BF91E000002FE1000080
:10E060002FE100002FE100002FE10000FDE00000A3
:10E070002FE1000025E100001BE1000007E10000A6
:10E0800011E10000A3E00000D1E00000E7E00000A3
:10E090000A4B1B78002B4CD103213120FEF780F86E
:10E0A00047E0064B1B78002B45D1FB7D1A46032128
:10E0B0003120FEF7D9F83EE0FD45FF1FEF49FF1F75
:10E0C000F645FF1FC949FF1FCC49FF1F1849FF1F15
:10E0D0001D4B1B78002B30D1FB7D1A4603213120CC
:10E0E000FEF7C2F829E0184B1B78002B27D1FB7DE7
:10E0F0001A4603213120FEF7B7F820E07F213120B6
:10E10000FEF77EFA1CE072213120FEF779FA17E063
:10E1100033213120FEF774FA12E031213120FEF76D
:10E120006FFA0DE013213120FEF76AFA08E000BF14
:10E1300006E000BF04E000BF02E000BF00E000BF57
:10E1400000BF1837BD4680BDEF49FF1F80B584B0C2
:10E1500000AF0023BB7300237B730023FB7300F02D
:10E16000D1FEB86000F0D8FE7860894B1B88002B88
:10E1700004D0874B42F210721A8008E0854B0122CE
:10E180001A70854B04221A70844B01221A70844B3A
:10E1900001221A70BB689B889BB2032B03D8804B6B
:10E1A00002221A7086E07B4B1B78022B7FD1BB6862
:10E1B0001B6801331B7803F07F03002B00D079E04C
:10E1C000BB681B6802331B7803F00F03BB73BB688B
:10E1D0001B6802331B781B097B73BB7B042B3AD172
:10E1E0007B7B042B37D10023FB7313E06D4B1B6843
:10E1F0001B026C4A1360BB681A68FB7B0333134431
:10E200001B781A46674B1B681344664A1360FB7BF6
:10E210000133FB73FA7BBB7B9A42E7D30023FB738A
:10E2200015E0614B1B681B025F4A1360BB681A68EC
:10E23000F97BBB7B0B44033313441B781A465A4BC0
:10E240001B681344584A1360FB7B0133FB73FA7B52
:10E250007B7B9A42E5D3554B1B78092B02D0504B60
:10E2600006221A70524B1B78012B1BD14F4B1B7887
:10E27000092B17D14B4B1B68B3F5803F0AD34A4B90
:10E280001B68B3F5702F05D8BB7B042B02D17B7BB9
:10E29000042B03D0424B04221A7007E0404B0922A2
:10E2A0001A7003E03E4B08221A7003E002E03C4B78
:10E2B00007221A703A4B1B78023B072B62D801A247
:10E2C00052F823F0E5E2000085E30000F9E20000E7
:10E2D00085E30000EFE2000003E300000DE300002F
:10E2E00017E3000013213420FEF78AF94BE03321B5
:10E2F0003420FEF785F946E031213420FEF780F91D
:10E3000041E07F213420FEF77BF93CE0702134208E
:10E31000FEF776F937E03420FEF718F8224B1B6839
:10E32000DBB2002B14D0204B1B681B0A9BB20133BD
:10E330009AB2204B1A80204B01221A70194B1B688D
:10E340001E4A1360184B1B68DBB21D4A13600FE0B6
:10E35000154B1B681B0A9AB2164B1A80164B0022EB
:10E360001A70104B1B68154A1360154B00221A6077
:10E37000144B01221A80144B01221A80084B0A22E6
:10E380001A7000E000BF00BF1037BD4680BD00BF5F
:10E39000FA45FF1FF445FF1F6249FF1FF049FF1FA9
:10E3A000FE45FF1FCC49FF1F1849FF1FF645FF1F01
:10E3B000FD45FF1F0246FF1F0446FF1F6849FF1F60
:10E3C0006449FF1F8A01FF1F8801FF1F80B584B0C9
:10E3D00000AF00F097FDF86000F09EFDB860FB68AC
:10E3E0001B6802337B609C4B1B88002B04D09A4B2C
:10E3F00042F210721A8008E0984B01221A70984B72
:10E4000004221A70974B01221A70FB689B889BB2FA
:10E41000012B03D8944B01221A709FE1934B1B7878
:10E42000092B03D0904B02221A7097E1904B1B7876
:10E43000012B03D18C4B02221A7047E1874B1B78CA
:10E44000022B09D0884B07221A708A4B01221A80AE
:10E45000894B01221A8039E1854B1B780A2B40F049
:10E460003581824B1B78092B40F03081814B1A8813
:10E47000824B1B889A4209D97B4B01221A707D4B33
:10E4800001221A807C4B01221A801FE1794B1A88E5
:10E490007A4B1B889A4253D2FB689B889BB2B3F598
:10E4A000817F09D0704B03221A70724B01221A80AF
:10E4B000714B01221A8009E1714B1B687A684FF495
:10E4C00080711846FCF7F8FE0346002B2ED16C4BEA
:10E4D0001B6803F580736A4A1360664B1B8801331F
:10E4E0009AB2644B1A80FB681B6801331B789AB29E
:10E4F000614B1B889A4209D05B4B09221A705D4B15
:10E5000001221A805C4B01221A80DFE0564B0A225E
:10E510001A70594B1B8801339AB2574B1A80564BCD
:10E520001B88DBB29AB2544B1A80CFE04E4B0822C4
:10E530001A70504B01221A804F4B01221A80C5E0FD
:10E54000504B1B78002B49D0FB681B6801331B78AC
:10E550009AB2494B1B889A4209D0434B09221A7040
:10E56000444B01221A80444B01221A80AEE0414BF9
:10E570001B88013B1A02FB689B889BB2023B134439
:10E580001A46414B1B689A4209D0374B05221A7034
:10E59000384B01221A80384B01221A8096E0384B02
:10E5A00018683A4B1B687A681946FCF785FE0346E3
:10E5B000002B09D12C4B06221A702E4B01221A80F7
:10E5C0002D4B01221A8081E0274B08221A70294B1B
:10E5D00001221A80284B01221A8077E0FB681B6811
:10E5E00001331B789AB2244B1B889A4209D01E4BE8
:10E5F00009221A701F4B01221A801F4B01221A8018
:10E6000064E01C4B1B881B021A461F4B1B689A4276
:10E6100009D9154B01221A70164B01221A80164B8C
:10E6200001221A8052E0134B1B88013B1A02FB683F
:10E630009B889BB2023B13441A46134B1B689A42B9
:10E6400026D0094B05221A700A4B01221A800A4B68
:10E6500001221A803AE000BFFA45FF1FF445FF1F70
:10E660006249FF1FF049FF1F0046FF1FF645FF1FCD
:10E67000FE45FF1F8A01FF1F8801FF1F0246FF1F83
:10E680006849FF1F0446FF1F1849FF1F6449FF1F09
:10E69000344B1B687A684FF480711846FCF70CFE07
:10E6A0000346002B09D1304B06221A702F4B012252
:10E6B0001A802F4B01221A8008E02B4B08221A7077
:10E6C0002A4B01221A802A4B01221A80264B1B78E2
:10E6D000013B092B41D801A252F823F005E70000C5
:10E6E0000FE7000023E700005BE7000041E70000C0
:10E6F0004BE7000019E700002DE7000037E70000B6
:10E7000053E7000013213620FDF77AFF26E024218D
:10E710003620FDF775FF21E07F213620FDF770FFE1
:10E720001CE031213620FDF76BFF17E07221362007
:10E73000FDF766FF12E073213620FDF761FF0DE063
:10E7400071213620FDF75CFF08E03620FDF724FF3D
:10E7500004E03620FDF720FF00E000BF1037BD4683
:10E7600080BD00BF6849FF1F0046FF1F8A01FF1FD1
:10E770008801FF1F80B582B000AF00F0C3FB786056
:10E7800000F0CAFB3860314B1B88002B04D02F4BA4
:10E7900042F210721A8008E02D4B01221A702D4BA4
:10E7A00004221A702C4B01221A707B689B889BB242
:10E7B000012B03D9294B01221A701EE0244B1B7830
:10E7C000022B03D0254B03221A7016E0244B1B7832
:10E7D000092B03D0234B02221A700EE0224B1B7828
:10E7E000012B03D0204B1B78092B03D11B4B02229A
:10E7F0001A7002E0194B04221A70184B1B78013B67
:10E80000032B1ED801A252F823F000BF1DE8000020
:10E8100031E8000027E800003BE800001321372022
:10E82000FDF7EEFE0EE07F213720FDF7E9FE09E05F
:10E8300024213720FDF7E4FE04E03720FDF7E6FD54
:10E8400000E000BF00BF0837BD4680BDFA45FF1F8E
:10E85000F445FF1F6249FF1FF049FF1FFF45FF1FDF
:10E86000F645FF1F0046FF1FFE45FF1F80B582B023
:10E8700000AF00F05BFB786000F062FB3860384B63
:10E880001B88002B04D0364B42F210721A8008E02D
:10E89000344B01221A70344B04221A70334B01227C
:10E8A0001A70334B01221A707B689B889BB2022B33
:10E8B00003D02F4B02221A7027E02A4B1B78012B22
:10E8C00003D12B4B04221A701FE07B681B680133B5
:10E8D0001B78002B09D07B681B6801331B78802BC9
:10E8E00003D0234B03221A700FE07B681B680133AF
:10E8F0001B78002B01D0802B03D11D4B05221A70F1
:10E9000003E01B4B01221A7000BF194B1B78013B1F
:10E91000042B20D801A252F823F000BF57E90000D1
:10E9200045E900003BE9000031E900004FE9000043
:10E930007F213E20FDF764FE0EE012213E20FDF710
:10E940005FFE09E013213E20FDF75AFE04E03E2061
:10E95000FDF786FA00E000BF00BF0837BD4680BD66
:10E96000FA45FF1FF445FF1F6249FF1FF049FF1FD3
:10E970000146FF1F80B500AF662203490020FCF767
:10E9800029FF00BF80BD00BF1C46FF1F80B485B0BB
:10E9900000AF0346FB710023BB60FB79062B04D854
:10E9A000FB790C4A52F82330BB60BB68FB60002344
:10E9B0003A7B62F307037A7B62F30F23BA7B62F33D
:10E9C0001743FA7B62F31F6318461437BD465DF8A0
:10E9D000047B704790FC000090B583B000AF022329
:10E9E000FB712F4B00225A702D4B01229A702C4B39
:10E9F0000022DA702A4B00221A71294B0022DA71A8
:10EA0000274B0B225A72264B00229A74244B002269
:10EA1000DA74234B00221A75214B00229A75204B81
:10EA2000204A9A611E4CFB791846FFF7AFFF034658
:10EA3000236205214FF08070FCF7C6FC0346002BD3
:10EA400003D1174B02221A7002E0154B05221A70EF
:10EA5000134B154A9A62124B144ADA62144B154A48
:10EA60001A61154B154A1A61154B00221A70154B85
:10EA700000221A70144B00221A70144B00221A70D4
:10EA8000134B00221A7004214FF08070FCF79CFC9D
:10EA900003461A460F4B1A7000BF0C37BD4690BD97
:10EAA0008446FF1FFE002A00DC01FF1FBDEC0000B2
:10EAB000D449FF1F2049FF1F7049FF1F8849FF1FCE
:10EAC0008449FF1FE849FF1FC849FF1FF349FF1F83
:10EAD000D049FF1FDA01FF1F80B582B000AF0346A7
:10EAE000FB71FB79002B0FD1052204212448F4F798
:10EAF0000FFD052205212248F4F70AFD05220A210F
:10EB00001F48F4F705FD37E0FB79012B0FD10322F5
:10EB100006211C48F4F7FCFC032207211948F4F7EE
:10EB2000F7FC052206211648F4F7F2FC24E0FB79F5
:10EB3000022B0FD1032210211248F4F7E9FC032223
:10EB400011211048F4F7E4FC05220F210D48F4F7D9
:10EB5000DFFC11E0FB79032B0ED105220C210948C3
:10EB6000F4F7D6FC05220D210648F4F7D1FC052266
:10EB70000B210448F4F7CCFC00BF0837BD4680BD2C
:10EB8000005608400054084080B500AF0020FFF751
:10EB9000A3FFFFF721FF03490020F9F7C5FA00BFE3
:10EBA00080BD00BF8446FF1F80B500AF0020F9F78D
:10EBB00035FC00BF80BD00BF80B400AF034B012215
:10EBC0001A7000BFBD465DF8047B7047DA01FF1F75
:10EBD00080B400AF034B00221A7000BFBD465DF841
:10EBE000047B7047DA01FF1F80B582B000AF0223BB
:10EBF000FB710EE0FA7913465B0013449B00084A50
:10EC00001344F97901220020F9F7B4F9FB790133B3
:10EC1000FB71FB79042BEDD900BF0837BD4680BDE1
:10EC2000DC01FF1F80B582B000AF0223FB710EE054
:10EC3000FA7913465B0013449B00084A1344F979A0
:10EC400000220020F9F796F9FB790133FB71FB797B
:10EC5000042BEDD900BF0837BD4680BDDC01FF1F86
:10EC600080B582B000AF03463960FB711346BB71BB
:10EC7000114B1B78002B0BD03B681B68B3F5E06F82
:10EC800006D2BA79FB7939681846F9F7B3FC0FE078
:10EC90003B681B68B3F5FD6F04D03B681B68B3F598
:10ECA000BD6F05D1BA79FB7939681846F9F7A2FC2E
:10ECB00000BF0837BD4680BDDA01FF1F80B584B0B4
:10ECC00000AF0346B9607A60FB73BB6803F400438E
:10ECD000002B5ED056E0FB7B30491846F9F768FD03
:10ECE0000346002B4ED12D4B1B68B3F5FC6F1BD197
:10ECF0002A4B1B691B78022B0CD1284B1B69013353
:10ED00001B783E2B06D1264B01221A70254B002280
:10ED10001A7005E0244B01221A70244B00221A704D
:10ED2000234B01221A702DE01C4B1B6840F2DF724E
:10ED300093421BD1194B1B691B78022B0CD1174B2B
:10ED40001B6901331B783E2B06D1154B00221A702C
:10ED5000144B01221A7005E0134B00221A70134B5A
:10ED600001221A70124B01221A700BE00E4B002286
:10ED70001A700E4B00221A70094B00221A70094BB0
:10ED800000221A70FB7B1846F9F78CFC0346002B17
:10ED9000A1D100BF1037BD4680BD00BF7049FF1F25
:10EDA000F349FF1FD049FF1FE849FF1FC849FF1F54
:10EDB0008449FF1F80B483B000AF0346FB71044A4F
:10EDC000FB79137000BF0C37BD465DF8047B7047BC
:10EDD0006149FF1F80B483B000AF0346FB71044A52
:10EDE000FB79137000BF0C37BD465DF8047B70479C
:10EDF000F249FF1F80B483B000AF0023FB800AE01C
:10EE0000FB88304A0021D154FB882F4A0021D1547D
:10EE1000FB880133FB80FB88B3F5847FF0D30023AC
:10EE2000FB800AE0FB88294A0021D154FB88284A4C
:10EE30000021D154FB880133FB80FB88072BF1D9DB
:10EE4000244B204A1A60234B00229A80214B002237
:10EE5000DA80214B1C4A1A601F4B00229A801E4BFD
:10EE60000022DA801D4B194A1A601C4B00229A803E
:10EE70001A4B0022DA801A4B154A1A60184B0022EE
:10EE80009A80174B0022DA80164B00221A60164B2C
:10EE900000221A60154B01221A70154B01221A70BC
:10EEA000144B01221A70144B00221A80134B0022BB
:10EEB0001A80134B00221A7000BF0C37BD465DF854
:10EEC000047B7047F046FF1FF847FF1F0049FF1FF4
:10EED0000849FF1FC446FF1FB846FF1FE446FF1F37
:10EEE000D846FF1FD046FF1FD446FF1F6C49FF1FA7
:10EEF000F449FF1FE949FF1FEC49FF1FEA49FF1FC3
:10EF00006049FF1F80B400AF024B1846BD465DF854
:10EF1000047B7047C446FF1F80B400AF024B184605
:10EF2000BD465DF8047B7047B846FF1F80B400AF54
:10EF3000024B1846BD465DF8047B7047E446FF1F50
:10EF400080B400AF024B1846BD465DF8047B7047A5
:10EF5000D846FF1F80B487B000AF786007F10C037C
:10EF600000221A605A600023FB757B685B7A082BCD
:10EF700019D00023FB750BE07B681B69FA7D79686B
:10EF8000497A0A441344FF221A70FB7D0133FB7552
:10EF9000FA7D7B685B7AC3F108039A42ECDB7B68FD
:10EFA00008225A7200E000BF1C37BD465DF8047BA2
:10EFB000704700BF80B584B000AFFFF7ADFFF860C9
:10EFC000FFF7A0FF03467B60FFF7B0FF03463B60FF
:10EFD0007E4B1B78002B22D1FB68DB889BB2062B73
:10EFE0001DD17B4B1B8801339AB2794B1A80784B29
:10EFF0001B88B3F57A6F12D3744B01221A70FB6829
:10F0000000221A7100225A71FB6800229A710022B4
:10F01000DA716F4B00221A806E4B00221A706E4B11
:10F020001B78002B21D16D4B1B78012B1DD16C4B14
:10F030001B8801339AB26A4B1A80694B1B88B3F55F
:10F040007A6F12D3644B01221A707B6800221A7106
:10F0500000225A717B6800229A710022DA71604B9B
:10F0600000221A805B4B00221A705E4B1B78DBB2C9
:10F07000012B04D05C4B1B78DBB2012B1FD15B4B07
:10F080001B78DBB2012B1AD1594B1B691B781B096A
:10F09000FB72FB7A002B00D00EE04E4B1B78002B4E
:10F0A00009D1544B01221A703B46184600F0CCF8A7
:10F0B0000120FFF78FFE00BF4C4B00221A704E4B11
:10F0C0001B78DBB2012B04D04C4B1B78DBB2012B3D
:10F0D00077D1464B1B78DBB2012B72D1444B1B69B5
:10F0E0001B781B09FB72FB7A032B5ED801A252F836
:10F0F00023F000BF05F1000023F100007BF10000C8
:10F1000057F10000334B1B78002B50D13C4B0122B0
:10F110001A703B1D184600F097F80120FFF74AFED1
:10F1200045E02C4B1B78002B43D1354B03221A7042
:10F130003B1D184600F0CEF8274B00221A70274BD3
:10F1400000221A702C4B00221A702C4B00221A70CD
:10F15000FCF78AFC2DE01F4B1B78082B2BD100F00D
:10F1600051F8274B02221A70234B00221A70234BAE
:10F1700000221A70FCF778FC1DE0164B1B780A2B56
:10F1800003D0144B1B78032B17D1134B1B78002B88
:10F1900013D1124B1B78012B0FD1194B01221A707E
:10F1A0003B1D184600F0ECF807E000BF06E000BF8A
:10F1B00004E000BF02E000BF00E000BF0B4B0022F4
:10F1C0001A7000BF1037BD4680BD00BFE949FF1F60
:10F1D000EC49FF1F6049FF1F6C49FF1FF449FF1FE7
:10F1E000EA49FF1FF349FF1FD049FF1F8449FF1F52
:10F1F0007049FF1FF149FF1FE849FF1FC849FF1F62
:10F20000C949FF1F80B483B000AF0023FB71002306
:10F21000BB7100237B710A4B1B691B78FB71084B88
:10F220001B695B78BB71064B1B699B787B71054B37
:10F2300004221A7000BF0C37BD465DF8047B70478E
:10F240007049FF1F6049FF1F80B485B000AF786030
:10F250000023FB731D4B1B691B7803F00F03002B6E
:10F260002ED01A4B1B691B7803F00F03072B27DCEA
:10F270007B681B68154A1269127892B202F00F027D
:10F2800092B29A800023FB730EE07B681B681A68B9
:10F29000FB7B13440D4A1169FA7B01320A44127850
:10F2A0001A70FB7B0133FB73FA7B084B1B691B78DD
:10F2B00003F00F039A42E8DB054B05221A7000E0C9
:10F2C00000BF1437BD465DF8047B70477049FF1FCF
:10F2D0006049FF1F80B485B000AF78600023FB73E6
:10F2E000244B1B691B781B0203F47063214A1269CB
:10F2F000013212781344072B36DD7B681B681D4AE8
:10F3000012691278120292B202F4706291B2194A32
:10F3100012690132127892B20A4492B29A807B68E2
:10F320001B68154A13600223FB730EE07B681B68A1
:10F330001A68FB7B023B13440E4A1169FA7B0A44AC
:10F3400012781A70FB7B0133FB73FB7B072BEDD923
:10F350007B681B68002242F006029A710022DA7173
:10F36000064B02221A7000E000BF1437BD465DF85C
:10F37000047B70477049FF1FD446FF1F6049FF1F81
:10F3800080B584B000AF78600023FB7300237B73EB
:10F390000923BB737B681B683C4A13603C4B1B69A9
:10F3A0001B7803F00F033B73397B384B1B68DB88FA
:10F3B0009AB2384BA3FB0203D21A520813449B089B
:10F3C0009BB2013303F00F03994248D1324B002224
:10F3D0001A800123FB7317E02C4B1B681B682B4A18
:10F3E0001268D28892B21344294A1169FA7B0A44FE
:10F3F00012781A70254B1B68DA8892B2013292B2E9
:10F40000DA80FB7B0133FB73FB7B072B0ED8204B91
:10F410005B7AFA7B9A4209D21C4B1B68DB889AB252
:10F420001A4B1B689B889BB29A42D5D31B4B032275
:10F430001A70164B1B68DB889AB2144B1B689B88AA
:10F440009BB29A421DD30123BB73154B01221A7044
:10F450000120FFF7AFFC114B05221A7011E0104B91
:10F4600001221A70094B1B6800221A7100225A717E
:10F47000064B1B6800229A710022DA71074B0022AA
:10F480001A70BB7B18461037BD4680BDD446FF1F9F
:10F490007049FF1F25499224EA49FF1F6049FF1F59
:10F4A0006C49FF1F80B582B000AFFFF735FD786073
:10F4B000FFF746FD38607B689B889BB2002B0AD023
:10F4C0007B689B889BB2072B05D8786800F04AF8C8
:10F4D000FCF7D8FA37E07B689B889BB2072B14D9DE
:10F4E0007B68DB889BB2002B0BD1786800F0B2F808
:10F4F000174B00221A70174B00221A80FCF7C2FA31
:10F5000021E0786800F070F91DE0134B1B78022BA6
:10F510000AD100F0EBF8114B01221A70104B0022B7
:10F520001A80FCF7AFFA0EE03B689B889BB2002B79
:10F5300009D03B689B889BB2072B04D8386800F041
:10F5400011F8FCF79FFA00BF0837BD4680BD00BF29
:10F55000E949FF1FEC49FF1F6049FF1FF449FF1FE6
:10F56000EA49FF1F80B584B000AF78600023FB73C9
:10F57000274B1B697A68928892B2D2B21A70002324
:10F58000FB730DE0224B1A69FB7B013313447A684D
:10F590001168FA7B0A4412781A70FB7B0133FB7303
:10F5A000FB7B9AB27B689B889BB29A42EAD97B68C4
:10F5B0009B889BB2DBB20133DAB2154B5A72144806
:10F5C00000F02AF87B6800221A7100225A717B68C9
:10F5D00000229A710022DA710D4B1B691B78032BF4
:10F5E0000FD10B4B1B6901331B787F2B09D1084BC3
:10F5F0001B6903331B78782B03D1064B07221A7043
:10F6000002E0044B00221A7000BF1037BD4680BDD7
:10F61000D449FF1F6049FF1F80B584B000AF7860F8
:10F620000023FB730A4B4FF4FD621A60084B002263
:10F630005A730748FFF78EFC054B08225A720122C5
:10F6400003490020FFF70CFB00BF1037BD4680BD0B
:10F65000D449FF1F80B584B000AF78600023FB73EE
:10F660001F4B1B697A68928892B21212D2B202F0D2
:10F670000F02D2B21032D2B21A70194B1B69013389
:10F680007A68928892B2D2B21A700023FB730DE0AE
:10F69000134B1A69FB7B023313447A681168FA7BB7
:10F6A0000A4412781A70FB7B0133FB73FB7B052B3A
:10F6B000EED97B68002242F006029A710022DA71CC
:10F6C000074B08225A72064800F010F9054A7B6879
:10F6D0001360054B08221A7000BF1037BD4680BD6D
:10F6E000D449FF1FD046FF1F6049FF1F80B584B07B
:10F6F00000AF01237B73FFF705FCB8604FF4817303
:10F70000FB80BB689B889BB2FA889A4202D2322364
:10F71000FB730BE001210020F8F754FF0346002B98
:10F7200002D03123FB7301E03023FB73FB88063BDF
:10F730009AB22A4BA3FB0213D11A49080B44990829
:10F740000B46DB005B1AD31A9BB2002B0CD1FB8853
:10F75000DBB2063BDAB2214BA3FB0213D21A5208EA
:10F7600013449B08BB730DE0FB88DBB2063BDAB2A7
:10F770001A4BA3FB0213D21A520813449B08DBB2A4
:10F780000133BB73164B1B69FA7B1A70144B1B6950
:10F790000133BA7B1A70124B1B6902337A7B1A70E1
:10F7A0000F4B03225A720E4B00225A730C4B4FF42C
:10F7B000FD621A600A48FFF7CDFB094B08225A7216
:10F7C000012207490020FFF74BFA064B0A221A7064
:10F7D000FB7B18461037BD4680BD00BF25499224EB
:10F7E000D449FF1F6049FF1F80B584B000AF786027
:10F7F0000023FB73384B1B687B600023BB737B6863
:10F80000002B64D0354B19697B68DB889AB2344B86
:10F81000A3FB0203D21A520813449B089BB2DBB22B
:10F820000133DBB203F00F03DBB22033DBB20B702A
:10F830000023FB7316E0294B1A69FB7B0133134449
:10F840007A6812687968C98889B20A4412781A708D
:10F850007B68DB889BB201339AB27B68DA80FB7BE2
:10F860000133FB73FB7B062B07D87B68DB889AB2DE
:10F870007B689B889BB29A42DDD3FB7B0133DAB273
:10F88000164B5A72154800F031F8164B09221A70BF
:10F890007B68DB889AB27B689B889BB29A4216D3BE
:10F8A0000D4B00221A607B6800221A7100225A71E7
:10F8B0007B6800229A710022DA710123BB730A4B24
:10F8C00001221A70FCF7DEF8064B00221A70BB7B8F
:10F8D00018461037BD4680BDD046FF1FD449FF1FD4
:10F8E000254992246049FF1FE949FF1F80B582B076
:10F8F00000AF78607B684FF4FD621A607B6800227D
:10F900005A737868FFF726FB012279680020FFF719
:10F91000A7F900BF0837BD4680BD00BF80B584B0E1
:10F9200000AF4FF480331B68FB60FB68344A93429E
:10F930003ED9FB68334A93423AD800214FF0807099
:10F94000FBF742FD0346AA2B32D101214FF0807014
:10F95000FBF73AFD0346CC2B2AD102214FF08070F1
:10F96000FBF732FD0346BB2B22D0274B1B78DBB2C3
:10F97000002B00D172B6244B1B78DBB20133DAB214
:10F98000214B1A70FFF710F9FCF766F81F4B0022A5
:10F990001A60FB687B607B6883F308881C4B1B68DC
:10F9A000BB60BB681B4A13601A4B1B68984724E076
:10F9B00002214FF08070FBF707FD0346BB2B0BD1F4
:10F9C000154B04221A70FCF7A5F8FF2202214FF014
:10F9D0008070FBF727FD10E000214FF08070FBF7EF
:10F9E000F3FC0346AA2B07D101214FF08070FBF7EF
:10F9F000EBFC0346CC2B00E000BF1037BD4680BDBA
:10FA00000000FF1FFFEF00205003FF1F10E000E089
:10FA1000040001001049FF1FC949FF1F70B484078B
:10FA200046D0541E002A41D0CDB2034602E0621EE9
:10FA3000E4B3144603F8015B9A07F8D1032C2ED9DE
:10FA4000CDB245EA05250F2C45EA054519D903F144
:10FA500010022646103E0F2E42F8105C42F80C5C55
:10FA600042F8085C42F8045C02F11002F2D8A4F1FA
:10FA7000100222F00F0204F00F041032032C134482
:10FA80000DD91E462246043A032A46F8045BFAD8EA
:10FA9000221F22F003020432134404F003042CB1A9
:10FAA000C9B21C4403F8011BA342FBD170BC7047D0
:10FAB00014460346C2E700BF43414E54505F5258BC
:10FAC0004D53475F5441534B000000004443414EA7
:10FAD0005F534552564943455F5441534B00000024
:10FAE0004443414E5F33455F534552564943455F5A
:10FAF0005441534B000000005461736B5F437265C7
:10FB00006174650049444C4500000000546D72204A
:10FB10005376630000800140008201400084014070
:10FB20000086014053545556005208400053084087
:10FB3000005408400055084000560840402001404D
:10FB400080200140C02001400021014040210140AF
:10FB500080210140C021014000220140402201409B
:10FB600080220140C0220140002301404023014087
:10FB700080230140C0230140002401400000000117
:10FB8000000101010000000100010101006CDC0224
:10FB9000006CDC0280C3C90180C3C90100127A0075
:10FBA00000127A00000E27070087930300127A00E4
:10FBB00000127A00007000400072004000740040A3
:10FBC000007600400000010000000F00000000016E
:10FBD0000000FF1F00000000F0F0028C01FF1F007A
:10FBE0000000008C01FF1F000000000E000000005C
:10FBF000000086F1008C01FF1F9401FF1F9001FFA0
:10FC00001F9401FF1F010000F049FF1F87F1008CC6
:10FC100001FF1F9401FF1F9001FF1F9401FF1F09A7
:10FC200000009801FF1F89F1008C01FF1F000000F8
:10FC30000000000000000000000F0000A401FF1FF2
:10FC4000C1F1008C01FF1F00000000000000000057
:10FC5000000000110000B401FF1FC2F1008C01FF81
:10FC60001F00000000000000000000000011000064
:10FC7000C801FF1FC3F1008C01FF1F00000000003E
:10FC8000000000000000001100000846FF1F0000F7
:10FC90000D040402120404021C0909021C090905CE
:10FCA0001C09090B1C09090E1C09091DF8B500BF28
:04FCB000F8B500BFE4
:08FCB4003C05FF7F0100000088
:10FCBC0055090000550900005509000055090000C0
:10FCCC001010014020100140301001404010014044
:10FCDC0000C0004000C8004000D000400060084058
:10FCEC000068084000127A0000010E0000000201BA
:10FCFC000E00000003010E00000004010E000000C5
:10FD0C0005010E00000006010E00000007010E00A8
:10FD1C0000000E010E0000000F010E00000010018B
:10FD2C000E00000011010E00000012010E00000078
:10FD3C0013010E0000000000222426282325272969
:10FD4C00292A2B2C292A2B2C00010E000000020141
:10FD5C000E00000003010E00000004010E00000064
:10FD6C0005010E00000006010E00000007010E0048
:10FD7C0000000801000001000901000001000A0157
:10FD8C00000001000B01000001000E010E0000003C
:10FD9C000F010E00000010010E00000011010E00FA
:10FDAC00000012010E00000013010E0000001801EB
:10FDBC000A00000019010A0000001A010A000000E4
:10FDCC001B010A0000001C010A0000001D010A00B2
:10FDDC0000000000000001010000010000127A0088
:10FDEC000000000001000000007804010001010186
:10FDFC0000000000010000000100030100020100EE
:10FE0C0001000001010100000100000000000000E1
:10FE1C0000000000000000000100000017000000BE
:10FE2C009800FF1F2401FF1FF83F0000AAAAAAAAEE
:10FE3C0013000000010060EA010001000102030050
:10FE4C0003000000010300005631333031303030F4
:10FE5C0031000000563131303130303031535F30A9
:10FE6C003030310056313130313030303153423056
:10FE7C00315F3030310000005631313031303030AC
:10FE8C0031534131305F303031070100E007000061
:10FE9C000000000000000000DF0700000000000070
:10FEAC000000000000000000FF0300000000000044
:10FEBC0000040000FF01000000000000000600002C
:08FECC00FF000000000000002F
:0400000300008AED82
:00000001FF
