:2000000002010000011A00007710000000000000000000000000000000000000000000003B
:200020000000000000000000000000000000000000000000000000000000000000000000C0
:200040000000000000000000000000000000000000000000000000000000000000000000A0
:20006000000000000000000000000000000000000000000000000000000000000000000080
:20008000000000000000000000000000000000000000000000000000000000000000000060
:2000A000000000000000000000000000000000000000000000000000000000000000000040
:2000C000000000000000000000000000000000000000000000000000000000000000000020
:2000E000000000000000000000000000000000000000000000000000000000000000000000
:2001000000000000000000000000AC781130FFFFFFFFFFFFFFFFFFFFFFFFFFFFFFFFFFFF8C
:200120000101000000DA00007710000000000000000000000000000000000000000000005C
:200140007757505443202020200408000200C47E000000020000C100000000C33C00003F19
:200160009BA0C6FFFFFFFFFFFFFFFFFFFFFFFFFFFFFFFFFFFFFFFFFFFFFFFFFFFFFFFFFF9B
:20018000FFFFFFFFFFFFFFFFFFFFFFFFFFFFFFFFFFFFFFFFFFFFFFFFFFFFFFFFFFFFFFFF7F
:2001A000FFFFFFFFFFFFFFFFFFFFFFFFFFFFFFFFFFFFFFFFFFFFFFFFFFFFFFFFFFFFFFFF5F
:2001C000FFFFFFFFFFFFFFFFFFFFFFFFFFFFFFFFFFFFFFFFFFFFFFFFFFFFFFFFFFFFFFFF3F
:2001E000FFFFFFFFFFFFFFFFFFFFFFFFFFFFFFFFFFFFFFFFFFFFFFFFFFFFFFFFFFFFFFFF1F
:20020000FAC12CC101020300030001030002030001030509000100010300010500010305FE
:2002200009000100000065CB010177303030020200010A0A0A0A020404040A0A0A0A0A020C
:2002400002020205961304030200A61304030100AE13040301007FCF004F7F00F7FFFFFF47
:20026000FFFFCB00FAC1A8BBFAC1F6BB000000000500110003001C0002002A00FAC144BC0F
:20028000FAC150B8FAC102B8FAC19EB8FAC19EBEFAC14EBEFFFFFFFFFFFFFFFFFFFFFFFF43
:2002A000FAC1E0B5094010CC064036CC04403ECC244090CB138080035CCE1940DACB318085
:2002C0008003FACD434022CBE789800300C00D40F4CB3F808003BACD284066CB02404CCCE9
:2002E0005F80800314CD034044CC024050CC6140C0CA2F8080032CCE084024CC0080800378
:2003000013CD0C4002CC0780800380CE07402ECC0F80800370CE09401ACCF980800366CB9E
:200320002340B6CB7D818003E8C9B280800360CC014053CC4580800374CD034048CC000086
:20034000FFFFFFFFFFFFFFFFFFFFFFFFFAC1489EFAC1D29EFAC13E9F000000000000000045
:200360000000000000000000FAC18CA7FAC1F8A7000000000000010002000300040001002A
:20038000000008000400000006000700000008000000050000000000000000000000000037
:2003A00007000000000000000000000000000000FFFFFFFFFFFFFFFFFFFFFFFFFAC1DABFEE
:2003C0000140A8CB00000240AACB00000140ACCB00000240AECB00000140B0CB0000014042
:2003E000B1CB00000140B2CB00000140B3CB00000140B4CB0000014064CB0000014065CB63
:20040000000001401CCB000002401ECB0000024020CB0000014023CC00000140CBCB010054
:200420000140CCCB01000440CECBFFFFFFFFB300800360CC000000000000000000000000A8
:2004400000000000000000000000000000000000000000000000000000000000000000009C
:2004600000000000000000000000000000000000000000000000000000000000000000007C
:2004800000000000000000000000000000000000000000000000000000000000000000005C
:2004A00000000000000000000000000000000000000000000000000000000000000000003C
:2004C00000000000000000000000000000000000000000000000000000000000000000001C
:2004E00000000000000000000000F003EF03EF03EE03ED03ED03EC03EB03EB03EA03E903B0
:20050000E803E803E703E603E503E403E303E203E103E003DF03DE03DD03DC03DB03DA0394
:20052000D903D803D703D503D403D303D103D003CF03CD03CC03CA03C803C703C503C4039C
:20054000C203C003BE03BC03BB03B903B703B503B303B003AE03AC03AA03A803A503A30338
:20056000A0039E039B0399039603930391038E038B038803850382037F037C03790375038E
:2005800072036F036B036803640361035D035903560352034E034A03460342033E033A03BC
:2005A000360331032D032803240320031B03160312030D0308030403FF02FA02F502F002D5
:2005C000EB02E602E102DC02D702D102CC02C702C202BC02B702B202AC02A702A2029C02BA
:2005E000970291028C02860280027B02750270026A0264025F02590254024E02480243020E
:200600003D02370232022C02270221021B02160210020B0205020002FA01F401EF01E9018D
:20062000E401DF01D901D401CE01C901C401BE01B901B401AF01A901A4019F019A019501EA
:2006400090018B01860181017C01770173016E016901640160015B01570152014E014901CC
:20066000450140013C01380134012F012B01270123011F011B011701130110010C01080111
:2006800004010101FD00FA00F600F300EF00EC00EA00E900E400DF00DB00D800D500D200A8
:2006A000CF00CC00C900C600C400C100BE00BB00B900B600B300B100AE00AC00A900A70095
:2006C000A400A200A0009D009B00990097009500920090008E008C008A00880086008400DF
:2006E000820081007F007D007B007900780076007400730071006F006E006C006B006900A4
:200700006800660065006300620061005F005E005D005B005A005900570056005500540002
:200720005300510050004F004E004D004C004B004A00490048004700460045004400430010
:200740004200410040003F003E003E003D003C003B003A003A0039003800370036003600DF
:200760003500340034003300320032003100300030002F002E002E002D002D002C002B0078
:200780002B002A002A002900290028002800270027002600260025002500240024002300E9
:2007A0002300220022002200210021002000200020001F001F001E001E001E001D001D003C
:2007C0001D001C001C001C001B001B001B001A001A001A0019001900190018001800180076
:2007E00018001700170017001700160016001600150015001500150014001400140014009F
:20080000140013001300130013001200F103F103F003F003EF03EE03EE03ED03ED03EC03F5
:20082000EB03EB03EA03E903E803E803E703E603E503E403E303E203E103E003DF03DE0336
:20084000DD03DC03DB03DA03D903D703D603D503D303D203D103CF03CE03CC03CB03C9032C
:20086000C703C603C403C203C003BF03BD03BB03B903B703B503B303B003AE03AC03AA03B2
:20088000A703A503A203A0039D039B0398039503920390038D038A038703840380037D03F4
:2008A0007A037703730370036C036903650362035E035A03560352034F034B034703420315
:2008C0003E033A03360331032D032903240320031B03160312030D0308030303FE02F9021F
:2008E000F402EF02EA02E502E002DB02D502D002CB02C502C002BB02B502B002AA02A50207
:200900009F029A0294028E02890283027D02770272026C02660261025B0255024F024A026E
:2009200044023E02380232022D02270221021B02160210020A020502FF01F901F401EE0110
:20094000E901E301DD01D801D201CD01C701C201BD01B701B201AD01A801A2019D0198018C
:2009600093018E01890184017F017A01750170016B01660162015D01590154014F014B0184
:20098000470142013E013901350131012D012801240120011C011901150111010D010901D7
:2009A00005010201FE00FA00F700F400F000EC00E900E600E300DF00DC00D900D600D30080
:2009C000D000CD00CA00C700C400C200BF00BC00B900B600B400B100AF00AC00A900A70069
:2009E000A500A200A0009E009C00990097009500930090008E008C008A00880086008400B8
:200A0000830081007F007D007B007900780076007400730071006F006E006C006B0069007F
:200A20006700660065006300620060005F005E005C005B005A0059005700560055005300E3
:200A40005200510050004F004E004C004B004B004A004900480047004600440043004200F3
:200A60004200410040003F003E003E003D003C003B003A00390038003800370037003600BD
:200A8000350035003400330032003200310030002F002F002E002E002D002C002C002B0056
:200AA0002B002A002A002900290028002800270027002600260025002500240024002300C6
:200AC0002300220022002200210021002000200020001F001F001E001E001E001D001D0019
:200AE0001D001C001C001C001B001B001B001A001A001A0019001900190019001800180052
:200B0000180017001700170017001600160016001600150015001500150014001400140079
:200B20001400140013001300130013001300E603E603E503E403E303E203E103E003DF0319
:200B4000DE03DD03DC03DB03DA03D903D803D703D603D403D303D203D103CF03CE03CC0308
:200B6000CB03CA03C803C703C503C403C203C003BF03BD03BB03B903B803B603B403B20352
:200B8000B003AE03AC03AA03A803A603A303A1039F039D039A0398039503930390038E032B
:200BA0008B0388038603830380037D037B037803750372036F036C036903650362035F03A8
:200BC0005C035803550351034E034A034703430340033C033803350331032D0329032503D4
:200BE00021031D031903150311030D03090304030003FC02F702F302EF02EA02E602E102AF
:200C0000DC02D802D302CE02CA02C502C002BB02B702B202AD02A802A3029E029902940229
:200C200090028B02860281027C02770272026D02680263025E02590254024F024A024502EC
:200C400040023B02360231022C02270222021D02180213020E02090204020002FB01F601CB
:200C6000F101EC01E701E201DD01D801D301CF01CA01C501C001BC01B701B201AE01A9019C
:200C8000A501A0019C01970193018E018A01860181017D017901740170016C016801640108
:200CA00060015C015801540150014C014801450141013D013A01360132012F012B012801F1
:200CC000240121011D011A011601130110010D010901060103010001FD00FA00F700F40052
:200CE000F100EE00EB00E800E500E300E000DD00DA00D800D500D300D000CE00CB00C90031
:200D0000C600C400C100BF00BD00BA00B800B600B400B100AF00AD00AB00A900A700A50083
:200D2000A300A1009F009D009B009900980096009400920090008F008D008B008A00880062
:200D4000860085008300820080007E007D007B007A007800770076007400730071007000E6
:200D60006F006D006C006B006900680067006600640063006200610060005F005E005C001F
:200D80005B005A0059005800570056005500540053005200510050004F004E004D004C001B
:200DA0004B004B004A004900480047004600460045004400430042004200410040003F00DF
:200DC0003F003E003D003D003C003B003B003A003900390038003700370036003600350077
:200DE0003400340033003300320032003100300030002F002F002E002E002E002D002D00EE
:200E00002C002C002B002B002A002A00290029002900280028002700270027002600260044
:200E2000250025002500240024002400230023002300220022002200210021002100200085
:200E4000200020001F001F001F001E001E001E00100100000000000000002200040311014F
:200E600010000403080004032200040322010000000000000000220004032E0100000000A8
:200E8000000000002200040327010000000008000403220004033101000000000800040388
:200EA000220004033E01000000000000000022000403280100000000080004032200040340
:200EC0008501000000000800040322000403140100000000000000002200040319010000FC
:200EE000000000000000220004030000500C04030B00EA0C0403010004000403333032308D
:200F0000303333383241413330323030333338324141535F30303031333032303033333802
:200F2000324141534230315F3030313330323030333338324141534131305F303031333088
:200F4000323030333338324141534331315F303031575054432020202056323320202020CC
:200F60002056312E30322E3033563233202020202056312E30322E3033FF85F000000A0028
:200F800004030000000000000000000000000100000028000403B3F000000A000403000066
:200FA000000000000000000000001400000000000000B4F002000A0004030000000008005E
:200FC0000403170004031400140000000000F0F000000400040300000000000000000000D9
:200FE0000000040028000000000086F1000004000403000000000000000000000000010042
:2010000000003B0B800387F10000040004030000000000000000000000000B000000FC0C71
:20102000040389F100000A00040300000000000000000000000011000000070D0403C1F140
:2010400000000400040300000000000000000000000013000000180D0403C2F100000A0089
:201060000403000000000000000000000000130000002B0D0403C3F100000A000403000052
:2010800000000000000000000000130000003E0D04038AF100000A0004030000000000005F
:2010A000000000000000030000002B0004038BF102000A0004030000000008000403150048
:2010C000040305002C00000000008CF1000004000403000000000000000000000000100040
:2010E00031000000000090F102000A000403000000000800040317000403110041000000AC
:20110000000097F100000400040300000000000000000000000008000000510D040398F146
:2011200002000A000403000000000D000403170004030A0052000000000099F102000A0078
:201140000403000000000D0004031A00040305005C00000000009EF100000A000403000052
:201160000000000000000000000010000000590D0403A2F100000A0004030000000000004E
:2011800000000000000010000000690D0403B0F10000040004030000000000000000000016
:2011A0000000010000002A000403B300010000000000000000000800040317000403140008
:2011C0000000000000008C0001000000000000000000080004031700040310003100000014
:2011E00000000302080004031D00040300000004080004031700040310000000C000FFEFC8
:20120000C0000000C100FF0FC2000000C400FF7FC4000000E000FF0FE00000F60000FFFDB7
:20122000000000C80000FFDF000000C1814001C0804101C0804100C1814001C0804100C1BD
:20124000814000C1814001C0804101C0804100C1814000C1814001C0804100C1814001C07E
:20126000804101C0804100C1814001C0804100C1814000C1814001C0804100C1814001C05E
:20128000804101C0804100C1814000C1814001C0804101C0804100C1814001C0804100C13E
:2012A000814000C1814001C0804101C0804100C1814000C1814001C0804100C1814001C01E
:2012C000804101C0804100C1814000C1814001C0804101C0804100C1814001C0804100C1FE
:2012E000814000C1814001C0804100C1814001C0804101C0804100C1814001C0804100C1DE
:20130000814000C1814001C0804101C0804100C1814000C1814001C0804100C1814001C0BD
:20132000804101C0804100C1814000C0C101C30302C2C60607C705C5C404CC0C0DCD0FCF20
:20134000CE0E0ACACB0BC90908C8D81819D91BDBDA1A1EDEDF1FDD1D1CDC14D4D515D717ED
:2013600016D6D21213D311D1D010F03031F133F3F23236F6F737F53534F43CFCFD3DFF3F0D
:201380003EFEFA3A3BFB39F9F83828E8E929EB2B2AEAEE2E2FEF2DEDEC2CE42425E527E76D
:2013A000E62622E2E323E12120E0A06061A163A3A26266A6A767A56564A46CACAD6DAF6F8D
:2013C0006EAEAA6A6BAB69A9A86878B8B979BB7B7ABABE7E7FBF7DBDBC7CB47475B577B76D
:2013E000B67672B2B373B17170B0509091519353529296565797559594549C5C5D9D5F9F0D
:201400009E5E5A9A9B5B99595898884849894B8B8A4A4E8E8F4F8D4D4C8C448485458747EC
:201420004686824243834181804000000000000000000000000000000000000000000000D4
:2014400000000000000000000000000000000000000000000000000000000000000000008C
:2014600000000000000000000000000000000000000000000000000000000000000000006C
:2014800000000000000000000000000000000000000000000000000000000000000000004C
:2014A0000000000000000000000064D1950064D295004BD395004BD4950019D4950011D5C8
:2014C00095000041D0006AEF07006BEF07006BEF07006CEF07006CEF07006DEF07006CEFC2
:2014E00007000B0002000F000F000B00060013002C0EE000320EE000320EE000320EE0001C
:201500002C0EE000300EE0002E0EE0000C00010002000400100008000040200020002000AC
:2015200020002000200020004E6F6E65426F6F74000000000000000030312E30302E30308A
:201540004D414E485549000000000000000000002323101700000123234131231017202019
:201560002048312E30305554455F374B5700000000000000000003000A0054014A0103006E
:201580000A0054014A0103000A00B900B40003000A00730078000080C000FFEFC000000041
:2015A000C100FF0FC2000000C400FF57C4000058C400FF7FC400400000000000000000001E
:2015C0000000000000000080FFFFFF80000000000502030405060708090A0B0C0D0E0F1082
:2015E000111213146400C8005802E803F401580220038403E803E004CB00BB70E6FB4A0047
:20160000E00AE6F8080BE6F98003CA0016C1D7408003F78E3A0BE118D7708003F7F83B0B90
:20162000F68E300BF68E180BF78E3C0BD7608003F68E3E0BF68E420BF68E440BF78EB9CB44
:20164000F68EBACBF78EBCCBF78EBDCBE10CE005C0C45C14C454BECB09C149C28DF9E6F4CC
:201660000080F6F4C2CBE7F88000F7F8C4CBE6F40080F6F4C6CBE7F88000F7F8C8CBD750B9
:201680008003F78E4E0BF78E500BE6FA600CE6FB8003E6F9B300E008CA006E71CB00CB00A0
:2016A000E6F4E809E6F58003D7708003F6F4000BF6F5020BF68E040BF68E060BCB00E6F47D
:2016C000700AE6F58003D7708003F6F4F80AF6F5FA0AF68EFC0AF68EFE0ACB00E006E10ADB
:2016E000D7508003E4A6E809E4A6700A86F687008DF6BBD6BBE4CB00E6F4F80AE6F5800306
:20170000CB00E6F4000BE6F58003CB00F048C088DC5AD4590200A849DC45C4840400D74096
:201720008003F2F6300B3D0DBBECDC7AB849C4590200D4590200A849DC45C4B40400E004FB
:20174000CB0048613D02E024CB00E014CB0048903D09E014D7408003F6F4300BF048C088F7
:20176000CA00B217CB00F018E104D7500403F2F5F40CF2F4F20CF0A4F0B50D1BC046F07658
:201780005C3720765C17DC5BD45A0400D44A0200F0840087F095DC45A9A841A23D09DC49E4
:2017A000F488010049813D02E118CB00E108CB000941DC4BF4AA060041A4EDE0E108CB00B0
:2017C000ECFDF018E104E106D7500403F2F5F40CF2F4F20CF0C4F0D50D3DC049F0895C387A
:2017E00020895C18DC5DD45C0400D44C02000048DC45A9A441A23D2DF0895C3820895C1810
:20180000DC5DD47C0400D46C02000068DC57D4560400D4460200F0A4F0B570453D02E118EE
:201820000D1FE1060D0EC066F04A0046DC4BA9A4D7408003F3F83A0B418A3D02E1180D1076
:201840000961C066F04A0046DC4BA9843DECE1080D070941DC4DF4AC060041A4EDBEE1086C
:20186000FCFDCB00ECFDF018E104E106D7500403F2F5F40CF2F4F20CF0C4F0D50D40C0491F
:20188000F0895C3820895C18DC5DD45C0400D44C02000048DC45A9A441A23D30F0895C387C
:2018A00020895C18DC5DD47C0400D46C02000068DC57D4560C00D4460A00F0A4F0B5704559
:2018C0003D02E1180D22E1060D10C0665C16F04A0046F05BDC45A854D7408003F2F41A0B78
:2018E00040453D02E1180D110961C0665C16F04A0046DC4BA8443DE9E1080D070941DC4DE2
:20190000F4AC060041A4EDBBE108FCFDCB00ECFDF018D7500403F2F5F40CF2F4F20CF0C449
:20192000F0D5E104E1060D3DC049F0895C3820895C18DC5DD45C0400D44C02000048DC45A1
:20194000A9A441A23D2DF0895C3820895C18DC5DD47C0400D46C02000068DC57D456080027
:20196000D4460600F0A4F0B570453D02E1180D1FE1060D0EC066F04A0046DC4BA9A4D740C2
:201980008003F3F83B0B418A3D02E1180D100961C066F04A0046DC4BA9843DECE1080D07E9
:2019A0000941DC4DF4AC060041A4EDBEE108FCFDCB00ECFDF0D8D7408003C2F8E809CA0011
:2019C000661549813D4FD7408003C2F8E809BB9F49803D17D7408003F2F41A0B48413D0B04
:2019E000F04DC08AE6F97F00D7408003C2F8E809BB65E1180D4CE009E008CA007419E1083A
:201A00000D46D7408003C2F8E809CA00C01549803D0BF04DC08AE6F93300D7408003C2F891
:201A2000E809BB4CE1180D33D7408003C2F8E809CA00641649803D0BF04DC08AE6F9110064
:201A4000D7408003C2F8E809BB39E1180D20F04DC088CA00C62FF1A8D7408003F68E400BE1
:201A6000F18A0D15D7408003F2F41A0B48413D0BF04DC08AE6F91100D7408003C2F8E80997
:201A8000BB1DE1180D04E009E008BB74E108FCFDCB00E004E005F0A4F0B4CA00F814DC45BF
:201AA000C4840400E006DC45C4640600E118D7508003F7F84E0BF78E4F0BCB00ECFDF0280F
:201AC000E004E005F0C4F0D4CA00F814F0C4F0D5F04AC086DC45C46C0400F04947F87800B1
:201AE0002D04D7408003F68E300BE006DC4DC46C0400E7F27F00DC4DD48C0400F0480841B3
:201B0000DC6DC44C0400D45C0200A84C0048DC45B924DC4DD48C0400F0480841DC6DC44C95
:201B20000400D45C0200A84C0048DC45B944F019DC4DD48C0400F0480841DC6DC44C0400A1
:201B4000D45C0200A84C0048DC45B924DC4DD48C0400BB9FF04947F878002D05D740800376
:201B6000F68E300B0D05E014D7408003F6F4300BFCFDCB0048903D0CD7408003F78E4E0B84
:201B8000F048C084D7508003F6F4300BF68E300BCB00ECFDECFEECFFF03806F0F8FFE004B9
:201BA000E005F0E4F0F4B840C4500200D7500403F2F5FA0CF2F4F80CC4400400C450060053
:201BC000CA00F814F0E4F0F5CA000215B840C4500200E006DC4FC46E0400D4900200A880B2
:201BE000DC59D4580200A848DC45F4840100F0D466FD7F00DC49D448040048422D09C06A23
:201C0000E6F91300E6F81000CA00BC18EA009A1BE007D4500600D44004000047DC45A9A4C9
:201C2000F04D41A82D0280278DF448733D09C06AE6F91200E6F81000CA00BC18EA009A1BE0
:201C4000F04D49823D29D7408003F3F83B0B49832D09C06AE6F97F00E6F81000CA00BC1835
:201C6000EA009A1BD7408003F3FA3A0B49A52D0C47FA09002D09C06AE6F93300E6F8100028
:201C8000CA00BC18EA009A1BD7408003F78E510BCA0050BFEA009A1BF05DD7408003F3F842
:201CA0003B0B418A2D07F04DD7508003F7F83B0BF78E3A0BD4700200A860DC57D45602004C
:201CC000A846DC45F48401008AF46370E7F25000DC4FD48E0400F0480841DC6FC44E04008F
:201CE000D45E0200A84E0048DC45B924F01DDC4FD48E0400F0480841DC6FC44E0400D45EC2
:201D00000200A84E0048DC45B924E102DC4FD48E0400F0480841DC6FC44E0400D45E0200FB
:201D2000A84E0048DC45B924E7F23200DC4FD48E0400F0480841DC6FC44E0400D45E0200B5
:201D4000A84E0048DC45B924E112DC4FD48E0400F0480841DC6FC44E0400D45E0200A84EB7
:201D60000048DC45B924E7F2F400DC4FD48E0400F0480841DC6FC44E0400D45E0200A84EB3
:201D80000048DC45B924DC4FD48E0400CA0092180D04E009E008CA00741906F00800FCFFC6
:201DA000FCFEFCFDCB00ECFDECFEECFFF0382804E004E005F0E4F0F4B840C4500200CA00FA
:201DC000F814F0E4F0F5CA000215B840C4500200E006DC4FC46E0400D4900200A880DC5945
:201DE000D4580200A848DC45F4E40100F0D766FD7F00DC49D448040048422D08C06AE6F915
:201E00001300E6F81100CA00BC180D40F04D49812D08C06AE6F91200E6F81100CA00BC18F1
:201E20000D358AF72570E7F25100DC4FD48E0400F0480841DC6FC44E0400D45E0200A84E83
:201E40000048DC45B924F01DDC4FD48E0400F0480841DC6FC44E0400D45E0200A84E00484A
:201E6000DC45B924DC4FD48E0400CA0092180D04E009E008CA007419E118D7408003F7F8A4
:201E8000510BE118D7408003F7F8500B0804FCFFFCFEFCFDCB00F048C08AE6F91000E6F8F5
:201EA0001400CA00BC18CB00F048C08AE6F91000E6F81900CA00BC18CB00ECFDECFEECFF16
:201EC000F03806F0F0FFE00EE00DE004B8D0C4400200C4400400C4400600C4400800C44086
:201EE0000A00C4400C00C4400E00CA00F814B840C4500200CA000215F0A4F0B5E006D450AE
:201F00000200A840DC45C4640400DC5BD47A0200A86ADC47F4860100C0885C88DC47F4868A
:201F20000200C08F00F8DC4BD44A040048432D09C06AE6F91300E6F82200CA00BC18EA00AA
:201F40004C20E00EF04EC087F0475C3420475C24D7400403D4547A0D405F3D1DF0475C3467
:201F600020475C24D7400403D4447C0D2D19F0475C3420475C24D7400403D4447C0D48427E
:201F80003D010D0EC06AE6F93100E6F82200CA00BC18EA004C2008E1F04E47F816008DD2DF
:201FA000F04E47F816003D15D7408003F2F41A0B48413D09C06AE6F93100E6F82200CA00C4
:201FC000BC18EA004C20E009E008CA007419EA004C20F04EC087F0675C3620675C26D750BB
:201FE0000403D496800DD4867E0DC4800400C490060070892D2FE00D0D10F04DC086D45056
:202000000600D44004000046DC45A9A4D7408003F3F83B0B418A2D0B08D1F04DC086D450A0
:202020000600D44004000046DC45A9843DE6F04DC086D4500600D44004000046DC45A98472
:202040003D09C06AE6F93100E6F82200CA00BC18EA004C20F0675C3620675C26D7500403EC
:20206000D496840DD486820DC4800800C4900A0070892D2FE00D0D10F04DC086D4500A00C2
:20208000D44008000046DC45A9A4D7408003F3F83A0B418A2D0B08D1F04DC086D4500A0019
:2020A000D44008000046DC45A9843DE6F04DC086D4500A00D44008000046DC45A9843D09A6
:2020C000C06AE6F93300E6F82200CA00BC18EA004C20E7F26200D4700200A860DC47D486CA
:2020E0000400F0480841DC47C4460400D4700200A860DC57D4560200A8460048DC45B92449
:20210000F04F66F400FF7C84F128D4700200A860DC47D4860400F0480841DC47C44604008D
:20212000D4700200A860DC57D4560200A8460048DC45B924F04F66F4FF00F128D4700200C7
:20214000A860DC47D4860400F0480841DC47C4460400D4700200A860DC57D4560200A846A9
:202160000048DC45B924F04EC085F0455C3420455C24D7400403D4447C0D3D1FF04EC0854E
:20218000F0455C3420455C24D7500403D474940DD464920D70672D11F04EC085F0655C3628
:2021A00020655C26D7500403D456940DD446920DC4400C00C4500E000D13F04EC085F0455C
:2021C0005C3420455C24D7400403D464900DE6F4600CE6F580030046C4400C00C4500E007B
:2021E000E00D0D1FF04DC086D4500E00D4400C000046DC45A924D4700200A860DC47D486F2
:202200000400F0480841DC47C4460400D4700200A860DC57D4560200A8460048DC45B92427
:2022200008D1F04EC085F0455C3420455C24D7400403F4A48E0DF04D41A8EDD4D45002003A
:20224000A840DC45D4840400CA00921806F01000FCFFFCFEFCFDCB00ECFDECFEECFFF03800
:2022600006F0F2FFE004C4400600C4400800C4400A00C4400C00CA00F814C4400600C4506B
:202280000800CA000215C4400A00C4500C00E006D4500800D4400600DC45C4640400D4508A
:2022A0000C00D4400A00DC45D444040046F408002D09C06AE6F91300E6F82300CA00BC1884
:2022C000EA00BA22D4700C00D4600A00DC57D4560200A846DC45F484010047F824002D092A
:2022E000C06AE6F93100E6F82300CA00BC18EA00BA22D4700C00D4600A00DC57D456020052
:20230000A846DC45F4840200C084F0F45C8FE00ED4700C00D4600A00DC57D4560200A84658
:20232000DC45F4840300C084F054E00400EE10F5D4700C00D4600A00DC57D4560200A846C7
:20234000DC45F4840400C0845C84E00500E410F5D4700C00D4600A00DC57D4560200A84613
:20236000DC45F4840500C084E00500E410F5D4700C00D4600A00DC57D4560200A846DC45B1
:20238000F4840600C0885C88D4700C00D4600A00DC57D4560200A846DC45F4840700C084D4
:2023A000F0740078C4700400F047E005004E105F28413850B840C450020046F74000FD08AF
:2023C000C06AE6F93100E6F82300CA00BC180D75E00DF04DC0895C39D7500403D449FA0F46
:2023E000D459FC0F204E305FED0CD7500403D449FE0FD4590010A860D470020020463057DF
:202400009D0408D1F04D49868DE4F04D49863D08C06AE6F93100E6F82300CA00BC180D4D41
:20242000E7F26300D4700800D4600600DC47D4860400F0480841DC47C4460400D47008005B
:20244000D4600600DC57D4560200A8460048DC45B924F04EF05F00441055004410557C2430
:20246000F0A4F0B5E00D0D1ADC4B992AD4700800D4600600DC47D4860400F0480841DC477A
:20248000C4460400D4700800D4600600DC57D4560200A8460048DC45B92408D1F04DC085BA
:2024A000D440040040548DE0D4500800D4400600DC45D4840400CA00921806F00E00FCFFCD
:2024C000FCFEFCFDCB00ECFDECFEF03806F0ECFFE00EE00DE004B8D0C4400200C44004000D
:2024E000C4400600C4400800C4400A00C4400C00C4400E00C4401000C4401200CA00F81496
:20250000B840C4500200CA000215C4400400C4500600E006D4500200A840DC45C464040069
:20252000D4B00600D4A00400DC5BD45A0200A84ADC45F4840100C0885C88DC5BD45A020013
:20254000A84ADC45F4840200C0870078E00EF04EC085F0455C3420455C24D7400403D454CE
:202560007A0D40573D22F04EC085F0455C3420455C24D7400403D4447C0D48412D1BF04EE3
:20258000C085F0455C3420455C24D7400403D4447C0D48423D010D0EC06AE6F93100E6F892
:2025A0002E00CA00BC18EA00622608E1F04E47F816008DCDF04E47F816003D09C06AE6F925
:2025C0003100E6F82E00CA00BC18EA006226F04EC087F0475C3420475C24D7400403F484E5
:2025E0008E0DC0860863D4500600D4400400DC45D444040040462D09C06AE6F91300E6F85A
:202600002E00CA00BC18EA006226F0675C3620675C26D7500403D496880DD486860DC4802C
:202620000800C4900A0070892D2FE00D0D10F04DC086D4500A00D44008000046DC45A9A454
:20264000D7408003F3F83B0B418A2D0B08D1F04DC086D4500A00D44008000046DC45A98472
:202660003DE6F04DC086D4500A00D44008000046DC45A9843D09C06AE6F93100E6F82E004A
:20268000CA00BC18EA006226F04EC085F0655C3620655C26D7500403D4968C0DD4868A0D97
:2026A000C4800C00C4900E0070892D2FE00D0D10F04DC086D4500E00D4400C000046DC45CD
:2026C000A9A4D7408003F3F83A0B418A2D0B08D1F04DC086D4500E00D4400C000046DC45CB
:2026E000A9843DE6F04DC086D4500E00D4400C000046DC45A9843D09C06AE6F93300E6F8C1
:202700002E00CA00BC18EA006226F04EC085F0455C3420455C24D7400403D464900DE6F481
:20272000600CE6F580030046C4401000C4501200E00D0D16F04DC089D4700600D460040037
:20274000DC57D4560200A8460049DC45F4E40300D4501200D44010000049DC45B9E408D1AD
:20276000F04EC085F0455C3420455C24D7400403F4A48E0DF04D41A8EDDDF04EC086F05621
:202780005C3520565C25D7400403F4858E0DC08BD4A01200D4901000D7400403D485900D26
:2027A000CA00A272E7F26E00D4700200A860DC47D4860400F0480841DC47C4460400D4702F
:2027C0000200A860DC57D4560200A8460048DC45B924D4700600D4600400DC57D45602007B
:2027E000A846DC45F4240100D4700200A860DC47D4860400F0480841DC47C4460400D470EC
:202800000200A860DC57D4560200A8460048DC45B924D4700600D4600400DC57D45602003A
:20282000A846DC45F4240200D4700200A860DC47D4860400F0480841DC47C4460400D470AA
:202840000200A860DC57D4560200A8460048DC45B924D4500200A840DC45D4840400CA0086
:20286000921806F01400FCFEFCFDCB00ECFDECFEECFFF0D806F0E4FFE00FE108B980E6F49C
:202880005801E6F50403E0260060E6F71000CA00DEAAE118E4801200E004C4401400C440E9
:2028A0001600C4401800C4401A00CA00F814C4401400C4501600CA000215C4401800C4509F
:2028C0001A00DC45D434040048322D0D46F312002D0AF04DC08AE6F91300E6F82700CA0033
:2028E000BC18EA00BA29D7408003F3F83B0B49832D0AF04DC08AE6F97F00E6F82700CA00B5
:20290000BC18EA00BA29D4701A00D4601800DC57D4560200A846DC45F4840100B980498083
:202920003D0AF04DC08AE6F91200E6F82700CA00BC18EA00BA29E00E0D11F04EC086D740C1
:202940000403F4E61000A98041E82D0FC0E5A980C084284140453D010D0808E1F04EC0843A
:20296000D7400403F48410003DE8F04EC084D7400403F48410003D0AF04DC08AE6F91200A5
:20298000E6F82700CA00BC18EA00BA29D7408003F2F43E0B4840FD0AF04DC08AE6F92200E7
:2029A000E6F82700CA00BC18EA00BA29A9809AF4640048322D0AF04DC08AE6F91300E6F884
:2029C0002700CA00BC18EA00BA29E7F26700F05F08F1C0A8D4701600D4601400DC57D45676
:2029E0000200A8460048DC45B924A920F05F08F1C0A8D4701600D4601400DC57D456020027
:202A0000A8460048DC45B924D7408003F3FA3A0BA98041A83D0EE00EE10AF04EC084D740E7
:202A20008003E4A41C0B08E1F04E47F810008DF50D08A980C08AE6F81C0BE6F98003CA00B3
:202A40009CABE00EF04EC084D7408003F4241C0BF05F08F1C0A8D4701600D4601400DC5761
:202A6000D4560200A8460048DC45B92408E1F04E47F810008DE7EA00A029D4501A00D44007
:202A80001800DC45D444040046F412002D0AF04DC08AE6F91300E6F82700CA00BC18EA0058
:202AA000BA29E118E4801200E00EF04EC084D7408003F4841C0B2D04E108E48012000D0579
:202AC00008E1F04E47F810008DF0F480120049813D09F04DC08AE6F92400E6F82700CA0014
:202AE000BC180D6BE6FA1C0BE6FB8003E0280080E00906F8000016F90000008810990088E8
:202B000010997C28CA00DCACE00EE10AF04EC084D7408003E4A41C0B08E1F04E47F81000FC
:202B20008DF5E00EF04EC089D4701A00D4601800DC57D4560200A8460049DC45F4A40200A3
:202B4000E0210010001949A92D010D0508E1F04E47F810008DE7A9802981D7408003F7F8D3
:202B60003A0BE7F26700F05F08F1C0A8D4701600D4601400DC57D4560200A8460048DC45C8
:202B8000B924A920F05F08F1C0A8D4701600D4601400DC57D4560200A8460048DC45B924AA
:202BA000F04FC086D4501600D4401400DC45C4640400F04FC088CA00921806F01C00FCFFD9
:202BC000FCFEFCFDCB00ECFDECFEECFFF0382804E004E005F0E4F0F4B840C4500200CA00CC
:202BE000F814F0E4F0F5CA000215B840C4500200E006DC4FC46E0400D4900200A880DC5917
:202C0000D4580200A848DC45F4840100F0D466FD7F00DC49D448040048432D08C06AE6F948
:202C20001300E6F82800CA00BC180D74D4700200A860DC57D4560200A846DC45F4A4020006
:202C400049A12D0A49A32D08C06AE6F93100E6F82800CA00BC180D5EF04D49802D0A4983E0
:202C60002D08C06AE6F91200E6F82800CA00BC180D51D7408003F3F83B0B49832D08C06A0C
:202C8000E6F97F00E6F82800CA00BC180D43F04D49803D04E118F7F88ECB0D02F78E8ECB6D
:202CA000F04D49802D0E49833D31D4700200A860DC57D4560200A846DC45F48401008AF4E6
:202CC0002570E7F26800DC4FD48E0400F0480841DC6FC44E0400D45E0200A84E0048DC4518
:202CE000B924F01DDC4FD48E0400F0480841DC6FC44E0400D45E0200A84E0048DC45B92407
:202D0000DC4FD48E0400CA0092180D04E009E008CA0074190804FCFFFCFEFCFDCB00ECFDC7
:202D2000ECFEECFFF0D806F0ECFFE108B980E106E004C4400600C4400800C4400A00C44000
:202D40000C00E005F0E4F0F4C4401000C4501200CA00F814F0E4F0F5CA000215C44010000C
:202D6000C4501200E006DC4FC46E0400D4901200D4801000DC59D4580200A848DC45F48420
:202D8000010067F87F00E4800200DC49D448040048449D0AF04DC08AE6F91300E6F83100EE
:202DA000CA00BC18EA00E62EF480020049812D0AF04DC08AE6F91200E6F83100CA00BC18DB
:202DC000EA00E62ED4701200D4601000DC57D4560200A846DC45F4840200C0885C88D47003
:202DE0001200D4601000DC57D4560200A846DC45F4840300C0840048C4400400E108B980DE
:202E0000A9E0C0E5F0455C2420455C24D7400403D454E20FD440040040543D1EC0E5F045D2
:202E20005C2420455C24D7400403F484EC0FC086D4501200D4401000DC45D4440400284453
:202E400040462D10F04DC08AE6F91300E6F83100CA00BC18EA00E62EA980F1A809A1B9A0C6
:202E600049A28DCEA98049823D0AF04DC08AE6F93100E6F83100CA00BC18EA00E62EA9E006
:202E8000C0E5F0655C2620655C26D7500403D496E60FD486E40FC4800600C4900800708936
:202EA0002D2DE1060D0FC066D4500800D44006000046DC45A9A4D7408003F3F83B0B418AFF
:202EC0002D0A0961C066D4500800D44006000046DC45A9843DE8C066D4500800D4400600C0
:202EE0000046DC45A9843D0AF04DC08AE6F93100E6F83100CA00BC18EA00E62EC0E5F065BB
:202F00005C2620655C26D7500403D496EA0FD486E80FC4800A00C4900C0070892D2DE1065E
:202F20000D0FC066D4500C00D4400A000046DC45A9A4D7408003F3F83A0B418A2D0A096117
:202F4000C066D4500C00D4400A000046DC45A9843DE8C066D4500C00D4400A000046DC4569
:202F6000A9843D0AF04DC08AE6F93300E6F83100CA00BC18EA00E62ED4501200D44010003F
:202F8000DC45D444040028443D0AE00BE009E00AD4800400CA003234E4800E000D17D45041
:202FA0001200D4401000DC45D4B4040028B4D4501200D4401000DC55D4A40200A894089475
:202FC000D4800400CA003234E4800E00F4E00E0047FE78003D02EA00E62E47FEFF003D0991
:202FE000F04DC08AE6F93100E6F83100CA00BC180D7A47FE22003D09F04DC08AE6F92200D1
:20300000E6F83100CA00BC180D6ED4701200D4601000DC57D4560200A846DC45F484010007
:203020008AF45D70E7F27100DC4FD48E0400F0480841DC6FC44E0400D45E0200A84E004816
:20304000DC45B924F4200200DC4FD48E0400F0480841DC6FC44E0400D45E0200A84E004877
:20306000DC45B924D440040066F400FF7C84F128DC4FD48E0400F0480841DC6FC44E040055
:20308000D45E0200A84E0048DC45B924D440040066F4FF00F128DC4FD48E0400F048084124
:2030A000DC6FC44E0400D45E0200A84E0048DC45B924F4200E00DC4FD48E0400F04808410B
:2030C000DC6FC44E0400D45E0200A84E0048DC45B924DC4FD48E0400CA0092180D04E00920
:2030E000E008CA00741906F01400FCFFFCFEFCFDCB00ECFEECFFF038E004E005F0E4F0F450
:20310000CA00F814F0E4F0F5CA000215F084F095E006DC4FC46E0400DC45D4540200DC498F
:20312000A844DC45F4E40100DC49D448040048422D08C06AE6F91300E6F83E00CA00BC18CF
:203140000D36F18E67F87F002D08C06AE6F91200E6F83E00CA00BC180D2A9AF70570E0099F
:20316000E008CA0074190D23E7F27E00DC4FD48E0400F0480841DC6FC44E0400D45E0200E2
:20318000A84E0048DC45B924DC4FD48E0400F0480841DC6FC44E0400D45E0200A84E00480E
:2031A000DC45B9E4DC4FD48E0400CA009218FCFFFCFECB00F048C08AE6F91000E6F88500B8
:2031C000CA00BC18CB00ECFDF0D8D7408003F3F8E80907F8EF002D1907F8EF002D1B298547
:2031E0002D2329812D2629862D1A29832D2707F8F3002D2907F8B9002D2B07F875003D2C57
:20320000F04DC088CA0092190D29F04DC088CA00A61B0D24F04DC088CA00BA1C0D1FF04DAF
:20322000C088CA00C6220D1AF04DC088CA006C260D15F04DC088CA00C6290D10F04DC0888A
:20324000CA001E2B0D0BF04DC088CA00F22E0D06F04DC088BBAF0D02E1180D05D74080031E
:20326000F68E420BE108FCFDCB00ECFDECFEECFFE004E005F0E4F0F4CA00F814F0E4F0F502
:20328000CA000215D7408003F2F53E0B4850FD052851D7408003F6F53E0BD7408003F2F521
:2032A000420B46F588139D050851D7408003F6F5420BD7408003F2F4420B46F43200FD0DDB
:2032C000D7408003F3F83B0B4981FD07E118D7508003F7F83B0BF78E3A0BD7408003F2F433
:2032E000420B46F4E803FD13F78EB9CBF68EBACBF78EBCCBF78EBDCBE00DE005F04DC084CE
:203300005C14C454BECB08D1F04D49828DF7D7408003F3F8480B4980FD09D7408003F3F80B
:20332000480B2981D7408003F7F8480BD7408003F3F8480B3D0ED7408003F3F8490B4981EE
:203340003D08D7608003F68E300BF78E490BF78E480BD7408003F3FA4A0B49A0FD1329A15F
:20336000D7408003F7FA4A0B49A03D0CD7408003F3F84B0B49813D06D7408003F78E4B0BDE
:20338000CA00F697D7408003F3F84D0B49813D14D7408003F3FA4C0B49A0FD0529A1D74034
:2033A0008003F7FA4C0BD7408003F3F84C0B3D04D7408003F78E4D0BD7408003F3F8500BCE
:2033C0002D0FD7408003F78E500BE118D7408003F7F8510BE6F8204ECA005871CA0050BFA1
:2033E000D7408003F2F5460B46F5FFFF9D050851D7408003F6F5460BD7408003F2F4460B20
:2034000046F464008D10F3F8B7CB47F8FF003D0BD7408003F2F4300B2D06D7508003F68E62
:20342000460BF68E300BF3FEB7CB47FEFF00EA202234F3F6B6CB47F614003D2E49E03D1ABF
:20344000E006DC4FC46E0400E7F25400DC4FD48E0400F0480841DC6FC44E0400D45E020051
:20346000A84E0048DC45B924DC4FD48E0400CA0092180D0E49E13D08E00AE6F93100E6F8A9
:203480001400CA00BC180D04E009E008CA007419F78FB7CBEA002A3447F622003D6AF3F800
:2034A000B7CB3D54E006DC4FC46E0400E7F26200DC4FD48E0400F0480841DC6FC44E040004
:2034C000D45E0200A84E0048DC45B924E7F2F100DC4FD48E0400F0480841DC6FC44E04003F
:2034E000D45E0200A84E0048DC45B924E7F29000DC4FD48E0400F0480841DC6FC44E040080
:20350000D45E0200A84E0048DC45B924E00DF04DC084D7408003F424530BDC4FD48E04002C
:20352000F0480841DC6FC44E0400D45E0200A84E0048DC45B92408D1F04D47F811008DE75F
:20354000DC4FD48E0400CA0092180D10F3F8B7CB49813D08E00AE6F97200E6F82200CA00C8
:20356000BC180D04E009E008CA007419F78FB7CB0D5CF3F8B6CB47F82E003D50F3F8B7CBFA
:203580003D3AE006DC4FC46E0400E7F26E00DC4FD48E0400F0480841DC6FC44E0400D45E81
:2035A0000200A84E0048DC45B924E7F2F100DC4FD48E0400F0480841DC6FC44E0400D45E5E
:2035C0000200A84E0048DC45B924E7F29000DC4FD48E0400F0480841DC6FC44E0400D45E9F
:2035E0000200A84E0048DC45B924DC4FD48E0400CA0092180D10F3F8B7CB49813D08E00A05
:20360000E6F97200E6F82E00CA00BC180D04E009E008CA007419F78FB7CB0D07F78FB7CB52
:203620000D04F78EB8CBF78FB6CBFCFFFCFEFCFDCB00ECFDE00D06F800FC2D0A06F8FD01AE
:203640003D3EF2F492CB2D02E01D0D01E00D0D39F04B47F810003D02709A3D03E6FDFF004A
:203660000D30D7400403F3FC2600D7408003F3F8C10C418C3D0DD7400403F3FA2700D74028
:203680008003F3F8C20C418A3D03E6FD22000D19D7408003F7FCC10CD7400403F3F827002E
:2036A000D7408003F7F8C20CE02BE6F92600E6FA0403E6F86100CA00A272E00D0D02E6FDC0
:2036C000FF00F04DFCFDCB00F3FAB7CB47FA81002D0347FA80003D07E00AE6F97800C2F889
:2036E000B6CBCA00BC18CB00E10CE005C0C45C14D7408003C4542C0E09C149C38DF7F68E50
:20370000CACAF78ECECAF78ED3CAF78ED4CAF78EC0CAF68E10CBF78EE8CAF78EC5CA8FD398
:20372000F78E02CBF78EFFCAF78EDBCAF78EDCCAF78E03CBF78EDDCAF78EEDCAF78EF7CA93
:20374000D7708003F68E4C0EF68E4E0EF68E500EF68E520ED7508003F68E540EF68E560EA3
:20376000F68EFACAF68EF8CAE10CE005C0C85C18D7608003C4583C0EC458440EC458340E01
:2037800009C149C28DF2F78E15CBF68E16CBF68E1ACBD7408003F2F42C0E1EF4D74080033C
:2037A000F6F42C0EF78EC7CAF78ECFCAF78EEFCAF78EC6CAF78ED0CAF78EEECAD740800368
:2037C000F2F42C0EBEF4D7408003F6F42C0EF78EC9CAF78ED1CAF78EF0CAF78EC8CAF78E46
:2037E000D2CAF78EF1CACB00CB00D7408003F2F42C0E8AF42300F2F426CB46F436018D1314
:20380000E01474F4CACA258FCECAF3F8CECA49838D3DD7408003F2F42C0E7841D740800346
:20382000F6F42C0ECB00F3F8CECA4980FD2FE6F4FEFF64F4CACA058FCECACB00F2F426CB90
:2038400046F4DC00ED1AE6F4FEFF64F4CACA258FECCAF3F8ECCA49838D19258FEDCAF3F8B5
:20386000EDCA4983ED13D7408003F2F42C0E0EF4D7408003F6F42C0ECB00F3F8ECCA498016
:20388000FD05E01474F4CACA058FECCACB00F3F869CB49813D47F78EC6CAF78ED0CAF78EFB
:2038A000EECAF3F8C7CA3D1FF2F426CB46F422018D13258FCFCAF3F8CFCA49838D79E11808
:2038C000F7F8C7CAD7408003F2F42C0E7842D7408003F6F42C0ECB00F3F8CFCA4980FD68B9
:2038E000058FCFCACB00F2F426CB46F41801ED13258FEFCAF3F8EFCA47F80A008D59F78EE1
:20390000C7CAD7408003F2F42C0E1EF4D7408003F6F42C0ECB00F3F8EFCA4980FD49058F7A
:20392000EFCACB00F78EC7CAF78ECFCAF78EEFCAF3F8C6CA3D1FF2F426CB46F436018D13D2
:20394000258FD0CAF3F8D0CA49838D32E118F7F8C6CAD7408003F2F42C0E7842D740800383
:20396000F6F42C0ECB00F3F8D0CA4980FD21058FD0CACB00F2F426CB46F42C01ED13258F01
:20398000EECAF3F8EECA47F80A008D12F78EC6CAD7408003F2F42C0E1EF4D7408003F6F47F
:2039A0002C0ECB00F3F8EECA4980FD02058FEECACB00F3F869CB49813D47F3F8C9CA3D2533
:2039C000F78EC8CAF78ED2CAF78EF1CAF2F424CB46F422018D13258FD1CAF3F8D1CA4983FC
:2039E0008D79E118F7F8C9CAD7408003F2F42C0EBFF4D7408003F6F42C0ECB00F3F8D1CACA
:203A00004980FD68058FD1CACB00F2F424CB46F41801ED13258FF0CAF3F8F0CA47F80A00FA
:203A20008D59F78EC9CAD7408003F2F42C0EBEF4D7408003F6F42C0ECB00F3F8F0CA498025
:203A4000FD49058FF0CACB00F78EC9CAF78ED1CAF78EF0CAF3F8C8CA3D1FF2F424CB46F4A8
:203A600036018D13258FD2CAF3F8D2CA49838D32E118F7F8C8CAD7408003F2F42C0EBFF426
:203A8000D7408003F6F42C0ECB00F3F8D2CA4980FD21058FD2CACB00F2F424CB46F42C01F8
:203AA000ED13258FF1CAF3F8F1CA47F80A008D12F78EC8CAD7408003F2F42C0EBEF4D7406F
:203AC0008003F6F42C0ECB00F3F8F1CA4980FD02058FF1CACB00F3F869CB49813D4FD74060
:203AE0008003F2F42C0E8AF42450F2F428CB46F454018D14E6F4200074F4CACA258FD3CAE1
:203B0000F3F8D3CA49838D43D7408003F2F42C0E5FF4D7408003F6F42C0ECB00F3F8D3CA63
:203B20004980FD35E6F4DFFF64F4CACA058FD3CACB00F2F428CB46F44A01ED15E6F4DFFFD2
:203B400064F4CACA258FF2CAF3F8F2CA47F80A008D1ED7408003F2F42C0E5EF4D7408003C8
:203B6000F6F42C0ECB00F3F8F2CA4980FD10E6F4200074F4CACA058FF2CACB00D74080032E
:203B8000F2F42C0E5EF4D7408003F6F42C0ECB00F3F869CB49813D4FD7408003F2F42C0EFB
:203BA0008AF42460F2F42ACB46F45E018D14E6F4400074F4CACA258FD4CAF3F8D4CA498331
:203BC0008D4BD7408003F2F42C0E6FF4D7408003F6F42C0ECB00F3F8D4CA4980FD3DE6F401
:203BE000BFFF64F4CACA058FD4CACB00F2F42ACB46F45401ED15E6F4BFFF64F4CACA258F7A
:203C0000F3CAF3F8F3CA47F80A008D26D7408003F2F42C0E6EF4D7408003F6F42C0ECB009E
:203C2000F3F8F3CA4980FD18E6F4400074F4CACA058FF3CACB00E6F4BFFF64F4CACAF78EC3
:203C4000D4CAD7408003F2F42C0E6EF4D7408003F6F42C0EF78EF3CACB00D7408003F2F45F
:203C60002C0E8AF42320F2F42CCB46F4401F8D13E04474F4CACA258FD5CAF3F8D5CA49836A
:203C80008D38D7408003F2F42C0E7844D7408003F6F42C0ECB00F3F8D5CA4980FD2AE6F40C
:203CA000FBFF64F4CACA058FD5CACB00F2F42CCB46F4F01EED15E6F4FBFF64F4CACA258F85
:203CC000F4CAF3F8F4CA47F80A008D13D7408003F2F42C0E2EF4D7408003F6F42C0ECB002F
:203CE000F3F8F4CA4980FD05E04474F4CACA058FF4CACB00F3F869CB3D0AD7408003F2F42D
:203D00002C0E3EF4D7408003F6F42C0E0D4CD7408003F2F42C0E8AF42330F2F42CCB46F47E
:203D2000800CED13E08474F4CACA258FD6CAF3F8D6CA49838D38D7408003F2F42C0E3FF43A
:203D4000D7408003F6F42C0E0D2EF3F8D6CA4980FD2AE6F4F7FF64F4CACA058FD6CA0D23CF
:203D6000F2F42CCB46F4D00C8D15E6F4F7FF64F4CACA258FF5CAF3F8F5CA47F80A008D13EC
:203D8000D7408003F2F42C0E3EF4D7408003F6F42C0E0D09F3F8F5CA4980FD05E08474F422
:203DA000CACA058FF5CAF2F42CCB46F420039D05E7F8FE0065F8C5CACB00E11875F8C5CAB7
:203DC000CB00D7408003F2F42C0E8AF42740F2F430CB46F4800D8D17E6F4100074F4CACA47
:203DE000258FD7CAF3F8D7CA47F80A008D3FD7408003F2F42C0E4FF4D7408003F6F42C0E12
:203E0000258FF7CACB00F3F8D7CA4980FD2FE6F4EFFF64F4CACA058FD7CACB00F3F8F7CA81
:203E20004983ED24F2F430CB46F44000ED15E6F4EFFF64F4CACA258FF6CAF3F8F6CA47F836
:203E400032008D14D7408003F2F42C0E4EF4D7408003F6F42C0ECB00F3F8F6CA4980FD0693
:203E6000E6F4100074F4CACA058FF6CACB00D7408003F2F42C0E8AF42B80F3F832CB47F833
:203E8000B9008D1BE6F4000174F4CACA258FD8CAF3F8D8CA49838D40D7408003F2F42C0EB4
:203EA0008FF4D7508003F6F42C0EF2F42C0E9EF4D7408003F6F42C0ECB00F3F8D8CA498020
:203EC000FD2BE6F4FFFE64F4CACA058FD8CACB00F3F832CB47F8B400ED15E6F4FFFE64F4EA
:203EE000CACA258FFCCAF3F8FCCA47F80A008D14D7408003F2F42C0E8EF4D7408003F6F459
:203F00002C0ECB00F3F8FCCA4980FD06E6F4000174F4CACA058FFCCACB00D7408003F2F4A3
:203F20002C0E8AF42B90F3F832CB47F87300ED1BE6F4000274F4CACA258FD9CAF3F8D9CAAF
:203F400049838D40D7408003F2F42C0E9FF4D7508003F6F42C0EF2F42C0E8EF4D740800371
:203F6000F6F42C0ECB00F3F8D9CA4980FD2BE6F4FFFD64F4CACA058FD9CACB00F3F832CB27
:203F800047F878008D15E6F4FFFD64F4CACA258FFDCAF3F8FDCA47F80A008D14D740800355
:203FA000F2F42C0E9EF4D7408003F6F42C0ECB00F3F8FDCA4980FD06E6F4000274F4CACA70
:203FC000058FFDCACB00D7408003F2F4300E8AF41D60F3F833CB47F8A5008D11258FDBCA3E
:203FE000F3F8DBCA47F80A008D2DD7408003F2F4300E6FF4D7408003F6F4300E0D23F3F830
:20400000DBCA4980FD1F058FDBCA0D1CF3F833CB47F8A000ED11258FFFCAF3F8FFCA47F87E
:204020000A008D10D7408003F2F4300E6EF4D7408003F6F4300E0D06F3F8FFCA4980FD0268
:20404000058FFFCAF2F4CACA8AF41FA0F3F833CB47F8B400FD13258F01CBF3F801CB47F8EA
:204060000A008D2CE6F4000474F4CACAF3F87ECB49813D24E118F7F87DCBCB00F3F801CB92
:204080004980FD1C058F01CBCB00F3F833CB47F8B200ED0E258F00CBF3F800CB47F80A00C0
:2040A0008D0DE6F4FFFB64F4CACAF78E7DCBCB00F3F800CB4980FD02058F00CBCB00D7404F
:2040C0008003F2F4300E8AF42550F3F833CB47F85500ED15E6F4000874F4CACA258FDCCA8F
:2040E000F3F8DCCA47F80A008D45D7408003F2F4300E5FF4D7408003F6F4300ECB00F3F88B
:20410000DCCA4980FD37E6F4FFF764F4CACA058FDCCACB00F3FA33CB47FA59008D17E6F438
:20412000FFF764F4CACA258F02CBF3F802CB47F80A008D16D7408003F2F4300E5EF4D74051
:204140008003F6F4300EF78E7DCB0D0AF3F802CB4980FD06E6F4000874F4CACA058F02CB0D
:2041600047FA46009D07F3F87ECB49813D03E118F7F87DCBCB00D7408003F2F42C0E8AF4A3
:2041800024F0F2F42ECB46F4C000ED14258FDDCAE6F4002074F4CACAF3F8DDCA49838D39BC
:2041A000D7408003F2F42C0EFFF4D7408003F6F42C0ECB00F3F8DDCA4980FD2BE6F4FFDF8E
:2041C00064F4CACA058FDDCACB00F2F42ECB46F450028D15258F03CBE6F4FFDF64F4CACABA
:2041E000F3F803CB47F80A008D14D7408003F2F42C0EFEF4D7408003F6F42C0ECB00F3F8FC
:2042000003CB4980FD06E6F4002074F4CACA058F03CBCB00F2F4CCCA8AF41600F2F426CBFA
:2042200046F422018D0A258FE4CAF3F8E4CA49838D22E01474F4CCCACB00F3F8E4CA4980F5
:20424000FD1A058FE4CACB00F2F426CB46F41801ED0C258F0ACBF3F80ACB47F80A008D0BED
:20426000E6F4FEFF64F4CCCACB00F3F80ACB4980FD02058F0ACBCB00F2F4CCCA8AF41610D2
:20428000F2F428CB46F454018D0A258FE5CAF3F8E5CA49838D22E02474F4CCCACB00F3F8EF
:2042A000E5CA4980FD1A058FE5CACB00F2F428CB46F44A01ED0C258F0BCBF3F80BCB47F880
:2042C0000A008D0BE6F4FDFF64F4CCCACB00F3F80BCB4980FD02058F0BCBCB00F2F4CCCA73
:2042E0008AF41620F2F42ACB46F45E018D0A258FE6CAF3F8E6CA49838D22E04474F4CCCA63
:20430000CB00F3F8E6CA4980FD1A058FE6CACB00F2F42ACB46F45401ED0C258F0CCBF3F86F
:204320000CCB47F80A008D0BE6F4FBFF64F4CCCACB00F3F80CCB4980FD02058F0CCBCB0078
:20434000F3F835CB3D0AD7408003F2F42C0EEFF4D7408003F6F42C0ECB00D7408003F2F485
:204360002C0EEEF4D7408003F6F42C0ECB00F2F4CCCA8AF41730F2F430CB46F4800D8D0B17
:20438000258FE7CAF3F8E7CA47F80A008D22E08474F4CCCACB00F3F8E7CA4980FD1A058FE7
:2043A000E7CACB00F2F430CB46F44000ED0C258F0DCBF3F80DCB47F832008D0BE6F4F7FF05
:2043C00064F4CCCACB00F3F80DCB4980FD02058F0DCBCB00D7400300F2F4843F7CA49AF4F1
:2043E0001B00F3F815CB49832D17D7408003F2F4300E7841D7408003F6F4300E258F18CBF7
:20440000F3F818CB47F864008D188ED3E014F6F416CBF78E18CB0D11D7408003F2F4300E22
:204420000EF4D7408003F6F4300E8FD3F2F416CB2D04F68E16CB258F15CBF3F815CB4983CE
:204440003D34D7408003F2F42C0E8AF42E90D7408003F2F4300E3FF4D7508003F6F4300E32
:20446000F2F4300E7841D7408003F6F4300EF3F8C3CA67F8FC007981F7F8C3CAF3F8C3CADC
:2044800067F8F3007984F7F8C3CAF3F8C3CA67F8CF0077F81000F7F8C3CAF3F8C3CA67F8D9
:2044A0003F0077F84000F7F8C3CACB00E10CE10AC0A45C14D44494CB2D05E11CE118F7F88D
:2044C0001CCB0D0309A149A28DF349C0EA301044E6F53200F3F81CCB2D02E6F5960042F5A3
:2044E0001ECBFD07248F1ECBF68EF8CAF68EFACACB00F78E1CCBF2F430CB46F480008D2E18
:20450000F2F4FACA46F40A00FD03E0A424F4FACAF2F4F8CA48439D03248FF8CACB00F3F84F
:20452000C1CA67F8FC007981F7F8C1CAF3F8C1CA67F8F3007984F7F8C1CAF3F8C1CA67F80D
:20454000CF0077F81000F7F8C1CAF3F8C1CA67F83F0077F84000F7F8C1CACB00F2F4F8CAE3
:2045600046F40A00FD03E0A424F4F8CAF2F4FACA46F414009D03248FFACACB00F3F8C1CA49
:20458000698349823D02E12A0D01E10A69A3F3F8C1CA67F8FC00718AF7F8C1CAF3F8C1CA59
:2045A000C0847C24698349823D02E12A0D01E10A69A35C25F3F8C1CA67F8F300718AF7F8DE
:2045C000C1CAF3F8C1CAC0847C44698349823D02E12A0D01E10A69A35C45F3F8C1CA67F85A
:2045E000CF00718AF7F8C1CAF3F8C1CAC0847C64698349823D02E12A0D01E10A69A35C6516
:20460000F3F8C1CA67F83F00718AF7F8C1CACB00F68E1ECBF2F4FACA46F40A00FD03E0A467
:2046200024F4FACAF2F4F8CA46F40A00FD03E0A424F4F8CACB00E10CE10AC0A45C14D444C5
:2046400094CB46F420039D02E11C0D0309A149A28DF449C03D64F2F42CCB46F4D00CFD5FE3
:20466000D7400300F2F4843F7CA48AF40200E0140D01E00448402D53F2F420CB46F464007A
:204680009D09248F20CBD7508003F68E440EF68E3C0E0D47F2F430CB46F43000ED42D740A3
:2046A0008003F2F5440E46F50A00FD0626F50A00D7408003F6F5440ED7408003F2F43C0E30
:2046C000F0540851D7408003F6F53C0E46F564008D28E6F46400D7408003F6F43C0EF3F823
:2046E000C1CA67F8FC007982F7F8C1CAF3F8C1CA67F8F30077F80800F7F8C1CAF3F8C1CA30
:2047000067F8CF0077F82000F7F8C1CAF3F8C1CA67F83F0077F88000F7F8C1CA0D02F68E52
:2047200020CBD7408003F2F4300E8AF40220EA008E46F2F430CB46F48000EA808E46D74082
:204740008003F2F4440EF0540851D7508003F6F5440EF68E3C0E46F51400EA808E46E6F4E5
:204760001400D7408003F6F4440EF3F8C1CA698349813D02E11A0D01E10A69A3F3F8C1CA6E
:2047800067F8FC00718AF7F8C1CAF3F8C1CAC0847C24698349813D02E11A0D01E10A69A3FA
:2047A0005C25F3F8C1CA67F8F300718AF7F8C1CAF3F8C1CAC0847C44698349813D02E11AD1
:2047C0000D01E10A69A35C45F3F8C1CA67F8CF00718AF7F8C1CAF3F8C1CAC0847C64698394
:2047E00049813D02E11A0D01E10A69A35C65F3F8C1CA67F83F00718AF7F8C1CAF3F8C3CAEE
:20480000698349813D02E11A0D01E10A69A3F3F8C3CA67F8FC00718AF7F8C3CAF3F8C3CAE1
:20482000C0847C24698349813D02E11A0D01E10A69A35C25F3F8C3CA67F8F300718AF7F86A
:20484000C3CAF3F8C3CAC0847C44698349813D02E11A0D01E10A69A35C45F3F8C3CA67F8E2
:20486000CF00718AF7F8C3CAF3F8C3CAC0847C64698349813D02E11A0D01E10A69A35C65A0
:20488000F3F8C3CA67F83F00718AF7F8C3CACB00F3F8C1CA698349812D15F3F8C1CAC08498
:2048A0007C24698349812D0EF3F8C1CAC0847C44698349812D07F3F8C1CAC0847C6469837D
:2048C00049813D02E0150D01E00568515C15D7408003F2F4300E1EF47045D7408003F6F4B4
:2048E000300EF3F8C1CA698349822D15F3F8C1CAC0847C24698349822D0EF3F8C1CAC08405
:204900007C44698349822D07F3F8C1CAC0847C64698349823D02E0150D01E00568515C253A
:20492000D7408003F2F4300E2EF47045D7508003F6F4300EF2F5300E7C2568515C45D740D9
:204940008003F2F4300E4EF47045D7408003F6F4300EF3F8C3CA698349812D15F3F8C3CA0F
:20496000C0847C24698349812D0EF3F8C3CAC0847C44698349812D07F3F8C3CAC0847C6460
:20498000698349813D02E0150D01E00568515C35D7408003F2F4300E3EF47045D7408003B1
:2049A000F6F4300ECB00CA00EA35CA008E36CA00B237CA00D638CA009039CA004041CA005A
:2049C0009046CB00CA005A3ACA00F43ACA00C23BCA006E3CCA001A3DCA00C63DCA00BE3EF1
:2049E000D7408003F2F4300E8AF40650D7408003F2F4300E9AF40A60D7408003F2F42C0EB5
:204A0000AFF4D7408003F6F42C0E0D09D7408003F2F42C0EAEF4D7408003F6F42C0ECA003B
:204A2000763FCB00CA001440CA007840CA00DC40CA006E41CA00AC42CA003644CA00D4411C
:204A4000CA00BC4ACB00F2F42CCB46F4800C8D08CA0018A349802D04F68E10CB258FC0CA67
:204A6000CB00E10CE005C0C45C14C45494CB09C149C28DF9F2F410CB46F40A008D30F2F42B
:204A800030CB46F480008D25F3F8C1CA67F8FC007981F7F8C1CAF3F8C1CA67F8F3007984A5
:204AA000F7F8C1CAF3F8C1CA67F8CF0077F81000F7F8C1CAF3F8C1CA67F83F0077F840001C
:204AC000F7F8C1CAF68E10CB258FC0CAF78E12CBCB00F68E10CB258FC0CAF78E12CBCB00C8
:204AE000F3F812CB4982EA90B64AE00AF04A43F812CB2D06E005C0845C14C45494CB0D49D4
:204B0000E6FBF401F2FC2CCB46FCD00CED03E6FB20030D3A46FCE015ED37E6F82C01E00932
:204B2000F05C26F5D00CE6F42C011B45F2F90CFEF2F80EFEE6F61009E007F048F059CA00B9
:204B40004CAAF084F095E6F42003E00520483059F084F09526F420033850FD04E6F82003D3
:204B6000E0090D09F048F05926F4F40138509D03E6F8F401E009F048F05926F4E8033850B4
:204B8000FD02E6FBE803F0B8F04AC0845C14C4B494CB08A1F04A49828DA9F3FA12CBE0143B
:204BA0004C45F7F8DECBF2F410CB46F40A00EA80BA4AF2F430CB46F43000ED55F3F812CB04
:204BC0003D0FF3F8C1CA67F8FC007982F7F8C1CAF3F8C3CA67F8FC007982F7F8C3CA0D3EAE
:204BE000F3F812CB49813D11F3F8C1CA67F8F30077F80800F7F8C1CAF3F8C3CA67F8F30052
:204C000077F80800F7F8C3CA0D29F3F812CB49823D11F3F8C1CA67F8CF0077F82000F7F868
:204C2000C1CAF3F8C3CA67F8CF0077F82000F7F8C3CA0D14F3F812CB49833D10F3F8C1CAC0
:204C400067F83F0077F88000F7F8C1CAF3F8C3CA67F83F0077F88000F7F8C3CA258F12CB3B
:204C6000F68E10CB0D04F68E10CB258F12CBF3F812CB4981FD22F3F8C1CA698349822D15B4
:204C8000F3F8C1CAC0847C24698349822D0EF3F8C1CAC0847C44698349822D07F3F8C1CAED
:204CA000C0847C64698349823D03F78FC0CACB00F78FC0CACB00F78FC0CACB00ECFDF2F479
:204CC0002CCB46F4D00C8D30D7400300F2F4843F8AF42AA0248F10CBF3F8C0CA29812D0C19
:204CE00029828D0D2D0F09852D1029812D3029813D18CA0046480D2BCA0062480D28258F75
:204D0000C0CA0D25F78FC0CA0D22E00DE005F04DC0845C14C45494CB08D1F04D49828DF7F9
:204D20000D16F78EC0CA0D13E00DE005F04DC0845C14C45494CB08D1F04D49828DF7F3F897
:204D4000C5CA8AF40400F68E10CBF78EC0CAFCFDCB008FD3CB006EA0E6F425E5F6F440FEC9
:204D60008ED36FA0CB00E6F4FF00F6F422CBE6F4C800F6F426CBF6F424CBF6F428CBF6F42B
:204D80002ACBF68E2CCBF68E30CBF78E35CBE006E005F0465C14D7408003C454780086F688
:204DA00057028DF7F68E4ECBF68E50CBCB00F3F84CCC49879D06E6F4FF00F6F422CBF78E64
:204DC00064CBF3F864CB3D02BB6D0D38F3F864CB49813D03CA002E4E0D31F3F864CB498251
:204DE0003D03CA00B84F0D2AF3F864CB49833D03CA0028510D23F3F864CB49843D03CA00E1
:204E0000A0520D1CF3F864CB49853D03CA0040540D15F3F864CB49863D03CA00305A0D0E37
:204E2000F3F864CB49873D03CA00805B0D07F3F864CB47F808003D02CA00AC5A258F64CB3C
:204E4000F3F864CB47F80800FD02F78E64CBCB00248F4ECBF2F44ECB46F458028D02F68E01
:204E60004ECBD7408003F2F51C0DF2F44ECB5C14D7408003C4542805248F50CBF2F450CB52
:204E800046F480258D02F68E50CBD7408003F2F5220DF2F450CB7C445C14D7408003C45472
:204EA0007800CB00ECFDECFEECFF2802F2F422CB9AF42B10F2F85ECBCA009C54F054F6F430
:204EC00026CBE6F4FDFF64F422CBD7408003F2F42E0E9EF4D7408003F6F42E0EE6F4FFFDE2
:204EE00064F45ACBF6F53ACBE00DF2F55ECBF04DC0845C14D7408003C454000008D1F04D8F
:204F000047F80A008DF2EA00244EF2F65ECBF086F076E01DF04DC08A5C1AD7408003D4BA5E
:204F2000000040B8FD01F08B40B79D01F07B006BD7408003C4BAFEFF08D1F04D47F80A0021
:204F40008DE9F2F45ECBD7408003F6F41200F0462048F0642067F0967C39F0495C24204960
:204F60005C242049F0E4E00FF06F7C3E7C3F5CD670E6F089CA009C54F0A4F2F53ACBE6F49C
:204F800013001B54F2F90CFEF2F80EFEE6F62D001BA6F2F70CFEF2F60EFEF0E600E8F0F74E
:204FA00010F9F04E66F43F00F05F685026F420003850FD0AF04EF05FF06F7C647C655CA692
:204FC00070460841B8400D07F04EF05FF06F7C645CA67046B840A840F6F43ACBD7408003D9
:204FE000F2F42E0E9AF40590E6F4C800F6F426CB0D0DF2F45ACB9AF40590F6FA26CBF6FAD6
:205000003ACB0D04F2F43ACBF6F426CBD7408003F2F52E0E66F50002F2F45ACB9EF4704548
:20502000F6F45ACB0802FCFFFCFEFCFDCB00ECFDECFEECFF2802F2F422CB9AF42B00F2F840
:205040005CCBCA001456F054F6F424CBE6F4FEFF64F422CBD7408003F2F42E0E8EF4D74067
:205060008003F6F42E0EE6F4FFFE64F45ACBF6F53CCBE00DF2F55CCBF04DC0845C14D7403E
:205080008003C454140008D1F04D47F80A008DF2EA00AE4FF2F65CCBF086F076E01DF04D77
:2050A000C08A5C1AD7408003D4BA140040B8FD01F08B40B79D01F07B006BD7408003C4BA00
:2050C000120008D1F04D47F80A008DE9F2F45CCBD7408003F6F42600F0462048F0642067B9
:2050E000F0967C39F0495C2420495C242049F0E4E00FF06F7C3E7C3F5CD670E6F089CA0008
:205100001456F0A4F2F53CCBE6F413001B54F2F90CFEF2F80EFEE6F62D001BA6F2F70CFE9F
:20512000F2F60EFEF0E600E8F0F710F9F04E66F43F00F05F685026F420003850FD0AF04EE8
:20514000F05FF06F7C647C655CA670460841B8400D07F04EF05FF06F7C645CA67046B84057
:20516000A840F6F43CCBD7408003F2F42E0E9AF40580E6F4C800F6F424CB0D0DF2F45ACBE7
:205180009AF40580F6FA24CBF6FA3CCB0D04F2F43CCBF6F424CBD7408003F2F52E0E66F537
:2051A0000001F2F45ACB8EF47045F6F45ACB0802FCFFFCFEFCFDCB00ECFDECFEF2F422CB34
:2051C0009AF42F30D7408003F2F8160DCA007457F054F6F428CBE6F4F7FF64F422CBD74059
:2051E0008003F2F42E0EAEF4D7408003F6F42E0EE6F4FFFB64F45ACBF6F53ECBE00DD7405F
:205200008003F2F5160DF04DC0845C14D7408003C454280008D1F04D47F80A008DF0EA0070
:205220002251D7408003F2F6160DF086F076E01DF04DC08A5C1AD7408003D4BA280040B838
:20524000FD01F08B40B79D01F07B006BD7408003C4BA260008D1F04D47F80A008DE9D74040
:205260008003F2F4160DD7408003F6F43A00F0462048F0642067F0467C34F084CA0074577C
:20528000F0A4F2F43ECBE00500441055F064F075E6F43E001BA4F2F90CFEF2F80EFE0086FC
:2052A0001095F04866F43F00F059685026F420003850FD0AF048F059F0697C647C655CA611
:2052C00070460841F0E40D07F048F059F0697C645CA67046F0E4F6FE3ECBD7408003F2F424
:2052E0002E0E9AF405A0E6F4C800F6F428CB0D0DF2F45ACB9AF405A0F6FA28CBF6FA3ECB8C
:205300000D04F2F43ECBF6F428CBD7408003F2F52E0E66F50004F2F45ACBAEF47045F6F448
:205320005ACBFCFEFCFDCB00ECFDECFEF2F422CB9AF42F20D7408003F2F8200DCA00D25862
:20534000F054F6F42ACBE6F4FBFF64F422CBD7408003F2F42E0EBEF4D7408003F6F42E0EE3
:20536000E6F4FFF764F45ACBF6F540CBE00DD7408003F2F5200DF04DC0845C14D7408003C4
:20538000C4543C0008D1F04D47F80A008DF0EA009A52D7408003F2F6200DF086F076E01D7F
:2053A000F04DC08A5C1AD7408003D4BA3C0040B8FD01F08B40B79D01F07B006BD740800316
:2053C000C4BA3A0008D1F04D47F80A008DE9D7408003F2F4200DD7408003F6F44E00F0468B
:2053E0002048F0642067F0467C34F084CA00D258F0A4F2F540CBE6F413001B54F2F90CFE45
:20540000F2F80EFEE6F62D001BA6F2F70CFEF2F60EFEF0460048F0571059F084F09566F464
:205420003F00685026F420003850FD0AF048F059F0697C647C655CA670460841F0E40D0728
:20544000F048F059F0697C645CA67046F0E4F6FE40CBD7408003F2F42E0E9AF405B0E6F42E
:20546000C800F6F42ACB0D0DF2F45ACB9AF405B0F6FA2ACBF6FA40CB0D04F2F440CBF6F451
:205480002ACBD7408003F2F52E0E66F50008F2F45ACBBEF47045F6F45ACBFCFEFCFDCB00B8
:2054A000E00AE008E009E006F0465C14D7408003D4442805E0050084109586F657028DF462
:2054C000E6F65802E007F048F059CA004CAAF084F095E6F6C901E007CA0034AAF084F09547
:2054E000F0657C587C595CB67086F2FC42CBF04C06F44006F064E007F048F0592046305786
:20550000ED0AF04806F44006F0591850F02CE003204C30579D02E00B0D5DF01C06F120035F
:20552000F061E007F048F05920413057ED08F04806F42003F0591850204230539D02E04B20
:205540000D49F2F442CB06F4E001F064E007F048F05920463057ED0AF04806F4E001F0592B
:205560001850F2F642CB204630579D02E08B0D32F2F442CB06F44001F064E007F048F059AE
:2055800020463057ED0AF04806F44001F0591850F2F642CB204630579D03E6FB1C000D1A5D
:2055A000F2F442CB06F4A000F064E007F048F05920463057ED0AF04806F4A000F05918503B
:2055C000F2F642CB204630579D03E6FB1E000D02E6FB1F00F04BC08CE6F42000204CF064FA
:2055E000E007F048F059CA0034AAF084F095F2F542CB1B5CF2F50CFEF2F40EFE008410952B
:20560000F04866F41F00F059685026F4100038508D02E01A0D01E00AF048F059F0697C54FB
:205620005CB6704600A4F6FA2ECB46FA40009D01E00AF6FA2CCBF2F42ECBF6F442CBCB0085
:20564000E008E009E00AE006F0465C14D7408003D4447800E0050084109586F657028DF475
:20566000E6F65802E007F048F059CA004CAAF084F095E6F6664CE007CA0034AAF084F095BD
:20568000F0657CB85C567086F0A846FA49009D01E00AF6FA30CBF6FA44CBCB00D7408003E1
:2056A000F2F42E0E9AF42C9046F814008D2446F8DF03ED21258F53CBF3F853CB47F81E0015
:2056C0008D1CF78E53CBD7408003F2F42E0E9EF4D7508003F6F42E0EF2F42E0E3EF4D750E5
:2056E0008003F6F42E0EF2F42E0E2EF4D7408003F6F42E0E0D02F78E53CBE6F7C8000D7920
:2057000046F8E803FD0AE6F4FBFF64F45ACBE08474F45ACBE6F7C8000D3846F80A009D0A3E
:20572000E04474F45ACBE6F4F7FF64F45ACBE6F7C8000D2BE6F4FBFF64F45ACBE6F4F7FF6D
:2057400064F45ACBD7400403F2F5EA0240589D02E0070D1BD7400403F2F50A064058FD03E8
:20576000E6F790010D12E006F0465C14D7400403D454EA024058FD0386F68F018DF546F67C
:205780009001FD02E6F69001F076F2F45ACB8AF40420F2F45ACB9AF42A30258F53CBF3F849
:2057A00053CB47F81E008D25F78E53CBD7408003F2F42E0E9FF4D7408003F6F42E0EF2F424
:2057C0005ACB9AF40A20D7408003F2F42E0E3FF4D7408003F6F42E0E0D0CD7408003F2F4A4
:2057E0002E0E7844D7408003F6F42E0E0D02F78E53CBD7408003F2F52E0E6854D74080032C
:20580000F2F42E0E2EF47045D7408003F6F42E0EF047CB00D7408003F2F42E0E9AF42C80D7
:2058200046F814008D2446F8DF03ED21258F52CBF3F852CB47F81E008D1CF78E52CBD7409F
:205840008003F2F42E0E8EF4D7508003F6F42E0EF2F42E0E1EF4D7508003F6F42E0EF2F467
:205860002E0E0EF4D7408003F6F42E0E0D02F78E52CBE6F7C8000D6D46F8E803FD0AE6F450
:20588000FEFF64F45ACBE02474F45ACBE6F7C8000D3846F80A009D0AE01474F45ACBE6F4C9
:2058A000FDFF64F45ACBE6F7C8000D2BE6F4FEFF64F45ACBE6F4FDFF64F45ACBD7400403CD
:2058C000F2F5EA0240589D02E0070D1BD7400403F2F50A064058FD03E6F790010D12E0068F
:2058E000F0465C14D7400403D454EA024058FD0386F68F018DF546F69001FD02E6F6900171
:20590000F076F2F45ACB8AF40400F2F45ACB9AF41E10258F52CBF3F852CB47F81E008D19F1
:20592000F78E52CBD7408003F2F42E0E8FF4D7408003F6F42E0EF2F45ACB9AF40400E01435
:2059400074F45ACB0D06E02474F45ACB0D02F78E52CBD7408003F2F52E0E6851D740800355
:20596000F2F42E0E0EF47045D7408003F6F42E0EF047CB00D7408003F2F42E0E9AF42CA076
:2059800046F814008D2446F8DF03ED21258F54CBF3F854CB47F81E008D1CF78E54CBD74038
:2059A0008003F2F42E0EAEF4D7508003F6F42E0EF2F42E0E5EF4D7508003F6F42E0EF2F4A6
:2059C0002E0E4EF4D7408003F6F42E0E0D02F78E54CBE6F7C8000D7B46F8E803FD0BE6F49E
:2059E000EFFF64F45ACBE6F4200074F45ACBE6F7C8000D3946F80A009D0BE6F4100074F488
:205A00005ACBE6F4DFFF64F45ACBE6F7C8000D2BE6F4EFFF64F45ACBE6F4DFFF64F45ACBD5
:205A2000D7400403F2F52E0940589D02E0070D1BD7400403F2F54E0C4058FD03E6F790017F
:205A40000D12E006F0465C14D7400403D4542E094058FD0386F68F018DF546F69001FD022C
:205A6000E6F69001F076F2F45ACB8AF40440F2F45ACB9AF42A50258F54CBF3F854CB47F857
:205A80001E008D25F78E54CBD7408003F2F42E0EAFF4D7408003F6F42E0EF2F45ACB9AF4DA
:205AA0000A40D7408003F2F42E0E5FF4D7408003F6F42E0E0D0CD7408003F2F42E0E4FF4B5
:205AC000D7408003F6F42E0E0D02F78E54CBF047CB00D7408003F2F42E0E9AF42CB046F8ED
:205AE00014008D2446F8DF03ED21258F55CBF3F855CB47F81E008D1CF78E55CBD74080038F
:205B0000F2F42E0EBEF4D7508003F6F42E0EF2F42E0E7EF4D7508003F6F42E0EF2F42E0E5B
:205B20006EF4D7408003F6F42E0E0D02F78E55CBE6F7C8000D7B46F8E803FD0BE6F4BFFF99
:205B400064F45ACBE6F4800074F45ACBE6F7C8000D3946F80A009D0BE6F4400074F45ACB5F
:205B6000E6F47FFF64F45ACBE6F7C8000D2BE6F4BFFF64F45ACBE6F47FFF64F45ACBD74072
:205B80000403F2F50C0640589D02E0070D1BD7400403F2F52C094058FD03E6F790010D1260
:205BA000E006F0465C14D7400403D4540C064058FD0386F68F018DF546F69001FD02E6F633
:205BC0009001F076F2F45ACB8AF40460F2F45ACB9AF42A70258F55CBF3F855CB47F81E0072
:205BE0008D25F78E55CBD7408003F2F42E0EBFF4D7408003F6F42E0EF2F45ACB9AF40A601C
:205C0000D7408003F2F42E0E7FF4D7408003F6F42E0E0D0CD7408003F2F42E0E6FF4D74046
:205C20008003F6F42E0E0D02F78E55CBF047CB00E00AD7408003F2F8140DE009E6F645006C
:205C4000E007F048F05ACA0034AAF084F095F0657C887C895C867086E076E007F048F05946
:205C6000CA0034AAF084F095F2F446CBE00500841095F0486847F0596850284438508D0114
:205C8000E01AF048F059F0697C345CD6704600A446FAFF00FD03F78F32CB0D03F04AF7F8F9
:205CA00032CBC2F432CBF6F446CBCB00E00AF2F860CBE009E076E007F048F05ACA0034AA1F
:205CC000F084F095F2F448CBE00500841095F0486847F0596850284438508D01E01AF04828
:205CE000F059F0697C345CD6704600A446FAFF00FD03F78F33CB0D03F04AF7F833CBC2F416
:205D000033CBF6F448CBCB00E00AF2F862CBE009E6F64500E007F048F05ACA0034AAF0842D
:205D2000F095F0657C887C895C867086E076E007F048F059CA0034AAF084F095F2F44ACB4E
:205D4000E00500841095F0486847F0596850284438508D01E01AF048F059F0697C345CD615
:205D6000704600A446FAFF00FD03F78F34CB0D03F04AF7F834CBC2F434CBF6F44ACBCB004E
:205D8000F3F835CB49813D17F2F562CB46F5AA00ED0346F555009D0C258F65CBF3F865CBD9
:205DA0004983FD27E138F7F865CBF78E35CBCB00F78E65CBCB00F2F562CB46F5AA009D1045
:205DC00046F55500FD0DF3F865CB4980FD02058F65CBF3F865CB3D0DE118F7F835CBCB006A
:205DE000258F65CBF3F865CB4983FD03E138F7F865CBCB00F68E1CCCE118F7F81ACCF78E16
:205E00001BCCE102E10AC028D7508003E4A8660BE4A86D0BE005F0485C14D7408003C454FB
:205E2000440CF0985C3900985C19D7508003C4597C0BC4597E0BE10CD7408003E4C9800B35
:205E4000E10CD7408003E4C9890BE10CD7408003E4C98A0BE006D7408003C4698C0BE10A82
:205E6000D7508003E4A8520CE4A8740B092149278DC9CB00F04849813D04E118F7F81ACCB7
:205E8000CB00F78E1ACCF78E20CCCB00E10EC0E9F0695C26D7500403D446F012D456F212A5
:205EA00000441055004410557C24DC45A884F0495C14D7400403D4440C1360482D06E11ACF
:205EC000D7408003E4A9660B0D05E10AD7408003E4A9660B09E149E78DDAE10EE11AC0E486
:205EE000D7408003E4A46D0B09E149E78DF8CB00E10CC0C55C15D7408003D445440C08416F
:205F0000D7408003C445440C09C149C78DF2CB00E6F4C413E6F50403F0A4F0B5E1040D614B
:205F200009414945ED65DC5BA84AD45A020066F5FF00204830593D54F048F05926F4FFFF69
:205F400036F5FF003D4BE102E11AC02CD7408003E4AC660BE10AD7508003E4AC660BE4AC04
:205F60006D0BE006F03C5C33003C5C13D7608003C4637C0BC4637E0BE4C3800BE10CD7400F
:205F80008003E4C3840BE10CD7408003E4C3850BE10CD7408003E4C3860BE10CD740800344
:205FA000E4C3870BE10CD7408003E4C3880BE10CD7408003E4C3890BE10CD7408003E4C3F7
:205FC0008A0BE006D7408003C4638C0BE10AD7408003E4AC520C092149278DB6E108CB00EA
:205FE00008A4DC5BA84AD45A020028403850ED98E118CB00ECFDECFEECFFE00EE00FF3F8DD
:2060000020CC49859D02258F20CCD7408003F3F83B0B49813D07F3F820CC49858D03E11880
:20602000F7F81ACCF3F81ACC49813D30E00DF04DC0865C26D7500403D426AA12D436AC12E5
:20604000C084D7408003F484660BF0E4F04DC084D7408003F4846D0BF0F4C08CF04DC084E9
:20606000D7408003F484740BC08BF04EC08AF082F093CA005465F05EF04DC084D7408003DB
:20608000E4A4740B08D1F04D49878DD1FCFFFCFEFCFDCB00ECFDECFEF2F41CCC9AF40210BB
:2060A000EA001860E00DF05DF04DC0875C27D7408003E4A7FA0BE10AD7408003E4A7FB0BFD
:2060C000E10AD7408003E4A7FC0BE10AD7408003E4A7FD0B08D1F04D49878DE5E00DF04D0F
:2060E000C085F0655C3600655C16D7508003D4467C0BD4567E0B7045EA200E60F04DC085F0
:20610000F0455C3400455C14D7508003D4847C0BD4947E0BCA005C68F0E449879D73F04D0C
:20612000C087F0875C3800875C18D7408003F488800B9AF40E30D7408003F428890B47F222
:20614000FF009D0CF1820981D7408003E488890B0D05E10CD7408003E4C8890BD74080038D
:20616000F448800B8AF20710F18467F8DF00D7408003E488800BD7408003F488800B9AF452
:206180000620E10CD7408003E4C88A0B0D1CD7408003F4688A0B47F6FF009D06F18609817D
:2061A000D7408003E4888A0BD7408003F4888A0B49838D09E10CD7608003E4C8800BE4C8AD
:2061C0008A0BE4C8890BD7408003F4A8800B67FA4D00F04EC0845C24D7508003E4A4FB0B41
:2061E000F4A8890BF04EC0845C24D7508003E4A4FC0BF4A88A0BF04EC0845C24D740800367
:20620000E4A4FD0B08D1F04D4987EA80DE5EF78E1FCCE02474F41CCCFCFEFCFDCB00ECFDF7
:20622000ECFEE00DF05DF04DC0875C27D7408003E4A7160CE10AD7408003E4A7170CE10ACE
:20624000D7408003E4A7180CE10AD7408003E4A7190C08D1F04D49878DE5E00DF04DC085F9
:20626000F0655C3600655C16D7508003D4467C0BD4567E0B7045EA209861F04DC085F045F3
:206280005C3400455C14D7508003D4847C0BD4947E0BCA005C68F0E449879D79F04DC08773
:2062A000F0875C3800875C18D7408003F428800B9AF11D309AF11B20D7408003F448890B8F
:2062C00047F4FF009D0AF1A409A1F04EC0845C24D7408003E4A4180C0D12E7FAFF00F04E19
:2062E000C0845C24D7408003E4A4180C0D08E10AF04EC0845C24D7408003E4A4180C9AF1C1
:206300001220E10CD7408003E4C88A0BE10AF04EC0895C29D7608003E4A9190CF4A8800BF9
:20632000E4A9170C0D34D7408003F4688A0B47F6FF009D0AF1A609A1F04EC0845C24D740A4
:206340008003E4A4190C0D09E7FAFF00F04EC0845C24D7408003E4A4190CF04EC08B5C2BBE
:20636000D7408003F48B190C49818D11F1A267FAF700D7408003E4AB170CE10AD7408003BB
:20638000E4AB190CE10AD7408003E4AB180C08D1F04D4987EA805C60FCFEFCFDCB00ECFD5E
:2063A000F2F41CCC9AF43220E6F4F7FF64F41CCCF3F41FCC49479D23C048F0485C2406F443
:2063C0008000F128C0465C26E6F4FA0BE6F580030046F064F075088148879D05E08DE128F0
:2063E00005F81FCC0D03E04D258F1FCCF04DC08BF0A7F096C028CA001672E1080D08E6F422
:20640000FBFF64F41CCCE08474F41CCCE118FCFDCB00F2F41CCC8AF40310E04474F41CCCFE
:20642000CA00945EBBBCF1A849A13D04E6F4FDFF64F41CCCF18ACB00F3F81BCC3D04E118FD
:20644000F7F81BCC0D02CA00F45DCA001E60CA00A669CB00E102E10EC0E9F0A95C3A00A9FD
:206460005C1AD7508003D44A7C0BD45A7E0B70453D02F182CB00D7408003F44A800B67F4B0
:206480004D00F184604849802D01092109E149E78DE3F182CB00ECFDE00BE104C045F06596
:2064A0005C3600655C16D7508003D4C67C0BD4D67E0BF04C704D3D02F04B0D41C045F0457A
:2064C0005C3400455C14D7408003F464800B67F64D00C045F0655C3600655C16D7508003E3
:2064E000D4C67C0BD4D67E0BF186604849802D23F04DE005F12867F2FF00F0690891DC4A65
:20650000B926F04CF05DF06D7C847C855C867046F12867F2FF00F0690891DC4AB926F01CA9
:2065200067F2FF00F0690891DC4AB926F0690891DC4AB96608B4094149478DB0F04BFCFDCE
:20654000CB00E004CB00E00CE106E104C045F0455C3400455C14D7508003D4647C0BD474D9
:206560007E0BF048F05920463057EA309E64C045F0455C3400455C14D7408003F484800BEC
:20658000F16867F64D00F049E005F12867F2FF00F06A08A1DC4BB926F048F059F0697C8486
:2065A0007C855C867046F12867F2FF00F06A08A1DC4BB926F01867F2FF00F06A08A1DC4B3E
:2065C000B926F06A08A1DC4BB966E112F06A08A1DC4BB926C045F0455C3400455C14D74001
:2065E0008003F424840BF06A08A1DC4BB926C045F0455C3400455C14D7408003F424870BA5
:20660000F06A08A1DC4BB926C045F0455C3400455C14D7408003F424880BF06A08A1DC4B83
:20662000B926C045F0455C3400455C14D7408003F424890BF06A08A1DC4BB926C045F04573
:206640005C3400455C14D7408003F4248A0BF06A08A1DC4BB926C045F0455C3400455C1426
:20666000D7408003D4448C0B7C8466F4FF00F128F06A08A1DC4BB926C045F0455C34004547
:206680005C14D7408003D4448C0B66F4FF00F128F06A08A1DC4BB92606FC0C000D0409415D
:2066A0004947EA804C63F04CCB00E00CE106E104C0465C26D7500403D4A6AA12D4B6AC123E
:2066C000E106E102C025F0455C3400455C14D7508003D4647C0BD4747E0BF04AF05B20466C
:2066E00030573D0DC025F0455C3400455C14D7408003F484800BF16867F64D000D03092190
:2067000049278DE0F04BE005F12867F2FF00F0680881DC49B926F04AF05BF06B7C847C8545
:206720005C867046F12867F2FF00F0680881DC49B926F01A67F2FF00F0680881DC49B92624
:20674000F0680881DC49B96608C4094149478DB0F04CCB00ECFDECFEECFFF0DC88B088A040
:20676000F0E8F0F92802E004B840CA001E68B840F04D49803D15A860F076FEF7F0875C3844
:2067800000875C18D7608003C4E87C0BC4F87E0BF488800B77F84000D7408003E488800B85
:2067A000A8609AF604F0F4800200EA20486746F6FFFF3D02EA004867FEF6B860F48002008A
:2067C00049813D5FA870F0875C3800875C18D7508003C4E87C0BC4F87E0BE10CD75080037C
:2067E000E4C8880BF488800B7981D7408003E488800BF48004003D0CD7408003F4A8840B42
:2068000047FAFF009D0509A1D7408003E4A8840BD7408003F487520C0981D7408003E48735
:20682000520C49838D55E13AD7408003E4A7520CF0675C16D7408003D446440C0841D74081
:206840008003C446440C46F40A008D42D7408003D4588C0B46F560EA9D050851D7408003D1
:20686000C4588C0BD7408003F488800B7984D7408003E488800BE005D7408003C456440C4D
:206880000D27A870F0575C3500575C15D7408003F485800B67F8FE00D7408003E485800B83
:2068A000F0575C15D7408003D465440C4860FD052861D7408003C465440CD7408003F4A782
:2068C000520C49A0FD0529A1D7408003E4A7520CF04D49813D23A890F0895C3800895C1879
:2068E000D7408003D4488C0B4845FD0DE006D7508003C4688C0BF488800B77F80800D740CC
:206900008003E488800BD7408003F488800B67F8BF00D7408003E488800B0D16A8508AF513
:2069200013F0F065FEF6B860F0465C3600645C16D7408003F4A6880B47FAFF009D0509A102
:20694000D7408003E4A6880B0806FCFFFCFEFCFDCB0006F0F0FFE6F4002CE6F51103F0A44B
:20696000F0B5E10C0D16DC5BA82AD43A0200F042F053204830593D0409C149C39D160D0705
:20698000F04270433D04B880C49002000D0E06FA1000F04AF05B4AF5F40E4AF5F41F7C255F
:2069A00026F4007336F5C4008DDE06F01000CB00E6F4002CE6F51103F0A4F0B50D1126FAB3
:2069C0001200DC5BA84AD45A0200204830593D08F04AF05B4AF5F40E4AF5F41F7C25CB0092
:2069E000F04AF05B26F4002036F511039DE8E6F4FFFFE6F5FFFFCB00E10EC0E65C26D7505A
:206A00000403D446AA12D456AC12204830593D02E004CB0009E149E78DF0E004CB00E10E9D
:206A2000C0EAF0BA5C3B00BA5C1BD7508003D42B7C0BD43B7E0BF042F053204830593D02CD
:206A4000C0E4CB00F04270433D03C0E4FFF4CB0009E149E78DE5E6F4FFFFCB00E10EC0E67C
:206A60005C26D7500403D446AA12D456AC12204830593D02F18ECB0009E149E78DF0E7F8B8
:206A8000FF00CB00ECFDF048F05900441055004410557C24F0C4F0D5F04AF05B0044105529
:206AA000004410557C24F084F095E104DC499928F06C08C1DC4DB926094147F412008DF682
:206AC000FCFDCB00ECFD06F0F8FFE10EE10CC0E5F0400045B9C409E147FE08008DF8F3F802
:206AE000B7CB47F881003D08F78E21CCF78E22CCE7F88000F7F8B7CBF3F421CC49478D0465
:206B0000F3F822CC49819D38C048F0485C2406F48800F128F040E00506F4000016F5000088
:206B200000441055004410557C24F064F075088148879D05E08DE12805F821CC0D03E04D13
:206B4000258F21CCF3F821CC49878D08258F22CCF3F822CC4981ED02F78E21CCF04DC08B29
:206B6000F0A7F096C028CA00167249803D03E7F8FF000D03E1080D01E11806F00800FCFDE0
:206B8000CB00F78E26CCF78E25CCF78E27CCE118F7F829CCF78E2ACCF78E2BCCF78E2CCC74
:206BA000CA00086CCB00ECFDECFEECFF2804F3FAB7CB47FA81002D0347FA80003D5BF3F83D
:206BC000B6CB47F814003D1FCA00C468F0E449813D0AE6F8FFFFE6F9FF00CA00105DF78E34
:206BE000B7CBEA00FE6BF04E47F8FF00EA30FE6BE6F8FFFFE6F9FF00CA00105DE118F7F8E8
:206C0000B7CBEA00FE6BF3F8B6CB47F822003D19E6F9530BE6FA8003E6F81100CA005E6E57
:206C2000F0E449813D04F78EB7CBEA00FE6BF04E47F8FF00EA30FE6BE118F7F8B7CBEA00C8
:206C4000FE6BF3F8B6CB47F82E00EA30FE6BCA00BE6DF0E449813D04F78EB7CBEA00FE6B41
:206C6000F04E47F8FF00EA30FE6BE118F7F8B7CBEA00FE6BF3F82ACC4981EA30926BF3FAA9
:206C80002CCC49A79D5CF0D5F045C0875C27D7408003F487160CB980D7408003F487170CA7
:206CA000E4800100D7408003F487180CE4800200D7408003F487190CE4800300F04DC084AE
:206CC0005C2406F48800F0F4F3F829CC3D0206FF4000E04BF090E00A06F9000016FA0000C6
:206CE000009910AA009910AA7C29F04FC088CA001672F04DC0875C27D7408003F4A7160C12
:206D0000D7408003E4A7FA0BD7408003F4A7170CD7408003E4A7FB0BD7408003F4A7180C6D
:206D2000D7408003E4A7FC0BD7408003F4A7190CD7408003E4A7FD0B258F2CCC0D60258FD3
:206D40002BCCF3FC2BCCB9C0E7F8FF00218CE4800100E6FF8000F3F829CC3D06E6FFC000C0
:206D6000E118F7F829CC0D02F78E29CCE02BF090E00A06F9000016FA0000009910AA00993D
:206D800010AA7C29F04FC088CA001672F78E2ACC0D36E00DF04DC0875C27D7408003F4A7D4
:206DA000FA0BD7408003F487160C418A3D1ED7408003F4A7FB0BD7408003F487170C418A33
:206DC0003D14D7408003F4A7FC0BD7408003F487180C418A3D0AD7408003F4A7FD0BD74087
:206DE0008003F487190C418A2D06F78E2CCCE118F7F82ACC0D0408D1F04D49878DCB0804BC
:206E0000FCFFFCFEFCFDCB00ECFDECFEECFF2802F0A0E00B06FA000016FB000000AA10BBD0
:206E200000AA10BB7C2AE029E6F8C000CA006E71F4800100C085A9C0C0C4004546F4FF00C2
:206E40003D03F0F6E01E0D01E00EF0A0E00B06FA000016FB000000AA10BB00AA10BB7C2AF6
:206E6000E029E6F88000CA006E71F4800100C085A9C0C0C4004546F4FF003D24F0D6F04E78
:206E800049813D18F04DC0850851F04FC08440453D09F04FF7F82BCCE118F7F829CCE028A0
:206EA000BB270D21F04DF7F82BCCF78E29CCE018BB1F0D19F04DF7F82BCCF78E29CCE01898
:206EC000BB170D11F04E49813D09F04FF7F82BCCE118F7F829CCE028BB0B0D05F78E2BCC16
:206EE000E118F7F829CC0802FCFFFCFEFCFDCB00E7FC8800F04849823D02E7FCC800E6F4C0
:206F0000FA0BE6F58003F0B5F0A4E6F91C00C0C8CA006E7149813D51E104E102C0295C291B
:206F2000D7408003F469FA0B41623D44D7408003F489FB0B67F84D002D3DC06CF04C5C2416
:206F4000D7500403D464AA12D474AC12C04AF0BA5C3B00BA5C1BD7508003C46B7C0BC47BEE
:206F60007E0BD7408003F489FB0B67F84D00C08466F40800F1C8D7408003E4CB800BF04C50
:206F80005C14D7400403D4641A13D7408003C46B820BD7408003F4C9FC0BD7408003E4CB01
:206FA000890BD7408003F4C9FD0BD7408003E4CB8A0B0941092149278DB1E108CB0006F034
:206FC000F8FFF3F8B7CB47F881003D06F78E28CCE7F88000F7F8B7CBF3F8B7CB47F88000D5
:206FE0003D3AD7408003F3F2520B43F228CCFD31F3F428CC07F42000E10E0D12C2F428CC39
:20700000D7408003F4C4530BC0E5F0400045B9C4258F28CC43F228CCED0209E10D0409E184
:2070200047FE08008DEBC0EBF090E00A06F9000016FA0000009910AA009910AA7C29C04814
:20704000CA00167249803D03E7F8FF000D05E1080D03E1180D01E11806F00800CB00F049EA
:20706000F05AF0BAF0A9F048C089E6F82000CA006E71F1A849A13D02E118CB00E7F8FF00F7
:20708000CB00E6F4C000D7500300F6F44229F6F444291FDB2FDBE028CA0058711EDBE02815
:2070A000CA0058712EDBE028CA005871CB00E6F4C000D7500300F6F44229F6F444291EDB65
:2070C0002EDBE028CA0058712FDB1FDBE028CA005871CB00ECFDE004D7400300F6F4422966
:2070E000E09D2FDBE028CA005871D7400300F2F4943F9AF40810E6F4C000D7400300F6F457
:2071000042291EDB0D0428D1F04D4980EDEABBCFFCFDCB002EDBE6F4C000D7500300F6F41F
:207120004229F6F444291EDBE028CA0058712FDBE028CA0058712EDBCB002EDBE6F4C000DD
:20714000D7500300F6F44229F6F444291FDBE028CA0058712FDBE028CA0058712EDBCB004B
:20716000ECFDE00DD7400300F6FD4229E6F4C000D7400300F6F444291FDBE018CA00587131
:207180002FDBE018CA0058710D0A08D1F04D47F8FA00FD05BB8CE118F7F824CC0D0AD740A5
:2071A0000300F2F4943F8AF4F0102EDBF78E24CCE108FCFDCB00ECFDECFEF0D8E6F4C00035
:2071C000D7500300F6F44229F6F444292EDBE00EF04D67F88000C084BC74F1A8C0A568519B
:2071E0005C15D7400300F2F4B63F1EF47045D7400300F6F4B63FF04DC0845C14F0D4E028AC
:20720000CA0058712FDBE028CA0058712EDBE028CA00587108E1F04E47F808008DD9FCFEC4
:20722000FCFDCB00ECFDECFEECFFF0D82802E00ED7400300F6FE4229E6F4C000D7400300BF
:20724000F6F44429E00F2EDBE028CA0058712FDBE028CA0058715C1ED7400300F2F4943F52
:207260007C146841B980A9802D0108E1E018BB7408F1F04F47F808008DE6F04D49803D03FD
:20728000CA003A6F0D02CA00146FF04E0802FCFFFCFEFCFDCB00ECFDECFEF0D8E00ECA00CB
:2072A000826EE6F8A000BB87CA00606FF08D7C88BB82CA00606FF08D66F8FF00CA00B66F65
:2072C000CA00606FCA00826EE6F8A100CA00B66FCA00606FE008BBA6F0E4CA00AE6EF04E13
:2072E000FCFEFCFDCB000D05E6F5881328514850EDFDF058288148503DF7CB00ECFDECFEF2
:20730000F0E9F0D8CA00826EE6F8A000CA00B66FCA00606FF08D7C88CA00B66FCA00606F03
:20732000F08D66F8FF00CA00B66FCA00606FF04EC088CA00B66FCA00606FCA00AE6EE6F819
:207340006400BBD1FCFEFCFDCB00E6F6324BF056286148503DFCCB000D07E10ACC0009A146
:2073600047FA0F008DFB28814880EDF7CB00ECFDECFEECFFF0EAF0FB8890F0D8CA00826EF8
:20738000E6F8A000CA00B66FCA00606F49802D02E1080D3CF08D7C88CA00B66FCA00606FB4
:2073A00049802D02E1080D32F08D66F8FF00CA00B66FCA00606F49802D02E1080D27CA006C
:2073C000826EE6F8A100CA00B66FCA00606F49802D02E1080D1BE00D0D08E018CA00247055
:2073E000F08E08E1DC4FB98808D1A980C0852851F04DC0844045CDF1E008CA002470F08E72
:2074000008E1DC4FB988CA00AE6EE1180802FCFFFCFEFCFDCB00ECFDECFEECFF88B0F0E9A6
:20742000F0FAF0D8CA00826EE6F8A000CA00B66FCA00606F49802D02E1080D2EF08D7C883D
:20744000CA00B66FCA00606F49802D02E1080D24F08D66F8FF00CA00B66FCA00606F498067
:207460002D02E1080D19E00D0D0CDC4F998EC088CA00B66FCA00606F49802D02E1080D0CAC
:2074800008D1A9A0F04D418A8DF0CA00AE6EE6F86400CA00E670E1180802FCFFFCFEFCFD0C
:2074A000CB00ECFDECFEECFF88B0F0E9F0FAF0D82802E004B8400D3CA8402D04F04D66F481
:2074C0001F003D27CA00AE6EE6F86400CA00E670CA00826EE6F8A000CA00B66FCA00606F21
:2074E00049802D02E1080D30F08D7C88CA00B66FCA00606F49802D02E1080D26F08D66F876
:20750000FF00CA00B66FCA00606F49802D02E1080D1BDC4F998EC088CA00B66FCA00606FB9
:2075200049802D02E1080D1008D1A8400841B840D4500200A84040458DBFCA00AE6EE6F8A8
:207540006400CA00E670E1180804FCFFFCFEFCFDCB0006F0ECFFE6F4D013E6F50403F06019
:20756000E6F71400CA00DEAAE6FB1400F090E00A06F9000016FA0000009910AA009910AAB4
:207580007C29E6F82000CA001672E6FA520BE6FB8003E6F91400E6F82000CA006E71E6F9DC
:2075A0005500E6F8C000CA00FC70E6F8C000CA009670F1A809A106F01400CB00F78E69CB63
:2075C000F68E6ACBF68E6CCBF78E70CBE10CE10AC0C4D7408003E4A4800E09C147FC080056
:2075E0008DF7E128F7F871CBF7F872CBF68E74CBE6F49001F6F476CBF78E78CBF68F7ACBBC
:20760000F78E7CCBF68E80CBF78E7DCBF78E7ECBF68E50CCF78E52CCF68E0CCCE118F7F8AD
:207620008ECBCB00F048C082F0B27C1BF01BF1825048C086F0727C275076F0A27C4AF05AAA
:207640005057F04568415C64F1E8F0927C39F059512AC02650A67C52502A9120F042684161
:207660005C74F1C8F048718EC085C0C47045CB00248F80CBF3F802CC9AF40900E7F8FE00D6
:2076800065F802CCBB5249802D02F68E80CBF2F680CB46F6A00FFD0DE118F7F87CCBD7407D
:2076A0008003F2F42E0EEFF4D7408003F6F42E0E0D0EF3F852CC3D0BF78E7CCBD7408003B0
:2076C000F2F42E0EEEF4D7408003F6F42E0EF3F852CC49813D03E118F7F87CCBF3F87CCB72
:2076E00049813D02248F0CCCF2F50CCC46F5F401FD016EDB46F5E803FD04E6F4E803F6F4EA
:207700000CCC46F68813FD10E6F48813F6F480CBE118F7F87CCBD7408003F2F42E0EEFF435
:20772000D7408003F6F42E0ECB00ECFDECFEE00DE00EF3FA0BCC47FA0C003D1FF3F88ECB5F
:2077400049813D1BE08CE01BE6F9800EE6FA8003C0A8BB4B49802D0FE01DF68E80CBF78E0C
:207760007CCBF3F87DCB3D3DE6F8800EE6F98003CA00CA7B0D36E00D0D34F3F80BCC47F8C6
:207780003C003D2FE08CE00BE6F9800EE6FA8003C2F80BCCBB2A49802D24E01DF68E80CBBE
:2077A000F78E7CCBF3F87DCB3D1BE10AC0A4D7408003F484800E3D0508E109A147FA080065
:2077C0008DF5F04E47F808003D04E118F7F852CC0D08E6F8800EE6F98003CA00E8BA0D01FE
:2077E000E00DF04DFCFEFCFDCB00ECFEECFFF0E9F0FAE00348B13D05F048C088CA00247409
:20780000C083E10E0D08C0E6F04E0046DC4FA984C084003409E1F05C41EA8DF50D0326F31B
:207820000001083146F3FF00EDFAF0439140C083C2F50ACC40532D02E1080D01E118FCFF6E
:20784000FCFECB00DC49A9A8F18A6981F7F869CBC0A47C14F1C869C149C02D04E148F7F83C
:2078600071CB0D03E138F7F871CBDC49F4880100C087F04706F40A005C14F6F484CBDC4986
:20788000F4880200F1C867FC0F00DC49F4A80300F18A67F8FF00C08749A02D1DE128F7F830
:2078A00072CBF0575C2520575C3500575C15F6F56CCBF68E7ACB46F5D0208D05E6F4D02081
:2078C000F6F46CCB0D27F2F46CCB46F432009D22F68E6CCB0D1F49C03D06F68E6CCBE158E4
:2078E000F7F871CB0D1749C13D0AE138F7F872CBE6F4AC0DF6F46CCBF68E7ACB0D0B49C203
:207900003D09E138F7F872CBE6F4581BF6F46CCBF68E7ACBE128F7F883CBCB00ECFD06F0B5
:20792000F6FFE00748813D0DF3FA0BCC47FA25003D03E6F725000D0547FA26003D02E6F757
:20794000A600E00DE10CF04DC085F0400045B9C408D1F04D47F808008DF6F3F80BCC07F892
:20796000DA00EA20907A0981EA30767BE10CE102D7408003F2F4300E8AF41230D74080039C
:20798000F2F4300E8AF40C40D7408003F2F42C0E8AF40640D7408003F2F4300E9AF401101E
:2079A000E112D7408003F2F42C0E8AF451E0D7408003F2F4300E8AF44B60D7408003F2F404
:2079C000300E8AF44550D7408003F2F42C0E8AF43FB0D7408003F2F42E0E8AF43980D74025
:2079E0008003F2F42E0E8AF43390D7408003F2F42C0E8AF42D10D7408003F2F42E0E8AF4F2
:207A000027B0D7408003F2F42C0E8AF42160D7408003F2F42E0E8AF41BA0D7408003F2F461
:207A20002C0E8AF41550D7408003F2F42E0E8AF40FE0D7408003F2F42C0E8AF40920D74088
:207A40008003F2F42C0E8AF40330F3F844CC2D01E122E10CE7FC4000D7408003F2F42C0EDC
:207A60007CE49AF40300E6F420000D01E004F1A8E7F84000F1C871CAD7408003F2F4300EBF
:207A80007C349AF40300E6F410000D01E00471C8D7408003F2F4300E7C449AF40200E0841E
:207AA0000D01E00471C8C0245C1471C8F2F89ACB2D02E0140D01E00471C8B9C0F2F426CB21
:207AC0007C1426F40A00E4800100F2F424CB7C1426F40A00E4800200E10CD7408003F2F431
:207AE0002C0E7C649AF40300E6F480000D01E004F1A8E108F1C871CAD7408003F2F42E0E5D
:207B00007CB49AF40300E6F440000D01E00471C8D7408003F2F42C0E7C149AF40300E6F4AA
:207B200020000D01E00471C8D7408003F2F42E0E7C949AF40300E6F410000D01E00471C888
:207B4000D7408003F2F42C0E7CB49AF40200E0840D01E00471C8D7408003F2F42E0E7C8460
:207B60009AF40200E0440D01E00471C8D7408003F2F4300E7C649AF40200E0240D01E00402
:207B800071C8D7408003F2F4300E7C549AF40200E0140D01E00471C8E4C00300E10CF3F8F0
:207BA00044CC2D03E6F480000D01E004F1A8E108F1C871CAD7408003F2F4300E7C149AF4E7
:207BC0000300E6F440000D01E00471C8D7408003F2F42C0E7C449AF40300E6F420000D014A
:207BE000E00471C8F3F869CB49813D0CD7408003F2F42C0E7C349AF40300E6F410000D0143
:207C0000E00471C8D7408003F2F42C0E7C249AF40200E0840D01E00471C8D7408003F2F44E
:207C20002E0E7CE49AF40200E0440D01E00471C8D7408003F2F42C0E7C549AF40200E024AB
:207C40000D01E00471C8D7408003F2F42E0E7CA49AF40200E0140D01E00471C8E4C00400C6
:207C6000F2F42CCB7C64E4800500F2F530CBF0455C2400455C147C74E4800600E6F46400FA
:207C8000F6F80EFE5B44F2F40EFEE48007000D73D7408003F2F4300E8AF46930D7408003FF
:207CA000F2F4300E8AF46340D7408003F2F42C0E8AF45D40D7408003F2F4300E8AF4571007
:207CC000D7408003F2F42C0E8AF451E0D7408003F2F4300E8AF44B60D7408003F2F4300E96
:207CE0008AF44550D7408003F2F42C0E8AF43FB0D7408003F2F42E0E8AF43980D7408003BD
:207D0000F2F42E0E8AF43390D7408003F2F42C0E8AF42D10D7408003F2F42E0E8AF427B07A
:207D2000D7408003F2F42C0E8AF42160D7408003F2F42E0E8AF41BA0D7408003F2F42C0EDB
:207D40008AF41550D7408003F2F42E0E8AF40FE0D7408003F2F42C0E8AF40920D74080031C
:207D6000F2F42C0E8AF40330F3F844CC2D04E7F88000E4800700E00DF04DC084F0100014BA
:207D8000A981C084007408D1F04D47F808008DF40D0326F70001087146F7FF00EDFAF04722
:207DA0009140E4800800E00DF04DC084F0100014A981C088CA00CC9D08D1F04D47F8090001
:207DC0008DF306F00A00FCFDCB00DC49A9A8F18A6981F7F869CBC0A47C14F1A869A149A0E1
:207DE0002D04E148F7F871CB0D03E138F7F871CBDC49F4880100C085DC49F4C8020067FC7D
:207E00000F00DC49F488030067F8FF00C08748702D21E128F7F872CBF0475C2720745C37EE
:207E200000745C17F6F76CCBF68E7ACB46F7D0208D05E6F4D020F6F46CCB0D07F2F46CCB93
:207E400046F432009D02F68E6CCBE6F42201F6F484CB0D3948502D10E128F7F872CBE6F4FC
:207E6000D020F6F46CCBF68E7ACBF04506F40A005C14F6F484CB0D2749C03D06F68E6CCB0B
:207E8000E158F7F871CB0D1F49C13D0EE138F7F872CBE6F4AC0DF6F46CCBF68E7ACBE6F461
:207EA0002201F6F484CB0D0F49C23D0DE138F7F872CBE6F4581BF6F46CCBF68E7ACBE6F49F
:207EC0002201F6F484CBE128F7F883CBCB00F68E90CBF78E98CBF78EA2CBE11875F8A2CBA9
:207EE000F68E9ECBF78E9CCBCB00F2FA84CB46FA0A008D06F08A26F80A00F07A08710D0430
:207F0000E6F81400E6F71F0042F726CBED02E10A0D1D42F826CB8D0FF2FA6CCB3D02E10A31
:207F20000D1546FAAC0D3D02E11A0D1046FA581B3D0DE12A0D0BF2F96CCB46F9581B3D029C
:207F4000E11A0D0446F9AC0D3D01E10A49A03D02E0060D0B49A13D03E6F6F4010D0649A2D5
:207F60003D03E6F6E8030D01E006F046CB00BB06BB56CA00667FCA005483CB00F2F466CB01
:207F800028462D1728422D1F28422D1808453D20F3F872CB49823D05CA004281F6F490CB19
:207FA0000D26F3F872CB49833D22BB9FF6F490CB0D1ECA004281F6F490CB0D19CA004281EC
:207FC000F6F490CB0D14CA006680F6F490CB0D0FF2F466CB48432D0B46F408002D08F68E55
:207FE00090CBF68EA6CBF68E94CBF68E96CBF2F466CB48473D03E12875F8A2CBF3F8A2CB48
:208000009AF40810CA0076A049802D04E7F8FD0065F8A2CBF2F466CBF6F4A0CBCB00ECFD1A
:20802000ECFEECFFF2F892CB42F890CB9D74F3FC72CB49C23D37F2F426CB46F4AA00ED1B10
:20804000E00DF04DC0845C14D7400403D444E4134048ED0408D1F04D49838DF3F04D498430
:208060008D01E03DF04DC085F4853200F0F4F4853600F0E40D09F3F8A2CB9AF40310E01FB3
:20808000E01E0D02E05FE0FEF04E05F8A8CB0D05248F92CBF04F25F8A8CBF04F43F8A8CB2A
:2080A0008DF70D5D49C33D5BE00DF04DC0845C14D7400403D444EC134048ED0408D1F04D8C
:2080C00049848DF3F04D49858D01E04DF04D49803D09E6F4F401F6F492CBF68E9ECBF78EB9
:2080E0009CCB0D3DF3F89CCB49813D39F04DC085F4853A00F0F4F4853F00F0E405F8A8CB28
:208100000D05248F92CBF04F25F8A8CBF04F43F8A8CB8DF70D2442F890CBFD21CA00CC8003
:2081200049802D02E0AE0D0CF2F466CB48473D02E05E0D06F2F490CB3D02E0AE0D01E02E40
:20814000F04EC085F04502F490CB42F492CB9D0324F592CB0D04F2F490CBF6F492CBFCFFD9
:20816000FCFEFCFDCB00ECFDECFEECFF2806E108B980E00EE10CE00DF04DC084F4A42E0024
:2081800001CA08D1F04D49828DF7C0C5F2F492CB1B45F2FF0EFEF3F8A2CB9AF40400CA00D6
:2081A000D283F7F898CBCA008083F7F898CBE00DE006F04DC0855C15E02400400045B8648E
:2081C00008D1F04D49828DF5E00DF04DC084F484300043F898CB3D03F04DB9800D0408D1E8
:2081E000F04D49828DF2E00D40EF9D26A9E0007D49E28D0129E2C0E4F4E43000C0E8F428DF
:208200002E00C02BF04F204EF6F40EFE5BBBF2F60EFEF0985C19E0240040F0A400A9B86AF8
:20822000A84A46F4E803FD03E6F6E803B86AA85A1B5BF2F40EFE00E408D1F04D49828DD4AE
:20824000E00DF04DC0875C17E02100100017A851C45794CB08D1F04D49828DF30806FCFF35
:20826000FCFEFCFDCB00F2F4A0CB46F408002D02F68EAACBF2F4AACB46F4D0079D13F2F483
:208280002CCB46F450009D02E0060D09F2F590CB46F56400ED03E6F664000D01F065248F9B
:2082A000AACB0D05E6F4D007F6F4AACBE00648602D02E11A0D01E10A69A1F3F868CB67F8EF
:2082C000FE00718AF7F868CBF046CB00F3F835CB3D02E108CB00E118CB0046F90A008D0604
:2082E000F0B926FB0A00F0A908A10D04E6FB1400E6FA1F00408A8D02E0070D21408BED0637
:20830000F2F46CCBF07406F732000D19F2F66CCB46F6D0208D08F05A2058E6F4A4011B54F7
:20832000F2F70EFE0D0CE6F41400F6F60EFE5B44F2F60EFEF04A20481B46F2F70EFEF04787
:20834000CB00F3F869CB49813D1BF2F46CCB4840FD14F2F984CBF2F826CBBBBFF034E6F9C9
:208360001801F2F826CBBBB9F06440349D02F0430D01F046F6F4A4CB0D05F68EA4CB0D024A
:20838000F68EA4CBF2F5A4CB46F5204E9D02F0250D02E6F2204E42F2AECB2D02F78EB1CB05
:2083A000F6F2AECB46F232009D07F68EA6CBF78EB2CBE00CEA003483258FB2CBF3F8B2CB31
:2083C00047F80A00EA803083F78EB2CBF2F89ACB4028FD03F06220680D02F068206246F67F
:2083E000D007FD02E6F6D00746F6F401FD02F78EB1CB46F63200EAF02A83F0767C5746F758
:208400003200FD02E6F732004028FD2BF0167C31F3F8B0CB49812D05E118F7F8B0CB258F60
:20842000B1CB48103D03258FACCB0D02F78EACCBF3F8ACCB47F83200BD03E011F78EACCB72
:2084400004F1A6CBF2F4A6CB46F400FAFD04E6F400FAF6F4A6CBF2F4A6CB7C64F0C400C749
:208460000D2DF0167C31F78EB0CB48103D03058FACCB0D02F78EACCBD2F4ACCB46F4CEFF1D
:20848000DD03E011F78EACCB42F1A6CB9D0324F1A6CB0D02F68EA6CBF2F4A6CB46F490011F
:2084A0009D04E6F49001F6F4A6CBF2F4A6CBF0C47C6C40C7FD0220C70D01E00CE10CC0C905
:2084C0005C19D7508003D4595E0EC4595C0E09C147FC09008DF4D7608003F6F86E0EF2F4BC
:2084E0006E0EF2F85C0E4084FD03F07820740D02F0742078F05746F5F401FD02E6F5F4019B
:20850000F0657C664084FD0200C60D0540C6FD0220C60D01E00C46FCE803FD03E6FCE803AA
:208520000D0948C59D07E05C0D05F2FC90CB0D02F2FC90CB46FCE8038D02E6FCE803F2F416
:20854000A6CB46F400FA8D04E6F400FAF6F4A6CBF04CCB00F2F82CCBE009F2F630CBE0071B
:20856000F048F059CA0034AAF0657CB45C567046F05446F578009D01E005F6F59ACBCB0050
:20858000F2F492CB4840FD02E11E0D01E10EF3FC98CBF3F8B3CB49813D1549E03D13E10ADA
:2085A0000D0FC0A4F484300043F898CB3D0809A149A28D0129A2C0A4F4C430000D0309A1BC
:2085C00049A28DEF49C28D01E10CF7FEB3CBF18CCB00E10CD7408003F2F5220D4850FD06BB
:2085E0006851F1CAE7F8FE0065F8A2CB258FB4CBF3F8B4CB47F80A008D04E7F8FE0065F8AF
:20860000A2CBF18CCB00D7400300F2F4943F9AF40480E138F7F871CBCB00E158F7F871CB4D
:20862000CB00D1802FDDE6F40001D7400300F6F4262A48839D01E0382883F0489140D74097
:208640000300F6F4302AE6F40002D7400300F6F4262AD7400300F2F4BC308AF40630D740EC
:208660000300F2F42C2A8AF4F4C0D7400300F2F4BC308AF40230E094CB00E004CB00D740E8
:208680000300F2F5BC3166F5FF0340583D02E004CB00F6F8BCF1D7400300F2F4BC309AF40B
:2086A0001470D7400300F2F4BC309AF40E70D7400300F2F4BC309AF40870D7400300F2F44C
:2086C000BC309AF40270E044CB00D180FFDED7400300F2F4BC308AF41470D7400300F2F4A3
:2086E000BC308AF40E70D7400300F2F4BC308AF40870D7400300F2F4BC308AF40270E044B0
:20870000CB00E004CB00D7400300F2F5B8317C8566F53F0040583D02E004CB00F0585C85AB
:20872000D7400300F2F4B83166F4FF407045F6F4B8F1D7400300F2F4BC309AF40E60D74070
:208740000300F2F4BC309AF40860D7400300F2F4BC309AF40260E074CB00D180FFDCD74010
:208760000300F2F4BC308AF40E60D7400300F2F4BC308AF40860D7400300F2F4BC308AF4FC
:208780000260E074CB00E004CB00D7400300F2F5BA317C8566F50F0040583D02E004CB00CC
:2087A000F0585C85D7400300F2F4BA3166F4FF707045F6F4BAF1D7400300F2F4BC309AF418
:2087C0000E50D7400300F2F4BC309AF40850D7400300F2F4BC309AF40250E064CB00D1803D
:2087E000FFDDD7400300F2F4BC308AF40E50D7400300F2F4BC308AF40850D7400300F2F413
:20880000BC308AF40250E064CB00E004CB00ECFDF048BBBBF0D448D02D010D0FF089CA00DE
:208820000685F0D448D02D010D08F08ACA000688F0D448D02D010D01E004FCFDCB00E0A577
:20884000E6F6B20CE6F40001D7400300F6F4262AE6F6AF0CE6F450F3D7400300F6F4302A3D
:20886000E6F40002D7400300F6F4262AD7400300F2F4B4318AF40600D7400300F2F42C2A09
:208880008AF4F4C0D7400300F2F4B4318AF40200E014CB00E044F6F4E2F0E6F68A02E6F460
:2088A0000001D7400300F6F4262AE6F68702E6F478FDD7400300F6F4302AE6F40002D7405E
:2088C0000300F6F4262AD7400300F2F4B4318AF40CB0D7400300F2F4BC308AF406F0D740C5
:2088E0000300F2F42C2A8AF4EEC0D7400300F2F4B4318AF408B0D7400300F2F4BC309AF478
:2089000002F0E004CB00285148503D9AE024CB002802D7400300F2F4BC308AF40230E0A4B5
:208920000D22E034F6F4E2F0D1805EDD6EA5E6F40020F6F4E0F0D1806FDDE6F48000F6F404
:208940008EFEF2F490FE7EF4F6F490FEF2F4BCF0B840A84066F4000C3D03A8408AF402307D
:20896000E0A40D01E0040802CB00ECFDECFEECFFF0E8F0F92804E044C4400200E6F40001FC
:20898000D7400300F6F4262ADC4FA84E2D28D7400300F2F42C2A8AF4FAC0DC4FA88E288175
:2089A000BB32B840DC4FD4DE0200E6F40001D7400300F6F4262A48D39D01E03D28D3F04DB6
:2089C0009140D7400300F6F4302AE6F40002D7400300F6F4262AA8502D02F0450D0F08E4D4
:2089E000D44002002841C440020048403DCDD7400300F2F42C2A8AF4FAC0E0040804FCFFE7
:208A0000FCFEFCFDCB00D7400300F2F5BE3166F5FF0340583D02E004CB00F6F8BEF1D74011
:208A20000300F2F4BC309AF40E80D7400300F2F4BC309AF40880D7400300F2F4BC309AF4C9
:208A40000280E054CB00D180FFDFD7400300F2F4BC308AF40E80D7400300F2F4BC308AF404
:208A60000880D7400300F2F4BC308AF40280E054CB00E004CB00ECFDD18066DAF3FEE00881
:208A8000CA007E84F0D448D02D02EA002C8AD7400300F2F4B8317841D7500300F6F4B831C0
:208AA000F2F4BC309AF40E00D7400300F2F4BC309AF40800D7400300F2F4BC309AF402004A
:208AC000E0850D01E005F0D548D02D03F04DEA002C8AF2F4B8F17844F6F4B8F1E6F5620039
:208AE000E6F40001D7400300F6F4262AE6F55F00E6F4A0FFD7400300F6F4302AE6F400025A
:208B0000D7400300F6F4262AD7400300F2F42C2A8AF4FAC0E0CAE6F92000E038CA000E8654
:208B2000F0D448D02D02EA002C8AE6F41000F6F4E2F0E6F52100E6F40001D7400300F6F409
:208B4000262AE6F51E00E6F4E1FFD7400300F6F4302AE6F40002D7400300F6F4262AD7406D
:208B60000300F2F42C2A8AF4FAC0CA003E86F0D448D02D010D5BD7400300F2F4B8310EF493
:208B8000D7500300F6F4B831F2F4BC308AF40E00D7400300F2F4BC308AF40800D7400300EE
:208BA000F2F4BC308AF40200E0850D01E005F0D548D02D02F04D0D3AD18066DDF5FFD740DC
:208BC0000300F2F4BC309AF40E20D7400300F2F4BC309AF40820D7400300F2F4BC309AF4E8
:208BE0000220E0350D01E005F0D548D02D02F04D0D1DE6F42000F6F4E2F0E6F80401CA0075
:208C00002284F0D448D02D010D11CA001087F0D448D02D010D0BE6F86C00E6F90403CA0009
:208C20006A87F0D448D02D010D01E004FCFDCB002802D7400300F2F4002AF6F410CCD74052
:208C40000300F2F42C2AF6F412CCD7400300F2F42E2AF6F414CCD7400300F2F4062AF6F4D1
:208C600016CCD7400300F2F4322AF6F418CCE034D7500300F6F4002AF2F4002AB840E6F4B4
:208C80000005D7500300F6F4262AF2F42C2A1AF4030FD7500300F6F42C2AF2F42E2A66F40D
:208CA000E3F37842D7500300F6F42E2AF2F4062A66F4CFFFD7400300F6F4062AE6F4FFFF6E
:208CC000D7400300F6F4322AE6F40040D7400300F6F4262A0802CB002802E6F40005D740D1
:208CE0000300F6F4262AF2F412CCD7400300F6F42C2AF2F414CCD7400300F6F42E2AF2F411
:208D000016CCD7400300F6F4062AF2F418CCD7400300F6F4322AE6F40040D7400300F6F4F5
:208D2000262AF2F410CC76F48288D7500300F6F4002AF2F4002AB8400802CB00E0144C480A
:208D400074F4F6CBF048C0875C17D7408003C497BA0DE005D7408003C457DA0DCB00E014FC
:208D60004C48914064F4F6CBCB00E10CC0C85C18D7408003D498BA0D4890FD11D7400403F0
:208D8000D4487001F6F40EFE5B99F2F50CFEF2FA0EFE0852D7408003C458DA0D0D05E00585
:208DA000D7408003C458DA0D09C147FC10008DDECB00BE88F68EF6CBF68EF4CBBF88CB00E3
:208DC000CA000292E0A9E018BBB9E6F96400E028BBB5E6F96400E038BBB1E6F96400E04853
:208DE000BBADE0A9E058BBAAE0A9E068BBA7E059E078BBA4E019E088BBA1E0A9E098BB9EAB
:208E0000E6F9C800E0A8BB9AE6F91400E0B8BB96E6F96400E0C8BB92E6F96400E0D8BB8E76
:208E2000E6F96400E0E8BB8AE6F93200E0F8BB86E008BB95BB9ACB00CB00CA009AA3CB00C3
:208E4000CA00A647CB00CA00C447CB00CA002448CB00CA006AA0CB00CA006E7DCB00CA0006
:208E6000AE4BCB00CA007074CB00CA004AB2CB00CB00CB00CA002291CB00A758A7A7CB002E
:208E8000CA006A30CB00CA00C891CB00E6F4C6DFF6F442FEF2F4F6CB9AF41400D740800329
:208EA000F2F4DA0D2841D7408003F6F4DA0D48403D09D7508003F2F4BA0DF6F4DA0DE01427
:208EC00074F4F4CBF2F4F6CB9AF41410D7408003F2F4DC0D2841D7408003F6F4DC0D48404B
:208EE0003D09D7508003F2F4BC0DF6F4DC0DE02474F4F4CBF2F4F6CB9AF41420D7408003D2
:208F0000F2F4DE0D2841D7408003F6F4DE0D48403D09D7508003F2F4BE0DF6F4DE0DE04486
:208F200074F4F4CBF2F4F6CB9AF41430D7408003F2F4E00D2841D7408003F6F4E00D4840C2
:208F40003D09D7508003F2F4C00DF6F4E00DE08474F4F4CBF2F4F6CB9AF41540D7408003E8
:208F6000F2F4E20D2841D7408003F6F4E20D48403D0AD7508003F2F4C20DF6F4E20DE6F45F
:208F8000100074F4F4CBF2F4F6CB9AF41550D7408003F2F4E40D2841D7408003F6F4E40DB1
:208FA00048403D0AD7508003F2F4C40DF6F4E40DE6F4200074F4F4CBF2F4F6CB9AF41560DB
:208FC000D7408003F2F4E60D2841D7408003F6F4E60D48403D0AD7508003F2F4C60DF6F422
:208FE000E60DE6F4400074F4F4CBF2F4F6CB9AF41570D7408003F2F4E80D2841D74080030B
:20900000F6F4E80D48403D0AD7508003F2F4C80DF6F4E80DE6F4800074F4F4CBF2F4F6CB36
:209020009AF41580D7408003F2F4EA0D2841D7408003F6F4EA0D48403D0AD7508003F2F453
:20904000CA0DF6F4EA0DE6F4000174F4F4CBF2F4F6CB9AF41590D7408003F2F4EC0D28419A
:20906000D7408003F6F4EC0D48403D0AD7508003F2F4CC0DF6F4EC0DE6F4000274F4F4CB55
:20908000F2F4F6CB9AF415A0D7408003F2F4EE0D2841D7408003F6F4EE0D48403D0AD7508D
:2090A0008003F2F4CE0DF6F4EE0DE6F4000474F4F4CBF2F4F6CB9AF415B0D7408003F2F408
:2090C000F00D2841D7408003F6F4F00D48403D0AD7508003F2F4D00DF6F4F00DE6F40008A4
:2090E00074F4F4CBF2F4F6CB9AF415C0D7408003F2F4F20D2841D7408003F6F4F20D48404C
:209100003D0AD7508003F2F4D20DF6F4F20DE6F4001074F4F4CBF2F4F6CB9AF415D0D7406E
:209120008003F2F4F40D2841D7408003F6F4F40D48403D0AD7508003F2F4D40DF6F4F40DAC
:20914000E6F4002074F4F4CBF2F4F6CB9AF415E0D7408003F2F4F60D2841D7408003F6F454
:20916000F60D48403D0AD7508003F2F4D60DF6F4F60DE6F4004074F4F4CBF2F4F6CB9AF447
:2091800015F0D7408003F2F4F80D2841D7408003F6F4F80D48403D0AD7508003F2F4D80D0F
:2091A000F6F4F80DE6F4008074F4F4CBCB000D56F2F4F4CB9AF40700E6F4FEFF64F4F4CBE9
:2091C000CA00388C0D20F2F4F4CB9AF40710E6F4FDFF64F4F4CBCA003A8C0D15F2F4F4CB46
:2091E0009AF40720E6F4FBFF64F4F4CBCA00408C0D0AF2F4F4CB9AF40630E6F4F7FF64F491
:20920000F4CBCA00468CF2F4F4CB9AF40740E6F4EFFF64F4F4CBCA004C8C0D20F2F4F4CB26
:209220009AF40750E6F4DFFF64F4F4CBCA00528C0D15F2F4F4CB9AF40760E6F4BFFF64F426
:20924000F4CBCA00588C0D0AF2F4F4CB9AF40670E6F47FFF64F4F4CBCA005E8CF2F4F4CB19
:2092600066F4FF003DA5CB000D56F2F4F4CB9AF40780E6F4FFFE64F4F4CBCA00648C0D20F6
:20928000F2F4F4CB9AF40790E6F4FFFD64F4F4CBCA006A8C0D15F2F4F4CB9AF407A0E6F481
:2092A000FFFB64F4F4CBCA00708C0D0AF2F4F4CB9AF406B0E6F4FFF764F4F4CBCA00728C28
:2092C000F2F4F4CB9AF407C0E6F4FFEF64F4F4CBCA00748C0D20F2F4F4CB9AF407D0E6F4DA
:2092E000FFDF64F4F4CBCA007A8C0D15F2F4F4CB9AF407E0E6F4FFBF64F4F4CBCA00808CE8
:209300000D0AF2F4F4CB9AF406F0E6F4FF7F64F4F4CBCA00868CF2F4F4CB66F400FF3DA5E2
:20932000CB00258FFCCBF3F8FCCB47F80A008D26E1A825F8FCCB258FFDCBF3F8FDCB47F85E
:209340003C008D06E7F83C0025F8FDCB258FFECBF3F8FECB47F83C008D06E7F83C0025F8C7
:20936000FECB258FFFCBF3F8FFCB47F818008D06E7F8180025F8FFCB248F00CCCB00E10AF4
:20938000D7400300F2F4BA319AF40110E11AD7400300F2F4B8319AF40160E11AD75003004B
:2093A000F2F44A3FF2F4BC3066F4080246F408002D01E11AD7400300F2F4B4316841484186
:2093C0002D01E11AF18ACB00248F50CCF2F450CC46F46400FD07E6F46400F6F450CCE1186E
:2093E000F7F87ECB248F9ECBF2F49ECB46F45000FD07E6F45000F6F49ECBE118F7F89CCB70
:20940000CB00CA00C2AECA00664BCA0074A3CA00FA13CA00E834CA005EA0CA00CE7CCA0088
:20942000BC73CA0082B2CA00A2B0CA00B8BECA00F45B6FDBCB00F78E53CCF78E54CCD74015
:209440008003F68EA60DE004D7708003F6F4A80DF6F4AA0DF6F4AC0DF6F4AE0DCB00ECFD68
:20946000ECFEECFFF0E8F0F92806E004B840E10CE00DC4400200C4400400DC49F4A80200A1
:20948000C0A47C44F1C867FC0F00DC49A9E847FE77003D1AE014D7508003F6F41A0BF3F81C
:2094A0004D0B49812D06D7408003F2F4300B48413D4149C02D0249C13D3DD7508003F78EAA
:2094C0004D0BF68E300B0D3647FEDF003D12E024D7508003F6F41A0BF3F84D0B4981EA20EB
:2094E000E095D7408003F2F4300B48413D23EA00E09547FE7F003D06E034D7408003F6F455
:209500001A0B0D18D7408003F3F84D0B49812D07D7408003F2F4300B4841EA30E09549C248
:20952000EA20E095D7508003F78E4D0BF68E300BEA00E095D7408003F68E460B29C12D4B36
:2095400029C1EA20A29409C2EA30E095D7508003F78E4B0BF78E4D0B67FA0F00C0A4B84059
:209560004840EA20E095A8404846FD02EA00E095A8B0E0290090E00A06F9000016FA000026
:20958000009910AA009910AA7C29E008CA000C154840EA30E095E00D0D13F04DC089F04EC5
:2095A0000049DC4FF4240300D4700400D4600200DC57D4560200A8460049DC45B92408D131
:2095C000F04DC085A84040548DE8E009E008CA004E15EA00E095D7608003F78E4B0BF78EA1
:2095E0004D0BF2F41A0B4841EA30E095DC4FF48E020067F80F00C0865C86DC4FF48E0300FB
:20960000C084F0540056B8504857EA80E095A8B0E0290090E00A06F9000016FA0000009963
:2096200010AA009910AA7C29E008CA000C154840EA30E095D4500400D4400200D7508003A6
:20964000F6F4AC0DF6F5AE0DE02DF04DC089F04E0049DC4FF4240200D4700400D4600200E4
:20966000DC57D4560200A8460049DC45E424FEFF08D1F04D49878DE9E056D4500400D44060
:209680000200DC45C4640600E118D7408003F7F84D0BE7F86400D7408003F7F84C0BEA0092
:2096A000E095D7408003F78E4B0BDC4FF42E020067F20F00D7508003F2F7AE0DF2F6AC0D1A
:2096C000C4600200C47004007067EA20D295D4500400D4400200DC45D4540600E064F6F528
:2096E0000EFE5B44F2F50EFE085166F50F00C02440453D6FD7408003F3F84D0B49813D69A7
:20970000E01D0D20F04DC086F04E0046DC4FF4240200D4B00400D4A00200DC6BD48A06002A
:20972000D45A0200A84A0048DC45B924D4700400D4600200DC47D44606000841DC47C4468A
:20974000060008D1F04D49879D15DC4FF4AE010041A8FD10D4500400D4400200DC45D46410
:209760000400D4500400D4400200DC45D444060040468DC8D4500400D4400200DC45D464F6
:209780000400D4500400D4400200DC45D444060040468D09D7408003F78E4D0BE009E008E4
:2097A000CA004E150D1DDC4FF48E010049873D0CE118D7408003F7F84D0BE7F86400D74057
:2097C0008003F7F84C0B0D0CD7408003F78E4D0B0D07E004D7508003F6F4AC0DF6F4AE0D46
:2097E0000806FCFFFCFEFCFDCB00ECFDECFEECFF06F0F6FFE00DD7408003F3F84E0B498164
:20980000EA30EA97CA00F814F0E4F0F5DC45D45404004856ED37D7408003F78E490BF18A21
:20982000E4800200E00D0D0EF04DC087DC5FD45E0200A84E0047DC45A9C4E0340040004761
:20984000B9C408D1DC4FD45E0400F04DC08440458DEBDC4FD44E04000841E4800100F08064
:20986000E00906F8000016F9000000881099008810997C28CA001ABAE009E008CA00741926
:20988000EA00EA97DC4FD44E06003D3CDC4FD44E04007C8466F40F0006F41000E480020067
:2098A000DC4FD44E0400E4800300E00DF04DC087DC5FD45E0200A84E0047DC45A9C4E04421
:2098C00000400047B9C408D1F04D49858DEFE178E4800100E056DC4FC46E0600F080E00974
:2098E00006F8000016F9000000881099008810997C28CA001ABAD7508003F6FEA80DF6FF6F
:20990000AA0D0D69D7508003F2FFAA0DF2FEA80DF04E704F2D60D7408003F2F4300B484155
:209920003D5AD7408003F78E490BDC4FD45E0600E064F6F50EFE5B44F2F40EFE084166F44B
:209940000F0006F42000E4800200E00D0D17DC6FD48E0600D45E0200A84E0048DC45A9C4B4
:20996000F04DC085E03400400045B9C4DC4FD44E06000841DC4FC44E060008D1F04D49868B
:209980009D07DC5FD46E0400D44E060040468DDFF04D0981E4800100F080E00906F8000005
:2099A00016F9000000881099008810997C28CA001ABADC5FD46E0400D44E060040468D0B2D
:2099C000E009E008CA007419E004D7508003F6F4A80DF6F4AA0DE118D7408003F7F8490BBB
:2099E000E1F8D7408003F7F8480B06F00A00FCFFFCFEFCFDCB002804D4900200A880CA0075
:209A00005E920804CB00ECFDECFEECFF88C006F07CFFE00EE6FFC100F068F079B880C49027
:209A20000200E00DF04866F47F00F0596850D4608400D47086000046105726F480003850D4
:209A4000FD03E118EA006899A840D450020066F4F0FFF024F035E00D0D09DC039982F05D48
:209A6000C0A6E04500500056B98508D1F068F07966F60F006870F04DC084E0052046305747
:209A80008DEC0D15DC0BA98AF06D08D1C0C6E04500500056B98508A10821D4408400D450BE
:209AA000860028413850C4408400C4508600D4408400D450860028403850EDE49AFD08006B
:209AC000E10CF05D08D1C0A5E04400400045B9C4288036F9C4009D03E00EE6FFC100A84031
:209AE000D4500200F08466F880FFF095B880C4500200E6F65000F04E76F4AA00DC0FB86497
:209B0000E6F6AA00DC05B868CA00C69CF04DC0877C17E00D0D15F04DC086E0510010001692
:209B2000A981C0855C85E04100100016A981C088008508D2F04E76F4F200DC0FB884287163
:209B40004870EDE9E6F6A000F04E76F4AA00DC0FB864E6F6AA00F04E76F45A00DC0FB86413
:209B6000F08EF09FCA00769C06F08600FCFFFCFEFCFDCB00E1020D08DC099988C025F06A8A
:209B80000065DC0BB9860921F05C412A8DF5E108CB00ECFDECFEECFF06F07AFFE108B980D4
:209BA000E00EE6FFC400C4800200C4900400E6F42A12E6F50403E0660060E6F78000CA00AB
:209BC000DEAAE00DF068F07966F67F006870F04CC084E0050046105726F480003850FD0269
:209BE000E1180D78D4400200D450040066F480FFF024F035E00D0D09DC039982F05DC0A6E7
:209C0000E06500500056B98508D1F068F07966F67F006870F04DC084E005204630578DEC02
:209C20000D0BDC0BA98AF06D08D1C0C6E06500500056B98508A128C1F04C4980EDF2D44083
:209C40000200D4500400F08466F880FFF095C4800200C4500400E6F65000F04E76F4AA0028
:209C6000DC0FB864E6F6AA00DC05B868CA00C69CF04DC0847C14B980E00D0D17F04DC0864C
:209C8000E07100100016A981C0855C85E06100100016A981C087007508D2F04E76F4F2003C
:209CA000DC0FB874A9802981B980A9804980EDE6E6F6A000F04E76F4AA00DC0FB864E6F60B
:209CC000AA00F04E76F45A00DC0FB864F08EF09FCA00769C06F08600FCFFFCFEFCFDCB00B3
:209CE000ECFEECFFF048F05926F4008036F5C0008D06F048F059284036F5C0008D04E00EA3
:209D0000E6FFC0000D37F048F05926F400F036F5C0008D07F048F05926F4008036F5C0004A
:209D20008D05E6FE0080E6FFC0000D24F048F05926F4001036F5C2008D06F048F059284043
:209D400036F5C1008D04E00EE6FFC1000D13F048F05926F4008036F5C4008D06F048F059B4
:209D6000284036F5C4008D04E00EE6FFC4000D02E1180D1866F880FF66F9FF00E6F68000A0
:209D8000F04E76F4AA00DC0FB864E6F6AA00F04E76F45400DC0FB864E036DC09B868F08E48
:209DA000F09FBB69FCFFFCFECB00ECFEECFFF048F05926F4008036F5C0008D06F048F05941
:209DC000284036F5C0008D04E00EE6FFC0000D37F048F05926F400F036F5C0008D07F04886
:209DE000F05926F4008036F5C0008D05E6FE0080E6FFC0000D24F048F05926F4001036F5F3
:209E0000C2008D06F048F059284036F5C1008D04E00EE6FFC1000D13F048F05926F40080B8
:209E200036F5C4008D06F048F059284036F5C4008D04E00EE6FFC4000D02E1180D1966F814
:209E400000F066F9FF00E6F68000F04E76F4AA00DC0FB864E6F6AA00F04E76F45400DC0F92
:209E6000B864E6F63300DC09B868F08EF09FBB03FCFFFCFECB00D700FF00F2F506FFF04530
:209E800068433DF9D710FF00F2F708FFF2FA0AFFF04768432D07E6F6F500F04876F4AA00E3
:209EA000DC09B864F04766F430003D029AFA0940E6F6F000F04876F4AA00DC09B864E014B7
:209EC000CB00E004CB00D700FF00F2F506FFF04568433DF9E004CB00E004D7408100F6F41B
:209EE0001002E6F4B983D7408100F6F40402E6F4003DD7408100F6F41C02E6F46300D740A7
:209F00008100F6F41E02E024D7408100F6F42002E6F40001D7408100F6F41402E024D74080
:209F20008100F6F41602E6F40201D7408100F6F43002E6F40707D7408100F6F43202E6F495
:209F40000005D7408100F6F43C02E004D7408100F6F43E02E6F4E107D7408100F6F4400210
:209F6000E004D7508100F6F44202F2F44402DFF4D7408100F6F44402E6F47000F6F426F115
:209F8000E6F47500F6F428F1E6F47600F6F42AF1E004D7408100F6F41003E6F400C4D740EC
:209FA0008100F6F41203E6F40278D7408100F6F41002E6F42000D7400300F6F45C29E6F4DC
:209FC000A000D7400300F6F45E29CB00D7408100F6F88002F2F436CC48413DFCF68E36CC53
:209FE000CB00D7408100F2F45C02CB00E10AD7408100F2F444029AF40AC0E11AD740810055
:20A00000F2F44802CFF4D7408100F6F44802F18ACB00F6F838CCF6F93ACCF04AF7F83CCC23
:20A02000E10A0D0EF2F73ACCF2F638CCE02404F438CCDC47A846D7408100F6F4800309A17F
:20A0400043FA3CCC8DEFCB00C6030300ECF4D7408100F2F444029AF40CD0E014F6F436CCBA
:20A06000D7408100F2F44802DFF4D7408100F6F44802D7408100F2F444029AF409C0D74047
:20A080008100F2F44802CFF4D7408100F6F44802D7408100F2F418039AF40980D740810038
:20A0A000F2F41C038FF4D7408100F6F41C03D7408100F2F418039AF40990D7408100F2F439
:20A0C0001C039FF4D7408100F6F41C03FCF4FC03FB88C6030300EC00C6871000EC06EC07C1
:20A0E000ECF1ECF2ECF3ECF4ECF5ECF6ECF7ECF8ECF9ECFAECFBECFCD7408100F2F44402FE
:20A100009AF40BE0CA00ACB2D7408100F2F44802EFF4D7408100F6F44802FCFCFCFBFCFA42
:20A12000FCF9FCF8FCF7FCF6FCF5FCF4FCF3FCF2FCF1FC07FC06FC87FC00FC03FB88C603D7
:20A140000300EC00C6871000EC06EC07ECF1ECF2ECF3ECF4ECF5ECF6ECF7ECF8ECF9ECFAFF
:20A16000ECFBECFCD7408100F2F444029AF40B20CA0022B4D7408100F2F448027844D74058
:20A180008100F6F44802D7408100F2F444029AF409B0D7408100F2F44802BFF4D7408100EC
:20A1A000F6F44802D7408100F2F444029AF40940D7408100F2F448024FF4D7408100F6F443
:20A1C0004802D7408100F2F444029AF40950D7408100F2F448025FF4D7408100F6F44802A3
:20A1E000D7408100F2F444029AF40960D7408100F2F448026FF4D7408100F6F44802D74096
:20A200008100F2F444029AF40970D7408100F2F448027FF4D7408100F6F44802D7408100EB
:20A22000F2F444029AF40980D7408100F2F448028FF4D7408100F6F44802FCFCFCFBFCFADF
:20A24000FCF9FCF8FCF7FCF6FCF5FCF4FCF3FCF2FCF1FC07FC06FC87FC00FC03FB88E0148B
:20A26000F6F466CBF78E68CBCB00BB20CA0030A3CA0032A3CB00F3F869CB2D14F2F46ACBE3
:20A280002D11F3FC71CB49C22D0D49C52D0B49C62D09F3F878CB49813D07F2F47ACB46F4E4
:20A2A0000A00FD02E118CB00E108CB00F2F466CB284146F40A00EA9010A35C2406F4C2A050
:20A2C0009C04EA00EAA0EA00F2A0EA0008A1EA0092A1EA00E8A1EA0058A2EA00BAA2EA00B7
:20A2E000C8A2EA00D8A2EA00E6A2E024F6F466CBCB00CA0018A34980EA2016A3E034F6F425
:20A3000066CBF78EC0CACB00F3FAC0CA47FAFE003D38F3F8C1CA69834981EA2016A3F3F82D
:20A32000C1CAC0847C2469834981EA2016A3F3F8C1CAC0847C4469834981EA2016A3F3F857
:20A34000C3CA69834981EA2016A3F3F8C3CAC0847C2469834981EA2016A3F3F8C3CAC08466
:20A360007C4469834981EA2016A3F3F8C3CAC0847C64698349813D01CB00E044F6F466CB0A
:20A38000CB0047FAFF00EA3016A3E044F6F466CBCB00F3FA71CB49A63D04E0A4F6F466CBDD
:20A3A000CB0049A13D04E014F6F466CBCB0049A43D04E084F6F466CBCB00F3F869CBEA202C
:20A3C00016A349A2EA2016A349A5EA2016A349A6EA2016A3F3F8C5CA8AF40200EA0016A316
:20A3E000E054F6F466CBCB00CA0034A349802D04E074F6F466CBCB00F3F87CCB2D0AF2F41F
:20A4000080CB46F4C800EAF016A3E094F6F466CBCB00F3F869CB2D0EF3FC71CB49C12D0A3C
:20A4200049C22D0849C52D0649C62D04F3F8C5CA8AF40400E044F6F466CBCB0049C43D0407
:20A44000E084F6F466CBCB00CA0070A349802D63E064F6F466CBCB00BB6D49802D04E074DC
:20A46000F6F466CBCB00F3F87CCB2D09F2F480CB46F4C800FD50E094F6F466CBCB00F3F8C9
:20A4800069CB2D0AF3FC71CB49C12D0649C22D0449C52D0249C63D04E044F6F466CBCB0016
:20A4A00049C43D04E084F6F466CBCB00BB6149803D32E054F6F466CBCB00BB3C49803D2B6E
:20A4C000E044F6F466CBCB00F3F871CB49842D23E084F6F466CBCB00F3F87CCB3D1CE04435
:20A4E000F6F466CBCB00BB2649802D04E074F6F466CBCB00F3FA71CB49A43D04E084F6F4BC
:20A5000066CBCB0049A62D07E044F6F466CBCB00E014F6F466CBCB00F3F869CB49813D060C
:20A52000F2F46CCB4840FD02E118CB00E108CB00CB00CB00E10CF3F871CB49863D05C0C4C0
:20A540005C14D4745C000D02E6F7FFFFC0C95C19D7408003D4592C0ED4495600604560473F
:20A560002D02E118CB0009C149C38DE5E108CB00E108CB00E0A4F6F4F2CBF6F4E0CBE7F899
:20A580006400F7F8F0CBE6F4CF67F6F4E4CBF68EE2CB6F90F78EDECBCB00BB05BB32BB3E35
:20A5A000CA0042A5CB00CB002E965ED3F232E8CBF23AECCBCB001E964ED3F231EACBF23902
:20A5C000EECBCB003E966ED3F233ECCBF23BF0CBCB004E968ED3F234EECBF23CF2CBCB0079
:20A5E000E11875F8DDCBCB00E12875F8DDCBCB00E14875F8DDCBCB00E18875F8DDCBCB0047
:20A60000CB00E6F46400F6F4F2CBE6F469C9F6F4E4CBE6F89736CA006CA5CB00ECFDECFEC1
:20A62000ECFF2804F2FFE4CB7C1FE00DF04DC0845C14D4E494CB48E03D14E005F04DC084F4
:20A640005C14C454E8CBF04DC0845C14C454ECCBF04DC088CA0086A5F04DC088CA00DAA5B7
:20A660000D4C46FEE8038D14E005F04DC0845C14C454E8CBF04DC0845C14C454ECCBF04D13
:20A68000C088CA0086A5F04DC088CA00FEA50D35F04DC0851B5FF2F50EFE02F5E6CB085159
:20A6A000C0845C14C454E8CBF08EE009B8E0C4900200F2F6E4CBE007F04EF059CA0034AA19
:20A6C000F0A4F0B5B840C4500200E6F6E803F6F40EFEF6F50CFE7B66F2FE0EFEF04DC08423
:20A6E0005C14D464E8CB00E640E69D0202FEE6CBF04DC0845C14C4E4ECCB08D1F04D498272
:20A700008D95D7400300F2F4743E42F4E6CBED02E008BB39D7400300F2F4723E42F4E6CB1C
:20A72000ED02E018BB30D7400300F2F4763E42F4E6CBED02E028BB270804FCFFFCFEFCFDD9
:20A74000CB00ECFDECFEE01EE00DF04DC0845C14D44494CB3D03F04DC088BB3F5C1E08D1F6
:20A76000F04D49828DF2FCFEFCFDCB00D7400300F2F5543040582D06F6F854F0F6F850F0E4
:20A78000F6F8E6CBCB00F04849803D0BC0865C16D446E8CBF6F464FED446ECCBF6F474FE08
:20A7A000CB00F04849813D0BC0865C16D446E8CBF6F462FED446ECCBF6F472FECB00F04887
:20A7C00049823D0AC0865C16D446E8CBF6F466FED446ECCBF6F476FECB00F04849803D0359
:20A7E0002E965ED3CB00F04849813D031E964ED3CB00F04849823D023E966ED3CB00F0485D
:20A8000049803D032F965FD3CB00F04849813D021F964FD3CB00E004D7408100F6F4100A0A
:20A82000E6F4B983D7408100F6F4040AE6F4003DD7408100F6F41C0AE6F46300D7408100DE
:20A84000F6F41E0AE024D7408100F6F4200AE6F40001D7408100F6F4140AE024D74081001F
:20A86000F6F4160AE6F40201D7408100F6F4300AE6F40707D7408100F6F4320AE6F40005B0
:20A88000D7408100F6F43C0AE004D7408100F6F43E0AE6F4E107D7408100F6F4400AE004D0
:20A8A000D7508100F6F4420AF2F4440ADFF4D7408100F6F4440AE6F47300F6F434F1E6F4AD
:20A8C0007700F6F436F1E004D7408100F6F4100BE6F40004D7408100F6F4120BE6F40240D6
:20A8E000D7408100F6F4100AE6F42000D7400300F6F44029E6F49000D7400300F6F45A2865
:20A90000CB00D7408100F2F4480ACFF4D7508100F6F4480AF6F8800AD7408100F2F4440AB1
:20A920009AF4FAC0CB00D7408100F2F45C0ACB00E10AD7408100F2F4440A9AF40AC0E11A4B
:20A94000D7408100F2F4480ACFF4D7408100F6F4480AF18ACB00F6F83ECCF6F940CCF04A1D
:20A96000F7F842CCE10A0D0EF2F740CCF2F63ECCE02404F43ECCDC47A846D7408100F6F454
:20A98000800B09A143FA42CC8DEFCB00C6030300EC00C6871000EC06EC07ECF1ECF2ECF35C
:20A9A000ECF4ECF5ECF6ECF7ECF8ECF9ECFAECFBECFCD7408100F2F4440A9AF40BE0CA0084
:20A9C000E6BED7408100F2F4480AEFF4D7408100F6F4480AFCFCFCFBFCFAFCF9FCF8FCF78B
:20A9E000FCF6FCF5FCF4FCF3FCF2FCF1FC07FC06FC87FC00FC03FB88C6030300ECF4D740F1
:20AA00008100F2F4440A9AF40940D7408100F2F4480A4FF4D7408100F6F4480AD74081002B
:20AA2000F2F4440A9AF40950D7408100F2F4480A5FF4D7408100F6F4480AD7408100F2F486
:20AA4000440A9AF40960D7408100F2F4480A6FF4D7408100F6F4480AD7408100F2F4440ADE
:20AA60009AF40970D7408100F2F4480A7FF4D7408100F6F4480AD7408100F2F4440A9AF45E
:20AA80000980D7408100F2F4480A8FF4D7408100F6F4480AFCF4FC03FB88CA00D0A95145BB
:20AAA00046FAFF002D0648A03D1246F9FF002D0D0D1346F780003D0946F9FF002D0348900C
:20AAC0002D040D0F46F580002D0CEA00F6A946F9FF002D0448903D07EA002EAA46F58000A4
:20AAE0003DF4EA00FEA9009A26F97E001B57F2F80EFE1B46F2F10CFEF2F30EFE1B47F2F36F
:20AB00000CFEF2F40EFE1B56F2F50CFE02F40EFE105300411058F178F189F19AF1ABAAF520
:20AB200004702891003310441055EA000AAAF0355C134A88F2107C833A88F53726F37F0071
:20AB40009D03E004E005CB00F1BAF1A9F198E10826F31F002D14FD04E6F4FFFFF054CB00A9
:20AB600046F3F8FF9D0A06F30800F189F19A7C850DF77C144AF5F40F7C1580033DFA9AF24A
:20AB80000300814018508150CB009AF603F08140185081507C762B352D0BF1C62D06F034D8
:20ABA0004C564C46A1C06C36705307FC9E000D092B342D0D4C43813006F38E00F1C6F05489
:20ABC000E0045C76F189F19A7C857EF57056CB00F0955C194A88F2107C893A88F537E00311
:20ABE000E10BF0A75C1A4A88F2187C8A3A88F737E008E10FCB00E6F4FFFFF0540D17E004C3
:20AC0000E6F5807F4AF2F50F0D119AF304F0084119A09D0108914890BD0A46F9FF00DDEF99
:20AC200066F57F005C794AF2F90F7059CB00E004E0050DFC1B56F2F50EFE1B7402F50EFEC5
:20AC40001B4602F50CFEF2F40EFECB0048703D20F6F50EFEE60600007B66F2F10CFEF2F528
:20AC60000EFEF6F40EFEF6F10CFE7B66F2F60CFEF2F40EFEE007CB00F0152012F6F40EFE3D
:20AC8000F6F10CFE7B22F2F10EFE7C11FFF10D132B17F0274C21E0F32031F0167C116C139E
:20ACA000702140529DE9F6F40EFEF6F50CFE7B22F2F10EFE7C116C131B61F2F30CFEF2F219
:20ACC0000EFE1B7102F30EFE204230539D03281100461057F064F075F041E005CB00DC45B5
:20ACE0009964B966086128713DFACB00CB002802F0487C84B980F048E4800100E6F6FEFF58
:20AD0000E10AC0A4F0100014A981C0845C845064E10E9AF60EF09AF60670F0465C14F06451
:20AD200056F608840D07F0465C14F06456F625800D015C1609E147FE08008DEB09A149A278
:20AD40008DE0F0460802CB00F2F442FEF084CA0060C0CA0036C0CB00ECFDECFEECFFF0E8D6
:20AD6000F0F9D7408003F3F83A0B49813D02E00D0D02BBEAF0D4F04D7C8466F4FF00F1C863
:20AD8000DC4FB9CEF04D66F4FF00F1C8DC4FE4CE0100F04DFCFFFCFEFCFDCB00ECFDECFE0B
:20ADA000ECFFF0E8F0F906F0F8FFF01A08E1DC49B928E7F27700F06E08E1DC49B926E10283
:20ADC000F06E08E1DC49B926F06E08E1DC49B926E7F25700F06E08E1DC49B926E7F2500039
:20ADE000F06E08E1DC49B926E7F25400F06E08E1DC49B926E7F24300F06E08E1DC49B92629
:20AE0000E108E4800600BBA0B840BB9EC4400200BB9BC4400400BB98F0D4A8603D11D4404E
:20AE200002003D0ED44004003D0B48D02D010D08F4800600F1A809A1E4A0060049A58DE365
:20AE40007C86F04666F4FF00F128F06E08E1DC4FB926A84066F4FF00F128F06E08E1DC4F2B
:20AE6000B926D44002007C8466F4FF00F128F06E08E1DC4FB926D440020066F4FF00F12892
:20AE8000F06E08E1DC4FB926D44004007C8466F4FF00F128F06E08E1DC4FB926D44004006E
:20AEA00066F4FF00F128F06E08E1DC4FB926F04D7C8466F4FF00F128F06E08E1DC4FB926CF
:20AEC000F04D66F4FF00F128F06E08E1DC4FB92606F00800FCFFFCFEFCFDCB00CB00CB0025
:20AEE000F02AF03BF0A8F0B9E1020D2FC02CF06C5C36F2F54600F2F444000046DC55986409
:20AF0000A874F04AF05B204630578D1EF08A0082F09B109328813890F06C5C36F2F5460042
:20AF2000F2F444000046DC55D4640400D474060020863097ED0926FBC000F04AF05BF06BC2
:20AF40007C745C967046CB00092143F248008DCEE6F4FFFFCB00F02AF03BF0A8F0B9E10280
:20AF60000D2FC02CF06C5C36F2F54C00F2F44A000046DC559864A874F04AF05B2046305757
:20AF80008D1EF08A0082F09B109328813890F06C5C36F2F54C00F2F44A000046DC55D4646B
:20AFA0000400D474060020863097ED0926FBC000F04AF05BF06B7C745C967046CB0009218E
:20AFC00043F24E008DCEE6F4FFFFCB00ECFEECFFF2F74600F2F64400DC57D4E60800D4F601
:20AFE0000A000D0BF08EF09FCA00AA9B49802D02E1180D1206FE001018F0F2F54600F2F4D4
:20B000004400DC55D4640C00D4740E00F04EF05F20463057FDE7E108FCFFFCFECB00ECFE30
:20B02000ECFFF2F74600F2F64400DC5798E6A8F60D21E6F48000E0058850F0C4F2F7460053
:20B04000F2F64400DC579846A856F0A4F0B5F2F64400DC57D4460800D4560A00F084F095CE
:20B06000CA000698080249802D02E1180D1206FE800018F0F2F54600F2F44400DC55D46402
:20B080000400D4740600F04EF05F20463057FDD1E108FCFFFCFECB00E00AE6FBE000E6F8E4
:20B0A0000010E009E102F06AF07B08A118B0DC07B92628813890F048F05928403850EDF3FA
:20B0C000CB00F78E4DCCF78E4ECCE102E10EE006C0E55C15C0245C440045D7408003C4640F
:20B0E000140D09E147FE08008DF3092149218DEEE6F4D300D7400300F6F4E820E004D740B5
:20B100000300F6F41422BB0CD7400300F2F4EC209FF4D7400300F6F4EC20F78E4CCCCB002E
:20B12000E6F4240DE6F58003F084F0954AF9F80E4AF9F81F7C29F049E00566F4FF00685036
:20B14000C084D7600300F6F4802CF6F8422CF2F4C03E66F400FF06F42800F6F4C0FECB00AD
:20B16000F78E4DCCBB0FBBDCE6F4FF00D7400300F6F48020F3F84CCC47F8FF009D02258FBF
:20B180004CCCCB0006F0B8FFE104E10CC045F0400045B9C4094147F408008DF8E106E10478
:20B1A000C06C5C1CC04B5C4BF04B004CD7408003D444240D7CC466F40F00F094F04B004C1B
:20B1C000D7408003D484240D7C2866F8FF03F049C084F0100014A98149849D16F049C08490
:20B1E000F0100014A981C0865C46F049C0855C150056E08400400045B884F049C084F05002
:20B200000054A9850981B985094149448DC9096147F608008DC4E106C06C5C1CE0810010BB
:20B22000001CA8A1E0810010001CA861E007E1040D0FC0445C44004CE08100100014A8818D
:20B24000007840A89D01F0A84068FD01F0680941F049C084F010001449498DEB0D05E08102
:20B260000010001C0879094149448DF9207A2076F0677C16C2F44ECC5C44004CD740800355
:20B28000C464140D096147F608008DC6258F4ECCF3F84ECC49818D02F78E4ECC06F048005A
:20B2A000CB00F78E44CCF68E46CCCB00E7F4FF00E7F2FF000D0FDC4999A851A4C0A4D74029
:20B2C0000403F4842A10F1485142C0A4D7400403F4242A11F05A28A148503DEDC0255C8579
:20B2E000C0447045CB00E00BD7408003F3F8720E49863D33D7408003C2F4730EE005E006FF
:20B30000CA008AA9E6F6AAF1E6F78240CA009AA8CA002EA9F6F45CCBD7408003C2F4740E8A
:20B32000E005E006CA008AA9E6F6AAF1E6F78240CA009AA8CA002EA9F6F45ECBD7408003D5
:20B34000C2F4750E5C14F6F460CBD7408003C2F4760EF6F462CBE00B0D01E01BF04BCB004A
:20B36000ECFDD7408003F3F8700E49823D17C2FA32CCE6F8700EE6F98003BB9848403D0C26
:20B38000D7408003F3F8710E07F8F0FF3D03BBABF0D40D0DE01D0D0BE01D0D09E6FB10001E
:20B3A000E00AE6F8700EE6F98003CA0016C1C2FB32CCE00AE6F8700EE6F98003CA0016C140
:20B3C000F78E32CCF04DFCFDCB00ECFD06F0F4FFE128B980E7F81000E4800100E168E480D4
:20B3E0000200E108E4800300E4800400F048E4800500E7F85500E4800600E4800700E48085
:20B400000800E09AF080E00906F8000016F9000000881099008810997C28CA00ACB0E480B4
:20B420000900E4900A00E00DF04DC084F0100014A981C088CA0002A708D1F04D47F80B00BE
:20B440008DF306F00C00FCFDCB00248F46CCF3F835CC2D07F78E35CCBB8349803D02F68E71
:20B4600046CCF2F446CC46F4C800FD08E6F4C800F6F446CCE118F7F844CCCB00F78E44CCC5
:20B48000CB00F78E02CCF78E08CCF78E09CCCB00E1020D08DC499988C084D7408100F6F40C
:20B4A00080030921F05A412A8DF5CB00D7408100F2F45C02F1E8D7408100F2F45C02F1E873
:20B4C000F68E0CCCF3F27DCBEA3020B4F3F408CC3D0B47FE5500EA3020B447FE55003D048F
:20B4E000E118F7F808CCCB0049413D68F1AE67FA3F00F7FA0BCC47FA0C003D0AF3F88ECBB7
:20B5000049813D06E188F7F807CC75F802CC0D50F3F80BCC47F825002D05F3F80BCC47F802
:20B5200026003D1BF3F88ECB49813D17E188F7F807CCE7F8F70065F802CCF68E80CBF78EAB
:20B540007CCBF78E0ECC49203D05E6F4E703F6F448FE6FA4F78E08CCCB00F3F80BCC47F86E
:20B560003C003D06E188F7F807CC75F802CC0D20F3F80BCC47F83D003D18E188F7F807CCFB
:20B58000E7F8F70065F802CCF68E80CBF78E7CCBE118F7F80ECC49203D05E6F4E703F6F4F4
:20B5A00048FE6FA4F78E08CCCB00F78E08CCCB00F78E09CCE128F7F808CCCB0049423D1D14
:20B5C000F3F807CC43F809CCFD18F3FA09CC258F09CCC0A4D7408003E4E4800EF3F807CC2B
:20B5E00043F809CC3D0AF3F802CC9AF40630F78E09CCE138F7F808CCCB0049433D07F7FEB1
:20B600000ACCE11875F802CCF78E08CCF3F808CC4983FD06F78E08CCF78E09CCF78E09CC2C
:20B62000CB00F78E06CCE7F8FD0065F802CCCB00F3F80ECC3D04E018CA001C77CB00F3F805
:20B640000ECC49813D02CA00EA95CB002802E034D7500300F6F40C20F2F40C20B840E6F491
:20B660005300D7400300F6F41020E024D7400300F6F41820E6F43003D7400300F6F41420BE
:20B68000E044D7600300F6F42020F6F42220F6F42820D7500300F6F42C20F6F42E20E6F452
:20B6A0003001D7400300F6F4C020E6F40001D7400300F6F4C220E6F41000D7400300F6F4C6
:20B6C000B020E004D7600300F6F4B220F6F4B420F6F4B620D7600300F6F4B820F6F4BA2082
:20B6E000F6F4BC20D7600300F6F4BE20F6F49820F6F49A20D7600300F6F49C20F6F49E20B4
:20B70000F6F40822D7400300F6F40A22E6F41000D7500300F6F4A820F6F4AC20E004D7406E
:20B720000300F6F4AE20E6F46000F6F470FFE6F42872F6F4C0FEE6F440E0D7400300F6F4A1
:20B74000402CE004D7500300F6F4422CF2F4802C66F400FFD7400300F6F4802CE6F4980109
:20B76000D7400300F6F48420E6F4640ED7400300F6F48620E6F45405D7400300F6F488204C
:20B78000E6F4A80AD7400300F6F48A20E004D7600300F6F40020F6F40220F6F40420D75006
:20B7A0000300F6F4E020F6F4F020E6F41100D7400300F6F4EC20E6F4D300F6F48AFEE004A4
:20B7C000F6F44EFED7500300F6F4FE29F2F4102076F40003D7400300F6F410200802CB006C
:20B7E000C6030300ECF4D7400300F2F4A02066F4000146F400013D06E6F40001D74003000F
:20B80000F6F4A220FCF4FC03FB88CB00BB01CB00F3F832CBD7408003F7F8FA0DF2F526CB68
:20B82000F0457C8466F4FF00D7408003F7F8FB0D66F5FF00F18AD7408003F7F8FC0DF2F59B
:20B8400028CBF0457C8466F4FF00D7408003F7F8FD0D66F5FF00F18AD7408003F7F8FE0D6B
:20B86000F2F52ACBF0457C8466F4FF00D7408003F7F8FF0D66F5FF00F18AD7408003F7F86B
:20B88000000EF2F52CCBE0A41B54F2F50CFEF2F40EFEF0657C445CC67046F0647C8466F44B
:20B8A000FF00D7408003F7F8010EF04666F4FF00D7408003F7F8020EF2F530CBF0455C2432
:20B8C00000455C14F0647C76F0467C8466F4FF00D7408003F7F8030EF04666F4FF00D7409E
:20B8E0008003F7F8040EF3FCC2CA69C3F2F466CB5C4466F4700071C8D7408003F2F42C0EA9
:20B900009AF402A077FC8000D7408003F7FC050EC2F4C1CA7C2467F83F00D7408003F7F85C
:20B92000060EF3F8C3CAD7408003F7F8070ED7408003F2F42C0E7C8466F4FF00D740800330
:20B94000F7F8080ED7408003F2F42C0E66F4FF00D7608003F7F8090EF78E0A0EF78E0B0ED4
:20B96000E0A4F20794CB5B44F2F40EFED7408003F7F80C0EE0A4F20796CB5B44F2F40EFE48
:20B98000D7508003F7F80D0EF78E0E0ED7408003F3F82E0ED7408003F7F80F0ECB002802F6
:20B9A000E034F6F41CFEF2F41CFEB840E004F6F442FFE6F4C6DFF6F442FEE6F48700F6F474
:20B9C00040FFE6F4960CF6F440FEE004F6F444FFE6F48EF9F6F444FEE6F47400F6F460FF4F
:20B9E000E6F47C00F6F462FFE6F40001F6F4C8FEE6F47800F6F464FF6FA06FA26FA1080242
:20BA0000CB00C6030300EC00C6871000EC06EC07ECF1ECF2ECF3ECF4ECF5ECF6ECF7ECF85D
:20BA2000ECF9ECFAECFBECFCCA008C8CFCFCFCFBFCFAFCF9FCF8FCF7FCF6FCF5FCF4FCF307
:20BA4000FCF2FCF1FC07FC06FC87FC00FC03FB88C6030300EC00C6871000EC06EC07ECF12E
:20BA6000ECF2ECF3ECF4ECF5ECF6ECF7ECF8ECF9ECFAECFBECFCCA00C834FCFCFCFBFCFA5A
:20BA8000FCF9FCF8FCF7FCF6FCF5FCF4FCF3FCF2FCF1FC07FC06FC87FC00FC03FB88C6035E
:20BAA0000300EC00C6871000EC06EC07ECF1ECF2ECF3ECF4ECF5ECF6ECF7ECF8ECF9ECFA86
:20BAC000ECFBECFCE6F48EF9F6F444FECA00504CFCFCFCFBFCFAFCF9FCF8FCF7FCF6FCF500
:20BAE000FCF4FCF3FCF2FCF1FC07FC06FC87FC00FC03FB88BE88BB1DBB66E6F4FFFFF6F485
:20BB000084FECA006EC0CA009EB7CA0014BECA0034BBCA004CB4CA00C4BFCA00D2C0CA00FA
:20BB2000A4C0CA00FCC0E004F6F42EFFBB1EBF88CB00E6F4AAAAF6F4C0F0E6F45455F6F400
:20BB4000C0F0D7400300F2F5C23066F5FF00F0459140F05466F5FF00F04576F40096F6F425
:20BB6000C0F0E004F6F4C0F0CB00E6F4AAAAF6F4C0F0E6F45455F6F4C0F0D7400300F2F5E6
:20BB8000C23066F5FF00F0459140F05466F5FF00F04576F40096F6F4C0F0E6F40018F6F40A
:20BBA000C0F0D7400300F2F4C230F05466F5FF00F0459140F05466F5FF00F04576F4008E74
:20BBC000F6F4C0F0CB00D18066DAF3FED7400300F2F4BC30684448443D15CA00308ACA00BA
:20BBE0007688F05448502D02CC000DFED7400300F2F4BC3066F4091046F409103D02CC00A8
:20BC0000CB00CC00CB00CA00F4B8CA00C08BCA006890CA00AE8F0DFBCB0006F0E4FFE11EC3
:20BC2000E7F87700B980E6FA77000D0DC0EBF048004BDC49F4440100F040F014001BB9412F
:20BC4000C04400A409E1DC49F4A8010041AE9DEEE7FCFF000D09F1AEF1EA09E1C0A5F04025
:20BC60000045B9C406FAFF0047FE08008DF40D0326FA000108A146FAFF00EDFAF04A91402A
:20BC8000E4800800D7408100F2F41C03FFF4D7408100F6F41C03E10EC0E8F0100018A9812E
:20BCA000C086F0585C15E0A400400045B86409E147FE09008DF1D7408100F2F444029AF458
:20BCC000FA00E09AE0A80080E00906F8000016F9000000881099008810997C28CA00129E72
:20BCE000E01406F01C00CB0006F0F6FFDC499988B980E178E4800100E1020D08DC4999C8CD
:20BD0000C025E02400400045B9C40921F4A00100412A8DF4F080E00906F8000016F9000027
:20BD200000881099008810997C28CA005E9206F00A00CB002802E034F6F424FEF2F424FE26
:20BD4000B840E034F6F420FFE6F49636F6F450F0F6F454F0E6F45005F6F422FFE6F4400478
:20BD6000F6F426FFE6F400C0F6F428FFE6F42000F6F42AFFE6F40080F6F428FEE6F4B00008
:20BD8000D7500300F6F44828F6F44A28E6F47100F6F4D2F1E6F47200F6F4D4F1E6F44400B2
:20BDA000F6F4DEF10802CB00C6030300EC00C6871000EC06EC07ECF1ECF2ECF3ECF4ECF5A0
:20BDC000ECF6ECF7ECF8ECF9ECFAECFBECFCCA00B6A3FCFCFCFBFCFAFCF9FCF8FCF7FCF64A
:20BDE000FCF5FCF4FCF3FCF2FCF1FC07FC06FC87FC00FC03FB88C6030300EC00C68710007D
:20BE0000EC06EC07ECF1ECF2ECF3ECF4ECF5ECF6ECF7ECF8ECF9ECFAECFBECFCCA00A8A38A
:20BE2000FCFCFCFBFCFAFCF9FCF8FCF7FCF6FCF5FCF4FCF3FCF2FCF1FC07FC06FC87FC0020
:20BE4000FC03FB88FB88E004D7408100F6F41000E6F40883D7408100F6F40400E6F400257D
:20BE6000D7408100F6F41C00E6F41800D7408100F6F41E00E014D7508100F6F42000F6F402
:20BE80002400E004D7508100F6F41400F6F41600E6F40303D7408100F6F43000E6F43F0742
:20BEA000D7408100F6F43200E6F40005D7408100F6F43C00E004D7608100F6F43E00F6F483
:20BEC0004000F6F44200E044D7408100F6F41000E6F4D000D7500300F6F44229F6F44429C0
:20BEE000CB00D7408100F2F43C008AF4FA70D7408100F2F44800DFF4D7408100F6F4480072
:20BF0000F0585C8566F50007F04966F4FF007045D7408100F6F48000CB00D7408100F2F404
:20BF200044008AF406F0D7408100F2F444009AF4F4E0D7408100F2F4480076F400C0D7500E
:20BF40008100F6F44800F2F45C00CB00CB00ECFDECFEECFFE00EE00FE00CE00DF0484981E0
:20BF60003D05E6F2005EE6F3C4000D04E6F2005FE6F3C400F0A206FAF000F0B3E102DC0BD8
:20BF8000A84A2D03F0EAF0FB0D0626FA1000092147F210008DF4F04E704F3D03DC03A8427D
:20BFA0000D35E00CE00DF0A206FA1000F0B3E112F04A26F41000DC0BA8640861DC0BA84A95
:20BFC00040462D11F04A26F41000DC0BA8443D11F08A2882F09BF06206F68000F073208692
:20BFE00030938D010D0606FA1000092147F210008DDFF04A26F41000F05BF0C4F0DB20E4BC
:20C0000030F52D02E0040D02DC0DA84CFCFFFCFEFCFDCB00E014F6F446FFE6F48CBFF6F411
:20C0200046FEE6F48100F6F448FFE6F4E703F6F448FEF2A346FFE004F6F44AFEE6F458001A
:20C04000F6F466FFE6F45400F6F468FFCB00C6030300EC00C6871000EC06EC07ECF1ECF292
:20C06000ECF3ECF4ECF5ECF6ECF7ECF8ECF9ECFAECFBECFCCA0030B46EA4FCFCFCFBFCFA38
:20C08000FCF9FCF8FCF7FCF6FCF5FCF4FCF3FCF2FCF1FC07FC06FC87FC00FC03FB88C60358
:20C0A0000300ECF4F78E34CCE118F7F835CC6EA39EA3FCF4FC03FB88F78E2ECCF78E34CC67
:20C0C000F78E35CCF78E32CCCB00E1020D08DC499988C084D7408100F6F4800B0921F05A89
:20C0E000412A8DF5CB00D7408100F2F45C0AF1E8D7408100F2F45C0AF1E8F3F832CC47F8E6
:20C100000D008D07F78E32CCF78E34CCF78E35CCCB00F3F834CC3D0DE118F7F834CCF78E83
:20C1200035CCF78E32CCE6F48CBFF6F446FE6FA30D04E6F48CBFF6F446FEF3FA32CC258F13
:20C1400032CCC0A4D7408003E4E4700ECB00CB00D7408003F3F8510B3D04E6F888BBBB14F5
:20C160000D0CD7408003F3F8510B49813D04E6F855AABB0A0D02E008BB07D7408003F78E40
:20C18000500BB748B7B7CB00E6F4AAAAF6F4C0F0E6F45455F6F4C0F0D7400300F2F5C23034
:20C1A00066F5FF00F0459140F05466F5FF00F04576F40096F6F4C0F0E004F6F4C0F0F6F846
:20C1C000D0FECB00E6F46200F6F49EF1E004F6F4D8FFE014F6F4D8FFCB00C6030300EC0034
:20C1E000C6871000EC06EC07ECF1ECF2ECF3ECF4ECF5ECF6ECF7ECF8ECF9ECFAECFBECFC5F
:20C20000D7400300F2F4D83F9AF403101EECCA0060AFFCFCFCFBFCFAFCF9FCF8FCF7FCF6D0
:20C22000FCF5FCF4FCF3FCF2FCF1FC07FC06FC87FC00FC03FB88F2F448CCF2F54ACCE6F67A
:20C240006D4EE6F7C641CA0034AA06F439301850F6F448CCF6F54ACCF2F448CCFEF4CB0016
:20C26000F0482841F6F448CCF68E4ACCCB00E6F48000D7400300F6F45028E6F4C000F6F460
:20C28000B6FFE6F44000D7500300F6F44229F6F44429E6F48000D7500300F6F44C29F6F42C
:20C2A0004E29CB002802E034D7508100F6F40C00F2F40C00B840CA0046BCE034D7508100EE
:20C2C000F6F40C02F2F40C02B840CA00D89C0802CB00F2F418FE4FF4F6F418FEE6F4F0EF6F
:20C2E000F6F4C8F0F2F4C6F04FF4F6F4C6F0F2F43CF076F4FCFFF6F43CF0CB002802E03487
:20C30000D7508100F6F40C0AF2F40C0AB840CA0016A60802CB00F048F0590D0528B1F06A60
:20C32000DC49B9C8088148B03DF9CB00A55AA5A5E60B80F8E60A0CF6E60980F8E68600005E
:20C34000E6F0C100F6F012FFE6F088BBF6F0D0FEE6F000F0F6F0B8F0E6000403E601050352
:20C36000E6020603E60800FCB54AB5B51A880203E6F0A0CA1A880303E6F0C0CA1A880003E5
:20C38000E6F080CAE6F9C100E6F8A400F01870192D29E005DC0998282D25F032DC099848B1
:20C3A000AAF21BE0AAF20EF0F0347C330EF306F300FDE0154C549150685BB85308412821AC
:20C3C0003DF30DE7DC099838DC44B9A30831184076F300C028217DF80DDCB9A408412821B8
:20C3E0007DFC0DD7E6F9C100E6F8C001E6030300DC09A8282D3D08821890AAF22AF0F0427C
:20C4000066F2FF3F3D05E004DC09A82808821890DC09A838088218908AF406E0F6F306FE31
:20C42000DC09A83808821890DC09A9A808811890B9A308318AF406E08AF304E0060301003A
:20C4400076F300C028213DF09AF8D000088118900DCDC0435C1376F300FDE014F1A54C45DD
:20C460008AF203709140684B0D01784BB8430DBEFAC106BAE6F000F0A0003DFECB00E6F0F5
:20C480000010A0003DFECB00F2F1BCF166F1FF0340012D0CF6F0BCF1F2F1BCF08AF1FC707A
:20C4A000D180FFDEF2F1BCF09AF1FC70CB00F2F1BEF166F1FF0340012D0CF6F0BEF1F2F120
:20C4C000BCF08AF1FC80D180FFDFF2F1BCF09AF1FC80CB00F2F1BAF1501066F1000F48107D
:20C4E0003D03F6F0BAF1CB00D180E6710300F6F0BAF1F2F1BCF08AF1FC50D180FFDDF2F1FE
:20C50000BCF09AF1FC50CB00F2F1B8F1501066F1003F48103D03F6F0B8F1CB00D180E671B1
:1CC520000300F6F0B8F1F2F1BCF08AF1FC60D180FFDCF2F1BCF09AF1FC60CB009A
:00000001FF
