:020000040800F2
:20900000E03C002029D90008353D010895D900080000000000000000000000000000000019
:2090200000000000000000000000000095D90008000000000000000061CC0008A5CC00080C
:20904000613101087131010895380108A5380108291C0108554101086541010875410108B3
:2090600085410108913B0108B93B0108AD300108D9300108A5270108C9270108ED2701086C
:2090800011280108A53E0108B53E0108C53E0108D53E0108B5380108093D0108DD3C010817
:2090A000B11E0108451E010835280108952B0108BD2B0108E52B01080D2C0108612C01085B
:2090C000002243088B4274D303098B425FD3030A8B4244D3030B8B4228D3030C8B420DD381
:2090E000FF22090212BA030C8B4202D31212090265D0030B8B4219D300E0090AC30B8B420E
:2091000001D3CB03C01A5241830B8B4201D38B03C01A5241430B8B4201D34B03C01A52416C
:20912000030B8B4201D30B03C01A5241C30A8B4201D3CB02C01A5241830A8B4201D38B02A2
:20914000C01A5241430A8B4201D34B02C01A5241030A8B4201D30B02C01A5241CDD2C30967
:209160008B4201D3CB01C01A524183098B4201D38B01C01A524143098B4201D34B01C01ADC
:20918000524103098B4201D30B01C01A5241C3088B4201D3CB00C01A524183088B4201D346
:2091A0008B00C01A524143088B4201D34B00C01A5241411A00D20146524110467047FFE719
:2091C00001B5002000F0F0F802BDC0460029F7D076E7704703460B437FD4002243088B42F4
:2091E00074D303098B425FD3030A8B4244D3030B8B4228D3030C8B420DD3FF22090212BAA2
:20920000030C8B4202D31212090265D0030B8B4219D300E0090AC30B8B4201D3CB03C01A68
:209220005241830B8B4201D38B03C01A5241430B8B4201D34B03C01A5241030B8B4201D318
:209240000B03C01A5241C30A8B4201D3CB02C01A5241830A8B4201D38B02C01A5241430A76
:209260008B4201D34B02C01A5241030A8B4201D30B02C01A5241CDD2C3098B4201D3CB0193
:20928000C01A524183098B4201D38B01C01A524143098B4201D34B01C01A524103098B42BC
:2092A00001D30B01C01A5241C3088B4201D3CB00C01A524183088B4201D38B00C01A524199
:2092C00043088B4201D34B00C01A5241411A00D201465241104670475DE0CA0F00D0494265
:2092E000031000D34042534000229C4603098B422DD3030A8B4212D3FC22890112BA030A56
:209300008B420CD3890192118B4208D3890192118B4204D389013AD0921100E08909C30986
:209320008B4201D3CB01C01A524183098B4201D38B01C01A524143098B4201D34B01C01A1A
:20934000524103098B4201D30B01C01A5241C3088B4201D3CB00C01A524183088B4201D384
:209360008B00C01A5241D9D243088B4201D34B00C01A5241411A00D20146634652415B108B
:20938000104601D34042002B00D54942704763465B1000D3404201B5002000F005F802BDF4
:2093A0000029F8D016E770477047C0468446101C62468C46191C634600E0C0461FB501F052
:2093C00097F8002801D40021C8421FBD10B500F0EBFF4042013010BD10B501F089F800287C
:2093E00001DB002010BD012010BDC04610B501F07FF8002801DD002010BD012010BDC0469C
:2094000010B501F011F8002801DC002010BD012010BDC04610B501F007F8002801DA0020CF
:2094200010BD012010BDC0469E2110B5C905041C01F094FF002803D1201C00F0E1FB10BDA4
:209440009E21201CC90500F055FA00F0D9FB80231B069C466044F2E770B501F0FBFE0022EC
:209460000B4B0D00040001F0ADF801F09FFF060001F0B8FE0022074B01F0A4F802000B00A5
:209480002000290001F018FB01F090FF310070BD0000F03D0000F041F0B5564644465F46D3
:2094A0004D46F0B444024600C70F83B08846650A360EBA463DD0FF2E22D00023EC0080257F
:2094C00099469B46ED0425437F3E43465C025800DB0F640A000E984636D0FF2830D0802363
:2094E0000021E400DB041C437F38301A0190484642460843724E800030587A4013008746D4
:20950000002D44D108239946063B9B46DDE70122FF2000241A406402C305640AD2071C4385
:209520001443200003B03CBC90469946A246AB46F0BD002D20D104239946033B9B46C4E7E0
:20954000002C17D1022102E0002C0AD10121321A01924A4643460A435A48920082587B40BB
:209560009746200001F004FF431F76309C4040420021BAE70321B8E7280001F0F9FE431F9D
:209580009D4000237630464299469B469DE70C239946093B9B4698E780240022E403FF20DB
:2095A000B9E70024C2468B465A465346022AAED0032A7DD0012A31D1012200201A400024C3
:2095C000A9E70122101A1B2856DD1A4000200024A1E78023DB031D424BD18023DB032B4327
:2095E0005C02640A3A00FF2095E76D016001854230D2019A0024013A01921B220127290017
:2096000064006D00002901DBA84201D82D1A3C43013A002AF3D16A1E95412C4301987F30AD
:209620000028CEDD620704D00F222240042A00D00434220103D5244A019814408030FE2825
:2096400000DD64E70122A401640AC0B21A4062E72C00A9E72D1A1A220124CFE76B02BCD57F
:2096600000248023DB031C436402640A4246FF2051E71C42B3D1F4E721002022C140101AE8
:209680008440621E94410C43620704D00F222240042A00D00434620104D5012201201A4082
:2096A000002438E70122A401640A1A40002032E78023DB031C436402640A5246FF202AE722
:2096C000387E0108787E0108FFFFFFF7F0B557464E4645464300E0B446028846760A1F0EDD
:2096E000C40F002F47D0FF2F25D0002380259A469946F600ED042E437F3F434642465D0221
:20970000D20F5B006D0A1B0E904640D0FF2B39D080220020ED00D20415437F3BFB18424622
:209720005746591C62408C4607430F2F5CD86F49BF00C9598F46002E45D108239A46063BE9
:209740009946DAE7424602282DD0032800D1C3E0012800D0A2E0002500260240D4B2760215
:20976000ED05760A2E43E407264330001CBC90469946A246F0BD002E1AD104239A46033B02
:209780009946BAE72A00511E8A41901CC6E70120002DC3D0280001F0EBFD431F76309D40C5
:2097A00043420020BAE70124FF2514400026D6E7300001F0DDFD431F9E4000237630474256
:2097C0009A46994699E70C239A46093B994694E780260024F603FF25C1E735004846B2E7B2
:2097E000350022004846AEE72904090C0800370C3604360C2C0C7943704367437443060CCC
:2098000064183619B14203D980214902884647440004000C310409188D01681E8541890E92
:209820002943350CED19AD010D43290104D5012369081D4063460D4319007F31002925DD95
:20984000680704D00F202840042800D00435280103D5274980330D401900FE29A3DC0124A4
:20986000AD016E0A1440CDB279E78020C003064207D0054205D128434602760A4446FF250F
:209880006DE706437602760AFF2568E70124611A1B2905DD14400025002660E76346CBE7B9
:2098A0002E002023CE40591A8D406B1E9D412E43730704D00F233340042B00D00436730171
:2098C00004D5012401251440002648E70124B601760A1440002542E780260124F6032E4388
:2098E0007602760A1440FF2539E7C046B87E0108FFFFFFF7F8B54A024E0043024400240E9D
:20990000C50F9B09360EC90F9209FF2E00D183E001204140A01BA9425CD0002800DC95E0CA
:20992000002E1CD1002A00D081E05A0704D00F221A40042A00D004335A013BD50134FF2CF1
:2099400000D191E001209B015B0AE4B205405B02E4055B0AED0723432B431800F8BDFF2C5D
:20996000E3D08021C9040A431B2800DD90E016002021C640081A8240511E8A4132439B1A44
:209980005A0115D59B019E09300001F0F1FC0538864084426CDC041B330020200134E34036
:2099A000041BA640721E964100243343BDE70D005A07BCD1DF0801231D40FF2C33D1002F3C
:2099C00000D190E08022D20313003B435B025B0AFF24BCE700284FDD002E2ED0FF2CA4D097
:2099E0008025ED042A431B2800DD97E016002025C640281A8240501E824132439B185A01B4
:209A0000D5D50134FF2C6DD001227B481A405B08034013430D0088E7002A00D07AE777E78E
:209A2000031EC5D100257B025B0AE4B28FE701380028A4D0FF2C97D177E7002A00D174E740
:209A400001380028DAD0FF2CCDD16EE7002821D1601CC0B2012858DD80279E1AFF0437409E
:209A60002FD0D61A0D008FE701231D4000236EE7624B241A334058E7002851D1601CC6B2A0
:209A8000012E33DDFF282DD09B185B0804004CE7012274E7002C1AD0FF2E1FD08024E404DA
:209AA000404223431B2800DD96E01D002024C540201A8340581E83412B43D31A34000D00EF
:209AC0005EE7002E00D05FE700250024ABE7002B44D0C0430028F0D0FF2EE3D11300FF24E1
:209AE0000D0022E70D00FF24002330E7002C5DD1002B7DD0002A00D117E79B185A0100D439
:209B000056E73E4A040013400FE7002C1ED1002B2FD1002A65D013000D0006E701226DE70A
:209B2000002C1FD1002B59D0C04300280BD0FF2E4FD01B285EDC1D002024C540201A834083
:209B4000581E83412B439B18340058E7002B1CD1002A49D013000D00FF24E6E61300340086
:209B60000D00E2E6FF2E34D08024E40440422343DFE7002A00D1D8E68027981AFF04074049
:209B800000D14DE7D31A0D00CFE6FF24002A00D1CBE68020DB08C003034204D0D2080242C5
:209BA00001D113000D00DB00FF24BEE6002B10D0FF24002A00D1B8E68020DB08C0030342BF
:209BC00003D0D208024200D11300DB000D00FF24ABE61300FF24A8E601236EE71300340090
:209BE000A3E6002700251EE780270025FF03E9E613009AE60123A6E7FFFFFF7DFFFFFFFB38
:209C00004302590A4300C20F1B0E00207E2B0EDD9D2B0DDC802000040143952B0BDC9620B5
:209C2000C31AD9400B005842002A00D118007047034BD018FBE7963B99400B00F3E7C04612
:209C4000FFFFFF7F70B5002830D0C317C5185D40C40F280001F08CFB9E231B1A962B0DDCD4
:209C60009622D21A95406A02520AD8B25202C005520AE40702432243100070BD992B19DC19
:209C80009922D21A9540124A2A40690704D00F210D40042D00D00432510103D50C4B1A40AF
:209CA0009F231B1A9201520AD8B2DFE7002400200022DBE705222E00121AB921D6402A00AB
:209CC000C91A8A40551EAA4135001543DBE7C046FFFFFFFB70B5041E28D001F049FB9E23F7
:209CE0001B1A962B0ADC9622D21A94406202520AD8B25202520AC005104370BD992B18DC19
:209D00009922D21A9440114A2240610704D00F210C40042C00D00432510103D50B4B1A4043
:209D20009F231B1A9201520AD8B2E2E700200022DFE705222500121AB921D5402200C91A76
:209D40008A40541EA2412C001443DCE7FFFFFFFBF8B556465F464D464446F0B40F00FD0FDC
:209D6000AA4609037C002E005F00450F490A7F0D2943C5001803BC46400A570F640DDB0F52
:209D80003843D2009A4500D1AAE06646A61B002E00DCFFE06346002B39D10300134300D0DF
:209DA000D9E06B0709D00F232B40042B05D02B1DAB42AD416D4249191D000B0200D482E06A
:209DC000CA4B01349C4200D1FEE00A005646C84BED081A405007640552020543120B640DBA
:209DE000002112030B0D1B056405120B1A436308C04CF60714401C4364006408344328007C
:209E000021003CBC90469946A246AB46F8BDB74B9C42C6D080231B041843382E00DDEBE045
:209E20001F2E00DD1EE120239B1B9C4603006746BB40984613004746F3403B436746BA409D
:209E4000571EBA4113430200F240EB1A9D42B6411D008A1A7642911B0B0231D54A02560A49
:209E6000002E00D1B4E0300001F082FA0300083B1F2B00DDB5E020222900D21AD1409E406A
:209E80000A009D4032439C4200DDB1E01C1B631C1F2B00DDD5E0202114002800C91A8C405C
:209EA000D8408D400443DA40681E854111002543002476E74146314300D134E23100454678
:209EC0006B0700D06FE756464807ED08C9080543864B9C4235D00A036405120B640D7FE7D3
:209EE0006346E31A9B46002B00DC8BE06746002F3CD07E4FBC4200D153E780273F04384346
:209F00005B46382B00DCF7E00243501E82410020D2B253194218AB4289411D0049428918AA
:209F20000B02CDD5714B01349C4200D13DE101206F4A6B080A4028401843D50705435108DD
:209F40002FE72B000B4300D1CBE180231B030B431A03120B44E7013E002E6DD1AE1AB54217
:209F60009B41091A5B42C91A350075E70700174300D116E701235B429C46E3445B46002B0C
:209F800000D0E0E0AA18AA429B4109185B4259181500C5E7002E75D1661C7605760D012E94
:209FA00000DCF3E0AE1AB0464545BF410E1A7F42F61B370200D48FE0551BAA42B641411A86
:209FC00076428E1B9A464BE756460022002507E7280001F0CDF920300300083B1F2B00DCA2
:209FE00049E72A002838824000259C4200DC4DE73F49E41A1140D4E60243501E8241D3B246
:20A00000002222E7002B00D0F3E0631C9C465B055B0D012B00DC9FE0344B9C4500D1C3E0C3
:20A02000AA180918AA42804140424118CD075208154349086446B4E62C4B9C4200D0ECE6A3
:20A04000AFE611001F3CE1400C00202B00D17FE04021CB1A9A4015436A1E954100212543F8
:20A0600000242DE733000700203BDF403B00202E70D04027BE1BB0400243501E824113432F
:20A080000022E2E6002C4FD0184CA44500D1ABE08024240476422143382E00DDDFE01F2EAB
:20A0A00000DD43E12027BC1BA1460C004F46BC40A0462C004746F4403C434F46BD406F1E8C
:20A0C000BD41F1402C43151BAA429241411A5242891A64469A46BFE641464546314300D0DC
:20A0E000BEE6002600240025F2E6C046FF070000FFFF7FFFFFFF0F801F2B59DC2027FF1A81
:20A10000BC46070063469F405B46B9461700DF40B8464F4643461F4363469A40531E9A418B
:20A120005B463A43D840F4E60C002C435CD0F643002E55D1551BAA42A441411A6442091B75
:20A140009A46644688E6964FBC4200D0D8E628E6002280E700208FE70B002B43002C00D0F4
:20A16000C2E0002B00D101E10300134300D118E6AB18AB42B6410918764271180A0200D44E
:20A1800009E1884A1D00114064460AE6002C5BD10E002E4300D08AE00100114300D1C2E022
:20A1A000010015009A46FCE56446002100258FE620235B429C46DC4463460700DF405B4611
:20A1C000BC46202B00D1ACE040235F46DB1B98400243501E8241634613431A00002098E6D2
:20A1E0006F4CA44500D057E70100150064469A46D7E5002C39D10C002C436ED0DB43002B19
:20A200001AD0674CA44568D0382B00DDA4E01F2B00DDAEE020240F00E41AA740B9462F00A1
:20A22000DF40B846A3464F46444627435C46A5406C1EA541D9403D43AD1895429B41091866
:20A240005B42591864466BE60C002C4315D1010011437BD0010015009A46514CA1E50D438B
:20A26000691E8D410021ECB22DE74D4CA44534D0802424045B422143C6E7040014434ED03D
:20A28000ED084C072C438025C9082D03294208D0C6082E4205D1D208410711430C009A46A8
:20A2A0003100620FC900E50011433D4C79E50600164300D175E5AE1AB0464545BF410E1A19
:20A2C0007F42F61B370200D4F4E5551BAA42B641411A7642891B9A4663E5010015006446D4
:20A2E0005FE5002200257BE5002B3BD00300134315D0ED084B072B438025C9082D03294239
:20A3000007D0C4082C4204D141070B002100D2081343C9005A0F1143DD00214C41E5204C51
:20A320003FE5002054E700260025D1E534000F00203CE7403C00202E2BD04027BE1BB14021
:20A340000D43691E8D4100212C43BCE6802100260903134C0025BBE50D43691E8D41002169
:20A36000EDB269E7010015000D4C1AE50100150017E51C000F00203CE7403C00202B0CD05D
:20A380004027FB1A99400D43691E8D410021254352E70021D4E71D0092E50021F3E7C04690
:20A3A000FF070000FFFF7FFFF0B55F4656464D464446F0B41F035C00DB0F9A46194B0E03B7
:20A3C0004D00C90F8046360B6D0D8B4691463F0B640D9D4219D0134B9C421BD00123A5427A
:20A3E00006D018003CBC90469946A246AB46F0BDBE42F6D1C845F4D1D34510D0002DF0D1BD
:20A40000304303005A1E9341EBE7310001230143E7D1E0E73A430123002AE2D1DEE700232A
:20A42000DFE7C046FF070000F0B55F46444656464D46F0B41F033C0B2C4F0E034D00A34678
:20A440005C008446360B6D0DC90F9046640DDB0FBD422BD0254FBC422ED0002D0ED1304329
:20A460000700814678427841002C17D15F463A4314D14B460020002B0AD006E0002C02D1E5
:20A480005846024301D099421AD00123484218433CBC90469946A246AB46F0BD0028F2D01D
:20A4A00058425841012240421043F1E737000743D0D002204042EBE75F461743CDD0F8E787
:20A4C000A542E2DC05DB5E45DFD808D000205E45DED248424841012340421843D8E7C44576
:20A4E000D3D80020C445F4D3D2E7C046FF070000F0B55F464D4644465646F0B41C03240B07
:20A50000A4462F4C0F034D005E00C90F80463F0B6D0D8B469146760DDB0FA54220D0284C57
:20A52000A64222D0002D12D1384344424441002E20D0002C0DD05C42634101245B421C4321
:20A5400020003CBC90469946A246AB46F0BD002E17D05B4519D05B465C4201231C43EFE772
:20A56000390002240143EBD1D9E7614602241143E6D1D7E761460A43DBD100240028DFD08B
:20A58000E9E761460A43E4D1E5E7B54203DD01225C421443D4E7B542CDDB6745DBD809D0F5
:20A5A00000246745CCD259464C426141012449420C43C5E7C845CED80024C845F3D3BFE763
:20A5C000FF070000F0B55F4656464D464446F0B40D0399464E002B0B87B00700924680467F
:20A5E0009B46760DCC0F002E69D06D4B9E4235D05B468022DD001204430F13432B439B46EB
:20A60000C3009846674B00279C460023664401934A4615035000D20F53462D0B400D9146AF
:20A6200000D176E05E4A90426CD080225B0F120413435C4AED0094461D4353460022DB0062
:20A64000604449463618701C6140029017430F2F00D9AFE05448BF00C759BF465B461F4337
:20A6600000D088E000239B469846023308270193CEE74946022A6AD0032A00D109E2012A0A
:20A6800000D0BBE111400022002300259046CCB200212D030A0D12052D0B1543434A1B0583
:20A6A00015401D436D00E4076D0825434046290007B03CBC90469946A246AB46F0BD0343D1
:20A6C00052D05B46002B00D18AE1584600F050FE03000B3B1C2B00DD7BE11D22D31A3A0045
:20A6E00001005D46DA4008398D4013008F402B439B46B8462E4B00279C460023604446428E
:20A70000019385E752462A432CD100250023022297E752462A4321D0002D00D154E12800FC
:20A7200000F026FE03000B3B1C2B00DD46E11D21CB1A51460200D9405346083A9540934019
:20A740000D431B4A944660444042002279E7012400220C40124B0025904699E7002500230F
:20A7600001226EE703226CE700239B4698460133042701934CE703230C27019348E70023A2
:20A780008025984600242D03054B81E75D464346019A6FE75D4643462100019A6AE7C046CE
:20A7A000FF07000001FCFFFFF87E0108FFFF0F80F30300004246120C91461A0C9446424691
:20A7C00017044A461B041B0C5A43604690464A4642431000039262461C003F0C7A437C432A
:20A7E00042440192220C9246019A5244904506D98246802040028046C24450460390100C9A
:20A80000049048462404240C1204121905922A0C2D042D0C68432C00824648467C435043C7
:20A820008146200C8046574357444744BA4503D9802040028046C144380C3F04B846484406
:20A840002404240C01900498A044404404905846000C814658460404200C824607004846D7
:20A860005F434C464343604660436446834650464443380C8446E4186444A34203D980232F
:20A880005B029C46E34448463F04230C3F0C2404E419574668436F4384464D46504655435D
:20A8A0004243380C814662444A445B44944503D9802040028446654403983F0483460498E8
:20A8C0003F0C8446E344C345804140428246100484460198674484466744A344BC46A345C1
:20A8E000A4419946D44464428742BF41D4458041E144A04699459B417F424042C8440743D5
:20A90000120CBA18A045A4415F423B0064422343D71843467D19DB0D6D021D435B465A02D3
:20A92000059B1A43531E9A415B46DB0D1A4343465B021343EA0107D501225C0813402343A5
:20A94000EA07029E13436D08574AB218002A4BDD580709D00F201840042805D0181D98420F
:20A960009B415B42ED180300E80104D54F4A15408022D200B2184E48824200DDE7E601243F
:20A98000DB08680718436D02530580462D0B5B0D0C407DE6802259461203114208D0154256
:20A9A00006D115432D0398462D0B4C46414B6FE65D4615432D032D0B3E4B69E603005546D6
:20A9C000283B9D400023BCE6504600F0D1FC2030A8E60300283B9F400023BB46984689E68B
:20A9E00000F0C6FC203073E60124A61A382E07DD00220C4000230025904649E6029EA3E7E8
:20AA00001F2E20DC20222C001800921BF040944093400443581E83411C43F540630709D08B
:20AA20000F232340042B05D023001C1D9C4292415242AD182B021FD5012400220C4001233F
:20AA40000025904624E61F202C004042821AD440202E1CD04022961BB5402B43581E83416A
:20AA60000720234318400025002809D00F2200251A401C00042AD8D1230068076D022D0BEF
:20AA80000124DB08034398460C40002300E60025E3E780220124120315432D0398462D0BCC
:20AAA0000C40044BF4E5C046FF030000FFFFFFFEFE070000FF070000F0B557464E464546B3
:20AAC000E0B40E001100F20F9246C500420F180337037400400A4E0F7F0A3043CF4E1743F1
:20AAE0005A00640D520DDB0FC900B24200D1E5E001267340A61AB446534500D1AFE0002E35
:20AB000000DC0DE1002A3AD103000B4300D0E4E06B0709D00F232B40042B05D02B1DAB4230
:20AB2000AD416D427F191D003B0200D488E0BB4B01349C4200D110E13A00B94B51461A4040
:20AB400001235007ED08520264050543120B640D0B400021280012030D0D120B64052D0577
:20AB600015436208AF4CDB072C401443640064081C4321001CBC90469946A246F0BDA74B0F
:20AB80009C42C5D080231B0418436346382B00DDFDE01F2B00DD30E1624620239B1A020085
:20ABA0009A40664690460A009940F24046464B1E99413243114363460200DA40691A8D4275
:20ABC0009B410D00BA1A5B42D71A3B0235D57A02530A98464346002B00D1C4E0404600F08D
:20ABE000C7FB0300083B1F2B00DDC5E020222900D21A4746D1409F400A009D403A439C426B
:20AC000000DDC0E01C1B631C1F2B00DDE4E0202114002800C91AD8408C408D400443DA40A4
:20AC2000681E854117002543002471E7424663461A4300D14CE2674645466B0700D069E776
:20AC4000012351467807ED08FA080B40054373498C4238D012036405120B640D79E7002E04
:20AC600000DC9AE0002A47D06C4A944200D14FE78022120410436246382A00DC08E101438C
:20AC8000481E81410022C9B24919D219A942BF410D007F42BF183A0200D442E15F4A013401
:20ACA000944200D14EE101205D4A69083A4028400843D507054357089A4629E706000E438E
:20ACC00000D017E714E72900114300D1F9E1802109030A431203120B3BE701235B42984696
:20ACE000C4446346002B72D1691A8D429B413F1A5B42FF1A0D0068E702000A4300D107E78E
:20AD0000012252429046C4446246002A00D0E6E06918A942B6413F187642F7190D00BAE706
:20AD2000002E00D080E0621C5205520D012A00DCF9E06A1A91464D45B6413A1A7642921B04
:20AD40009046120200D499E04D1BA9428941C71B49427A1A90469A463CE7524601230025E4
:20AD600013400022F5E6280000F002FB20300300083B1F2B00DC39E72A0028388240002521
:20AD80009C4200DC3EE7264FE41A1740C0E60143481E81410022C9B210E7002E00D0F1E095
:20ADA000621C94465205520D012A00DCA0E01B4A944500D1C5E06918A94292413F18524220
:20ADC000D2194908D5070D4357086446A0E6134B9C4200D0D9E69BE611001F3CE1400C0097
:20ADE000202B00D180E04021CB1A9A4015436A1E95410027254300241FE763460200203B42
:20AE0000DA406346202B71D0402366469B1B98400143481E814111430022CFE6FF070000A9
:20AE2000FFFF7FFFFFFF0F80002C48D0CA4CA24200D1A2E07442A1468024240427434C4613
:20AE4000382C00DDDBE01F2C00DD44E14E462024A41B3E00A640A246B0464C462E00E6402A
:20AE6000B4464646644626435446A5406C1EA54134002C434D46EF400D1B28E04A4643469C
:20AE80004D461A4300D0A5E6002300240025DEE61F2A5ADC66462022921B0600964091466A
:20AEA000B04662460E00D640424616434A4691404A1E9141020060463143C240E4E63C0030
:20AEC0002C435AD0F443A146002C52D14D1BA9428941C71B49427F1A14009A4675E69E4A12
:20AEE000944200D0C7E613E600227FE700208FE7002C00D0C8E03B002B4300D10FE10300D7
:20AF00000B4300D104E66918A9429B413F185B42DF193B0200D41AE1904B0D001F406446F7
:20AF2000F6E59A4689E63A002A43002C5CD1002A75D102000A4300D1CAE007000D009A46B9
:20AF4000E6E564460022002581E662460600203AD6406246B046202A00D1B7E04022664652
:20AF6000921B904001434246481E8141114300228AE6794CA24200D061E707000D00140091
:20AF80009A46C5E5002C41D13C002C4378D0F443A146002C20D0704CA24271D04C46382CE5
:20AFA00000DDB2E01F2C00DDBCE02026341BA2463C005646B4404E46A0462C00F440A44651
:20AFC000444666463443A4465446A54064466E1EB54125434C46E7406D188D4289413F1899
:20AFE0004942CF19140056E6002A2FD102000A4300D184E007000D009A46574C88E53D435C
:20B000006F1EBD41ECB200270D1B60E7524CA24236D0744280263604A1463743BEE702004B
:20B020000A4300D174E56A1A90464545B6413A1A7642921B9446120200D4F7E54D1BA94214
:20B040008941C71B49427F1A9A4661E502000A433AD0ED087C072C438025FA082D032A4277
:20B0600008D0C7082F4205D145072C003A009A46C9080C43670FD200E5001743364C47E5FB
:20B0800007000D00140043E53A002A4343D002000A4319D0ED087C072C438025FA082D03B0
:20B0A0002A4207D0C6082E4204D147073C003200C9080C43D700620FE50017439A46264C85
:20B0C00026E50022002544E5234C21E5002049E700230025BBE54C463E00203CE6404C4664
:20B0E000B446202C31D040244E46A61BB7403D436C1EA54164462C4300270D1BE7E6802292
:20B1000000231203144C0025A1E53D436F1EBD410027EDB260E707000D000F4CF8E4070082
:20B120000D00F5E44E463C00203EF440A0464C46202C0ED040244E46A41BA7403D436F1E7A
:20B14000BD4144460027254346E70027CFE70D0073E50027F2E7C046FF070000FFFF7FFFE1
:20B1600070B5002830D0C317C4185C40C50F200000F0FEF8174B184A1B1AD21A1F2A18DD33
:20B18000164AD21A9440002224035B05240B5B0D0021100024030A0D1205240B1443104AE9
:20B1A0001B0514401C436400ED0764082C43210070BD210091400A000B21081AC4405B058D
:20B1C0002403240B5B0DE3E70025002300240022DEE7C0461E04000033040000130400001E
:20B1E000FFFF0F8070B5051E28D000F0C1F8154B154A1B1AD21A1F2A16DD2C00134A00250F
:20B20000D21A94405A052403240B520D002124030B0D240B1B0523430D4C1205234013431C
:20B220005B002800590870BD0B212C00081AC440954024035A05240B520DE7E70022002482
:20B24000E4E7C0461E0400003304000013040000FFFF0F804200120E511C4302C9B270B56C
:20B260005D0AC40F012915DDE02189008C466D071B0B6244002128000D0D2D052B431C4D70
:20B2800052052B40520813435B00E4075B082343190070BD002A15D1002D1FD0280000F0A3
:20B2A00067F80A281DDC0B232A001B1ADA4013000200153295400F4A1B03121A52051B0B0C
:20B2C000520DD7E7002D06D080221B0B120313436D07094ACEE7084A0023CBE70022002333
:20B2E000C8E703000B3B9D402B000025E3E7C046FFFF0F8089030000FF0700008446081C4C
:20B300006146FFE71FB500F0DBF8002801D40021C8421FBD10B500F067F84042013010BD71
:20B3200010B500F0CDF8002801DB002010BD012010BDC04610B500F0C3F8002801DD002018
:20B3400010BD012010BDC04610B500F075F8002801DC002010BD012010BDC04610B500F06F
:20B360006BF8002801DA002010BD012010BDC0461C2101231B04984201D3000C10391B0ADE
:20B38000984201D3000A08391B09984201D30009043902A2105C40187047C046040302026C
:20B3A00001010101000000000000000070B500220C4B04000D00FEF72DF8002804D12000A3
:20B3C000290000F0C1F870BD064B002220002900FFF772FB00F0B8F880231B069C46604465
:20B3E000F1E7C0460000E041430270B542004C005D0AC30F4802120E460A240EC90FFF2A30
:20B400000FD0FF2C11D00120A24200D070BDB542FCD18B420DD0002AF8D12800431E98417C
:20B42000F4E70120002DF1D1EBE70120002EEDD1E9E70020EAE7C0464302F0B542005D0AE8
:20B44000C30F4802440A4800120E000EC90FFF2A1FD0FF2822D0002A09D16E426E41002878
:20B460000FD1002C0DD10020002D09D005E0002801D1002C01D08B4213D058420123184317
:20B48000F0BD002EF7D048424141012049420843F6E7002DDDD002204042F1E7002CDAD0FE
:20B4A000F9E78242E9DC04DBA542E6D80020A542E6D25842434101205B421843E0E7C046DC
:20B4C0004302F0B542004C005E0AC30F4802120E450A240EC90FFF2A17D0FF2C19D0002AA9
:20B4E0000BD170427041002C17D0002807D048424141012049420843F0BD002C13D08B426F
:20B5000014D0584201231843F6E70220002EF3D1E3E70220002DEFD1E1E7002DE5D1002099
:20B52000002EE9D0EDE7002DE9D1EAE7A242E8DC04DBAE42E5D80020AE42DDD25842434187
:20B5400001205B421843D7E70B0330B5134D1A0B4B005B0DC90F0024AB4211DD104CA342D1
:20B5600010DC8024640322430E4CE41A1F2C0CDD0D48C31ADA4013005C42002900D11C00D0
:20B58000200030BD094BCC18FAE7E040084CA44663449A4013000343EEE7C046FE03000071
:20B5A0001D0400003304000013040000FFFFFF7FEDFBFFFF00B589B02022002168460CF0BF
:20B5C000F5FB0D4B0093183301930C4B029301236A46D37603226946CA754B754B740222F2
:20B5E000CA730B7404338B8109338B73044807F021F809B000BDC046400100204C3000401D
:20B600004020014000B585B01022002168460CF0CDFB064B009301236A465371044B02937A
:20B620006946044808F0E4FB05B000BDDF2E0000B1B800082011014000B585B01022002199
:20B6400068460CF0B3FB074B009301236A4653711373054B02936946044808F0C9FB05B03E
:20B6600000BDC046DF2E0000B1B8000820110140F0B55F4656464D46E0B41D4B198889B2C6
:20B68000FA200001FDF7A6FD00281CDD194B1E69370000250024184B9B46154B9A4600E008
:20B6A0004F46AD005B46EE500134E4B225005346198889B2F3199946FA200001FDF78AFD83
:20B6C0008442EDDB00E00027094B198889B2FA200001FDF77FFD01003800FDF7F1FC074BAE
:20B6E0001860FFF7A9FF1CBC91469A46A346F0BD0E48002040010020E41D0020E01D0020FA
:20B7000030B589B0384C02220A21200007F01CF902220721200007F017F902220421200030
:20B7200007F012F9314C02220121200007F00CF902220021200007F007F901A900240C7082
:20B7400001234B708B70CC700C714C718C71CC710C724C728C72CB720C734C7305228A7386
:20B76000CC730C740B764C61214D280006F06CFA002306220121280006F036FB01230622E2
:20B780000421280006F030FB022306220621280006F02AFB032306220921280006F024FBCF
:20B7A000042306220A21280006F01EFB6A68114B13406B60FFF7FEFEAA6802231343AB6002
:20B7C0006B688022120613436B600B4B1C60C8229200002109480CF0E9FAFFF713FFFFF71E
:20B7E00047FF09B030BDC046000008206000082000300040FFFFEFFFE01D0020E41D00200D
:20B80000F0B5474680B4264B198889B2FA200001FDF7E0FC0138002819DD002500270024C3
:20B82000204B98461E4E6B1C9B0042469B58AD00AB50FF180134E4B22500318889B2FA20F9
:20B840000001FDF7C7FC01388442ECDB00E00027134D298889B2134CFA200001FDF7BAFCF3
:20B8600001388000104B1B690351298889B22D88ADB2FA200001FDF7ADFC0138800003590F
:20B88000FF182900FA200001FDF7A4FC01003800FDF716FC054B186004BC9046F0BDC04669
:20B8A0000E480020E41D002040010020E01D002010B5FFF7A5FF10BD042802D1054B186878
:20B8C00002E08000044BC058044B984200D918007047C046E01D002040010020FF0F00003C
:20B8E00010B5254C00220321200007F02DF801220321200007F08EF801220321200007F04E
:20B9000013F800220521200007F01EF801220521200007F07FF801220521200007F004F874
:20B92000164C00220821200007F00EF801220821200007F06FF801220821200006F0F4FF1E
:20B940000F4C00220321200006F0FEFF00220321200007F05FF802220321200007F064F8C4
:20B960000849032007F008F90023074A1370074A1370074A138010BD30000820000008205F
:20B9800060000820BDB9000804210020082100200621002010B5FFF7A3FFFFF7B1FE00F0DA
:20B9A000EBF810BD10B50321034806F0C7FF431E9841C0B210BDC0466000082010B5144BBC
:20B9C0001B78092B22D8FFF7EDFF012810D10122104B1A70104B196E03320A431A66196E47
:20B9E00008220A431A660A4A1378013313700DE001220321094806F097FF074B1A6E0421AA
:20BA00008A431A661A6E04318A431A6610BDC0460821002004210020004001403000082095
:20BA200010B50B4B1B78012B11D10A4A138801339BB21380084A934209D1002203210748B1
:20BA400006F072FF0022034B1A80014B1A7010BD0421002006210020983A0000300008201C
:20BA600010B502000521024806F05EFF10BDC0463000082070B58EB001220821194806F00B
:20BA800063FF0BAE0A22002130000CF08FF907AD1022002128000CF089F901AC18220021D5
:20BAA00020000CF083F9022333703371013B6B706E606B73AB73656023729033FF3363816E
:20BAC000094B198889B20948FDF7FAFA9221FF31FDF7F6FA0138E0812100054807F070FBCC
:20BAE0000EB070BD300008200E48002000366E010040014070B58EB0012207211A4806F061
:20BB000023FF0BAE0A22002130000CF04FF907AD1022002128000CF049F901AC1822002114
:20BB200020000CF043F903233370013B3371013B6B706E606B73AB73656023729033FF33D4
:20BB400063810A4B198889B20948FDF7B9FA9221FF31FDF7B5FA0138E0812100054807F053
:20BB60002FFB0EB070BDC046300008200E48002000366E010040014010B5FFF77BFFFFF78B
:20BB8000B9FF10BD012809D10A4B196E04220A431A66196E08220A431A660AE0002808D1E5
:20BBA000044B1A6E04218A431A661A6E04318A431A66704700400140C000024B9C46604467
:20BBC0008160704708400140C000034B9C466044806880B27047C0460840014010B501F09A
:20BBE00071FF024A024B9A6062B610BD0090000800ED00E010B5FFF7F1FF01F0A5FC04F0C7
:20BC000025FF05F075FA02F0C9FD05F051FF00F00FF800F05DFE02F07DF902F051FBFFF7C1
:20BC2000B9FE08F097FE08F081FE00F0B3F9FEE70022054B1A800023044A00211170044A5B
:20BC40001370044A1370704736260020282600203026002034260020F0B5124BDD792D0278
:20BC60001B7A5D19ADB24B1EDBB200290FD001000133C018FF24FF220B4F0C4E0B78534041
:20BC8000FA5C6240F45C01318142F7D101E0FF24FF2212022243954201D0092000E001202F
:20BCA000F0BDC0463826002038800108387F010810B5124B1B780024022B17D107210F4865
:20BCC000FFF7CAFF012811D10C4B5B78102B0CD10A4B9B78062B09D1084B5979084A1170ED
:20BCE0009A79084B1A70013400E000240922002102480CF05BF8200010BDC04638260020C5
:20BD0000282600203026002010B5204A13880A3313801F4B1B78002B13D01E4B1B78002B73
:20BD200013D11D4A13780A33DBB21370142B17D90022174B1A700932002118480CF036F8BD
:20BD40000EE0144B1B78002B0AD00022114B1A70FFF7AEFF012803D100220C4B1A8011E052
:20BD6000C823DB00094A12889A420BD91A00074B1A8001220A4B1A7000230A4A13700A4AFA
:20BD8000137002E00022064B1A7010BD36260020322600203326002029260020382600201A
:20BDA000342600202826002030260020034B18780002034B1B78181880B2704728260020DD
:20BDC0003026002010B582B000F020FF264B1B68012B24D1254B0193012400940023402290
:20BDE0002349244801F03EF8234B01930094002320222249224801F035F8224B01930094C1
:20BE0000002320222049214801F02CF8204B01930094002320221F491F4801F023F81F4B99
:20BE2000019301240094002340221D491D4801F019F81D4B01930223009300238022920058
:20BE40001A491B4801F00EF81A4B01930094002340221949194801F005F8002001F0F8F861
:20BE600000F0E0FE02B010BD00B001086001002038810108C1BE0008680100204881010897
:20BE8000D9BE00087001002058810108F5BE0008580100206881010811BF00085C01002015
:20BEA0007881010855BF00086C010020988101082DBF000864010020AC81010871BF0008CE
:20BEC00000B583B001F054F9019000F00FFD012101A801F0ADFAF8E700B583B001F048F953
:20BEE0000190002000F0F4F8052101A801F0A0FAF7E7C04600B583B001F03AF901900120B9
:20BF000000F0E6F80A2101A801F092FAF7E7C04600B583B001F02CF90190022000F0D8F8AD
:20BF2000322101A801F084FAF7E7C04600B583B001F01EF9019008F0FDFC08F0FFFC08F055
:20BF400001FD08F003FDFFF76BFD012101A801F06FFAF0E700B583B001F00AF9019005F02F
:20BF600053FA04F085FC0A2101A801F061FAF6E700B583B001F0FCF8019002F083F802F045
:20BF800065FA04F031FBFFF7BFFE0A2101A801F04FFAF2E700B583B0002301930133009322
:20BFA000002330220449054800F05CFF012801D101F0A4F8FEE7C046C8810108C5BD0008D8
:20BFC0000822002809D10AE0C046013BDBB2002BFAD1013880B2002801D01300F4E770477D
:20BFE000022819D80D4A8D23DB00584310180C4B9C466044002303706346D35CDB070BD475
:20C00000084BD35CDB0707D4074BD35CDB0703D4137A7F210B4013727047C0464426002063
:20C0200062060000CA0A0000320F0000064B002206495A5406495A5406495A541A7A7F21E5
:20C040000A401A727047C0464426002062060000CA0A0000320F000010B500F0D3FB094B6F
:20C060005B7A70221A4204D001221343054A537205E0044810221343437200F0C7FB00F08C
:20C08000C3FB10BD44260020024B00221A755A757047C0464426002070B504000B4B1D7D5E
:20C0A00000203B2D10D81E00587D40193C21FDF777F9881CC00030180630082221000BF0DB
:20C0C00037FE01353575012070BDC04644260020F0B557464E464546E0B484B00190484B20
:20C0E0001B7A7F2B00D884E0464E0023984600254246B146B379DB076FD5337901998B4227
:20C100006BD17388013B9BB27380002B65D13388738000248D23DB0053431F00B2462B19BD
:20C1200002AA137000F06EFBE000001BC000C019F930FF30324B9C466044031D443083422F
:20C140002ED2E200121BD200D2196244FD32FF321168002924D002AA01321E79042E0AD1F4
:20C160000E7816700E68360A56704E889670C978D17004320BE0022E06D10E881670098804
:20C18000090A5170023202E0097811700132083304A98A4204D2984202D019680029DCD1F3
:20C1A000174B5B7A70221A4207D002A8FFF774FF002809D100F028FB08E020221343104A81
:20C1C000537202A800F022FB00F01EFB0134E4B253465B79A342A2D24E461435EDB20123A9
:20C1E0009C46E0448D23DB009C4666443C2D00D07EE704B01CBC90469946A246F0BDC046A8
:20C2000044260020A02C002010B500F06DFB154B154AD35A0020002B22D0FF2B05D8DBB2CE
:20C22000104A11498852104906E0013BFF3B0D4A0D498B520023F6E70A69147888882018EA
:20C24000888001320A61013BDBB2002BF4D1054B054AD35A0120002B02D1FFF7FDFE002083
:20C2600010BDC046360F000044260020F8B504000378012B00D15FE2052B28D157E2C04B45
:20C280001B7ADB0604D4FFF7D1FE0022BC4B5A72BB490B7A10229343202213430B72B84BED
:20C2A000FF221A7000225A7061789970FE21D9709A80DA8038E2B24B1B7A9A0600D440E2E7
:20C2C0002022934310221343AD4A137239E2AC4B1A7A930600D434E2A94BFF21197000215B
:20C2E0005970417899700578232D00D919E2AB00A449CB589F46A44B1A780023002A0FD1C4
:20C3000014E020239A439E4B1A728378002B04D110231A439A4B1A7206E2FFF787FE03E250
:20C3200099490133DBB2CA5C002AFAD1944AD370002313719371433353714B33D371924B9A
:20C34000D360F1E18578012D09D84168C07800F09DFA0235AD008A4B5B195860E4E1322266
:20C36000874B5A70E0E18178C31C4A1ED2B2002900D1D9E10432841881491A78C868027018
:20C38000CA680132CA6001339C42F6D1CCE1831C08347B491A78C8680270CA680132CA6026
:20C3A0000133A342F6D1BFE18278531EDBB2002A00D1B9E1181D724BC01803337049CA6885
:20C3C00012781A700133CA680132CA608342F6D1AAE1C078616800F059FA694B1861A278E4
:20C3E000531EDBB2002A00D19EE1181D644BC018033363490A6912781A7001330A690132C6
:20C400000A618342F6D18FE18078FFF7E9FDA278022A19D88D23DB005A43F932FF32584B83
:20C42000D218131D59498C466244934204D20021197001339A42FBD1514A117A02230B43FE
:20C440001372FFF721FE00E000254D4AD570A37814214B43137167E18378022B05D8C17879
:20C46000132902D80279072A07D9454B31225A700021C832FF32995056E1414CC800411A51
:20C480008D204343CB189B183F33DB001B190433FC225200A35047E183785A1E012A01D918
:20C4A000042B05D1FC235B00354AD558002D03D13122334B5A7037E1E1790906A3791B04F9
:20C4C000C91863791B02CB1821795918E07800F0DDF92860FC235B00294AD358A2781A7131
:20C4E00022E1930703D42222254B5A701CE18378012B08D0002B02D0022B51D07DE0C0786E
:20C50000FFF76EFD10E1C678022E00D90CE105794379C17909028079411889B28D20C0001C
:20C520007043174F3818CC27FF00BC4660440370002900D101318D23DB0073431048C318E7
:20C540001348181801801349591801200880124959180D7011498C46634404211970E07837
:20C56000022800D9E0E006498D23DB004343CB1863440120187080235B421A430A72D3E099
:20C5800044260020E0810108000000206C0400005C0600005E060000610600006206000082
:20C5A000C578022D00D9BFE000796379E2791202A1798A1892B28D21C9006943614C61188A
:20C5C000CC24E400A44661440B70002A00D101328D23DB006B435B49CB185B4959180A80F0
:20C5E0005A4A9A1801211180594A9A181070594A9446634404221A7096E03122514B5A705A
:20C6000092E0930703D422224E4B5A708CE08378002B02D0012B03D019E0FFF707FD83E0D7
:20C620000023484D01264C4C4A49591849190878042800D10E708D21C9008C466344A3424D
:20C64000F2D180235B421A433E4B1A726CE031223C4B5A7068E03B4B0222DA7000225A605D
:20C66000DA681A6183881B0442881A43002B02D03221344B5970334B38495A525B78002B6B
:20C6800052D15EE04379190603791B04CB18C27812029B18817859182A4BD86800F014F9C3
:20C6A00042E08278274D0330E96800F00FF9A378EA6894466344EB60022835D141E0214D76
:20C6C00002300622E96800F001F9EB680633EB60022829D135E01B4BD86800F0DFF823E045
:20C6E000184C0023E37000F0D3F860601CE044239A4314490A728378442003401A430A7251
:20C70000A278174BCA540FE00E4B154A9A5CDA7000221A7108E00B4B0222DA70013A1A7179
:20C7200002E03022074B5A70FFF796FC09E04388002B00D1B3E5BEE54388002B00D0BAE5D1
:20C740009DE5F8BD442600205C0600005E0600006106000062060000380D0000360F0000F9
:20C76000340F000010B51F4A537A702118008843507201241C4007D071229343194A53725C
:20C78000FFF76AFC01242AE0164B1B7A7F2B26D900F038F8134B1C7D002C1ED01C005A7A4E
:20C7A000202313436372607D0230C0000019063000F02CF8637D0133DBB23B2B02D8094AA5
:20C7C000537502E00022074B5A75064A137D013B137500F019F8012401E000F015F82000A4
:20C7E00010BDC04644260020044B054A991800221A7001338B42FBD17047C04644260020CD
:20C80000380F000072B6704762B6704710B5184B08225A7200225A7300231549C25C0C6902
:20C82000E2540133082BF9D1114B1B691B78132B03D8104A0E4B1A6011E01A00143A132A42
:20C8400003D80D4A0A4B1A6009E0283B132B03D80A4A074B1A6002E0094A054B1A60012230
:20C860000349084804F00EFC0122074B1A7010BDEC220020D1070000D2070000D307000099
:20C88000D4070000007800407501002008007047014B18787047C04676010020014B1870AC
:20C8A0007047C04676010020044B05481978054A9A18117001338342F8D1704700F80108FB
:20C8C000000002080050FE177047C0460020704710B5FFF7E9FFFFF787FF0022014B1A703E
:20C8E00010BDC046760100207047C04610B50C4B1B78012B06D10022094B1A70094B18698A
:20C90000FFF7B4FC72B6A023074AD258C0239B021A4201D1FFF726FF62B6FFF775FC10BDF6
:20C9200074010020A02300200078004010B5124B00E013001A688242FBD359685C18A04287
:20C9400003D14068411859601800446801198A420CD10A4A1268914206D04A6814194460C8
:20C960001A681268026002E0016000E00260984200D0186010BDC046840100208001002099
:20C9800070B5040000F0ECFB3C4B1B68002B20D13B4A530708D0D11D07239943C0235B0187
:20C9A000D3185B1A0A0001E0C0235B013548026000214160D318083B072083432F48036057
:20C9C00059601960991A516013602F4B19602F4B1960002C4CD0072323401A0010239B1A91
:20C9E000DA43944244D8E318002B3DDD274A1668B34239D8234A146801E022000C00616832
:20CA00008B4202D921680029F7D11C4909688C422AD01568216811606268D21A102A08D90E
:20CA2000E018410701D072B6FEE742606360FFF77DFF6268B31A15490B60134909688B4207
:20CA400001D211490B60083580231B061A436260002323600E4A13680133136000F04AFCC8
:20CA60006B0708D072B6FEE700F044FC002502E000F040FC0025280070BDC04680010020DB
:20CA80009001002084010020901900207C0100207801002010B5002823D00300083B5B6858
:20CAA000002B01DB72B6FEE70200083A1268002A01D072B6FEE7083804005B005B084360F7
:20CAC00000F04EFB074A636811688C46634413602000FFF72BFF044A13680133136000F0FC
:20CAE00009FC10BD7C0100208C010020030008334360012252428260C36003610023036093
:20CB00007047C046002303617047C04643684B609A688A609A68516099600861036801331E
:20CB20000360704730B50C6802000832631C02D1026904E01A0053681D68AC42FAD25368D6
:20CB40004B6099608A605160086103680133036030BDC046036942688168916082684168B5
:20CB600051605A68904201D182685A60002202611A68013A1A6018687047C04682B00023AC
:20CB80000193064B1B68013301D072B6FEE772B6019B002BFCD002B07047C04610000020C1
:20CBA0000B4A13681868203080F30988022080F31488BFF36F8F3FBCAE4608BC04BC62B665
:20CBC0001847C046C046C046C046C046C046C046341A002010B5031F802464041C60043BB0
:20CBE0001960043B02491960143B1A60403810BD7DCB000880225205034B1A60BFF34F8F0A
:20CC0000BFF36F8F7047C04604ED00E072B6044A136801331360BFF34F8FBFF36F8F704747
:20CC200010000020064B1B68002B01D172B6FEE7013B034A1360002B00D162B67047C04619
:20CC400010000020EFF3108072B6704780F310887047C0460000000000000000000000008B
:20CC6000EFF309800E4B1A6820381060F0C044464D4656465F46F0C008B572B600F016FC01
:20CC800062B60CBC116808681030F0C8A046A946B246BB4680F309882038F0C81847C0468C
:20CCA000341A002010B5FFF7CDFF040000F066FA002803D080225205024B1A602000FFF75A
:20CCC000C5FF10BD04ED00E010B5084C00232360074A1360074B1868FA218900FCF7F0F91D
:20CCE0000138054B18600723236010BD10E000E018E000E02000002014E000E010B50C4BE1
:20CD00001A68FF2109040A431A601A68FF2109060A431A60FFF7D8FF0022064B1A60FFF775
:20CD20003FFF00F0C3FBFFF729FF002010BDC04620ED00E010000020084B1B681B68002B55
:20CD400004D101225242064B1A6005E0034B1B68DB681A68024B1A607047C04698190020AC
:20CD6000381A0020F0B5474680B4144B9846144F144E43461B68002B18D0104DFFF746FF22
:20CD8000FB68DC68201DFFF7E5FE3368013B33602B68013B2B60FFF745FF206BFFF77AFEDF
:20CDA0002000FFF777FE2B68002BE7D1064B1B68012BDED9FFF71EFFDBE7C046741A002032
:20CDC000A01900208C1A0020CC19002070B504000D001E4B1E681E4B18680430FFF7BAFEBF
:20CDE000631C16D1002D14D01A4A5168184B1868816018688C68C4608C68186804306060DB
:20CE00001868043088601B685A611368013313601AE034190E4B1B685C60A64207D90E4B16
:20CE200018680B4B19680431FFF77CFE0CE00B4B1868074B19680431FFF774FE084B1B68EE
:20CE40009C4201D2064B1C6070BDC046401A0020341A0020B4190020441A002098190020FD
:20CE6000381A0020F0B5474680B482B000900E00019395002800FFF783FD041E00D1C7E0A9
:20CE80005820FFF77DFD071E0ED0582200210AF08DFF3C632A00A52120000AF087FF3B6BB1
:20CEA0009846002E04D11EE02000FFF7F3FDAFE00022B2563423FA540023F356002B0FD0B9
:20CEC000731C3A00353239003E3100201856107000201856002803D0013301328A42F4D1EB
:20CEE00000223D23FA54089B042B01D972B6FEE7089E042E00D90426FE62BE643C1D2000D3
:20CF0000FFF700FE38001830FFF7FCFD3F6105239B1BBB617F62281F404407239843019AC8
:20CF20000099FFF757FE3860099B002B00D01F60FFF76CFE394A136801331360384B1B684C
:20CF4000002B23D1364B1F601368012B2AD1354D2E0064362800FFF7C9FD1435AE42F9D1DF
:20CF6000314E3000FFF7C2FD304D2800FFF7BEFD2F48FFF7BBFD2F48FFF7B8FD2E48FFF744
:20CF8000B5FD2E4B1E602E4B1D600BE02D4B1B68002B07D1224B1B68DB6AFA6A934201D8C2
:20CFA0001F4B1F60284A1368013313603B64FB6A264A1268934201D9244A136019499A007A
:20CFC000D3189B00CB185B68BB609A68FA609A6854609C60FB6A9800C21892008A187A6116
:20CFE000C218920052580132C3189B005A50FFF719FE144B1B680120002B0BD0084B1B68DC
:20D00000DA6AFB6A9A4205D2FFF7F4FD012001E00120404202B004BC9046F0BD8C1A00206D
:20D02000341A0020CC190020601A0020481A0020781A0020A0190020B41900209819002018
:20D04000441A00209C1900205C1A0020901A002070B50400FFF7DAFD002C01D1204B1C683A
:20D06000251D2800FFF776FDA36A002B03D020001830FFF76FFD1B4A136801331360184B1E
:20D080001B689C4208D129001748FFF73FFD174A13680133136005E0154A1368013B1360AB
:20D0A000FFF74AFEFFF7BEFD0D4B1B689C4205D0206BFFF7EFFC2000FFF7ECFC0D4B1B68AE
:20D0C000002B0BD0064B1B689C4207D10A4B1B68002B01D072B6FEE7FFF78CFD70BDC0462D
:20D0E000341A00205C1A0020A0190020741A00208C1A00209C190020301A002000B583B0B8
:20D10000104B019300230093802252000E490F48FFF7A8FE01280DD172B6012252420C4BEF
:20D120001A6002320B4B1A6000220B4B1A60FFF7E5FD03E0431C01D172B6FEE7074B1B68B1
:20D1400003B000BD3C1A00207082010865CD0008381A00209C190020401A002014000020BF
:20D16000024A1368013313607047C046301A0020014B18687047C046401A0020F0B54746E5
:20D1800080B4514B1B68002B00D094E04F4B1C6801341C60002C12D14D4B1B681B68002B26
:20D1A00001D072B6FEE74A4A11684A4B186810601960494A136801331360FFF7BDFD474B8F
:20D1C0001B6800209C4265D30020414B9846002643461B681B68002B04D1012252423F4B16
:20D1E0001A6057E03A4B1B68DB68DB685A68944202D23A4B1A604DE05A699968DF688F605E
:20D20000D9689F684F60191D57688F4201D1DF6857605E611768013F17609A6A002A10D07E
:20D22000DF691D6ABD601F6ADD697D601F0018375568BD4201D11D6A55609E621768013F5F
:20D240001760DA6A264D2F68BA4200D92A609700BA189200234DAC46624452689A609568F6
:20D26000DD60976879609160DA6A9700B9188900654661445961B918890049590131BA1869
:20D2800092005151184A1168DA6ACB6A9A429FD901209DE7144B1B68DB6A9A00D3189B00C6
:20D2A000104A9B58012B00D90120104B1B68002B06D0012004E00E4A13680133136000207D
:20D2C00004BC9046F0BDC046301A0020401A002098190020441A002094190020381A002093
:20D2E000901A0020CC190020341A0020941A0020C8190020F8B5464B1B68002B01D172B63C
:20D30000FEE7FFF783FC424B1A68013A1A601B680024002B77D13F4B1A680023002A4ED15D
:20D3200071E0F368DB689C6ADA691D6A95601A6ADD6955601A0018326568954201D11A6A5C
:20D34000626098622268013A22605D699A68DC689460DA689C6854601C1D6A68A24201D10F
:20D36000DA686A6058612A68013A2A60DA6A2A4D2D68AA4201D9284D2A609500AA18920093
:20D380008A1852689A609568DD6095686C609460DA6A9500AC18A4000C195C61AC18A400B5
:20D3A00064580134AA18920054501C4A1268D26ADC6A944207D30122194C226003E0194F1D
:20D3C0003E00002018493A68002AAAD1002B01D0FFF7B2FC154B1C68002C0CD0104E012537
:20D3E000FFF7CCFE002800D03560013C002CF7D100220E4B1A600A4B1B680024002B02D0C1
:20D40000FFF7F8FB0134FFF70DFC2000F8BDC046301A00208C1A0020901A0020341A0020AC
:20D42000941A0020781A0020CC190020C819002070B505000C00002801D172B6FEE7002900
:20D4400001D172B6FEE7174B1B68002B01D072B6FEE7FFF785FE144B18682A68A318904288
:20D4600008D29A4219D99842A44164422B60984209D204E09A420DD898420BD30DE0181AE3
:20D480000021FFF7A3FCFFF735FF002808D1FFF7B1FB05E02B600124F1E72B600024F2E714
:20D4A000200070BD301A0020401A002010B5214B1B68002B03D001221F4B1A6038E0002248
:20D4C0001D4B1A601D4B1B689A00D21892001C495258002A0DD1002B02D003E0002B01D175
:20D4E00072B6FEE7013B9A00D21892005258002AF4D0134C9A00D1188900611848684068F9
:20D500004860D21892000832A218904205D141689A00D2189200A21851609A00D21892000B
:20D5200007498A185268D168064A1160034A136010BDC046301A0020941A0020901A0020B0
:20D54000CC190020341A002010B5084C00220121200005F0F9F900220021200005F0F4F9AF
:20D5600001220021200005F055FA10BD0000082010B5124C01220121200005F04BFA012229
:20D580000121200005F0D0F901220021200005F0CBF90420FEF714FD00220121200005F0EB
:20D5A000C3F90420FEF70CFD00220021200005F0BBF90420FEF704FD10BDC046000008206C
:20D5C00010B50E4C01220121200005F023FA00220121200005F0A8F90420FEF7F1FC012292
:20D5E0000021200005F0A0F90420FEF7E9FC01220121200005F098F910BDC0460000082078
:20D6000070B5050001220121164805F003FA0824144E6BB2002B05DA01220121300005F02C
:20D6200083F904E000220121300005F07DF96D00EDB20420FEF7C4FC01220021300005F05D
:20D6400073F90420FEF7BCFC00220021300005F06BF90420FEF7B4FC013CE4B2002CD8D150
:20D6600070BDC0460000082070B5184C00220121200005F0CFF901220121200005F054F9FE
:20D680000420FEF79DFC01220021200005F04CF90420FEF795FCFB240C4D06E0013CE4B25F
:20D6A000002C02D1FFF78CFF0EE00121280005F045F90028F2D100220021044805F034F9E3
:20D6C0000420FEF77DFC0124200070BD0000082010B5124C01220121200005F09BF90022EB
:20D6E0000121200005F020F90420FEF769FC01220021200005F018F90420FEF761FC00225A
:20D700000021200005F010F90420FEF759FC01220121200005F008F910BDC0460000082006
:20D7200010B50F4C01220121200005F073F901220121200005F0F8F80420FEF741FC012240
:20D740000021200005F0F0F80420FEF739FC00220021200005F0E8F80420FEF731FC10BD12
:20D7600000000820F8B507001A4C00220121200005F050F901220121200005F0D5F8082670
:20D780000024144D01220021280005F0CDF80420FEF716FC6400E4B20121280005F0CEF8B4
:20D7A000002801D00134E4B200220021280005F0BBF80420FEF704FC013EF6B2002EE1D1B2
:20D7C000002F02D1FFF7ACFF01E0FFF781FF2000F8BDC0460000082070B504000D00160000
:20D7E000821880239B0100209A423DDC00293AD0FFF7BEFEA020FFF703FFFFF735FF00284C
:20D800002DD0200AFFF7FCFEFFF72EFF002826D0E0B2FFF7F5FEFFF727FF00281FD0FFF70C
:20D82000A7FEA120FFF7ECFEFFF71EFF002816D0B31E9BB2012E0AD02C000133ED182E00C7
:20D840000120FFF78FFF20700134B442F8D10020FFF788FF2870FFF7B3FE012004E0FFF7C8
:20D86000AFFE002000E0002070BDC046F8B557464E46C0B405008A46811880239B01002089
:20D8800099424CDC5346002B48D0002A3AD08BB2994600271F26BBB2002B01D02E4224D11F
:20D8A000FFF78EFEFA208000FEF78AFB0024FFF75FFEA020FFF7A4FEFFF7D6FE002804D13C
:20D8C0000134A4B2642CF2D124E0642C22D0280AFFF796FEFFF7C8FE00281BD0E8B2FFF7C9
:20D8E0008FFEFFF7C1FE002814D05346D85DFFF787FEFFF7B9FE00280CD00135ADB2013713
:20D90000A945C8D1FFF75CFEFA208000FEF758FB012004E0FFF754FE012000E000200CBC18
:20D9200091469A46F8BDC046002103E00F4B5B58435004310E480F4B42189A42F6D30E4A95
:20D9400003E00023136004231A440C4B9A42F8D300F048F90A480B4901800B48094901804D
:20D960000A480B490180FEF745F9704724840108000000203C01002040010020E0380020CF
:20D9800014000820FFFF00004400082074000820FF030000FEE7000082B00022019201383E
:20D9A0000A4B58609A6005321A601900802252020B680193019B1342FAD0044B1A680121EB
:20D9C0008A431A6000229A6002B0704710E000E000B583B000226B46DA71002006F000F996
:20D9E000012006F009F9012805D104F0D3FD01226B46DA7105E0002004F0CCFD00226B4697
:20DA0000DA71002004F0B0FD012006F027F901280CD1002004F0CAFD082004F0D3FD602076
:20DA200004F0E0FD012004F097FD0BE06B4607331B78012B03D1022004F08EFD02E0002060
:20DA400004F08AFD03B000BD0B4B0C4A1A600C4A1A600C4B0C4A1A60802189020B4A1160CC
:20DA60008022520019680A431A60094A80231B0611680B4313607047002000401178AC00CD
:20DA80006745230114200040312000004020004004200040F8B50A4B1B6843431F001D0E98
:20DAA00008D00024802676043000FFF775FF0134A542F9D13802000AFFF76EFFF8BDC04668
:20DAC000981A002010B584B00F226A44002313700E2169440B700D2169440B7003A90B7022
:20DAE0000B2169440B700A2169440B70092169440B7001938020C0050368032423401370BC
:20DB000003689B059B0F01330B701378DBB2012B08D0002B02D0022B4AD04CE02C4A2D4B27
:20DB20001A6048E08021C9050B68DB02DB0F0B226A4413700B689B069B0F013303A803702C
:20DB400025480B589B0F254CE35CDBB20A246C4423700B589B00DB0E5B000E246C442370E6
:20DB60000B58DB0BDBB20D2169440B701378002B03D0174A174B1A6002E0154A154B1A6098
:20DB80000D236B4418780A236B441978C9B2114C23685843FBF794FA019001980E236B4421
:20DBA000197803AB1B785943FBF78AFA206002E0074A084B1A6009236B441978C9B2054BCA
:20DBC0001868FBF77DFA064B186004B010BDC04600127A0020000020908800001C000020EC
:20DBE0002400002010B5074B074A9A60074A084B1A60FFF729FFFFF7EBFE012004F0BEFC95
:20DC000010BDC04600ED00E000900008006CDC022000002003789A07D20F50005A07D20FB3
:20DC200092008218D807C00F10181A07D20FD2008018DA06D20F120180189A06D20F520136
:20DC400080185A06D20F92018018DB09DB01C018C0B27047F0B5474680B407000D00140071
:20DC60001C2200210AF0A2F80022194B1A70012C02D0022C14D027E0164C26001B36144B51
:20DC800098462000FFF7C6FF2840854204D143461B780133424613700134B442F1D113E08C
:20DCA0000C4E01240A4B98463000FFF7B3FF284205D043461B785A1C41460A70FC54013483
:20DCC000E4B201361C2CEFD1380004BC9046F0BD9D23002051240020F8B5040000220F4B52
:20DCE0001A701C3200210AF061F80123002000270B4E0125D9B29A00B218D278D20703D504
:20DD00007A1CE155D7B2280001331C2BF2D1002801D0024B1F702000F8BDC0464C24002008
:20DD200004B001088000034B1818C078C007C00FC0B2704704B00108C007C00FC0B27047B5
:20DD400070B51B2800D9B7E05C4A821883005C4CE318DB78DB0760D55A4B1B78012B5CD18A
:20DD6000012900D098E011781943C9B202230B43D9B220230B43EF210B40AF398B43082108
:20DD80000B431370504B1E78B0421ED01C0031000025002303E008342178884215D000297C
:20DDA00000D01D000133DBB2042BF4D171E0002D04D1002E02D1444B187003E00135ED0050
:20DDC000414BE8540121414B1970414B187080003B4B1818C3789B07DB0F012B6AD142E0AA
:20DDE00001243C4B1C70354B1B5CDB070DD5374B1C700023344D0026EC5C844202D1324CF9
:20DE00001C1926700833202BF6D12C4C235C0825AB43073DAB43235417E02A4B1B78002B05
:20DE200013D101242B4B1C70244D2B5C0826B343A3431F34A3431E3CA34310242343DBB235
:20DE4000402423437F2423402B5480001C4B1818C3789B07DB0F012B10D11A4B1B78012B64
:20DE60002AD1012923D11378802149420B43137022E013787F210B4013701DE0002B1BD1F2
:20DE8000104B1B78012B17D113787F210B40137012E0022D8BD998E70029A1D08000084B16
:20DEA0001818C3789B07DB0F012BE7D1D9E7002902D1DEE7002BE7D070BDC046502400205D
:20DEC00004B001089C23002014210020202600209423002092230020037801229343013298
:20DEE00093437D32134003707047C046037808229343043A9343033A93431F3293431E3AF9
:20DF0000934310221343DBB2402213437F2213400370704770B5154C25001B352000FFF72F
:20DF2000E5FF0134AC42F9D1AB22114B1A700023104A1370104A1370104A1370104A002029
:20DF400050709070D3700F4A137001220E490430FFF742FC20220D490720FFF73DFC0422EC
:20DF60000B492720FFF738FC70BDC04651240020932300209D230020202600209223002023
:20DF800094230020842300209C230020142100200C210020F8B55F4656464D464446F0B4B3
:20DFA000244C0020A246002108239946043B9846033B9C4620270226C200524451709170F8
:20DFC000E170217013794D46AB434546AB436546AB43BB43B3431025AB465D462B43DBB288
:20DFE0009B4640235D462B437F252B401371124BC3181970013008340428DDD10F4A0023B5
:20E00000002050709070D3700D4A13700D4A13700D4C25001B352000FFF768FF0134AC42BB
:20E02000F9D10122094B1A703CBC90469946A246AB46F8BD142100200C2100209423002061
:20E0400084230020CA230020512400209C1A002070B5040003280FD885B2C100074BC9181B
:20E06000E80007300822FFF701FC05496118280027300122FFF7FAFB70BDC0461421002088
:20E080000C210020F8B55F4656464D464446F0B4804B1B78012B13D100227E4B1A70002081
:20E0A000FFF7D6FF0120FFF7D3FF0220FFF7D0FF0320FFF7CDFF012277492B20FFF7D6FBEB
:20E0C000764B1B78012B7BD1754B1B78012B00D090E00022714B1A70724C01239946002666
:20E0E000F5B237002000217800291AD06E4A8B00985CD3185A7892466A4AF700BC46624457
:20E100005070504690709A78E270684A9155DB789B0702D50122604B1A702800FFF798FFD4
:20E1200041E04B46032B00D98BE0237A002B00D08AE04B465B4A04E0D900895C002900D0E8
:20E1400083E00133DBB2042BF6D17AE0554F0024564EEA00BB185C709C70DC70D45574550C
:20E160002800FFF775FF6B1CDDB2042DF1D122E00122494B1A704B4B98466346D800434643
:20E180001A18531C9A4600230027BB465770574659467970D37042468354444A6146535449
:20E1A0002800FFF755FF01364F4601370834FBB29946042E94D1012237492B20FFF756FB55
:20E1C0003B4B1B78002B15D0354A1278012A11D135499A00545C8A18507835494C7088709C
:20E1E0009078C87033490B70D3789B0702D50122294B1A70304B1B78012B45D100222E4B18
:20E200001A700121012328482C4C8A008218D278D20702D5625CD20705D40133DBB20131C5
:20E220001C2BF2D101E01C2B2ED1214A00231370002050709070D3701E4A1370164A1370AB
:20E2400022E0032D82D9B6E74B469C46DB00154A995C01708B00144A9A5C9346124A924695
:20E2600053445A789246FA000E4FB84642445F465770574697709A78C2700C4A9155DB789F
:20E280009B0700D574E776E73CBC90469946A246AB46F8BD9C1A0020CA23002020260020CB
:20E2A0009C2300201421002004B001080C2100209423002084230020922300205024002019
:20E2C000094A0023137013715370537193709371D370064A1380064A1380064A1380064AF7
:20E2E0001380064A1360704788230020242600201021002090230020C82500204023002028
:20E300000349A0228B58802083438B507047C0460078004030B5104B1D78002D1AD00F4B10
:20E320001B68984210D106E01C00116801330C3281420CD100E0002463001C19A400074B80
:20E340001C190023E38005E0044A0C320123D9B28D42E9D830BDC046201B0020A81A002022
:20E3600010B5304BDB7ADB0754D52F4A13680A3313602E4A12882E4909688A4203D300219C
:20E380002A4A118002E00A3228490A80294A1278022A10D1284A1268934242D90023224AEA
:20E3A0001360264A1380234B00221A7000210220FFF7C6FC35E0012A33D1214A12689342D4
:20E3C00011D31E4A12881F4909688A420BD20021154B19600132194B1A800222154B1A709C
:20E3E000FFF78EFF1DE0184A1268934219D3154B1B68124A12889A4213D300220A4B1A6074
:20E4000002320C4B1A70FFF77BFF01210220FFF797FC06E00023054A1380084A1380024A8E
:20E42000136010BD04B00108402300209023002090B001088823002084B00108C82500202B
:20E440008CB0010894B0010888B00108F0B54F4680B482B0774B1B88774A126893423AD2C8
:20E46000764AD279D20736D50A33724A1380744B1B79002B13D1724B5B78002B0FD1704B69
:20E480005B79002B0BD16E4B9B78002B07D16C4B9B79002B03D16A4BDB78002B10D0694A42
:20E4A00013880A339BB21380674A1268934217D30022644B1A8001210120FFF741FC0FE0EA
:20E4C0000022604B1A806148FFF706FD00210120FFF736FC04E00023564A1380594A138059
:20E4E000FFF73EFF5A4B1B78012B00D09DE0544B1B78002B03D1574B1B78002B05D1564B30
:20E500001B780024002B75D18FE0544A013BDBB201335900C91889005118484E1000D37AAA
:20E520009B00F318DB78DB0760D5D3880A339FB2D78094884A4B1B6863439BB20193494D3A
:20E540002D68AB4203D2474B1B689BB208E0464D2D68A946019D4D4502D9434B1B689BB29A
:20E560009F4207D3C380837A0F27BB4301273B4383721CE0837A0F273B40012B52D10023B5
:20E580000381837ABB431F0002233B4383720EE003890A339BB20381344D2F686743BB42FE
:20E5A00024D300230381837A0F27BB438372837A0F273B40012B0CD1C37A033B5B00807A10
:20E5C00000090E3F87402A48185AB843284C18530CE0002B0AD1C37A033B5B00877A3F094F
:20E5E0000120B840224C1F5B384318530C328A4294D184E7114E184DE31C9B00F318DB789E
:20E60000DB0709D563001A4A995A4B425941C9B2E01CC0B2FFF794FB0134E4B22B78A34298
:20E62000EAD802E0022BD4D1B2E702B004BC9146F0BDC046242600209CB0010804B0010853
:20E64000882300201021002098B001085124002022260020201B0020211B0020A81A0020B7
:20E6600080B001087CB0010878B0010874B00108A01A0020F0B5474680B40023022A62D904
:20E68000D71E022F5FDC324B1E78002E1BD0314B1B68984254D02F4B98460C33751EEDB227
:20E6A00001356C00A4466544AD002C00444405E00C331D000C3D2D68854243D09C42F7D125
:20E6C0000023092E3FD8234B7400A519AD00E8505B199980DA72997A0F20814399727B00DF
:20E6E0001D495C5AE3070CD501210123012528008840204206D00133DBB20131102BF6D1AA
:20E7000000E000237800012199400C43124944527000801980000F4908181901837A0F24F8
:20E7200023400B4383720136094B1E700B4B197801238F4207DB023A084B1A70012302E03D
:20E74000012300E00123180004BC9046F0BDC046201B0020A81A0020A01A0020211B0020BD
:20E7600010B503F099F810BD00B585B010220021684609F01BFB064B009301236A4653710D
:20E78000044B02936946044805F032FB05B000BD7FA9030061E700080011014070B582B0E2
:20E7A00001266B46DE716B469D1D00249C71002002F092FC002002F095FC1E4B1C701E4BF5
:20E7C0001C701E4B1C70FFF7CFFF03221C4B1A701C4B1E7001321C4B1A701C4B1C701C4B6B
:20E7E0001C7067321B493020FEF7F6FF01221A490320FEF7F1FF012218490120FEF7ECFF43
:20E80000012217490220FEF7E7FF012229000420FEF7E2FF01280AD16B4606331B78012B85
:20E8200005D001226B46D91D0330FFF71FF802B070BDC046A7350020B03500209835002026
:20E840007D350020A8350020893500202B1B0020843500202C1B0020883500207C350020B7
:20E860008635002000B585B010220021684609F09DFA074B009301236A4653711373054BEF
:20E8800002936946044805F0B3FA05B000BDC0467FA9030061E700080011014000B585B017
:20E8A00010220021684609F081FA064B009301236A465371044B02936946044805F098FA01
:20E8C00005B000BD7FA9030061E7000800110140044B1878012802D100221A7000E0002072
:20E8E0007047C0462B1B002072B6BFF34F8F034A034BDA60BFF34F8FC046FDE70400FA05EB
:20E9000000ED00E070B506003E284DD102F04EFC040002F04FFC0578427812022A4383784B
:20E920001B0413431A00C3781B06134301220271002242717E321A700578427812022A4339
:20E9400083781B0413431A00C3781B0613430279467936021643721C92B20271120A42719C
:20E960002578617809022943A27812040A431100E27812060A4352787F210A409A55207822
:20E98000627812020243A3781B0413431A00E3781B0613435B787F2B02D8FFF763FF50E0E9
:20E9A0000022284B1A704CE002F0F8FB040002F0F9FB0578427812022A4383781B04134315
:20E9C0001A00C3781B061343012202710022427140361E700578427812022A4383781B042A
:20E9E00013431A00C3781B0613430279467936021643721C92B20271120A427125786178A0
:20EA000009022943A27812040A431100E27812060A4352787F210A409A5520786278120209
:20EA20000243A3781B0413431A00E3781B0613435B787F2B02D8FFF715FF02E00022014B64
:20EA40001A7070BD8535002070B506000D003E2842D102F0ABFB02F0ADFB047842781202F8
:20EA6000224383781B0413431A00C3781B06134301220271002242717F321A700478427819
:20EA80001202224383781B0413431A00C3781B06134302794179090211434A1C92B2027110
:20EAA000120A42713E225A54047842781202224383781B0413431A00C3781B061343027913
:20EAC0004179090211434A1C92B20271120A42715D54FFF7C7FE3EE002F064FB0478427820
:20EAE0001202224383781B0413431A00C3781B06134301220271002242717F321A7004783F
:20EB000042781202224383781B0413431A00C3781B06134302794179090211434A1C92B248
:20EB20000271120A42715E54047842781202224383781B0413431A00C3781B06134302797B
:20EB40004179090211434A1C92B20271120A42715D54FFF787FE70BDF8B502F01FFB04009A
:20EB600002F020FB0578427812022A4383781B0413431A00C3781B061343012202710022DC
:20EB8000427150321A700578427812022A4383781B0413431A00C3781B0613430279477987
:20EBA0003F0217437A1C92B20271120A42712678617809023143A27812040A431100E278C0
:20EBC00012060A4352787F210A40DA550578427812022A4383781B0413431A00C3781B064F
:20EBE000134302794179090211434A1C92B20271120A427100225A540578427812022A43B7
:20EC000083781B0413431A00C3781B06134302794179090211434A1C92B20271120A427138
:20EC200032225A540578427812022A4383781B0413431A00C3781B0613430279417909029E
:20EC400011434A1C92B20271120A427102225A540578427812022A4383781B0413431A0060
:20EC6000C3781B06134302794179090211434A1C92B20271120A4271BC225A542078627864
:20EC800012020243A3781B0413431A00E3781B0613435B787F2B02D8FFF7E4FD02E000226D
:20ECA000014B1A70F8BDC04685350020F8B505000E0017001C0002F071FA02F073FA0378BF
:20ECC000427812021A4383781B0413431A00C3781B061343012202710022427140351D7060
:20ECE0000578427812022A4383781B0413431A00C3781B06134302794179090211434A1C26
:20ED000092B20271120A4271320A5A540578427812022A4383781B0413431A00C3781B06E5
:20ED2000134302794179090211434A1C92B20271120A42715E541A235F43134BDF19FB7C9F
:20ED4000002B1DD02600013BDBB20133E3180578417809022943827812040A431100C27828
:20ED600012060A430179447924020C43611C89B20171090A41713178115501369E42E6D1B6
:20ED8000FFF770FDF8BDC046D8820108F8B5060002F004FA040002F005FA0578427812020F
:20EDA0002A4383781B0413431A00C3781B061343012202710022427140361E700578427804
:20EDC00012022A4383781B0413431A00C3781B061343027947793F0217437A1C92B2027153
:20EDE000120A42712678617809023143A27812040A431100E27812060A435278DA5505788B
:20EE0000427812022A4383781B0413431A00C3781B0613430279467936021643721C92B2DE
:20EE20000271120A42712578617809022943A27812040A431100E27812060A4392789A555D
:20EE4000FFF710FDF8BDC046F8B5050002F0A6F9060002F0A7F9047842781202224383786F
:20EE60001B0413431A00C3781B061343012202710022427140351D70047842781202224335
:20EE800083781B0413431A00C3781B061343027947793F0217437A1C92B20271120A427144
:20EEA0003578717809022943B27812040A431100F27812060A4352787F210A40DA559E4B0C
:20EEC0001B78012B58D1047842781202224383781B0413431A00C3781B061343027941792A
:20EEE000090211434A1C92B20271120A42712D225A54047842781202224383781B041343AB
:20EF00001A00C3781B06134302794179090211434A1C92B20271120A4271CF225A5404788A
:20EF200042781202224383781B0413431A00C3781B06134302794179090211434A1C92B224
:20EF40000271120A427146225A54047842781202224383781B0413431A00C3781B0613436E
:20EF600002794179090211434A1C92B20271120A427129225A54DCE0704B1B78012B0ED103
:20EF80003478727812022243B3781B0413431A00F3781B0613435B78012B66D10FE0032B73
:20EFA00063D13478727812022243B3781B0413431A00F3781B0613435B78032B55D10478CF
:20EFC00042781202224383781B0413431A00C3781B06134302794179090211434A1C92B284
:20EFE00000250271120A42715D54047842781202224383781B0413431A00C3781B0613430E
:20F0000002794179090211434A1C92B20271120A42715D54047842781202224383781B04F6
:20F0200013431A00C3781B06134302794179090211434A1C92B20271120A42715D54047801
:20F0400042781202224383781B0413431A00C3781B06134302794179090211434A1C92B203
:20F060000271120A42715D5463E0047842781202224383781B0413431A00C3781B0613436F
:20F0800002794179090211434A1C92B20271120A42712B4D1C2252422C6862405A54047846
:20F0A00042781202224383781B0413431A00C3781B06134302794179090211434A1C92B2A3
:20F0C0000271120A4271732252422C6862405A54047842781202224383781B0413431A00A8
:20F0E000C3781B06134302794179090211434A1C92B20271120A427119222C6862405A54BF
:20F10000047842781202224383781B0413431A00C3781B06134302794179090211434A1C0A
:20F1200092B20271120A42712A681E20404242405A54FFF797FBF8BD180000208935002074
:20F14000CC25002070B502F029F8050002F02AF829786B781B020B431A00AC7824042300D5
:20F160001343EC7824061C43057843781B022B431A00817809040B001343C1780906194364
:20F180008A781206CB781B04D2184B79D218097909025218D30912041A4352002A4B5340BB
:20F1A00058011B0BA2781106E27812048A186179521821790902521803439A4208D1092214
:20F1C000224B1A700023224A1370224A137039E0204B1B785A1C022A2BDD1D4A1278002A5B
:20F1E0000FD101331B4A13700B22184B1A700A3A174B1A70184A194B1A800422184B1A7056
:20F2000020E0164B1B88002B0CD10122104B1A70114A124B1A800B220C4B1A70073A104BDE
:20F220001A700FE00C22094B1A70083A0C4B1A7008E00133074A13700A22044B1A70063AF1
:20F24000074B1A7070BDC04682FD3E7D231B002084350020251B002060EAFFFF280000203E
:20F2600089350020F0B583B001F098FF040001F099FF6D4A6D4B1A80BB226B46DA71227946
:20F2800063791B021343022B07D00522684B1A7013211020FFF7D8FBC3E02578627812025C
:20F2A0002A43A3781B0413431A00E3781B0613435B787F221340022B19D0DAB2022A02D8F6
:20F2C000012B05D044E0032B28D0042B33D03FE00123574A1370574A13700422564B1A70D5
:20F2E0000022564B1A701020FFF736FC99E0504B1B78032B05D1013B4D4A13704D4A13704E
:20F3000033E0022B31D00722494B1A70063A494B1A7022211020FFF797FB82E00323444AF6
:20F320001370444A1370464B1A78444B1A701020FFF712FC75E004233D4A13703D4A137039
:20F340003F4B1A783D4B1A701020FFF705FC68E00622374B1A70053A364B1A70122110202F
:20F36000FFF772FB5DE0FFF7BFFA354B1A78334B1A700122334B1A700578427812022A4341
:20F3800083781B0413431A00C3781B06134301220271002242717F321A7005784278120240
:20F3A0002A4383781B0413431A00C3781B061343027947793F0217437A1C92B20271120A65
:20F3C00042712678617809023143A27812040A431100E27812060A431278DA550478427848
:20F3E0001202224383781B0413431A00C3781B06134302794179090211434A1C92B20271A7
:20F40000120A427178225A5402F046FA0E48FCF7D7FD01226B46D91D0320FEF727FA01285A
:20F42000A1D003B0F0BDC04610270000261B0020221B0020A835002089350020A63500202A
:20F4400087350020983500204C1D0000F8B501F0A5FE040001F0A6FE6F4B1B88002B09D03F
:20F460006E4A6D4B1A80227963791B021343022B13D00DE001236A4A13700421694A1170E7
:20F48000694A1370227963791B021343022B09D013211120FFF7D8FABCE0614B1B78023B01
:20F4A000012B04D97E211120FFF7CEFAB2E05D4B1B7802229343012B04D033211120FFF773
:20F4C000C3FAA7E02578627812022A43A3781B0413431A00E3781B0613435B787F221340AD
:20F4E000DAB2052A00D991E09B00504AD3589F464B4D01262E700778427812023A438378A0
:20F500001B0413431A00C3781B061343012202710022427151321A700778427812023A4368
:20F5200083781B0413431A00C3781B0613430179427912020A439446013292B20271120A19
:20F5400042712778617809023943A27812040A431100E27812060A4352787F210A40614651
:20F560005A54FFF77FF92D48FCF72AFD2E70FFF7BBF901222A4B1A704CE0294D01262E700F
:20F580000778427812023A4383781B0413431A00C3781B0613430122027100224271513277
:20F5A0001A700778427812023A4383781B0413431A00C3781B0613430179427912020A4325
:20F5C0009446013292B20271120A42712778617809023943A27812040A431100E278120699
:20F5E0000A4352787F210A4061465A54FFF73AF90A48FCF7E5FC2E70FFF776F90122084BED
:20F600001A7007E00122064B1A7003E012211120FFF71AFAF8BDC046261B002010270000D7
:20F62000221B002089350020A83500207882010870B501F0B3FD040001F0B4FD05002F4BA4
:20F640001B88002B09D02E4A2C4B1A80227963791B021343042B13D00DE00123294A137077
:20F660000421294A1170294A1370227963791B021343042B0FD013211420FFF7E5F93CE02B
:20F68000204B1B7802229343012B04D022211420FFF7DAF931E02078627812020243A3783B
:20F6A0001B0413431A00E3781B0613435A7811049A7812028A18DB78D218154B9A4218D1D8
:20F6C000FEF768FC0122134B1A7028786A7812020243AB781B0413431A00EB781B0613435F
:20F6E00001222A7100226A7154321A70FFF7BAF803E031211420FFF7A7F970BD261B00200A
:20F7000010270000221B002089350020A8350020FFFFFF002B1B0020F0B55F4656464D469E
:20F720004446F0B491B001F039FD050001F03AFD0400D24B1B88002B03D0D14ACF4B1A8075
:20F7400007E00123CF4A13700421CF4A1170CF4A13702A796B791B021343023B9BB2012BF7
:20F7600004D913211920FFF76FF965E228786A7812020243AB781B0413431A00EB781B0689
:20F78000134399785B78022B00D194E00A2B00D188E1012B00D04BE201226846FEF75AFA0B
:20F7A0002078627812020243A3781B0413431A00E3781B06134301222271002262715932CC
:20F7C0001A702078627812020243A3781B0413431A00E3781B061343227967793F02174342
:20F7E0007A1C92B22271120A62712E78697809023143AA7812040A431100EA7812060A434A
:20F800005278DA552078627812020243A3781B0413431A00E3781B06134322796179090228
:20F8200011434A1C92B22271120A6271984A12785A542078627812020243A3781B041343D3
:20F840001A00E3781B06134322796179090211434A1C92B22271120A627101225A54207853
:20F86000627812020243A3781B0413431A00E3781B06134322796179090211434A1C92B25B
:20F880002271120A6271834A12785A5428786A7812020243AB781B0413431A00EB781B06D0
:20F8A00013435B787F2B02D8FEF7DCFFC4E10022794B1A70C0E1022209A8FEF7CBF92078EF
:20F8C000627812020243A3781B0413431A00E3781B061343012222710022627159321A70B9
:20F8E0002078627812020243A3781B0413431A00E3781B061343227967793F0217437A1C15
:20F9000092B22271120A62712E78697809023143AA7812040A431100EA7812060A435278F4
:20F92000DA552078627812020243A3781B0413431A00E3781B06134322796179090211437D
:20F940004A1C92B22271120A6271514A12785A54504B1B78002B7BD00026504F504B9946C5
:20F960004C4B98462078627812020243A3781B0413431A00E3781B06134321796279120242
:20F980000A439246013292B22271120A627109AA925D934692009446D25D6246B9184A78F8
:20F9A00050461A542378627812021A43A3781B041A43E3781B061343227992466279120292
:20F9C0005046104382460200013292B22271120A62716246D25D487850461A54237862786B
:20F9E00012021A43A3781B041A43E3781B061343227994466279120260461043020001329B
:20FA000092B22271120A62718A781A542378627812021A43A3781B0413431A00E3781B06A4
:20FA2000134322796179090211434A1C92B22271120A62719A468A4458464844FEF7EAF8C1
:20FA4000534618700136F6B243461B78B34289D828786A7812020243AB781B0413431A00A7
:20FA6000EB781B0613435B787F2B02D8FEF7FAFEE2E00022084B1A70DEE0C046261B002082
:20FA800010270000221B002089350020A8350020932300209D2300208535002004B00108AA
:20FAA0005024002009A8FEF717F92078627812020243A3781B0413431A00E3781B061343B5
:20FAC000012222710022627159321A702078627812020243A3781B0413431A00E3781B0675
:20FAE0001343227967793F0217437A1C92B22271120A62712E78697809023143AA78120400
:20FB00000A431100EA7812060A435278DA552078627812020243A3781B0413431A00E378F7
:20FB20001B06134322796179090211434A1C92B22271120A6271444A12785A54434B1B7867
:20FB4000002B72D00025424E424B98463F4B9A462078627812020243A3781B0413431A0039
:20FB6000E3781B0613432179627912020A431700013292B22271120A627109AA505D8200EB
:20FB80009446925D6246B1184A78DA552378627812021A43A3781B041A43E3781B061343EB
:20FBA000994627796279120217437A1C92B22271120A62716246925D4B784B46DA5523786C
:20FBC000627812021A43A3781B041A43E3781B061343227967793F0217437A1C92B22271EE
:20FBE000120A62718A78DA552378627812021A43A3781B0413431A00E3781B0613432279E8
:20FC00006179090211434A1C92B22271120A6271994689444044FDF7FDFF4B461870013510
:20FC2000EDB253461B78AB4292D8FEF71BFE03E012211920FEF708FF11B03CBC90469946DB
:20FC4000A246AB46F0BDC046932300204C24002004B0010850240020F8B501F09FFA040026
:20FC600001F0A0FA0122884B1A70884B1B88002B03D0874A854B1A8007E00123854A13706D
:20FC80000421854A1170854A1370227963791B021343032B04D013212220FEF7D5FEF1E0A2
:20FCA0002078627812020243A3781B0413431A00E3781B061343597809029B78591889B262
:20FCC000774B1F78002F2AD0764B1A785B781B021343994200D1C6E00120724D1A239C46B8
:20FCE00018E006000130634673435C5DEB185B781B02234399420DD11A235E43694B9E1962
:20FD0000B378002B09D0022B07D031212220FEF79BFEB7E0C2B2BA42E3D3BA4205D13121AD
:20FD20002220FEF791FEADE0002216001A2757435C4BDF19FD783B791B022B4318007C79FD
:20FD4000240423000343BC7924061C4317D02378002B0FD051480578AB4209D0002301E0E8
:20FD6000A84205D00133DBB2E05C0028F8D101E0002D04D131212220FEF766FE82E01A2763
:20FD80007743484BDF19FD793B7A1B022B4318007C7A240423000343BC7A24061C4317D023
:20FDA0002378002B0FD03C480578AB4209D0002301E0A84205D00133DBB2E05C0028F8D126
:20FDC00001E0002D04D133212220FEF73DFE59E0354B994223D11A2373433248C3189B7897
:20FDE000002B0ED11A335E438619B57DF07D00022843337E1B0403431800737E1B060343DA
:20FE000009E01A20464327488619347D737D1B02234326481B1808241B48047029E01A231A
:20FE200073432048C3189B78002B0ED11A335E438619B57DF07D00022843337E1B040343FD
:20FE40001800737E1B06034309E01A20464315488619347D737D1B02234314481B180824AB
:20FE60000948047005E00F4B9B78002B00D15BE703E02220FEF71AFF04E00022022B00D1F6
:20FE800053E742E7F8BDC046241B0020261B002010270000221B002089350020A835002015
:20FEA00077000020D882010887F100002C1B002010B501F073F9040001F074F9634B1B8894
:20FEC000002B09D0624A614B1A80227963791B021343022B10D118E001235E4A13700421C8
:20FEE0005D4A11705D4A1370227963791B021343022B00D0A4E00DE0062B06D01122584B7B
:20FF00001A700D3A544B1A7095E0524B1B78023B012B06D90E22524B1A700A3A4E4B1A703C
:20FF200066E02078627812020243A3781B0413431A00E3781B0613435B787F221340012B41
:20FF400002D0022B21D044E0464B1B78012B0ED1454B1B78022B0AD9444B1B88002B06D0F8
:20FF60000C223F4B1A70083A3B4B1A7054E002223B4B1A70384B1B78012B35D0013A3C4B7C
:20FF80001A700332344B1A702EE0394B1B78002B06D10D22324B1A70093A2F4B1A7040E0D5
:20FFA0002F4C062323702720FFF7CCF82378092B06D10122284B1A7000222D4B1A700FE030
:20FFC00000212B4A1170112B3ED89B00294AD3589F461022224B1A700C3A1F4B1A700CE04B
:20FFE0002720FEF78FFC2FE02720FEF72DFF2BE07F212720FEF728FD26E012212720FEF742
:020000040801F1
:2000000023FD21E036212720FEF71EFD1CE035212720FEF719FD17E037212720FEF714FDD1
:2000200012E024212720FEF70FFD0DE022212720FEF70AFD08E013212720FEF705FD03E091
:20004000062B00D05AE765E710BDC046261B002010270000221B002089350020A83500206F
:20006000231B002084350020251B002028000020291B00209082010810B501F08FF80400E1
:2000800001F090F801224F4B1A704F4B1B88002B09D04E4A4C4B1A80227963791B021343AC
:2000A000022B0ED915E00123494A13700421494A1170494A1370227963791B021343022B97
:2000C0000BD803223F4B1A7013212820FEF7BCFC76E03F4B1B78032B07D00422394B1A702F
:2000E0007E212820FEF7B0FC6AE02078627812020243A3781B0413431A00E3781B061343E7
:200100005A787F210A40012A18D0002A04D0022A26D0032A36D047E09B78012B0AD1062254
:20012000284B1A7000F03EFD00F07EFD2820FEF7E9FB45E00222234B1A703DE09B78012B6E
:200140000AD107221F4B1A7000F06EFD00F030FD2820FEF7D7FB33E002221A4B1A702BE0EF
:200160009B78012B0AD10822164B1A7000F026FD00F018FD2820FEF7C5FB21E00222114BBA
:200180001A7019E09B78012B0AD109220D4B1A7000F014FD00F00CFD2820FEF7B3FB0FE0E1
:2001A0000222084B1A7007E00522064B1A7012212820FEF749FC03E031212820FEF744FCEE
:2001C00010BDC0462A1B0020261B002010270000221B002089350020A8350020F0B54F46DD
:2001E0004646C0B483B000F0D9FF040000F0DAFF2078627812020243A3781B0413431A00C2
:20020000E3781B061343587800029B78181880B200282ED100226B465A716B46991DFF2377
:200220000B706A46D37101220130FDF71FFB012800D064E101226B46D91D0130FDF716FBAF
:20024000012800D05BE101226B46591D0330FDF70DFB012800D052E101226B46591D043046
:20026000FDF704FB002800D149E12E20FEF78EFD45E101282ED101226B465A716B46991D46
:20028000AA230B70CB326B46DA71CB3AFDF7EEFA012800D033E101226B46D91D0130FDF740
:2002A000E5FA012800D02AE101226B46591D0330FDF7DCFA012800D021E101226B46591DCF
:2002C0000430FDF7D3FA012800D018E12D30FEF75DFD14E103282ED100226B465A716B461D
:2002E000991DFF230B706A46D37101220238FDF7BDFA012800D002E101226B46D91D0130D8
:20030000FDF7B4FA012800D0F9E001226B46591D0330FDF7ABFA012800D0F0E001226B46B6
:20032000591D0430FDF7A2FA002800D1E7E02E20FEF72CFDE3E0744B1B88002B03D0734A77
:20034000714B1A8007E00123714A13700421714A1170714A1370227963791B021343994696
:20036000032B11D96D4B1B789C46002B2ED06C4B1A785B781B021343984200D1B7E001221B
:20038000674E1A2398461CE013212E20FEF75CFBB5E01700013243467B43995DF3185B78C9
:2003A0001B020B4398420CD11A235F435C4BDF19BB78013B012B07D931212E20FEF744FB4E
:2003C0009DE0D5B26545E4D3654504D131212E20FEF73AFB93E02E001A236B43504AD3185E
:2003E000DA7CD31C994504D013212E20FEF72CFB85E01A235D434A4B5D19EF7A2B7B1B02EF
:200400003B431900687B000403000B43A87B0006184317D00378002B0FD03F490D78AB4223
:2004200009D0002301E0A94205D00133DBB2C15C0029F8D101E0002D04D131212E20FEF7D7
:2004400003FB5CE01A277743354BDF19FD7B3B7C1B022B431900787C000403000B43B87C9F
:200460000006184317D00378002B0FD029490D78AB4209D0002301E0A94205D00133DBB26D
:20048000C15C0029F8D101E0002D04D133212E20FEF7DAFA33E01A235E43214B9E193300B8
:2004A000317D10335B791B020B439C461D496144002A12D000272678607800023043A378E6
:2004C0001B0403431800E3781B060343FB18DB78CB550137FBB29A42EDD892B26046303087
:2004E00080B2FDF7C3F92E20FEF750FC07E00C4B9B78013B0025012B00D86CE75CE703B08C
:200500000CBC90469946F0BD261B002010270000221B002089350020A8350020770000204A
:20052000D88201082C1B002010B500F03FFE040000F040FE264B1B88002B09D0254A244BD7
:200540001A80227963791B021343022B0ED115E00123214A13700421204A1170204A137007
:20056000227963791B021343022B0BD002221D4B1A7013213E20FEF767FA27E0164B1B7890
:20058000012B07D10622174B1A707F213E20FEF75BFA1BE02078627812020243A3781B04FB
:2005A00013431A00E3781B0613435B785B0607D003220C4B1A7012213E20FEF745FA05E03E
:2005C0000422084B1A703E20FEF79CF910BDC046261B002010270000221B0020893500208A
:2005E000A8350020281B002010B500F0DFFD124B1B78012B1FD1114B1B78012B03D0104BB5
:200600001B78012B17D1047842781202224383781B0413431A00C3781B0613431B783E2B4C
:2006200001D1FFF781FF002000F05CFD0023034A1370034A137010BDB1350020232600200A
:20064000AD24002070B582B000F0A8FD040000F0A9FD050001226B46DA7100226B469A7121
:200660007C4B1B88002B09D07B4A7A4B1A80227963791B021343022B0ED112E00123774A1B
:2006800013700421764A1170764A1370227963791B021343022B09D013218520FEF7D4F9A3
:2006A000D6E06E4B1B78023B012B04D922218520FEF7CAF9CCE02078627812020243A378C0
:2006C0001B0413431A00E3781B0613435B787F221340012B02D0022B5BD0B5E001226B4633
:2006E000D91D0420FDF7C2F801284DD101225E490330FDF771F828786A7812020243AB7893
:200700001B0413431A00EB781B06134301222A7100226A71C5321A7028786A781202024359
:20072000AB781B0413431A00EB781B0613432A796E7936021643721C92B22A71120A6A71AE
:200740002578617809022943A27812040A431100E27812060A4352787F210A409A55207824
:20076000627812020243A3781B0413431A00E3781B0613435B787F2B02D8FEF773F867E0CC
:2007800000223A4B1A7063E022218520FEF75CF95EE001226B46991D0420FDF767F801284B
:2007A0004DD1012230490330FDF716F828786A7812020243AB781B0413431A00EB781B0639
:2007C000134301222A7100226A71C5321A7028786A7812020243AB781B0413431A00EB7897
:2007E0001B0613432A796E7936021643721C92B22A71120A6A712578617809022943A278FC
:2008000012040A431100E27812060A4352787F210A409A552078627812020243A3781B04FD
:2008200013431A00E3781B0613435B787F2B02D8FEF718F80CE000220C4B1A7008E0222100
:200840008520FEF701F903E012218520FEF7FCF802B070BD261B002010270000221B00208C
:2008600089350020A83500209C2300208535002010B582B000F092FC040001226B46DA714C
:2008800000226B469A71674B1B78022B0CD9664B1B88002B05D1644B1A800332614B1A701A
:2008A00002E00A3B604A1380604B1B78012B22D15F4B1B88002B1BD101335E4A13705E4A0C
:2008C000137004225D4B1A70033A6B46991D0420FCF782FF01280ED16B4606331B78012B50
:2008E00009D001226B46D91D0330FCF7BFFF02E00A3B4F4A1380524B1B78012B00D08FE083
:20090000504B1B78012B4ED12078627812020243A3781B0413431A00E3781B061343187887
:20092000222824D00AD8112818D002D8102812D02FE0142815D0192816D02AE02E281FD0DC
:2009400004D8272816D0282817D022E03E281AD085281BD01DE0FEF785FC1DE0FEF776FD8D
:200960001AE0FEF765FE17E0FEF7D6FE14E0FFF773F911E0FFF79CFA0EE0FFF77DFB0BE04B
:20098000FFF72CFC08E0FFF7CFFD05E0FFF75AFE02E01121FEF758F8002000F09DFB002239
:2009A000284B1A703CE0284B1B78012B38D12078627812020243A3781B0413431A00E37813
:2009C0001B0613431B78192B1AD0DAB2192A06D8112B0FD0142B10D0102B1CD107E0282B96
:2009E00014D0DAB2852A14D0222B14D10BE0FEF739FC10E0FEF72AFD0DE0FEF719FE0AE0BE
:200A0000FEF78AFE07E0FFF727F904E0FFF734FB01E0FFF717FE0023094A13700A4A137097
:200A200002B010BD251B002028000020A6350020261B0020221B0020A835002089350020FB
:200A400087350020CA2500204D240020F0B58DB002AC28220021200007F0A8F901AF002592
:200A60000195304E01220021300001F06DFF01220121300001F068FF05233B7006337B70CD
:200A8000093BBB70FB700126A671274B6361A570E57003232370254B2362254B6362A761B3
:200AA0006671E671234A244B1A61244A244B1A61244A254B1A61254A254B1A61254A264BC6
:200AC0001A61264A264B1A61264A274B1A612100264801F0A5FB264B1D70264B1D70264B55
:200AE0001D70264B1D70264B1D70264B1D70264B1E70264B1E70264B1E70264B1D70264C02
:200B0000264D661DFF36082318222900200000F00FFF14341835B442F5D10322204B1A7093
:200B20000DB0F0BD30000820FE002A007C000020A90C010874210020B42500200C24002073
:200B4000B4230020CC230020D025002044230020A023002034210020EC220020002300202A
:200B6000F82500206C240020E425002000780040C8230020CA2500204D2400202326002093
:200B8000AD2400202626002021260020AC240020222600200C260020B4240020B4210020FA
:200BA000C92300200122014B1A707047212600200022014B1A70704721260020F0B583B024
:200BC0001549A0228858802303438B50134B1B78032B16D90324124E0D00104F61000A19CC
:200BE0009200B2189368526809198900895D00200090280001F0E4FA0134E4B23B78A34249
:200C0000ECD80549A0228B58802083438B500022044B1A7003B0F0BD00780040C9230020BD
:200C20007C00002022260020F0B583B01549A0228858802303438B50134B1B78032B16D906
:200C40000324124E0D00104F61000A199200B2189368526809198900895D012000902800A2
:200C600001F0AEFA0134E4B23B78A342ECD80549A0228B58802083438B509F3A044B1A70CE
:200C800003B0F0BD00780040C92300207C000020222600200349A0228858802303438B507A
:200CA0007047C04600780040F0B55F4656464D464446F0B483B004000B00019190469B05CE
:200CC00008D5A023C358DB0704D5FFF7E3FF0122734B1A70019B1B0400D59EE0A5E029009F
:200CE000200001F01DFA2868FC23DB00984225D16C4E6D4B9A465A7A1969306907F018F82A
:200D000053461B68336053465B7A7372326913781B0909D153783E2B06D10122634B1A7047
:200D20000022634B1A7005E00122624B1A700022614B1A700122614B1A7070E0604B984294
:200D400025D1584E584B9A465A7A1969306906F0EFFF53461B68336053465B7A7372326904
:200D600013781B0909D153783E2B06D100224F4B1A7001324E4B1A7005E000224D4B1A701A
:200D800001324D4B1A7001224C4B1A7047E0FA23DB0098420ED14B4E434B99465A7A196986
:200DA000306906F0C5FF4B461B6833600122464B1A7034E0454B984231D8454B5A46C2CAB8
:200DC000C2C342CA42C30122424B1A70FDF7A2FA5B461E68404B1878002820D03F4B1B684C
:200DE0009E420DD03E4A002305E014321100143909688E4205D00133DBB29842F5D10EE09D
:200E0000002329494A7A09699800C3189B0033481B18181D00F0BEFD01E0234DAB46A02366
:200E2000E3589B019B0F00D059E7019B5B050FD5A023E258C0239B021A4209D0A023E35891
:200E40009B0405D4A022A3588021C9000B43A350019BDB031DD54346062B1AD89B00214A94
:200E6000D3589F4601220E4B5A7012E001220C4B9A700EE001220A4BDA700AE00122084B96
:200E80001A7106E00122064B5A7102E00122044B9A7103B03CBC90469946A246AB46F0BD5D
:200EA00088230020B4230020D025002023260020AD240020CA2500204D240020C823002056
:200EC000DF070000A023002074010020FFFFFF1FE4250020262600200C260020B0240020BD
:200EE000C424002090830108F0B5474680B482B00400544B1D78032D00D89CE0524B9B6AD8
:200F000098426CD0504A13003433281FC0B24600301880003430121805E00C3318000C38D2
:200F20000068A0425BD09A42F7D184E06B005B199B00454AD3185C6001290DD0002902D082
:200F4000022912D019E06B005B199B003E4AD3188022D2059A6017E06B005B199B003A4A36
:200F6000D318C022D2059A600EE06B005B199B00354AD31800229A6006E06B005B199B0085
:200F8000314AD31800229A602F496B005A19920055548B1801225A702C4B1B78012B1AD18D
:200FA0002B4EA027F3597F32904693431343F351080069004A199200821893685268491997
:200FC0008900095C01200090300001F0F9F8F35942469343F3511B4A1378013313701D4B63
:200FE0001D78002D19D01C4B1B689C421FD01B4B6A1ED2B201329100891889001A00143AC7
:20100000891805E014331A00143A1268944210D08B42F7D100200C2D10D8AB005B199B00DB
:201020000D4A9C5001350B4B1D70012006E0012004E0012002E00F2DD1D877E702B004BC90
:201040009046F0BDC92300207C00002022260020007800400C260020B0240020C4240020F7
:2010600070B5040016001D004B1E9941C9B2FFF73BFF002D04D02A0031002000FDF7FAFAC2
:20108000012070BD10B5104B1B78012B07D10F4B0A689A4203D8012200F0DCFF12E00A6876
:2010A0000B4B1340BD24E400A34203D1012200F0D1FF07E0074B9C466244032A02D801223B
:2010C00000F0C8FF10BDC04621260020FFFFFF1FFFFDFFFF2FF8FFFF014B18707047C04653
:2010E00087350020014B18707047C046B135002000231B4800221B491A545A540133882B6E
:20110000FAD100231848002218491A545A540133082BFAD1164A124B136000239380D380F7
:20112000144A104911609380D380134A0E4911609380D380114A0D4911609380D380104AB4
:20114000136001220F490A700F490A700F490A700F4A13800F4A13800F4B00221A707047EE
:20116000E41B00206C1C0020CC1B0020B81B0020AC1B0020C01B0020D41B0020F41C00208D
:20118000E01B002090350020B2350020A0350020A4350020A235002085350020004870478A
:2011A000AC1B002000487047C01B002000487047D41B002000487047F41C002070B5437A2F
:2011C000082B15D019000822D31A002B0EDD00220023FF2608250469A4466244565401333F
:2011E000DBB21A00417A6C1AA342F4DB0823437270BDC046F0B5474680B41A4B1B691B785E
:201200000F2213405A1E062A29D802689BB2137100235371134B1B691A7812071CD00025E1
:20122000104A94460F275B195B78984606683478727812022243B3781B0413431A00F3787D
:201240001B06134342465A550135EDB263461B691A783A409542E6DB0522034B1A7004BC7B
:201260009046F0BDB423002085350020F0B5184B1A6913781B025178F02212011A40521835
:20128000072A23DD02681B0511711B0F537100250F4B9C4663461B695B199F7806683478F0
:2012A000727812022243B3781B0413431A00F3781B0613435F550135062DEBD103680622C3
:2012C0009A710022DA710232024B1A70F0BDC046B423002085350020F0B5474680B4046835
:2012E000444B1F69A379E5792D021D433B780F261E4007212800F7F7E3FE80B201300F23D4
:20130000184086424CD100223B4B1A80394B5B7A012B2DD9227963791B0213439D424CD3DB
:2013200026E062461269925D90462578617809022943A27812040A431100E27812060A4385
:201340004146D154A279E3791B02134301339BB2A3711A0AE2710136082E09D0797AF2B20E
:20136000914205D92179627912020A439A42D8D80322224B1A70A079E17909022279637949
:201380001B02014313430920994230D301231C4A13701C4A13700522184B1A70083826E03F
:2013A0000122174B1A70002323716371A371E371124B00221A70092019E07E782078627898
:2013C00012020243A3781B0413431A00E3781B0613435E55A279E3791B02134301339BB21A
:2013E000A3711A0AE2710226024FBC46B6E704BC9046F0BDB4230020A2350020853500203F
:20140000903500208735002010B582B0614B0193614B0093614B1B78002B17D1604BDB8835
:20142000062B13D15F4A13880A339BB213805E4A93420BD90122594B1A70594A00239380AB
:20144000D380584A1380594B00221A70584B1B78002B17D1574B1B78012B13D1564A1388EB
:201460000A339BB21380504A93420BD90122504B1A70484A00239380D3804F4A13804B4BD7
:2014800000221A704D4B1B78012B03D04C4B1B78012B17D14B4B1B78012B13D14A4B1B69E6
:2014A0001B781B090BD1414B1B78002B07D10124464B1C706846FFF79DFE454B1C700022B8
:2014C000404B1A70434B1B78012B03D0424B1B78012B5CD13B4B1B78012B58D13A4B1B69E7
:2014E0001B781B09012B13D0002B04D0022B37D0032B23D048E02D4B1B78002B44D101243A
:20150000364B1C7001A8FFF775FE354B1C703BE0264B1B78002B37D10322304B1A7001A87B
:20152000FFF7A4FE0023224A1370224A1370294A1370294A1370FDF795F925E01B4B1B78A6
:20154000082B21D10422194B1A70023A234B1A700023204A1370204A1370FDF783F913E0BE
:20156000124B1B780A2B01D0032B0DD1104B1B78002B09D10F4B1B78012B05D10122174B02
:201580001A7001A8FFF7A8FE00220E4B1A7002B010BDC046AC1B0020D41B0020A035002007
:2015A000C01B0020A4350020CF0700008535002090350020B2350020A2350020232600203B
:2015C000AD240020C8230020B4230020B0350020B1350020CA2500204D2400209835002080
:2015E0008735002010B5094CFD23DB00236000236373E3722000FFF7E1FD08236372012212
:2016000021000348FFF73EFD10BDC046B42500200078004070B505001D4B1B6902791A708E
:2016200000241B4E28786A7812020243AB781B0413431A00EB781B0613431A5D33691B196F
:201640005A700134E4B22A796B791B021343A2B29A42E7D90E4C013363722000FFF7C2FFD1
:2016600000232B716B71AB71EB7123691A78032A09D15A787F2A06D1DB78782B03D1783A64
:20168000044B1A7002E00022024B1A7070BDC046B42500208535002070B5204B1A691378F2
:2016A0001909012911D10E310B4052789B183224822B14DCA0231A4AD458A403A40F033C16
:2016C000624262413032140009E0A023144AD458A403A40F033C6242624130321400114D63
:2016E0002B691C7012232A695370063B2A699370093B6B7200236B73FD23DB002B60280098
:20170000FFF75CFD08236B72012229000448FFF7B9FC0A22044B1A70200070BDB4230020E6
:2017200000780040B42500208535002010B50400FD23DB00036000234373FFF73FFD0122C9
:2017400021000248FFF79EFC10BDC0460078004070B50500154A43790F210B401033116986
:201760000B70136902795A700024104E28786A7812020243AB781B0413431A00EB781B069A
:2017800013431A5D33691B199A700134062CEDD10623AB710023EB71044802344472FFF78B
:2017A000C5FF034B1D60034B1C7070BDB4250020E01B002085350020F8B5334B1C68002CCA
:2017C00060D0324B1D69A379E079000218430721F7F776FC01300F23184020302870A279BE
:2017E000E3791B0213432179627912020A43934223D20126254F2578617809022943A278D8
:2018000012040A431100E27812060A43D35C3A699355A279E3791B02134301339BB2A3715C
:201820001A0AE271F5B2072E08D001362179627912020A439A42DED800E000251348013548
:201840004572FFF773FF0922114B1A70A079E1790902227963791B020143134300209942B1
:2018600011D30025084B1D60002323716371A371E3710122074B1A70FDF710F8044B1D70C5
:20188000012000E00020F8BDE01B0020B425002085350020A035002010B51E4B9A88531ECE
:2018A0009BB2062B05D81B48FFF7B4FEFCF7F6FF2EE0072A12D9174BDB88002B0AD1154888
:2018C000FFF746FF0023144A1370144A1380FCF7E5FF1DE00F48FFF76FFF19E0104B1B7862
:2018E000022B0AD1FFF7D8FE01220E4B1A7000220D4B1A80FCF7D2FF0AE00C4B9B88013B96
:201900009BB2062B04D80948FFF784FEFCF7C6FF10BDC046C01B0020A0350020A435002030
:2019200085350020B2350020A2350020F41C002010B5041E13D0002913D00120002A11D09D
:201940009A420FD32260E160A36019001000F7F7B7FB207100236371A371002002E001207B
:2019600000E0012010BDC04610B500280ED04479837903219C420AD0013301791800F7F77F
:201980000FFD091B48424141490000E00121080010BDC046F8B504000F00150000281BD0FD
:2019A00000291BD086680120964218D32000FFF7DBFF022813D0A0797043E3689C466044A7
:2019C0002A00390006F0B4F9A07901302179F7F7E7FCA171002002E0012000E00120F8BD61
:2019E00070B504000D00160000281CD000291CD0002A1CD0FFF7B8FF032802D100233360FB
:201A000016E06179A3685943E3689C4661443268280006F08DF9607901302179F7F7C0FCF1
:201A20006171002004E0012002E0012000E0012070BDC04630B5C369DB0714D5CB0712D5E3
:201A40000568144C2278531CDBB22370124CA5540024124A1470082B05D90122104B1A701C
:201A600000220C4B1A70C3699B0712D58B0610D50C4B19680C4B1A78541C1C708A5C026033
:201A80001A780A4B1B789A4203D3C36902229343C36130BD3226002038260020292600207E
:201AA000332600202C260020312600203526002070B584B010220021684606F077F9204C1D
:201AC00001220621200000F03FFF01220721200000F03AFF9623DB01009308236A46137153
:201AE0000024547194710125D5711472154B0393154E6946300002F085FAF369AB431D43B3
:201B0000F561124AC12189005058114B0340C02000040343535040238539FF395350136025
:201B20000C4B1C700C4B1C700C4B1C700C4B1900093100221A7001338B42FBD104B070BDF8
:201B400060000820351A01080090014000E100E0FFFF00FF332600203226002029260020B6
:201B60003826002010B5114B1860082058720738587318690170080A1C696070080C1C6960
:201B8000A070090E1869C17019690A71110A18694171110C18698171120E1969CA71012291
:201BA00019000348FFF76EFA10BDC046F82500200078004010B511001A0002AB1B78FFF775
:201BC0004FFA10BD30B583B008230193134B1D78002D20D0124B1B6898420ED0114A0023F2
:201BE00005E014321400143C2468844206D00133DBB2AB42F5D100200EE000239800C31816
:201C00009B0007481B18181D01AAFFF7E9FE43425841C0B200E0002003B030BD0C26002068
:201C2000B0240020C424002010B5054B99699961044B1B68002B02D000220148984710BDB1
:201C400000500040001D002070B504000D000121222000F019FC0121222000F049FCA36874
:201C6000297809034E4A13400B43A36063686978C9034C4A13400B4363606368A978890391
:201C8000494A13400B4363606368E9784903474A13400B436360636829790903444A134086
:201CA0000B43636063686979C902424A13400B4363606368A97909063F4A13400B436360C2
:201CC0006368E97909023D4A13400B4363606368297B09053A4A13400B4363606368697BCD
:201CE0004905384A13400B4363606368297C8905354A13400B436360AB7B002B04D1E26A5D
:201D0000324B1340E36207E0E16A013BDBB21B052E4A0A401343E362EB7B002B04D1A26BC3
:201D20002B4B1340A36307E0A16B013BDBB21B05274A0A401343A363FF2323409B00254A52
:201D4000696999506368297A0904234A13400B4363606368697A4904204A13400B436360B3
:201D6000AB7A012B04D1802292041D4B1A6008E08021890480231A4AD150BFF34F8FBFF3A3
:201D80006F8F6368E97AC904164A13400B436360A368012293432A7E1343A36070BDC0464E
:201DA000FF0FFFFFFF7FFFFFFFBFFFFFFFDFFFFFFFEFFFFFFFF7FFFFFFFFFFFEFFF8FFFF33
:201DC000FFFFEFFFFFFFDFFFFFFFBFFFFFFF0FFFFFFFCFFF041D0020FFFFFEFFFFFFFDFF71
:201DE00000E100E0FFFFF7FF70B5092909D805694C0064180726A640B543A2402A43026103
:201E000009E0C5684C0064181E3C0726A640B543A2402A43C260052B09D8446B9A00D318C9
:201E20001F229A40944399402143416309E0026B9C00E3181E3B1F249C40A2439940114358
:201E4000016370BD10B5064B1968CA431A60054B1B68002B02D000220148984710BDC046E6
:201E600000300040041D002070B50E4BC3189B031B0EA42284580C4921400C4D5E00F41876
:201E8000A400615184580C438450F3189B00EB189B68002B04D00C3282581206520F9847D2
:201EA00070BDC0460088FFBF00FFD500081D002010B50248FFF7D8FF10BDC0460078004029
:201EC0000F4BC3189B031B0E5A00D3189B000D4AD3181B79002B10D1002907D1A433C25852
:201EE000C258802109010A43C25006E0A423C258C2588021C9000A43C25000207047C04637
:201F00000088FFBF081D002030B500290BD10022A024802149010C4D03590B420FD0013267
:201F2000AA42F9D10BE00022A0240321064D03591B0C0B40032B02D10132AA42F7D10348A2
:201F400090428041404230BDA18601009F860100082816D90938C3B2062B11D89800094B56
:201F60001B589F460C200CE010200AE0142008E0182006E0202004E0302002E0402000E007
:201F800000207047AC83010870B505000C00161E05D1A02281582C4B0B40835005E0A0221B
:201FA0008358802109020B4383502368DA00D208264BEB189B031B0E5900CB189B002449BB
:201FC000CB185B79002B02D080231B061A432A65637A0F221340A27A002A01D0102213439D
:201FE000227B002A01D040221343E27A002A03D040229343203A1343627B002A01D08022D6
:2020000013436B65237B002B14D1607A002811D02369002B0ED0FFF79BFF00280AD00023BF
:202020009A082169C9581632920051510433DBB29842F5D8012E05D1A022AB588021C90335
:202040000B43AB5070BDC046FF7FFFFF0088FFBF081D0020F8B507000D0014002E4BC618D1
:20206000B603360E73009B199B002C4AD3181B79002B10D0002C04D1A023C358DB04DB0FF9
:2020800006E0A023C3589B039B0F033B5A425341002B30D104E02100FFF736FF00282DD144
:2020A000220029003800FFF76FFFA023FB589B041ED4002C06D1A022BB58802149010B4381
:2020C000BB501EE073009E19B600144B9E19B379012B06D1A022BB588021C9000B43BB503A
:2020E0000FE0A022BB58802189000B43BB5008E0032040420EE0012040420BE002204042EC
:2021000008E021003800FFF7DBFE03000020002B00D00438F8BDC0460088FFBF081D00200F
:2021200070B504000D00A023C3589B019B0F0120002B43D02368DB00DB080B602368DB0FBD
:202140000B7263681B0901210B40AB72666876090E40EE7263689B090B402B736268D20991
:202160000A406A7362680E3010406872002B1CD100281AD02B69002B17D0FFF7E9FE010058
:20218000002E05D1011CC0B2082800D90821C9B200290AD000239A08023292001259286975
:2021A000C2500433DBB29942F5D8A36C6B60A022A358802149050B43A350002070BDC04687
:2021C00070B504AC2678A02405599F3C2D0625D5002E1BD0B334065980256D028D403543AA
:2021E000055105590F26B54329430151055920218D430551D200D208B825425102591143B0
:2022000001515B005B084351002407E0B4240359802252028A40934303510024200070BD80
:20222000F0B54F464646C0B483B005000E00894BC718BF0AFBB29946FF231F407B00DB1926
:202240009B000021844A9950F378012B03D1484600F0D8F903E00121484600F0D3F97B0087
:20226000DB197E4AD3185878012100F00DF901211C2000F03DF9A022A95880230B43AB509C
:20228000B1690B781A06CB781B04D3188A7812029B184A789B18A822AB50B37B002B28D0E0
:2022A000A0202B58F17BC9056D4A13400B432B50F1690B781A06CB781B04D3188A7812026E
:2022C0009B184A789B18AC22AB50337C002B10D0B0216858634A0240DB0313436B506B5821
:2022E000707C0002FE22D20110405F4A134003436B50336A9846002B14D03378002B11D06F
:2023000000246000001980004044836842680178407800902800FFF753FF0134E4B23378E0
:20232000A342EED8A022AB5880218B43AB50B378012B05D1AB588021C9010B43AB5015E0EA
:20234000022B05D1A022A9581E330B43AB500DE0032B0BD1A022A9583D330B43AB50AB58A7
:20236000717BC9075B005B080B43AB50A4216B581B011B09C022D20513436B506B5870785D
:2023800000063A4A134003436B50A023EA58F1790901102082430A43EA50EA58317AC900B4
:2023A000083882430A43EA50EA583079400530490A400243EA50EA58307B80072D490A40EB
:2023C0000243EA507B00DB199B00234AD31872799A71726A9A60737A002B19D0B17A484696
:2023E00000F01CF97B00DB199B001B4AD318727A5A71B4216B58F07A40021F4A1340034381
:202400006B506A581D4B13408022520013436B50B379002B19D0A422A958194B0B407169EF
:202420000B43AB507A00D3199B000B49CB18B1791971D719094BFB56002B06DB1F22134032
:202440001E3A9A4013000F4A136003B00CBC90469946F0BD0088FFBF081D0020C8830108AF
:20246000FFFF7FFFFF7FFFFFFF80FFFFFFFFFFF0FFFFDFFFFFFFFFBFFFFDFFFFFFFEFFFF6D
:2024800001FFD5FF00E100E082B00190019B1F2B13D8012908D101988021C9054A68012332
:2024A000834013434B6021E001988021C9054B680122824093434B6018E0019B252B15D865
:2024C000019B203B0193012908D101988021C9058A680123834013438B6007E0019880212B
:2024E000C9058B680122824093438B6002B0704782B00190019B1F2B13D8012908D10198DC
:202500008021C9058A690123834013438B6121E001988021C9058B690122824093438B618C
:2025200018E0019B252B15D8019B203B0193012908D101988021C905CA69012383401343C4
:20254000CB6107E001988021C905CB69012282409343CB6102B070478022D20513680321C4
:202560008B431843106070478022D205136830218B430001184310607047C0468022D205F6
:202580001168034B0B400002184310607047C046FFFCFFFF8022D2051168034B0B40000516
:2025A000184310607047C046FFFFEFFF8021C905034A8B589B009B08800718438850704759
:2025C0009088000010B58021C905044A8C58044B234040061843885010BDC0469088000067
:2025E000FFFFFFC110B58021C905044A8C58044B2340C0031843885010BDC0469088000024
:20260000FF7F80FF8022D2051068034B03408906194311607047C046FFFFFFFB8022D205B1
:202620001068034B03404905194311607047C046FFFF9FFF70B504000D0001211520FFF79A
:2026400023FF01211520FFF753FF454BE3189B041B0E9900434AE8698850A26802210A439D
:20266000A260A2688A43A2602A68A2616A68E261AA682262AA6912020DD0DB003A4AD318F1
:202680001B795BB2002B06DB1F2213401E3A9A401300364A1360636801229343297E0B4308
:2026A00063606368697E4900022083430B4363606368A97E8900023083430B436360236953
:2026C000E97D4900023083430B4323612369687D400227490B40034323612369E87C8002D7
:2026E00024490B400343236123699343297D0B4323612369A87DC0021F490B40034323618E
:202700002369A87B00041D490B40034323612369697CC901802083430B4323612369A87C68
:20272000000217490B40034323612369E97BC900182083430B4323612369297C49014830A6
:2027400083430B43236163691B0C1B04A9890B436361636A9343EA7E1343636270BDC04632
:20276000C0DFFEBF141D0020CC83010800E100E0FFFDFFFFFFFBFFFFFFE7FFFFFFFFF0FFD0
:20278000FFFEFFFF03000068420706D59A6802210A439A609A688A439A601A6882431A60B9
:2027A0007047C04610B50648FFF7ECFF054B1B68002B03D0002201000148984710BDC04679
:2027C00040200140141D002010B50648FFF7DAFF054B5B68002B03D00022010001489847C9
:2027E00010BDC04680200140141D002010B50648FFF7C8FF054B9B68002B03D00022010090
:202800000148984710BDC046C0200140141D002010B50648FFF7B6FF054BDB68002B03D0FC
:20282000002201000148984710BDC04600210140141D002010B5094B19684907C90F0BD02A
:202840001A001B68022083431360054B1B68002B02D000220148984710BDC0462000004033
:20286000241D0020032808D81D4B1B69032210408000C3400C32134024E0031F032B08D843
:20288000174B5B69032210408000C3400C32134018E00300083B032B08D8114B9B690322B8
:2028A00010408000C3400C3213400BE003000C3B022B10D80A4BDB69032210408000C340D9
:2028C0000C321340012B02D0022B02D005E0054804E0054802E0054800E004487047C046EF
:2028E0006001082030000820600008200000082010B5054BDA6801248440A243DA60DA68A6
:2029000081401143D96010BD6001082010B5054B9A6801248440A2439A609A68814011431D
:20292000996010BD6001082010B5836801248C40A3438A401A43826010BDC0464068C84035
:20294000012318407047C04610B52B4B984206D02A4B9C46604444424441600100E01020DC
:202960004118C9B209290AD84B005918244807238B4004689C438A40224302603AE0132920
:202980000CD80A39C9B24B0059181E4807238B4004689C438A40224302602BE01D290CD86D
:2029A0001439C9B24B005918174807238B4004689C438A40224302601CE027290CD81E39DC
:2029C000C9B24B005918114807238B4004689C438A40224302600DE029290BD82839C9B298
:2029E0004B0059180A4807238B4004689C438A402243026010BDC04630000820A0FFF7DF58
:202A00004001082044010820480108204C0108205001082010B5036801248C40A3438A40B0
:202A20001A43026010BDC04670B50C00494B984206D0494B9C46604443425841400000E037
:202A40000120032C0DD845490D69032323409B000F269E40B5430D610D699840284308617E
:202A600033E0231F032B0DD83C494D69032323409B000F269E40B5434D614D6998402843DD
:202A8000486122E02300083B032B0DD833498D69032323409B000F269E40B5438D618D698D
:202AA00098402843886110E023000C3B022B0CD82A49CD69032323409B000F269E40B543A7
:202AC000CD61CD6998402843C861002A04D101212000FFF70DFF10E0012A04D101212000B1
:202AE000FFF714FF09E0022A07D101212000FFF7FFFE01212000FFF709FF082C04D98022B8
:202B00001206174B1A601BE0022C04D98022D205134B1A6014E0012C09D0002C02D0022C44
:202B20000AD00DE0802212050D4B1A6008E0802252050B4B1A6003E080229205084B1A60A9
:202B4000064B59680122A2409143596059680A435A6070BD30000820A0FFF7DF6001082086
:202B600000E100E003490A680123834013430B607047C046600108200423082803D8013B7A
:202B8000022800D803009B00014A99507047C046281D002010B50020FFF764FE04000020DE
:202BA000FFF7E0FF044B1B68002B03D0002200212000984710BDC046281D002010B5012010
:202BC000FFF750FE04000120FFF7CCFF044B5B68002B03D0002201212000984710BDC046A5
:202BE000281D002010B50220FFF73CFE04000220FFF7B8FF044B9B68002B03D000220221F1
:202C00002000984710BDC046281D0020F0B5474680B482B0104B1D68ADB2032401270F4BFD
:202C200098463B00A3402B420FD0E6B23000FFF719FE01903000FFF795FF4346DB68002B35
:202C400003D000222100019898470134092CE8D102B004BC9046F0BD60010820281D0020E0
:202C6000F0B5474680B482B0104B1D68ADB2092401270F4B98463B00A3402B420FD0E6B2EE
:202C80003000FFF7EFFD01903000FFF76BFF43461B69002B03D00022210001989847013406
:202CA000102CE8D102B004BC9046F0BD60010820281D00200269102313430361C36A0B703C
:202CC000802303627047C04670B50400D34BC3181B0B826AD20611D5826A92060ED5826AEA
:202CE00040218A4330390A438262FF221340CC499B000132585802435A50D2E1A26A5206FF
:202D000012D5A26A92060FD5A26A10218A4330310A43A262FF221340C1499B000A32FF3202
:202D2000585802435A50BCE12269920600D400E1E269D20700D5ECE0E269920700D5E8E039
:202D40002269D20600D487E0FF2213401801B54A8058002842D1CA070ED5B1499B000D22BE
:202D6000585802435A50802323627F3B2362226B01331343236394E11A01AA498A185268D1
:202D8000002A22D01A018A18127B002A08D10A001B01C9188968012098500B78E36280E1A0
:202DA000226910218A4322611B019E4AD3185B68012B04D1226907331343236103E0236946
:202DC000082293432361E36A6BE195499B000A22585802435A508023236262E11A01914D2E
:202DE000AA185268904219D2CA070ED58C499B000C22585802435A50802323627F3B236242
:202E0000226B0133134323634BE1864A1B01D1188968451C9D500B5CE36242E1CA0707D559
:202E20007F499800042245582A434250012222627B499800082245582A4342508022226281
:202E40001B01784AD3185B7B012B00D029E1226B01331343236324E1FF2213401A017149E2
:202E60008A185268012A18D16D499800082542582A4342506B481B01C21891681A58561C48
:202E80001E5089182000FFF715FF2369AB432361226B02231343236303E1023A190161488A
:202EA00009588A420DD9226908218A43226102001B01C118886899584D1C9D50E36A4354E9
:202EC000EFE08A420DD1216908220A432261554A1B01D118886899584D1C9D50E36A435436
:202EE000DFE04F489E00082532582A4332504D4A1B01D01880684E1C9E5041182000FFF7EE
:202F0000D9FE2369AB432361226B022313432363C7E0CA0700D4C4E0FF22134040499B00C6
:202F2000F33A585802435A50802323627F3B2362B7E0E269D20700D59BE0E269920700D59A
:202F400097E04A0623D540222262BF32134034489D00FD3A2E5832432A504A0707D5314A1B
:202F60001B01D11889689B58CB5CE36299E01B012C4AD3185B68012B04D122690733134327
:202F800023618EE0236908229343236189E04A074AD5FF221340234A180115186D68825880
:202FA000681E904203D3180101321E4E8251CA070DD5626A520705D4194998000C224558E2
:202FC0002A434250802222627F3A22621CE01A01144951588D4205D9124882189268525C29
:202FE000E26211E06269D20703D5626901218A436261626A520705D40949980008224558F4
:203000002A43425080222262626A520749D504499B001022585802435A5042E00020FFBF8F
:20302000641D0020441D0020FF2213401D4918010A1852684158901E884204D12169082205
:203040000A4322610BE0013A914208D116489D0008212A580A432A5022698A432261114A2B
:203060001B01D118886899584D1C9D50E36A435417E04A0609D540222262BF321A400A4D83
:2030800092000220565930435051CA0709D501222262FE32134004499B00F33A58580243D6
:2030A0005A5070BD441D0020641D002070B50848046A456A2A002100FFF706FE054B1B686D
:2030C000002B03D02A0021000148984770BDC04600E000403C1D002070B50848046A456A21
:2030E0002A002100FFF7F0FD054B5B68002B03D02A0021000148984770BDC04600F00040BB
:203100003C1D002070B50400134BC318DB0A026803211140D00703D520680125A843206048
:2031200092070ED5FF2213409B000C4A9B58002B02D0002220009847236802229343236095
:2031400009E0FF2213409B00044A9B58002B02D000222000984770BD0090FEBF6C1D0020F5
:2031600010B50248FFF7CEFF10BDC0460070014010B50248FFF7C6FF10BDC04600780140A3
:2031800010B50D4BC3181B0B02688021114003D002688024A2430260026DFF24224002D0C7
:2031A000046D94430465FF2423409B00034C1B59002B00D0984710BD00D0FEBF741D002095
:2031C000F0B55F4656464D464446F0B483B004008A46E34BC5182D032D0EE24F6B005E19B8
:2031E000F05D0121FFF750F9BE1970780121FFF77FF92368524651890902DB4A13400B4304
:20320000236053469B89E36453469B8963605346DB89A360AA00D54B51464969D1508421CE
:2032200063587F2293435246527C1343635023685246127C920144398B43134323605346EC
:203240009B7C012B0FD16B005D19C64B5D190223EB56002B1BDB1F2213401E3A9A40130083
:20326000C34A136013E06B005D19BE4B5D190223EB56002B0BDB1F2213401E3A9A4013002B
:203280008022BB498B50BFF34F8FBFF36F8F53461B78012B00D16FE1002B06D0022B00D1F5
:2032A0004AE2032B00D1A6E2E2E253465B68226819784901202082430A4322605A78002A06
:2032C00056D0002730229346243A90460B3A9146009700998A008C466244520059688D5CF8
:2032E000E8002018C1685E46B14320263143C160C668596889180979890047463940BE4370
:203300003143C1605968891849880161266F4946A940C9435F68BC46944467467F79AF4035
:203320000E403E432667C6685F68BC4694446746BF79BF01BC464027BE4367463E43C660FF
:20334000E06D5E68B618F679AE4008403043E065E06E5E68B4466244127AAA400140114370
:20336000E166009F0137F9B200915A788A42B0D89A78002A00D1D5E00022009200998A0034
:203380008C46624492009968895C8C46606E4908C90001258D4028436066656E98688018F4
:2033A000C0790001884010278F40BD4328436066606E9D68AD182D7A6D008D4002278F4063
:2033C000B8432900014361666146CD006519E86899688918897989000C263140B043014375
:2033E000E960996889184988296161464F1CFFB2996889188988F8008046A0444046016187
:20340000E96898688018407A40000A3EB1430143E9604146C96898688018807A4000B14382
:2034200001434046C160216F01206646B040C64301969E68B14691444E46F67A6046864072
:20344000B146019E3140484601432167216F89460121B940C9439868834693445846007BCC
:203460000600BE40B3464E460E40B1465E46484606432667E8688146986883469344584619
:20348000407B800183464E4640208643B1465E4648460643EE604046C5689868814691445B
:2034A0004846807B8001814640208543484605434046C560E56D9868804690444046C07BE5
:2034C000060060468640B046019E354040460543E565E56D9868804690444046007C060064
:2034E000BE400D403543E565E06E8046986885186D7C604685404046019E064030002843B4
:20350000E066E06E9D68AC466244927CBA4001401143E166009E0136F1B200919A788A42AF
:2035200000D92BE7626D997B4900022082430A436265197BA26E587B8001C025AA4302436A
:20354000A266A26E3F2082430A43A266E06ED97B0902084A030013400B43E36688E1C0467F
:2035600000D0FEBFEC830108FF0000FF741D002000E100E0FFFEFFFF5346586823682022B5
:20358000934323600378002B00D171E1002130239846243B9C4678339B460091009AD300EC
:2035A00091464B444268D5182A786D78002D2DD1D5006519EE6841468E43EE60EF6841680D
:2035C000CE18B678B60061460E408F433E43EE6059466758510089464168CE18F6783604D6
:2035E00049468E400196C02189024E46B1408F43019E3E4359466650EE684168CF183F7A00
:20360000BF0140218E433E43EE6074E0666E5508ED000427AF403E436666666E0821A9402A
:203620000D0035436566D5006519EF684168CE187679360141460E408F433E43EE604168BC
:20364000CE183679012E17D0002E04D0022E24D0032E33D042E0EE6861468E4304210E43FF
:20366000EE60551CEDB2ED006519EE6861468E4308210E43EE6031E0EE6861468E430821E3
:203680000E43EE60551CEDB2ED006519EE6861468E4304210E43EE6020E0EE6861468E43B0
:2036A00004210E43EE60551CEDB2ED006519EE6861468E4304210E43EE600FE0EE6861464D
:2036C0008E4308210E43EE60551CEDB2ED006519EE6861468E4308210E43EE60551CEDB230
:2036E000ED006519EE684168CF183F7ABF0140218E433E43EE604568A9464B449D79012D90
:203700000AD1A66F9500AA181F259540AE43DB7993403343A36706E0A36F9500AA181F251E
:203720009540AB43A36700990131CAB200920378934200D932E79BE0534658682368202200
:20374000934323600378002B4DD00025102399460C27303398463F3B9C460095009DEA002A
:203760004368995CCB00E318DE683025AE434D462E43DE60DE684568AB4693445D462D7911
:20378000AD003D40BE432E43DE604568AE1876881E61DE684568AB4693445D466D79AD016D
:2037A000AB464546AE435D462E43DE60E66D63468B40DB434568AB4693445D46AD798D405A
:2037C0001E402E43E665E66E4568AB465A44D2798A4033401343E366009D0135EAB2009217
:2037E00003789342BAD8636D027A520002218B43134363653CE053465B688022A158187897
:20380000C0000825A9430143A150A158587840011835A9430143A150A15818790001103D4A
:20382000A9430143A1509A78002A06D0A26F1F218A43D9780A43A26703E0A26F1F218A438F
:20384000A2675A79002A07D0A26F9879400110490A400243A26703E0A16F0D4A0A40A2679A
:203860008020215801229143DA790B001343235023685246127AD20018218B4313432360B0
:2038800003B03CBC90469946A246AB46F0BDC0461FFCFFFF10B50248FFF772FC10BDC046DD
:2038A0000030014010B50248FFF76AFC10BDC0460040014010B50E4B19680B0606D50C48F9
:2038C00002680C4B13408022134303608B0307D5074A136880208343802080020343136002
:2038E000054B1B68002B02D000220148984710BD00840040FFFFFDFF7C1D0020F0B543681A
:20390000DB0400D4A8E0994BC3181B0BC26852070BD5C16804220A43C260FF221A40944C0B
:2039200092000221155929431151C26812070BD5C16808220A43C260FF221A408C4C9200CC
:203940000121155929431151C26892073ED5FF221A40940087496158874D6459A14223D232
:203960009500864EAD59002D30D0013CA14203D144690826B44344614468240207D59400FE
:203980004F1C7C4EA751046949004C5305E094004F1C784EA75104696C549100754C0C591F
:2039A000754D49598C4211D344687549214041606F4C920008211559294311518021C26808
:2039C0001142FCD1816820220A438260C268D20731D5FF221A4094006A496158664D645979
:2039E000A14216D29400684D6459002C23D045682D0207D592004E1C624D565149000A5B1F
:203A0000026118E092004E1C5E4D5651625C026111E044685D4921404160554C9200102133
:203A20001559294311518021C2681142FCD1816820220A438260C268D20600D495E08168D1
:203A400010220A438260FF22134049499B00FB3A585802435A5088E0444BC3181B0BC2686E
:203A600052070FD5C16804220A43C2604168474A0A404260FF221A403D4C920002211559FE
:203A800029431151C26812070FD5C16808220A43C26041683A4A0A404260FF221A40344C5B
:203AA00092000121155929431151C26892072FD5FF221A4091002F4C0D592F4C09598D42B6
:203AC0001CD291002D4C0959002921D04468240207D594006F1C274EA75104696D006C52A0
:203AE00005E094006F1C234EA75104694C559100204C0C59204D49598C4209D3446820491B
:203B0000214041601A4C92000821155929431151C268D20729D5FF2213409900194A8A58F3
:203B2000154C09598A4216D29900174C095900291BD04468240207D59B00551C114C1D5117
:203B40005200535A036110E09B00551C0D4C1D518B5C036109E041680C4A0A4042600449D3
:203B60009B001022585802435A50F0BD0040FFBF881D0020A81D0020901D0020B01D0020CA
:203B8000FFFDFFFF981D0020801D0020FFFEFFFF70B50748C4684568FFF7B0FE054B1B68DA
:203BA000002B03D02A0021000148984770BDC04600C00040A01D002070B50748C468456837
:203BC000FFF79CFE054B5B68002B03D02A0021000148984770BDC04600D00040A01D0020B1
:203BE000034A1168034B0B400007184310607047B0880040FFFFFFEF82B000230193012867
:203C000011D1134A5368802189050B43536011485368DB0FDB0701930138019B002B12D123
:203C20000028F5D10FE00A4A51680B4B0B40536008485368DB0FDB0701930138019B002BDB
:203C400001D00028F5D1431E9841C0B202B070470080004010270000FFFFFFDF82B0002368
:203C60000193012813D1154A5368802109050B435360134811008022D2054B68134001935A
:203C80000138019B002B14D10028F6D111E00B4A51680C4B0B405360094811008022D20521
:203CA0004B68134001930138019B002B01D00028F6D1431E9841C0B202B0704700800040D5
:203CC00010270000FFFFFFF782B0034BDB690193019802B07047C0460080004000B583B0B1
:203CE000FFF7F2FF0190019A054BDA61054B1B68002B03D001990248C268984703B000BDF8
:203D000000800040BC1D002000B583B0FFF7DCFF0190019A054BDA61054B1B68002B03D0A9
:203D2000019900220148984703B000BD00800040B81D002010B5FFF7C7FF430305D51E4A71
:203D4000D3698021C9020B43D3618023DB051B699B050FD58022D2051369802149020B437F
:203D600013610020FEF7F8FB0020FEF713FC0120FEF7F2FB8023DB051B69DB051BD5802227
:203D8000D2051369802149020B4313610020FEF7E3FB0020FEF7FEFB0020FFF75FFF012884
:203DA00009D16330F9F776FE0120FFF757FF012801D1FEF7D1FB10BD0080004010B5C3688C
:203DC000012119400ED0C26801231343C360064BC3181B051B0E9B00044A9B58002B01D076
:203DE0000022984710BDC04600EFFEBFC01D002070B504000D0001211320FEF745FB012164
:203E00001320FEF775FB224A136802208343042149420B4313602B682360A3682A79920074
:203E200008318B431343A3601A4BE3181B051B0E9900194AAE688E50A2686979490082438F
:203E40000A43A2606A79012A0BD1144AD356002B17DB1F2213401E3A9A401300104A1360DF
:203E60000FE00E4AD356002B0BDB1F2213401E3A9A40130080220A498B50BFF34F8FBFF3D6
:203E80006F8FA368012293432A7B1343A36070BD0010014000EFFEBFC01D0020F48301087B
:203EA00000E100E010B50248FFF788FF10BDC0460011014010B50248FFF780FF10BDC04639
:203EC0001011014010B50248FFF778FF10BDC0462011014010B50248FFF770FF10BDC04678
:203EE0003011014070B5016A426A016242620A4BC3181B0BDCB2C569ED0701D40125A94310
:203F0000022C07D8FF2423409B00044C1B59002B00D0984770BDC0460080FEBFD01D002058
:203F200070B504000D00012A03D00420022A03D001E0082000E0102003231A40A262F5F7A1
:203F400081FE011C1648F5F7A7FA061C2800F5F7C1FE011C301CF5F79FFA061CF5F77CFA73
:203F60000500F5F7B7FE011C301CF5F7C3FC8421C905F5F7ABFBF5F757FAFF231A002A409F
:203F800062602D0A1D40A5606064626BEF3B1A436263626B0F218A431343636370BDC046D0
:203FA000001BB74BC36820229343C360012904D0002914D0022909D01AE0C26808231343CA
:203FC000C360C36810229343C36019E0C26808231343C360C26810231343C36010E0C368B0
:203FE00008229343C360C36808329343C36007E0C36808229343C360C36808329343C360AD
:204000007047C04670B504000D004D4A8618360B4C4A90420ED04C4A904214D04B4A90423E
:2040200019D101210020FEF72FFA01210020FEF75FFA10E001210120FEF726FA012101201B
:20404000FEF756FA07E001210220FEF71DFA01210220FEF74DFAFF231E40B6003C4BEA6855
:20406000F2502B795A1F032A0AD8E26803218A43053B1343E360236920229343236109E0AD
:20408000092B07D1E36803229343E3602269202313432361A9792000FFF784FF6A7A2968B3
:2040A0002000FFF73DFFE3686A79920004218B431343E3602B7A002B02D1EB79002B04D05C
:2040C000626901231343636103E063690122934363612B7A012B0FD0002B04D0022B14D0AB
:2040E000032B1BD022E0236C012293432364236C01329343236419E0226C012313432364EF
:20410000236C02229343236410E0236C012293432364226C02231343236407E0226C012367
:2041200013432364226C0223134323642269022313432361226901231343236170BDC046CC
:204140000080FEBF0090014000A0014000800140D01D002010B50248FFF7C4FE10BDC04608
:204160000080014010B50248FFF7BCFE10BDC0460090014010B50248FFF7B4FE10BDC04691
:2041800000A0014010B5044B1B68002B03D0002200210248984710BDDC1D002000B0004067
:2041A00070B5584C6078F9F7C7FD574D431E98412870A078F9F7C0FD431E9841534B18700F
:2041C000E078F9F7B9FD431E9841C0B2504B18702A780123002A05D14C4B1A780123002AD5
:2041E00000D103004B4A1370FAF772FB431E9841494B18700120F9F795FD484B187002203F
:20420000F9F790FD464B18700320F9F78BFD454B18700420F9F786FD434B18700520F9F793
:2042200081FD424B18700620F9F77CFD404B18700720F9F777FD3F4B18700820F9F772FD25
:204240003D4B18700920F9F76DFD3C4B18700A20F9F768FD3A4B18700B20F9F763FD394B31
:2042600018700C20F9F75EFD374B18700D20F9F759FD364B18700E20F9F754FD344B187043
:204280000F20F9F74FFD334B18701020F9F74AFD314B18701120F9F745FD304B18701220AA
:2042A000F9F740FD2E4B18701320F9F73BFD2D4B18701420F9F736FD2B4B18701520F9F7FB
:2042C00031FD2A4B18701620F9F72CFD284B18701720F9F727FD274B18701820F9F722FDDD
:2042E000254B18701920F9F71DFD244B18701A20F9F718FD224B18701B20F9F713FD214BB1
:20430000187070BD50240020F0350020BD380020DB380020C238002007360020C93800202F
:2043200018380020D1350020E6350020CC380020A838002019380020AD380020D7350020E6
:20434000BC380020CB350020BE380020E0350020CE380020F2350020CD3800201C360020DA
:20436000B8350020FC350020243800209E380020AC3800201B380020C8380020C3380020BB
:20438000B03800201C380020F0B54F464646C0B483B080468D4B1B889BB28D4A934204D81E
:2043A0008A4B1E88F305019302E001235B420193864E7488874F3C1BA412874D2B885C43E6
:2043C000A4090020F7F778FA0100019803F090FB73880004000C5843000C0419BC4200D9F2
:2043E0003C002C800020F7F767FA01007B4803F055FB7B4B1880754B9B881BB2002B04DB47
:20440000724B9B885B04994602E001235B4299466E4FFC886F4E341BA41243461D886C431C
:20442000A5090120F7F748FA0100484603F044FBFB880404240C5C43240C64190120F7F7A6
:204440003BFA0100654803F029FB664B1880B44200D93400A4B25D4B1B899BB29C4202D374
:20446000614B1C8002E000225F4B1A800220F7F723FA0100594F380003F010FB80B25B4BC8
:2044800018805B4E5B4D6435F0233200290003F08FFA594B18800320F7F70EFA0100380022
:2044A00003F0FCFA80B2554B1880F0233200290003F07EFA524B1880444B5B899BB2514A40
:2044C000934203D8414B5D896D0501E001256D420420F7F7F1F90100280003F0FBFA85B24E
:2044E0000420F7F7E9F901003C4803F0D7FA464B1880364B9B899BB29D4203D3ED00434B34
:204500001D8002E00022414B1A80304BDB899BB2002B09D02D4BD98989B23D48F4F7D0FD52
:2045200085B2002D0AD000E02A4D0220F7F74CFBC0032900F4F7C4FD80B200E02548354BF8
:204540001880224BDB899BB2002B09D01F4BD98989B22F48F4F7B4FD85B2002D0AD000E069
:204560001C4D0320F7F730FBC0032900F4F7A8FD80B200E01748284B18800023274A138077
:20458000274A1380F7F70EFA264B1870C8231B01254A1380254A26490A8026490B8026494E
:2045A0000A8026490B8026490B8026490A8026490B80264B1A800122254B1A7043461C803D
:2045C00003B00CBC90469946F0BDC04600480020FF010000FFFF0000BA380020011000016E
:2045E000E2350020E4350020D0380020FA350020A0B0010820B20108B63800202238002018
:20460000CA380020FF070000163600202638002060EA0000C0380020F43500209A380020EB
:20462000CC350020A9380020963800200080FFFF20380020D4350020FE350020A4380020FC
:2046400002360020D835002028380020A0380020A738002000230349CA5CC2540133082B4C
:20466000FAD170471C840108F0B54F464646C0B483B006000D00904699460B9C694632480A
:20468000FDF7A0FA03005A425341304A1370002319006A469A5C002800D1E25C6F46CA556F
:2046A0000133082BF4D1002809D1294B1B780133FF22FF2B00D81A00254B1A7002E0002256
:2046C000234B1A70002E06D1224B1B7CDBB2204A12789A4208D304232B70002342461380A1
:2046E0001D4B4A4613801EE06B461B780322134004D0012B02D0022B00D0237A2B706B46BD
:204700005B785F2B03D9144B4246138005E05A009B181A01D31A424613806B469B78642287
:2047200053434A46138000230A9A13806A469A5CE2540133082BF9D12B78237203B00CBCA6
:2047400090469946F0BDC0461974FF1815360020DA380020004800207017000070B5060096
:204760000D000A4B5B8A9BB2094A934204D8074B588A800184B200E0064CF7F717FB6043E1
:20478000000C308001232B7070BDC04600480020FF030000FFFF000010B509484022835CAC
:2047A00001218B4301318B4302318B4383540022044B1A60E130FF30FFF74CFF10BDC046F2
:2047C00028360020DC3500200122014B1A707047A738002000B583B040233F4AD35CDA0797
:2047E00042D43D4840211A0001231343DBB202221343DBB20422134343545B0705D5010045
:204800004022835C042083438B54FFF7C9FC334B1A68501C18600A21F4F7D8FC002902D109
:204820002F48FFF7B1FD2F4B198889B22B4B1868F4F7CCFC00290AD12B4B18782B4B01934A
:204840002B4B00932B4B2C4A2C49FFF70DFF234B1868FA218900F4F7B9FC00293AD1284915
:204860002848FFF77BFF35E05B0705D51A4940228B5C042083438B54FFF792FC174B1A682A
:20488000501C18600A21F4F7A1FC002902D11448FFF77AFD134B198889B2104B1868F4F7BC
:2048A00095FC00290AD1104B1878104B0193104B0093104B104A1149FFF7D6FE074B1868F0
:2048C000FA218900F4F782FC002903D10C490D48FFF744FF03B000BD28360020DC350020CC
:2048E0001238002016480020C2380020083800201A360020CE350020003600200436002013
:20490000953800201E36002000B583B0054B1B889BB203220092023A00210348FDF74AF978
:2049200003B000BD164800201974FF1810B5FFF7EBFF10BD10B5FFF74DFF10BD10B500F0EA
:20494000B3FC10BD10B500F0EDF910BD10B502F091F810BD10B500247F4B1C60682200218C
:204960007E4803F023FA7E4B1C607E4B1C607E4B1C607E4B1C6000237D4A14807D4A148074
:204980007D4A14807D4A14807D4A14807D4A14807D4A14807D4A14807D4A14807D4A14803F
:2049A0007D4A14807D4A14807D4A14807D4A13707D4A13707D4A13707D4A13707D4A137074
:2049C0007D4A13707D4A13707D4A13707D4A13707D4A13707D4A13707D4A13707D4A137087
:2049E0007D4A13707D4A13707D4A13707D4A13707D4A13707D4A13707D4A13707D4A137067
:204A00007D4A13707D4A13707D4A13707D4A13707D4A13707D4A13707D4A13707D4A137046
:204A20007D4A13707D4A137001217D4A11707D4A13707D4A13707D4A14807D4A14807D4A67
:204A400014807D4A14807D4A14807D4A14807D4A14807D4A14807D4A14807D4A14807D4A7E
:204A600014807D4A14807D4A14807D4A14807D4A14807D4A14807D4A14807D4A14807D4A5E
:204A800014807D4A14807D4A14807D4A14807D4A14807D4A13707D4A13707D4A13707D4A71
:204AA00013707D4A13707D4A13707D4A13707D4A13707D4A13707D4A13707D4A13707D4AA6
:204AC00013707D4A13707D4A13707D4A13707D4A13707D4A13707D4A13707D4A13707D4A86
:204AE00013707D4A13707D4A13707D4A13707D4A13707D4A13707D4A13707D4A13707D4A66
:204B000013707D4A13707D4A13707D4A13707D4A13707D4A13707D4A1370F82252000021C9
:204B20007B4803F043F9FFF74FFE00F091FB794B03221A715A719A71DA711A725A721A704D
:204B40005A709A70DA70FFF727FE00F053FB00F0E3F801F057FD10BDEC3500202C3800203C
:204B600010360020DC350020D4380020C4380020D238002000360020CE3500201A36002043
:204B80001E360020AA380020E8350020B23800201E380020983800209C380020C8350020E1
:204BA0000A360020D0350020B838002021360020F6350020D6350020B4380020053600200C
:204BC000AE38002094380020C6350020D9380020A6380020D2350020F83500201A380020B3
:204BE000D838002008360020AF38002006360020A2380020F7350020CA35002018360020F1
:204C0000B9380020DC380020F13500200C3600202538002014360020953800200436002079
:204C200020360020DA38002015360020B6380020CA38002096380020D4350020A43800201E
:204C40000236002028380020BA380020D0380020E2350020E4350020FA3500202238002009
:204C60001636002020380020FE350020D8350020A0380020C0380020F43500209A38002085
:204C8000CC35002026380020A9380020A7380020F0350020BD380020DB380020C2380020CE
:204CA00007360020C938002018380020D1350020E6350020CC380020A83800201938002010
:204CC000AD380020D7350020BC380020CB350020BE380020E0350020CE380020F2350020B7
:204CE000CD3800201C360020B8350020FC350020243800209E380020AC3800201B380020D6
:204D0000C8380020C3380020B03800201C38002028360020BC3500200022014B5A6370476B
:204D200028360020F8B5934B19780520F9F708F8914B19780620F9F703F8904B19780720B3
:204D4000F8F7FEFF8E4B19780820F8F7F9FF8D4B19780920F8F7F4FF8B4B19780A20F8F7FA
:204D6000EFFF8A4B19780B20F8F7EAFF884B19780C20F8F7E5FF874B19780D20F8F7E0FF1B
:204D8000854B19780E20F8F7DBFF844B19780F20F8F7D6FF824B19781020F8F7D1FF814B4F
:204DA00019781120F8F7CCFF7F4B19781220F8F7C7FF7E4B19781320F8F7C2FF7C4B1978A0
:204DC0001420F8F7BDFF7B4B19781520F8F7B8FF794B19781620F8F7B3FF784B197817200B
:204DE000F8F7AEFF764B19781820F8F7A9FF754B19781920F8F7A4FF734B19781A20F8F762
:204E00009FFF724B19781B20F8F79AFF704B5A6B501C58630A21F4F7D9F9002900D08BE0F0
:204E20006C4B1B7858425841C0B2F6F719FE6A4B1B78002B03D0684B59884C0802E0674BBD
:204E400019884C08664B1B889BB2002B07D0644B198889B26348F4F733F981B200E06249AF
:204E60006143890B89B20220F6F7A6FE5A4B1B78002B03D0584B99884C0802E05B4B198895
:204E80004C08574B1B889BB2002B07D0544B198889B25448F4F714F981B200E052496143C9
:204EA000890B89B20320F6F787FE514B1878F6F769FE494BDC88A4B200224E4B4449086808
:204EC0004968F4F745FF06000F002000F6F748F902000B00012430003900F4F791FA002856
:204EE00000D1002401226240D2B208214248FDF71BFD00223F4B364908684968F4F728FF57
:204F000004000D00344BD888C003F6F729F900223A4BF5F757FB02000B0020002900F4F7A9
:204F200079FA002805D000200021294B1860596002E0274B1C605D60274B198989B2244BD0
:204F4000586BF4F743F9002900D01CE12C4B1B780324002B57D0052B07D0072B07D0042BAF
:204F600050D04C231A4AD45C4DE001244BE0022449E0C046DC38002008360020A6380020AC
:204F800006360020AF380020D2350020AE38002005360020CA350020F7350020B9380020AA
:204FA0001A380020F8350020D0350020A2380020B838002018360020D8380020D938002034
:204FC000C6350020943800200C360020F135002028360020253800201848002098380020B7
:204FE0000E48002060EA0000FFFF00009C380020B438002000002440000008200000103F18
:20500000203600200024604B1E88604B1868604902F05CFC0500C343DB171D405B4B186807
:20502000292102F0FFFCC343DB171840594B00229B5E191C584A934201DA584B198809B2A4
:20504000331CFA221202964201D9554B1B889BB29A00D3185B091B040A1CD226F601B1427F
:2050600001DD504A1288A02149018C46624412B25202FF2109040A40FF2109068C46624465
:20508000C8218903884200DD0800C013000210182A00802109028D4200DD0A0091008A1830
:2050A00091005218D202120E82183F490D880135FF35ADB26D0A2D02FC35FF210904194024
:2050C0006D181B0E1B06ED180321214069183748FCF748FD364B00229B5E1A1C2E498B4229
:2050E00001DA2E4B1A88131CD221C90112B28A4201DD2C4B1B88A0225201944663441BB2E3
:20510000DB111B061B0C2B4A12782B4950182B4A11784A0082182A49097889005218294945
:205120000978C900521828490978090152182749097849015218264909788901521825495E
:205140000978C90152182449097809045018234A12780125002A03D1214A1578691E8D41CF
:20516000204A1278920412181F490978C9045218D2186D045119012252421C48FCF7F2FC9A
:205180004C231B4AD454F8BDD0380020D438002094110000B638002000ECFFFFF8830108E9
:2051A000FA830108FC830108263800207D76FF18CA380020B83800200000F0FF06360020DC
:2051C000A2380020AF38002021360020CA350020F73500201A380020F8350020B93800201C
:2051E000D0350020AE380020053600207DCAFF1828360020F0B5114B602001251D54002114
:20520000996344241E00443672780227BA4372701A5D4A2699530A4E35700A4D00262E70B5
:205220000725AA4378352A40673DAA431A55064A00241470054A1152D963F0BD283600202D
:205240002036002014360020253800202C38002030B5134B44201C00443461780122914362
:205260006170195C6024A14319540E4D223000212954023429534825595361315A541A554E
:2052800002315A5401315A5401315A541A5402315A5401315A5401315A5401315A5430BD91
:2052A000283600202C380020F8B55F4656464D464446F0B4BD4B1E78BD4BDA6B501CD863AB
:2052C000BC4B198889B2F3F781FF002900D08AE36023B74AD55C6C1F631E9C41E4B2B64BE6
:2052E0001B68B64A12689F1A002B06DA002A09DB002F07DB80273F0604E0002A02DA002FC9
:2053000000DAAF4FAB4B5968FA17BB185340DA43D21713408B4200D20027A64B1B7A002BB7
:2053200000D053E16B33A24AD35C002B0BD11300012261215A5401315A5401315A54013151
:205340005A5407315A549F4B1A78531E58425841C3B2A34201D0032A01D1052D03D0012148
:205360006123934AD154974B1C706123904AD35C002B02D000228E4B1A61924B5A78531E19
:2053800058425841C3B2A34201D0032A01D1052D03D001216223864AD1548A4B5C706223E9
:2053A000834AD35C002B02D00022814B5A61814B9946D968380002F043FB4B461B88584328
:2053C000FA21890002F082FA81467E4B9A78531E58425841C3B2A34201D0032A01D1052D19
:2053E00003D001216323724AD154764B9C7063236F4AD35C002B02D000226D4B9A61714B88
:20540000DA78531E58425841C3B2A34201D0032A01D1052D03D001216423654AD154694B36
:20542000DC706423624AD35C002B02D00022604BDA61604B1969380002F002FB82465C4AF7
:2054400053691269981A002B06DA002A09DB002807DB8020000604E0002A02DA002800DAAE
:205460005748544B596902F0EBFA53461A18002B03DA002801DA002A08DA5346002B07DDCB
:20548000002805DD002A03DC4D4A01E080221206484B1B8853431800FA21890002F016FA3D
:2054A000434BDB69C2189246002803DA002B01DA002A09DA00280ADD002B08DD5346002B6D
:2054C00005DC3F4B9A4602E080231B069A465346052D18D1374B9969380002F0B1FA534655
:2054E0001B18002804DA5246002A01DA002B08DA002808DD5246002A05DD002B03DC304B93
:2055000001E080231B062A4A91694A46521A4846002807DA00290EDB002A01DB00F08EFE51
:2055200000F02EFF002906DA002A01DB00F08FFE234A00F08CFE9918002B08DA002A06DA13
:2055400001E080221206002901DB00F083FE002B05DD002A03DD002901DC00F087FE154B48
:20556000DB69994201DC04E01549124BDB699B4607E0104B1B6A8B468B4202DD0D4B1B6A4A
:205580009B46114B5A461A60094B002261201A54196162215A545946596163215A5449468A
:2055A000996164215A545246DA611AE0143600202836002024480020C4380020D438002035
:2055C000FFFFFF7FBC3500202C3800206B23BD4AD35C002B05D00023BB4A13606B22B949CC
:2055E0008B54BA4B1B7A012B00D0D0E16B33B54AD35C002B0FD11300012265215A54013112
:205600005A5401315A5401315A5401315A5401315A5402315A54AE4B1A79531E584258414B
:20562000C3B2A34201D0032A01D1052D03D001216523A44AD154A64B1C716523A14AD35C5E
:20564000002B02D000229F4B1A62A14B5A79531E58425841C3B2A34201D0032A01D1052D06
:2056600003D001216623974AD154994B5C716623944AD35C002B02D00022924B5A62934BC9
:205680009946D968380002F0DBF94B461B885843FA21890002F01AF981468D4B9A79531E51
:2056A00058425841C3B2A34201D0032A01D1052D03D001216723834AD154854B9C71672383
:2056C000804AD35C002B03D0130000229A60DA607F4BDA79531E58425841C3B2A34201D07E
:2056E000032A01D1052D03D001216823754AD154774BDC716823734AD35C002B02D0002270
:20570000704B9A62714B9A469969380002F098F953461B885843FA21890002F0D7F8824675
:205720006B4B1A7A531E58425841C3B2A34201D0032A01D1052D03D001216923614AD154CE
:20574000634B1C7269235F4AD35C002B02D000225C4BDA625E4B5A7A531E58425841C3B211
:20576000A34201D0032A05D1052D01D000F00FFE00F084FD01216A23524AD154544B5C7222
:205780000022504B1A63002400239B46052D06D14E4B1969380002F053F983464C46494A1F
:2057A000136A526A981A002B06DA002A09DB002807DB8020000604E0002A02DA002800DA49
:2057C0004448424B596902F03BF95B461B18002804DA5A46002A01DA002B08DA002808DD2F
:2057E0005A46002A05DD002B03DC3A4B01E080231B06344AD16A5246521A5046002807DA6D
:2058000000290EDB002A01DB00F043FD00F0C7FD002906DA002A01DB00F044FD2D4A00F0E5
:2058200041FD9918002B06DA002A04DA01E080221206002907DA002B07DD002A05DD00297D
:2058400003DC244901E0802109061E4B9B68E218002C07DA002B05DA002A01DB00F033FDC8
:2058600000F028FD002C05DD002B03DD002A01DC00F023FD134B986A131A002A07DA002823
:205880000EDB002B01DB00F025FD00F093FD002806DA002B01DB00F026FD0E4B00F023FDFB
:2058A000C818002906DA002B04DA01E080231B06002811DA002911DD002B0FDD00280DDCFF
:2058C00004480BE0283600202C38002024480020BC350020FFFFFF7F80200006CD4B1B8815
:2058E0005843FA21890001F0F1FFCB4B1B6BC418002805DA002B03DA002C01DB00F0F6FC17
:20590000002805DD002B03DD002C01DC00F0FAFCC04BDB699C4201DC03E0C04CBD4BD96940
:2059200006E0BC4B1B6A2100A34201DDB94B196ABB4B1960B84B002265201A5419626621F1
:205940005A545C6201315A54D96899604946D96068215A54B34B994503DDB04AAE4B9A6217
:205960000BE0B14B994504DA80221206AA4B9A6203E04B465A00A84B9A62A74B002269217E
:205980005A545146D9626A215A541C630AE06C23A14AD35C002B05D00023A14A13606C222D
:2059A0009D498B5460239C4AD35C082B04D1994B9A8C9E4B1A8016E0964BD969984B186879
:2059C0000F2201F059FF80231B02984203DD984A964B1A8007E0002803DA0022934B1A80F0
:2059E00001E0924B18808C4B9A6B501C98630A21F3F7ECFB002900D09BE34523864AD35C34
:205A00009B0714D413004420110044314C78022222434A701A5C07218A4303210A431A54AE
:205A20000121844A117000214A22995298E14423794AD35C5B075B0FDAB2062A00D956E113
:205A400093007D4AD3589F467C4B1B78032B0ED14A227149895A6F4AD28C92B2914206D266
:205A60006C4A128D92B276480088904213D86A4C4420225C07218A4302210A4322540421F2
:205A80006C4A1170023BDBB200220339994252416C4B1A7064E101316B4B994200DD1900FA
:205AA0004A235D4AD1525BE1684B1B78002B0ED1594B44201A5C07218A4303210A431A54D1
:205AC00001215C4A117000214A22995248E1604B1B78002B0DD0504C4420235C07218B4321
:205AE000062213432354534B19700122554B1A7036E1524B1B78032B1BD15F2246498A5CE6
:205B0000032A29D0434A128D92B24D490988914222D9414B44201A5C07218A43110001226B
:205B20000A431A540821434A117000214A22995216E1022B10D1474A1278002A0CD0364857
:205B40004421435C072293431A000423134343540522384B1A7003E10421364A1170023B99
:205B6000DBB20022033999425241364B1A70F7E0364B1B78002B16D0264B5B8D9BB24A22B3
:205B800025498A5A9A420ED30B0044200A5C07218A4305210A431A540221264A1170002116
:205BA0004A229952DCE01C4A4A23D35A013326498B4200DD0B004A215352D1E0244B1B78B7
:205BC000002B0DD0144C4420235C07218B43062213432354174B197001221A4B1A70BFE0F3
:205BE000164B1B78022B00D1BAE00B4C4420225C07218A4302210A43225404210D4A117008
:205C0000023BDBB200220339994252410D4B1A70A6E0C0462448002028360020FFFFFF7FFA
:205C20002C380020FFFFFF3F010000C0B23800200080FFFF203600200084010804360020FE
:205C4000D038002014360020FFFF0000A7380020F635002025380020C54B1B78002B0ED140
:205C6000C44B44201A5C07218A4303210A431A540121C14A117000214A22995270E04A2384
:205C8000BC4AD35ABD4A928D92B293420CD3B94B4421585C072202435A544139B64A11707F
:205CA00000214A2299525BE00133B54A934200DD13004A22AF498B5252E0B24B1B78002B0B
:205CC0004ED1AC484421435C072293430222134343540422A84B1A70AB4B1B78023BDBB2A7
:205CE0000022433999425241A84B1A7038E0A04B1B78002B0ED19F4B44201A5C07218A43C2
:205D000003210A431A5401219B4A117000214A22995225E04A23974AD35A984AD28D92B29F
:205D2000934215D393484421435C072293430222134343540422904B1A70934B1B78023B7E
:205D4000DBB20022433999425241904B1A7007E001338B4A934200DD13004A2285498B5279
:205D6000844B894A11785F22995401329A5C052A03D00021864B196015E0864B1988864BBC
:205D800018880B1C814200D9031C9BB283498B4205D883498B4203D8FA239B0000E07F4BE8
:205DA000DB037B490B607F4B19887F4B1B884B437E490B6030237149CB5C002B0CD16D3362
:205DC0006C49CB5C002B02D101206D33C854784B1988784B19800BE06D236649CB5C002BD0
:205DE00006D00021734B19806D2362490020C85430236249CB5C002B00D13BE16E235D496A
:205E0000CB5C002B08D10B00002148229952013126329954002036E048235649C85A644B4E
:205E20001B8898422FD9072A0DD1634A1278002A04D0524A518E614A11800FE04F4A918E3B
:205E40005E4A11800AE0002B04D14C4AD18E5B4A118003E0494A118F584A1180574A118871
:205E60004A089A1892B2904203D94000431A5B109BB21D1C80221202934201D9504B1D88F9
:205E8000ABB29846F2E03D4B5B8F1BB24D4A0021525E5B009A420CDC384B9A8F4A4B1A8054
:205EA0004A4A11000831032301F036FD484B188013E0002E08D0314BD98F434A1180402232
:205EC0009A5A434B1A8008E02C4B4222995A3E4A118044229A5A3E4B1A8026494823CB5A5B
:205EE000334A108845228A5CD20712D40A0044250C0044346678012131436170515D602413
:205F0000A1432024214351550024662231498C5400E244221749895C4906890FCAB2012A2E
:205F200002D0022A11D072E0834200D380E0114D44242A5D60218A4340210A432A55254CFF
:205F40006221625A0A32625272E0834244D3214C00216222A152074E4425725D60318A43F4
:205F600020210A43725566220021A154D2E1C046A7380020283600202036002024480020F6
:205F8000FFFF0000F63500200436002014360020C4380020CE3500200036002070170000D8
:205FA000E7030000D038002026380020D4380020B23800201E380020D6350020E83500203D
:205FC000FE830108B6380020AA38002068B40108D23800202C3800206222D449895AD44AB2
:205FE00012880A3A91420DDBD24C4421655C60222A436254CD4A0124223154540024043987
:2060000054521BE00A316222C84CA15210E0C74A6224115B0A311153C64E4425715D023CFE
:20602000A14320242143715500246621545471E16622BE49895C0022002901D0BE4A128837
:206040005B009B185B08BD4A934200D913009BB2021C80210902884201D9B94A12881D1C76
:2060600091B28B4200D9151CABB29846B54B42461A8012E06E23AF4AD35C002B0DD00022D4
:20608000B04B1A806E23AB4A0021D154283BAE4AD35C0022002B1CD004E04623AA4AD35C6C
:2060A000002B0AD0A74B1B88A84A1380A84A1380A84A1380A84A138033E0A24B1B888022ED
:2060C000D20193420CD85A0092B2802109028A4202D89E490A801FE1A0499C4A11801BE177
:2060E0009E499A4A118080221202934200D943E19B4A944663445B009BB21A1C80210902CC
:206100008B4201D98E4B1A88914B1A800023914A1380914A138004E0904B8E4A13808E4AE6
:2061200013806E23834AD35C002B02D048234146D152804B986B6421F3F748F8002977D13F
:20614000884B19884823804AD35A9BB20122994207D2F0231B010022994202D95E23754AFE
:20616000D25C44237349CB5CDB090CD10C0044200B5C802149420B4318210B432354002176
:20618000794B197051E044236A49CB5CDB069B0FD9B2012902D002290CD036E0002A44D1D2
:2061A00064484421445C18232343435400216E4B19703AE0002A09D15E484421445C18238F
:2061C000234343540021684B19702EE060235749C95A163B5C48C05AFA239B001B1A99423A
:2061E0000BDB544C4420235C18218B4308210B43235401215C4B197017E04A235248C35AD4
:20620000591860234948C1520FE0002A0DD0494C4420235C18218B4310210B4323544A230E
:206220004949C85A16334149C8525E234149CA544E4B197860233F4AD154C2E080221206DD
:206240009918002B01DBFFF78AF9FFF77AF99918FFF77DF93C4BDB6980210906FFF789F994
:20626000394B1B6A42498B46FFF78BF9364BDA693F4B9A4201D0FFF777F9F1E73D4B5C72B0
:206280006A232C4AD35C002B01D0FFF779FAFFF77FFA802212069918002B01DBFFF7D5FAC1
:2062A000FFF7C5FA9918FFF7C6FA224B986A131AFFF7E5FA002C79DCF7E71E4B986A2C4B10
:2062C0001B1AFFF7E4FA1B4B986A80231B061B1AFFF7D5FA80231B06C818002901DBFFF7F0
:2062E000FDFAFFF7E3FAC818FFF7E4FA164BDB6980242406FFF715FB134B1B6A1C4C21003B
:20630000FFF716FB104BDA69194B9A4201D0FFF704FBF1E7002293E600210D4A11808022B4
:206320001202934200D8F1E6F6E6C0462C380020D238002028360020AA380020FFFF0000B7
:20634000FE8301081E38002024480020983800209C380020C83500200A3600200080FFFFD2
:2063600000C0FFFFD03800202538002020360020FFFFFF7FBC350020154A164B1A80CBE6AC
:206380009918002B01DBFFF7E2F8FFF7DCF801216A23114AD154114B5C72FFF7F1F99918C1
:2063A000002B01DBFFF747FAFFF743FA002B84DCFFF760FAC818002901DBFFF77BFAFFF74B
:2063C00077FA3CBC90469946A246AB46F8BDC0460080FFFF9C38002028360020BC3500200A
:2063E000F0B583B004000D0001921F000B9E337A1B070CD4327A08231343F82213400222EC
:2064000013433372F4F7EEFE30607160F3E0337A5B075B0FDAB2022A3AD0032A00D18FE0CE
:20642000012A00D0C5E000281BD10023089A1380337A072293430322134333720A9B1B883C
:20644000BB4205D30023099A13700A9B1F80D2E0019A9E18694B9E4200DD1E000A9B1E8005
:20646000C9E00022664B32607360089B1B888B4205D30123099A1370089B1980BBE0019A94
:206480009E185E4B9E4200DD1E00089B1E80B2E0002820D00022002330687168F2F796FFA3
:2064A000002847D1337A07229343012213433372089B1B889D4205D80123099A1370089BE3
:2064C0001D8098E0019A9E184C4B9E4200DD1E00089B1E808FE00022002330687168F2F795
:2064E00075FF002818D1337A072293430322134333720A9B1B889F4205D80023099A1370FC
:206500000A9B1F8077E0019A9E183C4B9E4200DD1E000A9B1E806EE0337A072293430422CA
:206520001343337200230A9A1380089A1380099A137060E02000F4F755FE306071605AE072
:2065400000281BD000230A9A1380337A07229343012213433372089B1B88994205D80123E2
:20656000099A1370089B198045E0019A9E18234B9E4200DD1E00089B1E803CE00A9B1B8855
:206580009F420DD8337A0722934304221343337200230A9A1380089A1380099A13702AE0A9
:2065A000019A9E18154B9E4200DD1E000A9B1E8021E0002818D0337A0722934301221343D6
:2065C0003372089B1B88994205D80123099A1370089B19800FE0019A9E18084B9E4200DD42
:2065E0001E00089B1E8006E000230A9A1380089A1380099A137003B0F0BDC046FFFF00003D
:206600000000F03FF0B557464E464546E0B4FD4BDC2149005A5C0827BA4307208146824333
:206620005A541A00B132FF320020002110605160F54A002400218A4654215452F3495046DB
:20664000087056215452D2318846595CB943484681438C4641466046585408398C469C4433
:206660006146002500260D604E601486E849504608705486D8218846595CB9434846814390
:206680008C4641466046585408398C469C4461460D604E609483DF4950460870D483A42131
:2066A00049008846595CB943484681438C4641466046585408398C469C4461460D604E6060
:2066C0001487D5495046087054879C2149008846595CB943484681438C4641466046585496
:2066E00008398C469C4461460D604E609486CB4950460870D486E8218846595CB943484639
:2067000081438C4641466046585408398C469C4461460D604E601484C149504608705484CD
:2067200088218846595CB943484681438C4641466046585408398C469C4461460D604E607F
:206740001481B84950460870548178218846595CB943484681438C46414660465854280083
:206760003100186759679480AF4950460870D480C42149008846595CB943484681438C466A
:2067800041466046585408398C469C4461460D604E6048215452A549504608704A2154524F
:2067A0002F31FF318846595CB943484681438C4641466046585408398C469C4461460D60C6
:2067C0004E60442154529A4950460870462154526331FF318846595CB943484681438C469B
:2067E00041466046585408398C469C4461460D604E60502154528F495046087052215452F5
:20680000B6318846595CB943484681438C46414660465854591CFF310D604E6014858649ED
:20682000504608705485F8218846595CB943484681438C4641466046585408398C469C44E9
:2068400061460D604E6094847C4950460870D484B8218846595CB943484681438C46414630
:206860006046585408398C469C4461460D604E609482642150465054D4820531FF318846B2
:20688000595CB943484681438C4641466046585408398C469C4461460D604E60402154528E
:2068A000674950460870422154521731FF318846595CB943484681438C464146604658541D
:2068C00008398C469C4461460D604E609487652150465054D4873431FF318846595CB943B9
:2068E000484681438C4641466046585408398C469C4461460D604E604C21545251495046A3
:2069000008704E215452CA318846595CB943484681438C4641466046585408398C469C4480
:2069200061460D604E609485474950460870D485C8218846595CB943484681438C46414672
:206940006046585408398C469C4461460D604E6014833E49504608705483A8218846595CE1
:20696000B943484681438C4641466046585408398C469C4461460D604E60148234495046C0
:206980000870548298218846595CB943484681438C4641466046585408398C469C446146DA
:2069A0000D604E6094812B4950460870D481EC2149008846595CB943484681438C46414650
:2069C0006046585408398C469C4461460D604E605C2154522049504608705E2154526B3155
:2069E000FF318846595CB9430F0049468F4341465F54C133FF33002000211860596058232B
:206A0000D4522BE0283600202C380020DC38002008360020A638002006360020AF38002050
:206A2000D2350020AE38002005360020CA350020F7350020B93800201A380020F835002093
:206A4000A238002018360020D8380020D9380020C6350020943800200C360020044B51461E
:206A600019705A23D4521CBC90469946A246F0BDF1350020F0B55F4656464D464446F0B4DB
:206A80008FB05D4B00229A5E5C4B1B88A021C9008C4663441BB25B00012104919A420BDA08
:206AA000564B5B881BB25B00002104919A4203DD4D23534AD35C0493524B1B780020002B6A
:206AC00005D0514B514A12689A4200D904984B4CA18889B2E3889BB24D4A03924D4A0292D5
:206AE0004D4D0195023A00920A22FFF779FC4B4B00229A5E23881BB25B00012188469A42B2
:206B00000BDA3E4B1B891BB25B00002188469A4203DD4E233A49CB5C9846384B5B891BB263
:206B20005B00012189469A420BDA344B9B891BB25B00002189469A4203DD4F23304AD35CB6
:206B40009946374B1B780020002B0BD02E4B2F4A12689A4206D9334B1B78022B01D0484657
:206B600000E04046254CE18989B2238A9BB22E4A03922E4A02922E4D0195023A00920A227B
:206B8000FFF72EFC1C4B00229A5E23881BB25B0001218A469A420BDA184B5B8A1BB25B005E
:206BA00000218A469A4203DD50231549CB5C9A46124B9B8A1BB25B0001210D919A420BDA25
:206BC0000E4BDB8A1BB25B0000210D919A4203DD51230B4AD35C0D93164B1B780020002B7D
:206BE0002BD0094B094A12689A4226D90D4B1B78022B21D00D9820E0D435002074480020EB
:206C000028360020CC380020B80B0000DC350020D837002082380020DC38002096380020B3
:206C2000A838002004360020483700205E38002008360020193800205046CB4C218B89B242
:206C4000638B9BB2C94A0392C94A0292C94D0195023A00920A22FFF7C3FBC74B00229A5E24
:206C6000A38B1BB25B00012105919A420BDABE4BDB8B1BB25B00002105919A4203DD5223C6
:206C8000BE4AD35C0593BE4B1B780020002B05D0BC4BBD4A12689A4200D90598B24B198CED
:206CA00089B25B8C9BB2B94A0392B94A0292B94C0194023A00920A22FFF792FBB64B1B788B
:206CC0000020002B12D0AF4BAF4A12689A420DD9B24B1B881B04A44A526A0130934204D213
:206CE000A14A926A00209A424041C0B29E4CA18D89B2E38D9BB2AA4A0392AA4A0292AA4DA6
:206D00000195023A00920A22FFF76AFBA74B00229A5E238E1BB25B00012106919A420BDA29
:206D2000914B5B8E1BB25B00002106919A4203DD5323924AD35C06939D4B1B780020002B12
:206D400005D0904B904A12689A4200D90698864CA18E89B2E38E9BB2964A0392964A0292F9
:206D6000964D0195023A00920A22FFF739FB944B00229A5E238F1BB25B00012107919A420D
:206D80000BDA794B5B8F1BB25B00002107919A4203DD5423794AD35C07938A4B1B78002038
:206DA000002B05D0774B784A12689A4200D907986D4B998F89B2DB8F9BB2834A0392834A80
:206DC0000292834C0194023A00920A22FFF708FB804B1B780020002B12D06A4B6A4A12685A
:206DE0009A420DD97C4B1B881B045F4A126C0130934204D25C4A526C00209A424041C0B2F2
:206E0000594C4823E15A89B20233E35A9BB2734A0392734A0292734D0195023A00920A223A
:206E2000FFF7DEFA704B1A884C23E35A9BB2012108919A420BD24E234B49CB5A9BB2002122
:206E400008919A4203D955234C4AD35C0893674B1B780020002B05D04A4B4B4A12689A4224
:206E600000D90898404C5023E15A89B20233E35A9BB25F4A03925F4A02925F4D0195023A6C
:206E800000920A22FFF7ACFA574B1A885423E35A9BB2012109919A420BD956233249CB5ABE
:206EA0009BB2002109919A4203D25623334AD35C0993524B1B780020002B05D0314B324A10
:206EC00012689A4200D90998274C5823E15A89B20233E35A9BB24A4A03924A4A02924A4ED6
:206EE0000196023A00920A22FFF77AFA474B1A885C23E35A9BB201269A4209D25E231A4998
:206F0000CB5A9BB200269A4202D957231B4AD65C3F4B1B780020002B05D01A4B1A4A126891
:206F20009A4200D93000104C6023E15A89B20233E35A9BB2374A0392374A0292374F01970F
:206F4000023A00920A22FFF74BFA354B1A886423E35A9BB201279A4269D266230249CB5A91
:206F60009BB200275EE0C04674480020F83600204A380020A6380020CA38002028360020EF
:206F8000AD380020B80B0000DC350020683700206638002006360020D73500202238002079
:206FA0005837002062380020AF380020A4380020BC380020083700204E380020D235002025
:206FC000B6380020CB350020A836002036380020AE380020BE380020FA350020983600209E
:206FE0003238002005360020D0380020E0350020A837002076380020CA350020CE3800203D
:207000009837002072380020F735002026380020F2350020C83700207E380020B9380020A0
:207020001E3600209A4202D95823824AD75C824B1B780020002B05D0804B814A12689A423F
:2070400000D938007F4C6823E15A89B20233E35A9BB27D4A03927D4A02927D4D0195023A41
:2070600000920A22FFF7BCF97A4B1A886C23E35A9BB201210A919A420BD96E237149CB5A3A
:207080009BB200210A919A4203D25923694AD35C0A93714B1B780020002B05D0674B684A68
:2070A00012689A4200D90A98664B7022995A89B202329B5A9BB2694A0392694A0292694CD4
:2070C0000194023A00920A22FFF78AF9664B1B780020002B07D0FA239B00594A12689A4291
:2070E00001D9624B1878574B7422995A89B202329B5A9BB25E4A03925E4C029422004E327E
:207100000192A21E00920A22FFF76AF9163C6423E25C633B002A03D1574B1B785A1E9341D1
:20712000554A1370554B1B88002B26D1544B1B88002B22D1534B1B88002B00D06DE3524B3F
:207140001B88002B00D068E378333E4AD35A9BB24E4A128801218B469A4212D25DE34A4BDF
:207160001B88002B09D17A33364AD35A9BB2474A128800218B469A4203D95A232D4AD35CC8
:207180009B46434B1B780020002B00D058462D4B7C22995A89B202329B5A9BB23D4A03925E
:2071A0003D4A02923D4C0194023A00920A22FFF717F93B4B1B780020002B15D02F4B1A8831
:2071C0002F4B1B88D3182F4A12889B182E4A12889B18344A934206D9334B1B889BB22B4A07
:2071E000128893424041C0B22F4B598889B29B889BB22E4A03922E4C0294220027320192FC
:20720000A21E00920A22FFF7EBF83E3C6523E25C643B002A03D1274B1B785A1E9341254A7A
:207220001370254B1B78002B4CD0244B1A78244B1A704AE028360020CD3800201027000083
:20724000DC3500207448002028370020563800201A3800201E3600201C360020183700202D
:2072600052380020F8350020B8350020A9380020D836002042380020D0350020C038002004
:20728000F43500209A380020CC35002026380020FC350020883700206E380020A238002024
:2072A00024380020FFFF0000F4480020783700206A380020B8380020D1350020DB380020FE
:2072C000213600200022CD4B1A70CD4B1B780020002B09D0CB4BCC4A12689A4204D9CB4B2F
:2072E000187843425841C0B2C94BD98889B21B899BB2C84A0392C84A0292C84C0194023A9B
:2073000000920A22FFF76CF8C54B1B780020002B12D0BC4BBC4A12689A420DD9C14B1B888D
:207320001B04BB4AD2680130934204D2B84A126900209A424041C0B2B54B998A89B2DB8AE4
:207340009BB2B94A0392B94A0292B94C0194023A00920A22FFF744F8B64B1B780020002B0C
:2073600012D0A84BA84A12689A420DD9B24B1B881B04A74A92690130934204D2A44AD2695A
:2073800000209A424041C0B2A14C218C89B2638C9BB2AA4A0392AA4A0292AA4D0195023A13
:2073A00000920A22FFF71CF8A74B00229A5EA38C1BB25B0001210B919A420BDA944BDB8CDD
:2073C0001BB25B0000210B919A4203DD5B239F4AD35C0B939E4B1B780020002B05D0894B68
:2073E000894A12689A4200D90B98894B198D89B25B8D9BB2974A0392974A0292974C01949B
:20740000023A00920A22FEF7EBFF954B1B780020002B12D07B4B7C4A12689A420DD9914B4F
:207420001B881B047A4AD26A0130934204D2784A126B00209A424041C0B2754CA18E89B255
:20744000E38E9BB2884A0392884A0292884D0195023A00920A22FEF7C3FF864B1A88238F60
:207460009BB201210C919A420AD2694B5B8F9BB200210C919A4203D95C23744AD35C0C93DC
:207480007D4B1B780020002B05D05E4B5E4A12689A4200D90C985E4CA18F89B2E38F9BB279
:2074A000764A0392764A0292764D0195023A00920A22FEF795FF6F4B1A884023E35A9BB2FE
:2074C00001249A4209D942235149CB5A9BB200249A4202D25D235D4AD45C6B4B1B780020C4
:2074E000002B05D0474B484A12689A4200D92000474B4422995A89B202329B5A9BB2634AD0
:207500000392634A0292634D0195023A00920A22FEF766FF604B1A78604B1B785B009B1872
:207520009A4201D901235B425D4A12789200D218934201D9012252425A4B1B78DB009B18FB
:207540009A4201D901235B42574A12781201D218934201D901225242544B1B785B019B18E5
:207560009A4201D901235B42514A12789201D218934201D9012252424E4B1B78DB019B18D1
:207580009A4201D901235B424B4A12781202D218934201D901225242484B1B785B029B18BB
:2075A0009A4201D901235B42454A12789202D218934201D901225242424B1B78DB029B18A7
:2075C0009A4201D901235B423F4A12781203D218934201D9012252423C4B1B785B039B1891
:2075E0009A4201D901235B42394A12789203D21893426FD9012252426CE0C04621360020EB
:207600009E380020B80B0000DC35002095380020F4480020B83700207A38002018360020E8
:20762000AC38002020380020383700205A380020D83800201B380020FE350020E836002059
:2076400046380020D93800200236002028360020C8380020C83600203E380020C635002096
:20766000C3380020D8350020B83600203A38002094380020BA380020B0380020F8370020CD
:207680008A3800200C3600201C380020E837002086380020F1350020DC380020083600203D
:2076A000A638002006360020AF380020D2350020AE38002005360020CA350020F735002076
:2076C000B93800201A380020F8350020D0350020A2380020574B1B78DB039B189A4201D93F
:2076E00001235B42544A12781204D218934201D901225242514B1B785B049B189A4201D944
:2077000001235B424E4A12789204D218934201D9012252424B4B1B78DB049B189A4201D92F
:2077200001235B42484A12781205D218934201D901225242454B1B785B059B189A4201D919
:2077400001235B42424A12789205D218934201D9012252423F4B1B78DB059B189A4201D905
:2077600001235B423C4A13603C498A6C1A40501E82413B480270CA6C13405A1E9341394AFC
:207780001370394B1A78394B1A70394B4D226946097C9954013241469954013249469954D8
:2077A00001325146995401326946342009180978995401326946097D995401326946097E8F
:2077C000995401326946097F995401326946143809180978995401326946043009180978F0
:2077E000995401329E5401329F54013269460430091809789954013259469954013269460B
:20780000043009180978995401326946043009180978995401329C5405E0164B1B88002BC9
:2078200000D19CE4A9E40FB03CBC90469946A246AB46F0BDB8380020213600201836002083
:20784000D8380020D9380020C6350020943800200C360020F135002010360020F448002056
:20786000F6350020D6350020A9380020B4380020283600209A38002070B5002905D1C043EE
:20788000C00F80231B06181A1CE0C317C5185D40CB17CE185E40C30FCC0FA34207D03100D3
:2078A000280000F019FA002808DB40420AE03100280000F0EBF9002804DA02E0802000066B
:2078C00000E0014870BDC046FFFFFF7FF0B583B007000C1E05D1C043C00F80231B06181A29
:2078E00017E0C21783185340CA178E185640310001931800F1F7E4FB0500FF0FE40FA742DA
:2079000007D031000198F1F761FC4B1E99416D18684203B0F0BDC046F8B5150002B2002A09
:2079200002DB4600B6B200E0204E40000A88904224D35A00525AB2421CD95A08012B0DD970
:20794000002457007F5AB74201D8140000E013001A1952081F1B012FF3D800E000246300D1
:20796000CA5AC9184988891A89B2801A102200F071F905E05C1E8020400201E000240020C7
:20798000631C5C002A5B2C19023C23889A4206D3D41AA1B24843000C1B1898B205E0991AB7
:2079A0008AB25043000C1B1A98B2F8BDFFFF000070B515000A88824224D25A00525A82426A
:2079C0001CD95A08012B0DD900245600765A864201D8140000E013001A1952081E1B012E57
:2079E000F3D800E000246300CA5A801A0004C9184B88991A89B2F1F763FB05E05C1E8020AC
:207A0000400201E000240020013464002B19023B00229B5E2A5FD21A50430014C31818B209
:207A200070BDC04600B583B06B4601AA00F06AF8019B1805009B1B0B184303B000BDC04632
:207A400000B583B06B4601AA00F0A2F80198009BC213002A0EDC4004DB0B1843131E02D1B2
:207A6000002814DA08E0013208DB013311D1002807DA0EE008480CE007480AE080200006CA
:207A800007E08020000604E08020000601E0531CFADB03B000BDC046FFFFFF7F00B583B0D0
:207AA00001AB6A4600F0AEF8009B1803019B1B0D184303B000BDC04600B583B001AB6A4645
:207AC00000F0A0F8009B5801019BDB0E184303B000BDC04600B583B001AB6A4600F092F816
:207AE000009B5800019BDB0F184303B000BDC04600B583B06B4601AA00F084F8019B580890
:207B000003B000BDF0B54F464646C0B49C46C317C5185D40CB17CE185E402B0C2D042C0C7F
:207B2000370C35042D0C2E005E43B0463E006643B146654336047619AE42AD416C42454665
:207B40002D04AD19B542B6417642A4194E46360CB1464646360C4E445F43F7193F1900286C
:207B60000FD000290DD0C317181ACB17591AC00FC90F884205D06D42002D01D0FF4300E0AA
:207B80007F42176063461D600CBC90469946F0BDF0B54F464646C0B494469846C317C618B3
:207BA0005E40320C3604360C0F0C0D042D0C2B0053433C007443A1466E432504AD19B542D6
:207BC000B64174421E047619AE42AD416D4264194D462D0C1B0CEB185743DF193F19002934
:207BE00007D0002805DA7642002E01D0FF4300E07F4263461F6043461E600CBC9046994661
:207C0000F0BDC046F0B5474680B49846050C0004000C0C0C0904090C0E006E4327004743A2
:207C200041433804401888428941494233049C46844484458041404209183F0C360CBE199B
:207C40006C4334196418146063464246136004BC9046F0BDF8B507000D001600F1F730FA68
:207C6000040029003800F1F7B1FA002E0CD000230A0049006400002A01DB8D4201D8013445
:207C8000491B01339E42F3D12000F8BDF8B507000D001600F1F714FA040029003800F1F7B9
:207CA00095FA002E16D0002000230F0049000122002800D1E20FD0B26400002F01DB8D42B9
:207CC00001D80134491B01339E42EED1002801D0012464422000F8BDF8B507000D001600EF
:207CE000F1F7EEF9040029003800F1F76FFA002E14D0002000230F0049000122002800D136
:207D0000E20FD0B26400002F01DB8D4201D80134491B01339E42EED1002805D1631C05D01B
:207D20004B1E9941641801E0012464422000F8BD70B50F2A32D90C0004430B00A40731D18F
:207D400015000400103D2D0901352D0149191E6826605E6866609E68A660DE681033E6604E
:207D600010349942F3D10F2345191340032B1BD91C1F0023A4080134A400CE58EE5004339D
:207D80009C42FAD103232D1909191A4005D00023CC5CEC5401339A42FAD170BD0500002ABB
:207DA000F5D1FAE70500F2E71A00F8E770B583073FD0541E002A3BD0CEB20300032503E052
:207DC000621E002C34D0140001335A1E16702B42F6D1032C24D9FF250D402A0215432A042A
:207DE00015430F2C11D92600103E3609013636011A009B19156055609560D56010329342AC
:207E0000F8D10F221440032C0AD9261FB6080136B6001A009B1920C29342FCD10322144047
:207E2000002C05D0C9B21C19197001339C42FBD170BD14000300CCE7EA9500080E95000801
:207E4000CC950008A4950008CC95000898950008CC950008A49500080E9500080E950008DA
:207E600098950008A4950008509600085096000850960008D29500080E9500080E950008FD
:207E8000B8950008A2950008B895000898950008B8950008A29500080E9500080E950008DA
:207EA00098950008A29500085096000850960008509600085C960008E8970008469700081E
:207EC0004697000844970008DA970008DA970008D097000844970008DA970008D0970008AE
:207EE000DA97000844970008E0970008E0970008E09700086A980008B4A7000874A600081A
:207F000074A6000872A600088CA700088CA700087EA7000872A600088CA700087EA70008F4
:207F20008CA7000872A6000894A7000894A7000894A7000894A9000800C0C101C30302C2CC
:207F4000C60607C705C5C404CC0C0DCD0FCFCE0E0ACACB0BC90908C8D81819D91BDBDA1A71
:207F60001EDEDF1FDD1D1CDC14D4D515D71716D6D21213D311D1D010F03031F133F3F23251
:207F800036F6F737F53534F43CFCFD3DFF3F3EFEFA3A3BFB39F9F83828E8E929EB2B2AEA31
:207FA000EE2E2FEF2DEDEC2CE42425E527E7E62622E2E323E12120E0A06061A163A3A26211
:207FC00066A6A767A56564A46CACAD6DAF6F6EAEAA6A6BAB69A9A86878B8B979BB7B7ABAF1
:207FE000BE7E7FBF7DBDBC7CB47475B577B7B67672B2B373B17170B05090915193535292D1
:2080000096565797559594549C5C5D9D5F9F9E5E5A9A9B5B99595898884849894B8B8A4AB0
:208020004E8E8F4F8D4D4C8C4484854587474686824243834181804000C1814001C0804198
:2080400001C0804100C1814001C0804100C1814000C1814001C0804101C0804100C1814010
:2080600000C1814001C0804100C1814001C0804101C0804100C1814001C0804100C18140F0
:2080800000C1814001C0804100C1814001C0804101C0804100C1814000C1814001C08041D0
:2080A00001C0804100C1814001C0804100C1814000C1814001C0804101C0804100C18140B0
:2080C00000C1814001C0804100C1814001C0804101C0804100C1814000C1814001C0804190
:2080E00001C0804100C1814001C0804100C1814000C1814001C0804100C1814001C0804170
:2081000001C0804100C1814001C0804100C1814000C1814001C0804101C0804100C181404F
:2081200000C1814001C0804100C1814001C0804101C0804100C181404F53544B5F434350BD
:208140005F726563760000004F53544B5F43435044617130000000004F53544B5F434350DE
:2081600044617131000000004F53544B5F43435044617132000000004F53544B5F434F4D7B
:208180004D5F43414E54505F52585F4D736750726F636573730000004F53544B5F54726980
:2081A000675F316D735F5461736B00004F53544B5F4454434D5F5550444154455F445443D2
:2081C0005F5461736B0000004F53544B5F4170705F5461736B5F4372656174650000000047
:2081E00022C7000822C7000844C3000866C30008A8C3000822C70008E2C4000802C300087E
:2082000002C60008E0C6000822C7000822C70008EEC6000808C7000856C60008D2C30008AA
:2082200084C60008D6C6000822C7000822C7000808C4000858C4000898C40008F6C200084A
:20824000A2C6000822C7000822C7000816C7000822C7000822C7000822C7000822C7000823
:2082600022C7000822C70008BEC600088EC3000849444C45000000000CF60008F0F4000823
:2082800072F500087AF50008FCF5000804F600084800010848000108E8FF0008480001081B
:2082A0004800010848000108480001084800010848000108E0FF00080E000108040001081E
:2082C0001800010822000108F0FF00082C000108FAFF000836000108F0F002700000207400
:2082E00000002078000020740000200E28000000000086F1007000002074000020780000E9
:208300002074000020010000A835002087F1007000002074000020780000207400002009DA
:2083200000005400002089F100700000200000000000000000000000000F00006000002030
:20834000C1F100700000200000000000000000000000001100002C000020C2F1007000005B
:208360002000000000000000000000000011000040000020C3F10070000020000000000028
:2083800000000000000000110000981B00200000920E0108640E01086C0E0108740E0108C7
:2083A0007C0E0108840E01088C0E0108641F0108681F01086C1F0108701F0108741F010808
:2083C000781F01087C1F0108181C1C00402001400D000000802001400E000000C02001404B
:2083E0000F00000000210140100000000B0B020C0C0300001112131400EC00FA00690080B0
:20840000EE5C0108485A0108A85A0108705B0108BC5B0108585C0108BA5C010803FFFFFF83
:20842000FFFFFFFF434F4D50524553534F525F4543550000AAAAAAAA04000000000000004B
:2084400001020400006CDC0200366E0160EA0000563131303130303031534230315F30304D
:2084600031000000563131303130303031534131305F303031000000563133303130303061
:2084800031000000563131303130303031535F30303031000102030001030007030000004A
:2084A00000010000E00700000000004001010000DF0700000000004002010000D007000092
:2084C00000000040000000000000000000000000000000000000000000000000000000005C
:2084E00000000000000000000000000000000000000000000000000000000000000000007C
:2085000000000000000000000000000000000000000000000000000000000000000000005B
:2085200000000000000000000000000000000000000000000000000000000000000000003B
:2085400000000000000000000000000000000000000000000000000000000000000000001B
:20856000FFFFFFFFFFFFFFFFFFFFFFFFFFFFFFFFFFFFFFFFFFFFFFFFFFFFFFFFFFFFFFFF1B
:20858000FFFFFFFFFFFFFFFFFFFFFFFFFFFFFFFFFFFFFFFFFFFFFFFFFFFFFFFFFFFFFFFFFB
:2085A000FFFFFFFFFFFFFFFFFFFFFFFFFFFFFFFFFFFFFFFFFFFFFFFFFFFFFFFFFFFFFFFFDB
:2085C000FFFFFFFFFFFFFFFFFFFFFFFFFFFFFFFFFFFFFFFFFFFFFFFFFFFFFFFFFFFFFFFFBB
:2085E000FFFFFFFFFFFFFFFFFFFFFFFFFFFFFFFFFFFFFFFFFFFFFFFFFFFFFFFFFFFFFFFF9B
:20860000FFFFFFFFFFFFFFFFFFFFFFFFFFFFFFFFFFFFFFFFFFFFFFFFFFFFFFFFFFFFFFFF7A
:20862000FFFFFFFFFFFFFFFFFFFFFFFFFFFFFFFFFFFFFFFFFFFFFFFFFFFFFFFFFFFFFFFF5A
:20864000FFFFFFFFFFFFFFFFFFFFFFFFFFFFFFFFFFFFFFFFFFFFFFFFFFFFFFFFFFFFFFFF3A
:20866000FFFFFFFFFFFFFFFFFFFFFFFFFFFFFFFFFFFFFFFFFFFFFFFFFFFFFFFFFFFFFFFF1A
:20868000FFFFFFFFFFFFFFFFFFFFFFFFFFFFFFFFFFFFFFFFFFFFFFFFFFFFFFFFFFFFFFFFFA
:2086A000FFFFFFFFFFFFFFFFFFFFFFFFFFFFFFFFFFFFFFFFFFFFFFFFFFFFFFFFFFFFFFFFDA
:2086C000FFFFFFFFFFFFFFFFFFFFFFFFFFFFFFFFFFFFFFFFFFFFFFFFFFFFFFFFFFFFFFFFBA
:2086E000FFFFFFFFFFFFFFFFFFFFFFFFFFFFFFFFFFFFFFFFFFFFFFFFFFFFFFFFFFFFFFFF9A
:20870000FFFFFFFFFFFFFFFFFFFFFFFFFFFFFFFFFFFFFFFFFFFFFFFFFFFFFFFFFFFFFFFF79
:20872000FFFFFFFFFFFFFFFFFFFFFFFFFFFFFFFFFFFFFFFFFFFFFFFFFFFFFFFFFFFFFFFF59
:20874000FFFFFFFFFFFFFFFFFFFFFFFFFFFFFFFFFFFFFFFFFFFFFFFFFFFFFFFFFFFFFFFF39
:20876000FFFFFFFFFFFFFFFFFFFFFFFFFFFFFFFFFFFFFFFFFFFFFFFFFFFFFFFFFFFFFFFF19
:20878000FFFFFFFFFFFFFFFFFFFFFFFFFFFFFFFFFFFFFFFFFFFFFFFFFFFFFFFFFFFFFFFFF9
:2087A000FFFFFFFFFFFFFFFFFFFFFFFFFFFFFFFFFFFFFFFFFFFFFFFFFFFFFFFFFFFFFFFFD9
:2087C000FFFFFFFFFFFFFFFFFFFFFFFFFFFFFFFFFFFFFFFFFFFFFFFFFFFFFFFFFFFFFFFFB9
:2087E000FFFFFFFFFFFFFFFFFFFFFFFFFFFFFFFFFFFFFFFFFFFFFFFFFFFFFFFFFFFFFFFF99
:20880000FFFFFFFFFFFFFFFFFFFFFFFFFFFFFFFFFFFFFFFFFFFFFFFFFFFFFFFFFFFFFFFF78
:20882000FFFFFFFFFFFFFFFFFFFFFFFFFFFFFFFFFFFFFFFFFFFFFFFFFFFFFFFFFFFFFFFF58
:20884000FFFFFFFFFFFFFFFFFFFFFFFFFFFFFFFFFFFFFFFFFFFFFFFFFFFFFFFFFFFFFFFF38
:20886000FFFFFFFFFFFFFFFFFFFFFFFFFFFFFFFFFFFFFFFFFFFFFFFFFFFFFFFFFFFFFFFF18
:20888000FFFFFFFFFFFFFFFFFFFFFFFFFFFFFFFFFFFFFFFFFFFFFFFFFFFFFFFFFFFFFFFFF8
:2088A000FFFFFFFFFFFFFFFFFFFFFFFFFFFFFFFFFFFFFFFFFFFFFFFFFFFFFFFFFFFFFFFFD8
:2088C000FFFFFFFFFFFFFFFFFFFFFFFFFFFFFFFFFFFFFFFFFFFFFFFFFFFFFFFFFFFFFFFFB8
:2088E000FFFFFFFFFFFFFFFFFFFFFFFFFFFFFFFFFFFFFFFFFFFFFFFFFFFFFFFFFFFFFFFF98
:20890000FFFFFFFFFFFFFFFFFFFFFFFFFFFFFFFFFFFFFFFFFFFFFFFFFFFFFFFFFFFFFFFF77
:20892000FFFFFFFFFFFFFFFFFFFFFFFFFFFFFFFFFFFFFFFFFFFFFFFFFFFFFFFFFFFFFFFF57
:20894000FFFFFFFFFFFFFFFFFFFFFFFFFFFFFFFFFFFFFFFFFFFFFFFFFFFFFFFFFFFFFFFF37
:20896000FFFFFFFFFFFFFFFFFFFFFFFFFFFFFFFFFFFFFFFFFFFFFFFFFFFFFFFFFFFFFFFF17
:20898000FFFFFFFFFFFFFFFFFFFFFFFFFFFFFFFFFFFFFFFFFFFFFFFFFFFFFFFFFFFFFFFFF7
:2089A000FFFFFFFFFFFFFFFFFFFFFFFFFFFFFFFFFFFFFFFFFFFFFFFFFFFFFFFFFFFFFFFFD7
:2089C000FFFFFFFFFFFFFFFFFFFFFFFFFFFFFFFFFFFFFFFFFFFFFFFFFFFFFFFFFFFFFFFFB7
:2089E000FFFFFFFFFFFFFFFFFFFFFFFFFFFFFFFFFFFFFFFFFFFFFFFFFFFFFFFFFFFFFFFF97
:208A0000FFFFFFFFFFFFFFFFFFFFFFFFFFFFFFFFFFFFFFFFFFFFFFFFFFFFFFFFFFFFFFFF76
:208A2000FFFFFFFFFFFFFFFFFFFFFFFFFFFFFFFFFFFFFFFFFFFFFFFFFFFFFFFFFFFFFFFF56
:208A4000FFFFFFFFFFFFFFFFFFFFFFFFFFFFFFFFFFFFFFFFFFFFFFFFFFFFFFFFFFFFFFFF36
:208A6000FFFFFFFFFFFFFFFFFFFFFFFFFFFFFFFFFFFFFFFFFFFFFFFFFFFFFFFFFFFFFFFF16
:208A8000FFFFFFFFFFFFFFFFFFFFFFFFFFFFFFFFFFFFFFFFFFFFFFFFFFFFFFFFFFFFFFFFF6
:208AA000FFFFFFFFFFFFFFFFFFFFFFFFFFFFFFFFFFFFFFFFFFFFFFFFFFFFFFFFFFFFFFFFD6
:208AC000FFFFFFFFFFFFFFFFFFFFFFFFFFFFFFFFFFFFFFFFFFFFFFFFFFFFFFFFFFFFFFFFB6
:208AE000FFFFFFFFFFFFFFFFFFFFFFFFFFFFFFFFFFFFFFFFFFFFFFFFFFFFFFFFFFFFFFFF96
:208B0000FFFFFFFFFFFFFFFFFFFFFFFFFFFFFFFFFFFFFFFFFFFFFFFFFFFFFFFFFFFFFFFF75
:208B2000FFFFFFFFFFFFFFFFFFFFFFFFFFFFFFFFFFFFFFFFFFFFFFFFFFFFFFFFFFFFFFFF55
:208B4000FFFFFFFFFFFFFFFFFFFFFFFFFFFFFFFFFFFFFFFFFFFFFFFFFFFFFFFFFFFFFFFF35
:208B6000FFFFFFFFFFFFFFFFFFFFFFFFFFFFFFFFFFFFFFFFFFFFFFFFFFFFFFFFFFFFFFFF15
:208B8000FFFFFFFFFFFFFFFFFFFFFFFFFFFFFFFFFFFFFFFFFFFFFFFFFFFFFFFFFFFFFFFFF5
:208BA000FFFFFFFFFFFFFFFFFFFFFFFFFFFFFFFFFFFFFFFFFFFFFFFFFFFFFFFFFFFFFFFFD5
:208BC000FFFFFFFFFFFFFFFFFFFFFFFFFFFFFFFFFFFFFFFFFFFFFFFFFFFFFFFFFFFFFFFFB5
:208BE000FFFFFFFFFFFFFFFFFFFFFFFFFFFFFFFFFFFFFFFFFFFFFFFFFFFFFFFFFFFFFFFF95
:208C0000FFFFFFFFFFFFFFFFFFFFFFFFFFFFFFFFFFFFFFFFFFFFFFFFFFFFFFFFFFFFFFFF74
:208C2000FFFFFFFFFFFFFFFFFFFFFFFFFFFFFFFFFFFFFFFFFFFFFFFFFFFFFFFFFFFFFFFF54
:208C4000FFFFFFFFFFFFFFFFFFFFFFFFFFFFFFFFFFFFFFFFFFFFFFFFFFFFFFFFFFFFFFFF34
:208C6000FFFFFFFFFFFFFFFFFFFFFFFFFFFFFFFFFFFFFFFFFFFFFFFFFFFFFFFFFFFFFFFF14
:208C8000FFFFFFFFFFFFFFFFFFFFFFFFFFFFFFFFFFFFFFFFFFFFFFFFFFFFFFFFFFFFFFFFF4
:208CA000FFFFFFFFFFFFFFFFFFFFFFFFFFFFFFFFFFFFFFFFFFFFFFFFFFFFFFFFFFFFFFFFD4
:208CC000FFFFFFFFFFFFFFFFFFFFFFFFFFFFFFFFFFFFFFFFFFFFFFFFFFFFFFFFFFFFFFFFB4
:208CE000FFFFFFFFFFFFFFFFFFFFFFFFFFFFFFFFFFFFFFFFFFFFFFFFFFFFFFFFFFFFFFFF94
:208D0000FFFFFFFFFFFFFFFFFFFFFFFFFFFFFFFFFFFFFFFFFFFFFFFFFFFFFFFFFFFFFFFF73
:208D2000FFFFFFFFFFFFFFFFFFFFFFFFFFFFFFFFFFFFFFFFFFFFFFFFFFFFFFFFFFFFFFFF53
:208D4000FFFFFFFFFFFFFFFFFFFFFFFFFFFFFFFFFFFFFFFFFFFFFFFFFFFFFFFFFFFFFFFF33
:208D6000FFFFFFFFFFFFFFFFFFFFFFFFFFFFFFFFFFFFFFFFFFFFFFFFFFFFFFFFFFFFFFFF13
:208D8000FFFFFFFFFFFFFFFFFFFFFFFFFFFFFFFFFFFFFFFFFFFFFFFFFFFFFFFFFFFFFFFFF3
:208DA000FFFFFFFFFFFFFFFFFFFFFFFFFFFFFFFFFFFFFFFFFFFFFFFFFFFFFFFFFFFFFFFFD3
:208DC000FFFFFFFFFFFFFFFFFFFFFFFFFFFFFFFFFFFFFFFFFFFFFFFFFFFFFFFFFFFFFFFFB3
:208DE000FFFFFFFFFFFFFFFFFFFFFFFFFFFFFFFFFFFFFFFFFFFFFFFFFFFFFFFFFFFFFFFF93
:208E0000FFFFFFFFFFFFFFFFFFFFFFFFFFFFFFFFFFFFFFFFFFFFFFFFFFFFFFFFFFFFFFFF72
:208E2000FFFFFFFFFFFFFFFFFFFFFFFFFFFFFFFFFFFFFFFFFFFFFFFFFFFFFFFFFFFFFFFF52
:208E4000FFFFFFFFFFFFFFFFFFFFFFFFFFFFFFFFFFFFFFFFFFFFFFFFFFFFFFFFFFFFFFFF32
:208E6000FFFFFFFFFFFFFFFFFFFFFFFFFFFFFFFFFFFFFFFFFFFFFFFFFFFFFFFFFFFFFFFF12
:208E8000FFFFFFFFFFFFFFFFFFFFFFFFFFFFFFFFFFFFFFFFFFFFFFFFFFFFFFFFFFFFFFFFF2
:208EA000FFFFFFFFFFFFFFFFFFFFFFFFFFFFFFFFFFFFFFFFFFFFFFFFFFFFFFFFFFFFFFFFD2
:208EC000FFFFFFFFFFFFFFFFFFFFFFFFFFFFFFFFFFFFFFFFFFFFFFFFFFFFFFFFFFFFFFFFB2
:208EE000FFFFFFFFFFFFFFFFFFFFFFFFFFFFFFFFFFFFFFFFFFFFFFFFFFFFFFFFFFFFFFFF92
:208F0000FFFFFFFFFFFFFFFFFFFFFFFFFFFFFFFFFFFFFFFFFFFFFFFFFFFFFFFFFFFFFFFF71
:208F2000FFFFFFFFFFFFFFFFFFFFFFFFFFFFFFFFFFFFFFFFFFFFFFFFFFFFFFFFFFFFFFFF51
:208F4000FFFFFFFFFFFFFFFFFFFFFFFFFFFFFFFFFFFFFFFFFFFFFFFFFFFFFFFFFFFFFFFF31
:208F6000FFFFFFFFFFFFFFFFFFFFFFFFFFFFFFFFFFFFFFFFFFFFFFFFFFFFFFFFFFFFFFFF11
:208F8000FFFFFFFFFFFFFFFFFFFFFFFFFFFFFFFFFFFFFFFFFFFFFFFFFFFFFFFFFFFFFFFFF1
:208FA000FFFFFFFFFFFFFFFFFFFFFFFFFFFFFFFFFFFFFFFFFFFFFFFFFFFFFFFFFFFFFFFFD1
:208FC000FFFFFFFFFFFFFFFFFFFFFFFFFFFFFFFFFFFFFFFFFFFFFFFFFFFFFFFFFFFFFFFFB1
:208FE000FFFFFFFFFFFFFFFFFFFFFFFFFFFFFFFFFFFFFFFFFFFFFFFFFFFFFFFFFFFFFFFF91
:20900000FFFFFFFFFFFFFFFFFFFFFFFFFFFFFFFFFFFFFFFFFFFFFFFFFFFFFFFFFFFFFFFF70
:20902000FFFFFFFFFFFFFFFFFFFFFFFFFFFFFFFFFFFFFFFFFFFFFFFFFFFFFFFFFFFFFFFF50
:20904000FFFFFFFFFFFFFFFFFFFFFFFFFFFFFFFFFFFFFFFFFFFFFFFFFFFFFFFFFFFFFFFF30
:20906000FFFFFFFFFFFFFFFFFFFFFFFFFFFFFFFFFFFFFFFFFFFFFFFFFFFFFFFFFFFFFFFF10
:20908000FFFFFFFFFFFFFFFFFFFFFFFFFFFFFFFFFFFFFFFFFFFFFFFFFFFFFFFFFFFFFFFFF0
:2090A000FFFFFFFFFFFFFFFFFFFFFFFFFFFFFFFFFFFFFFFFFFFFFFFFFFFFFFFFFFFFFFFFD0
:2090C000FFFFFFFFFFFFFFFFFFFFFFFFFFFFFFFFFFFFFFFFFFFFFFFFFFFFFFFFFFFFFFFFB0
:2090E000FFFFFFFFFFFFFFFFFFFFFFFFFFFFFFFFFFFFFFFFFFFFFFFFFFFFFFFFFFFFFFFF90
:20910000FFFFFFFFFFFFFFFFFFFFFFFFFFFFFFFFFFFFFFFFFFFFFFFFFFFFFFFFFFFFFFFF6F
:20912000FFFFFFFFFFFFFFFFFFFFFFFFFFFFFFFFFFFFFFFFFFFFFFFFFFFFFFFFFFFFFFFF4F
:20914000FFFFFFFFFFFFFFFFFFFFFFFFFFFFFFFFFFFFFFFFFFFFFFFFFFFFFFFFFFFFFFFF2F
:20916000FFFFFFFFFFFFFFFFFFFFFFFFFFFFFFFFFFFFFFFFFFFFFFFFFFFFFFFFFFFFFFFF0F
:20918000FFFFFFFFFFFFFFFFFFFFFFFFFFFFFFFFFFFFFFFFFFFFFFFFFFFFFFFFFFFFFFFFEF
:2091A000FFFFFFFFFFFFFFFFFFFFFFFFFFFFFFFFFFFFFFFFFFFFFFFFFFFFFFFFFFFFFFFFCF
:2091C000FFFFFFFFFFFFFFFFFFFFFFFFFFFFFFFFFFFFFFFFFFFFFFFFFFFFFFFFFFFFFFFFAF
:2091E000FFFFFFFFFFFFFFFFFFFFFFFFFFFFFFFFFFFFFFFFFFFFFFFFFFFFFFFFFFFFFFFF8F
:20920000FFFFFFFFFFFFFFFFFFFFFFFFFFFFFFFFFFFFFFFFFFFFFFFFFFFFFFFFFFFFFFFF6E
:20922000FFFFFFFFFFFFFFFFFFFFFFFFFFFFFFFFFFFFFFFFFFFFFFFFFFFFFFFFFFFFFFFF4E
:20924000FFFFFFFFFFFFFFFFFFFFFFFFFFFFFFFFFFFFFFFFFFFFFFFFFFFFFFFFFFFFFFFF2E
:20926000FFFFFFFFFFFFFFFFFFFFFFFFFFFFFFFFFFFFFFFFFFFFFFFFFFFFFFFFFFFFFFFF0E
:20928000FFFFFFFFFFFFFFFFFFFFFFFFFFFFFFFFFFFFFFFFFFFFFFFFFFFFFFFFFFFFFFFFEE
:2092A000FFFFFFFFFFFFFFFFFFFFFFFFFFFFFFFFFFFFFFFFFFFFFFFFFFFFFFFFFFFFFFFFCE
:2092C000FFFFFFFFFFFFFFFFFFFFFFFFFFFFFFFFFFFFFFFFFFFFFFFFFFFFFFFFFFFFFFFFAE
:2092E000FFFFFFFFFFFFFFFFFFFFFFFFFFFFFFFFFFFFFFFFFFFFFFFFFFFFFFFFFFFFFFFF8E
:20930000FFFFFFFFFFFFFFFFFFFFFFFFFFFFFFFFFFFFFFFFFFFFFFFFFFFFFFFFFFFFFFFF6D
:20932000FFFFFFFFFFFFFFFFFFFFFFFFFFFFFFFFFFFFFFFFFFFFFFFFFFFFFFFFFFFFFFFF4D
:20934000FFFFFFFFFFFFFFFFFFFFFFFFFFFFFFFFFFFFFFFFFFFFFFFFFFFFFFFFFFFFFFFF2D
:20936000FFFFFFFFFFFFFFFFFFFFFFFFFFFFFFFFFFFFFFFFFFFFFFFFFFFFFFFFFFFFFFFF0D
:20938000FFFFFFFFFFFFFFFFFFFFFFFFFFFFFFFFFFFFFFFFFFFFFFFFFFFFFFFFFFFFFFFFED
:2093A000FFFFFFFFFFFFFFFFFFFFFFFFFFFFFFFFFFFFFFFFFFFFFFFFFFFFFFFFFFFFFFFFCD
:2093C000FFFFFFFFFFFFFFFFFFFFFFFFFFFFFFFFFFFFFFFFFFFFFFFFFFFFFFFFFFFFFFFFAD
:2093E000FFFFFFFFFFFFFFFFFFFFFFFFFFFFFFFFFFFFFFFFFFFFFFFFFFFFFFFFFFFFFFFF8D
:20940000FFFFFFFFFFFFFFFFFFFFFFFFFFFFFFFFFFFFFFFFFFFFFFFFFFFFFFFFFFFFFFFF6C
:20942000FFFFFFFFFFFFFFFFFFFFFFFFFFFFFFFFFFFFFFFFFFFFFFFFFFFFFFFFFFFFFFFF4C
:20944000FFFFFFFFFFFFFFFFFFFFFFFFFFFFFFFFFFFFFFFFFFFFFFFFFFFFFFFFFFFFFFFF2C
:20946000FFFFFFFFFFFFFFFFFFFFFFFFFFFFFFFFFFFFFFFFFFFFFFFFFFFFFFFFFFFFFFFF0C
:20948000FFFFFFFFFFFFFFFFFFFFFFFFFFFFFFFFFFFFFFFFFFFFFFFFFFFFFFFFFFFFFFFFEC
:2094A000FFFFFFFFFFFFFFFFFFFFFFFFFFFFFFFFFFFFFFFFFFFFFFFFFFFFFFFFFFFFFFFFCC
:2094C000FFFFFFFFFFFFFFFFFFFFFFFFFFFFFFFFFFFFFFFFFFFFFFFFFFFFFFFFFFFFFFFFAC
:2094E000FFFFFFFFFFFFFFFFFFFFFFFFFFFFFFFFFFFFFFFFFFFFFFFFFFFFFFFFFFFFFFFF8C
:20950000FFFFFFFFFFFFFFFFFFFFFFFFFFFFFFFFFFFFFFFFFFFFFFFFFFFFFFFFFFFFFFFF6B
:20952000FFFFFFFFFFFFFFFFFFFFFFFFFFFFFFFFFFFFFFFFFFFFFFFFFFFFFFFFFFFFFFFF4B
:20954000FFFFFFFFFFFFFFFFFFFFFFFFFFFFFFFFFFFFFFFFFFFFFFFFFFFFFFFFFFFFFFFF2B
:20956000FFFFFFFFFFFFFFFFFFFFFFFFFFFFFFFFFFFFFFFFFFFFFFFFFFFFFFFFFFFFFFFF0B
:20958000FFFFFFFFFFFFFFFFFFFFFFFFFFFFFFFFFFFFFFFFFFFFFFFFFFFFFFFFFFFFFFFFEB
:2095A000FFFFFFFFFFFFFFFFFFFFFFFFFFFFFFFFFFFFFFFFFFFFFFFFFFFFFFFFFFFFFFFFCB
:2095C000FFFFFFFFFFFFFFFFFFFFFFFFFFFFFFFFFFFFFFFFFFFFFFFFFFFFFFFFFFFFFFFFAB
:2095E000FFFFFFFFFFFFFFFFFFFFFFFFFFFFFFFFFFFFFFFFFFFFFFFFFFFFFFFFFFFFFFFF8B
:20960000FFFFFFFFFFFFFFFFFFFFFFFFFFFFFFFFFFFFFFFFFFFFFFFFFFFFFFFFFFFFFFFF6A
:20962000FFFFFFFFFFFFFFFFFFFFFFFFFFFFFFFFFFFFFFFFFFFFFFFFFFFFFFFFFFFFFFFF4A
:20964000FFFFFFFFFFFFFFFFFFFFFFFFFFFFFFFFFFFFFFFFFFFFFFFFFFFFFFFFFFFFFFFF2A
:20966000FFFFFFFFFFFFFFFFFFFFFFFFFFFFFFFFFFFFFFFFFFFFFFFFFFFFFFFFFFFFFFFF0A
:20968000FFFFFFFFFFFFFFFFFFFFFFFFFFFFFFFFFFFFFFFFFFFFFFFFFFFFFFFFFFFFFFFFEA
:2096A000FFFFFFFFFFFFFFFFFFFFFFFFFFFFFFFFFFFFFFFFFFFFFFFFFFFFFFFFFFFFFFFFCA
:2096C000FFFFFFFFFFFFFFFFFFFFFFFFFFFFFFFFFFFFFFFFFFFFFFFFFFFFFFFFFFFFFFFFAA
:2096E000FFFFFFFFFFFFFFFFFFFFFFFFFFFFFFFFFFFFFFFFFFFFFFFFFFFFFFFFFFFFFFFF8A
:20970000FFFFFFFFFFFFFFFFFFFFFFFFFFFFFFFFFFFFFFFFFFFFFFFFFFFFFFFFFFFFFFFF69
:20972000FFFFFFFFFFFFFFFFFFFFFFFFFFFFFFFFFFFFFFFFFFFFFFFFFFFFFFFFFFFFFFFF49
:20974000FFFFFFFFFFFFFFFFFFFFFFFFFFFFFFFFFFFFFFFFFFFFFFFFFFFFFFFFFFFFFFFF29
:20976000FFFFFFFFFFFFFFFFFFFFFFFFFFFFFFFFFFFFFFFFFFFFFFFFFFFFFFFFFFFFFFFF09
:20978000FFFFFFFFFFFFFFFFFFFFFFFFFFFFFFFFFFFFFFFFFFFFFFFFFFFFFFFFFFFFFFFFE9
:2097A000FFFFFFFFFFFFFFFFFFFFFFFFFFFFFFFFFFFFFFFFFFFFFFFFFFFFFFFFFFFFFFFFC9
:2097C000FFFFFFFFFFFFFFFFFFFFFFFFFFFFFFFFFFFFFFFFFFFFFFFFFFFFFFFFFFFFFFFFA9
:2097E000FFFFFFFFFFFFFFFFFFFFFFFFFFFFFFFFFFFFFFFFFFFFFFFFFFFFFFFFFFFFFFFF89
:20980000FFFFFFFFFFFFFFFFFFFFFFFFFFFFFFFFFFFFFFFFFFFFFFFFFFFFFFFFFFFFFFFF68
:20982000FFFFFFFFFFFFFFFFFFFFFFFFFFFFFFFFFFFFFFFFFFFFFFFFFFFFFFFFFFFFFFFF48
:20984000FFFFFFFFFFFFFFFFFFFFFFFFFFFFFFFFFFFFFFFFFFFFFFFFFFFFFFFFFFFFFFFF28
:20986000FFFFFFFFFFFFFFFFFFFFFFFFFFFFFFFFFFFFFFFFFFFFFFFFFFFFFFFFFFFFFFFF08
:20988000FFFFFFFFFFFFFFFFFFFFFFFFFFFFFFFFFFFFFFFFFFFFFFFFFFFFFFFFFFFFFFFFE8
:2098A000FFFFFFFFFFFFFFFFFFFFFFFFFFFFFFFFFFFFFFFFFFFFFFFFFFFFFFFFFFFFFFFFC8
:2098C000FFFFFFFFFFFFFFFFFFFFFFFFFFFFFFFFFFFFFFFFFFFFFFFFFFFFFFFFFFFFFFFFA8
:2098E000FFFFFFFFFFFFFFFFFFFFFFFFFFFFFFFFFFFFFFFFFFFFFFFFFFFFFFFFFFFFFFFF88
:20990000FFFFFFFFFFFFFFFFFFFFFFFFFFFFFFFFFFFFFFFFFFFFFFFFFFFFFFFFFFFFFFFF67
:20992000FFFFFFFFFFFFFFFFFFFFFFFFFFFFFFFFFFFFFFFFFFFFFFFFFFFFFFFFFFFFFFFF47
:20994000FFFFFFFFFFFFFFFFFFFFFFFFFFFFFFFFFFFFFFFFFFFFFFFFFFFFFFFFFFFFFFFF27
:20996000FFFFFFFFFFFFFFFFFFFFFFFFFFFFFFFFFFFFFFFFFFFFFFFFFFFFFFFFFFFFFFFF07
:20998000FFFFFFFFFFFFFFFFFFFFFFFFFFFFFFFFFFFFFFFFFFFFFFFFFFFFFFFFFFFFFFFFE7
:2099A000FFFFFFFFFFFFFFFFFFFFFFFFFFFFFFFFFFFFFFFFFFFFFFFFFFFFFFFFFFFFFFFFC7
:2099C000FFFFFFFFFFFFFFFFFFFFFFFFFFFFFFFFFFFFFFFFFFFFFFFFFFFFFFFFFFFFFFFFA7
:2099E000FFFFFFFFFFFFFFFFFFFFFFFFFFFFFFFFFFFFFFFFFFFFFFFFFFFFFFFFFFFFFFFF87
:209A0000FFFFFFFFFFFFFFFFFFFFFFFFFFFFFFFFFFFFFFFFFFFFFFFFFFFFFFFFFFFFFFFF66
:209A2000FFFFFFFFFFFFFFFFFFFFFFFFFFFFFFFFFFFFFFFFFFFFFFFFFFFFFFFFFFFFFFFF46
:209A4000FFFFFFFFFFFFFFFFFFFFFFFFFFFFFFFFFFFFFFFFFFFFFFFFFFFFFFFFFFFFFFFF26
:209A6000FFFFFFFFFFFFFFFFFFFFFFFFFFFFFFFFFFFFFFFFFFFFFFFFFFFFFFFFFFFFFFFF06
:209A8000FFFFFFFFFFFFFFFFFFFFFFFFFFFFFFFFFFFFFFFFFFFFFFFFFFFFFFFFFFFFFFFFE6
:209AA000FFFFFFFFFFFFFFFFFFFFFFFFFFFFFFFFFFFFFFFFFFFFFFFFFFFFFFFFFFFFFFFFC6
:209AC000FFFFFFFFFFFFFFFFFFFFFFFFFFFFFFFFFFFFFFFFFFFFFFFFFFFFFFFFFFFFFFFFA6
:209AE000FFFFFFFFFFFFFFFFFFFFFFFFFFFFFFFFFFFFFFFFFFFFFFFFFFFFFFFFFFFFFFFF86
:209B0000FFFFFFFFFFFFFFFFFFFFFFFFFFFFFFFFFFFFFFFFFFFFFFFFFFFFFFFFFFFFFFFF65
:209B2000FFFFFFFFFFFFFFFFFFFFFFFFFFFFFFFFFFFFFFFFFFFFFFFFFFFFFFFFFFFFFFFF45
:209B4000FFFFFFFFFFFFFFFFFFFFFFFFFFFFFFFFFFFFFFFFFFFFFFFFFFFFFFFFFFFFFFFF25
:209B6000FFFFFFFFFFFFFFFFFFFFFFFFFFFFFFFFFFFFFFFFFFFFFFFFFFFFFFFFFFFFFFFF05
:209B8000FFFFFFFFFFFFFFFFFFFFFFFFFFFFFFFFFFFFFFFFFFFFFFFFFFFFFFFFFFFFFFFFE5
:209BA000FFFFFFFFFFFFFFFFFFFFFFFFFFFFFFFFFFFFFFFFFFFFFFFFFFFFFFFFFFFFFFFFC5
:209BC000FFFFFFFFFFFFFFFFFFFFFFFFFFFFFFFFFFFFFFFFFFFFFFFFFFFFFFFFFFFFFFFFA5
:209BE000FFFFFFFFFFFFFFFFFFFFFFFFFFFFFFFFFFFFFFFFFFFFFFFFFFFFFFFFFFFFFFFF85
:209C0000FFFFFFFFFFFFFFFFFFFFFFFFFFFFFFFFFFFFFFFFFFFFFFFFFFFFFFFFFFFFFFFF64
:209C2000FFFFFFFFFFFFFFFFFFFFFFFFFFFFFFFFFFFFFFFFFFFFFFFFFFFFFFFFFFFFFFFF44
:209C4000FFFFFFFFFFFFFFFFFFFFFFFFFFFFFFFFFFFFFFFFFFFFFFFFFFFFFFFFFFFFFFFF24
:209C6000FFFFFFFFFFFFFFFFFFFFFFFFFFFFFFFFFFFFFFFFFFFFFFFFFFFFFFFFFFFFFFFF04
:209C8000FFFFFFFFFFFFFFFFFFFFFFFFFFFFFFFFFFFFFFFFFFFFFFFFFFFFFFFFFFFFFFFFE4
:209CA000FFFFFFFFFFFFFFFFFFFFFFFFFFFFFFFFFFFFFFFFFFFFFFFFFFFFFFFFFFFFFFFFC4
:209CC000FFFFFFFFFFFFFFFFFFFFFFFFFFFFFFFFFFFFFFFFFFFFFFFFFFFFFFFFFFFFFFFFA4
:209CE000FFFFFFFFFFFFFFFFFFFFFFFFFFFFFFFFFFFFFFFFFFFFFFFFFFFFFFFFFFFFFFFF84
:209D0000FFFFFFFFFFFFFFFFFFFFFFFFFFFFFFFFFFFFFFFFFFFFFFFFFFFFFFFFFFFFFFFF63
:209D2000FFFFFFFFFFFFFFFFFFFFFFFFFFFFFFFFFFFFFFFFFFFFFFFFFFFFFFFFFFFFFFFF43
:209D4000FFFFFFFFFFFFFFFFFFFFFFFFFFFFFFFFFFFFFFFFFFFFFFFFFFFFFFFFFFFFFFFF23
:209D6000FFFFFFFFFFFFFFFFFFFFFFFFFFFFFFFFFFFFFFFFFFFFFFFFFFFFFFFFFFFFFFFF03
:209D8000FFFFFFFFFFFFFFFFFFFFFFFFFFFFFFFFFFFFFFFFFFFFFFFFFFFFFFFFFFFFFFFFE3
:209DA000FFFFFFFFFFFFFFFFFFFFFFFFFFFFFFFFFFFFFFFFFFFFFFFFFFFFFFFFFFFFFFFFC3
:209DC000FFFFFFFFFFFFFFFFFFFFFFFFFFFFFFFFFFFFFFFFFFFFFFFFFFFFFFFFFFFFFFFFA3
:209DE000FFFFFFFFFFFFFFFFFFFFFFFFFFFFFFFFFFFFFFFFFFFFFFFFFFFFFFFFFFFFFFFF83
:209E0000FFFFFFFFFFFFFFFFFFFFFFFFFFFFFFFFFFFFFFFFFFFFFFFFFFFFFFFFFFFFFFFF62
:209E2000FFFFFFFFFFFFFFFFFFFFFFFFFFFFFFFFFFFFFFFFFFFFFFFFFFFFFFFFFFFFFFFF42
:209E4000FFFFFFFFFFFFFFFFFFFFFFFFFFFFFFFFFFFFFFFFFFFFFFFFFFFFFFFFFFFFFFFF22
:209E6000FFFFFFFFFFFFFFFFFFFFFFFFFFFFFFFFFFFFFFFFFFFFFFFFFFFFFFFFFFFFFFFF02
:209E8000FFFFFFFFFFFFFFFFFFFFFFFFFFFFFFFFFFFFFFFFFFFFFFFFFFFFFFFFFFFFFFFFE2
:209EA000FFFFFFFFFFFFFFFFFFFFFFFFFFFFFFFFFFFFFFFFFFFFFFFFFFFFFFFFFFFFFFFFC2
:209EC000FFFFFFFFFFFFFFFFFFFFFFFFFFFFFFFFFFFFFFFFFFFFFFFFFFFFFFFFFFFFFFFFA2
:209EE000FFFFFFFFFFFFFFFFFFFFFFFFFFFFFFFFFFFFFFFFFFFFFFFFFFFFFFFFFFFFFFFF82
:209F0000FFFFFFFFFFFFFFFFFFFFFFFFFFFFFFFFFFFFFFFFFFFFFFFFFFFFFFFFFFFFFFFF61
:209F2000FFFFFFFFFFFFFFFFFFFFFFFFFFFFFFFFFFFFFFFFFFFFFFFFFFFFFFFFFFFFFFFF41
:209F4000FFFFFFFFFFFFFFFFFFFFFFFFFFFFFFFFFFFFFFFFFFFFFFFFFFFFFFFFFFFFFFFF21
:209F6000FFFFFFFFFFFFFFFFFFFFFFFFFFFFFFFFFFFFFFFFFFFFFFFFFFFFFFFFFFFFFFFF01
:209F8000FFFFFFFFFFFFFFFFFFFFFFFFFFFFFFFFFFFFFFFFFFFFFFFFFFFFFFFFFFFFFFFFE1
:209FA000FFFFFFFFFFFFFFFFFFFFFFFFFFFFFFFFFFFFFFFFFFFFFFFFFFFFFFFFFFFFFFFFC1
:209FC000FFFFFFFFFFFFFFFFFFFFFFFFFFFFFFFFFFFFFFFFFFFFFFFFFFFFFFFFFFFFFFFFA1
:209FE000FFFFFFFFFFFFFFFFFFFFFFFFFFFFFFFFFFFFFFFFFFFFFFFFFFFFFFFFFFFFFFFF81
:20A00000FFFFFFFFFFFFFFFFFFFFFFFFFFFFFFFFFFFFFFFFFFFFFFFFFFFFFFFFFFFFFFFF60
:20A02000FFFFFFFFFFFFFFFFFFFFFFFFFFFFFFFFFFFFFFFFFFFFFFFFFFFFFFFFFFFFFFFF40
:20A04000FFFFFFFFFFFFFFFFFFFFFFFFFFFFFFFFFFFFFFFFFFFFFFFFFFFFFFFFFFFFFFFF20
:20A06000FFFFFFFFFFFFFFFFFFFFFFFFFFFFFFFFFFFFFFFFFFFFFFFFFFFFFFFFFFFFFFFF00
:20A08000FFFFFFFFFFFFFFFFFFFFFFFFFFFFFFFFFFFFFFFFFFFFFFFFFFFFFFFFFFFFFFFFE0
:20A0A000FFFFFFFFFFFFFFFFFFFFFFFFFFFFFFFFFFFFFFFFFFFFFFFFFFFFFFFFFFFFFFFFC0
:20A0C000FFFFFFFFFFFFFFFFFFFFFFFFFFFFFFFFFFFFFFFFFFFFFFFFFFFFFFFFFFFFFFFFA0
:20A0E000FFFFFFFFFFFFFFFFFFFFFFFFFFFFFFFFFFFFFFFFFFFFFFFFFFFFFFFFFFFFFFFF80
:20A10000FFFFFFFFFFFFFFFFFFFFFFFFFFFFFFFFFFFFFFFFFFFFFFFFFFFFFFFFFFFFFFFF5F
:20A12000FFFFFFFFFFFFFFFFFFFFFFFFFFFFFFFFFFFFFFFFFFFFFFFFFFFFFFFFFFFFFFFF3F
:20A14000FFFFFFFFFFFFFFFFFFFFFFFFFFFFFFFFFFFFFFFFFFFFFFFFFFFFFFFFFFFFFFFF1F
:20A16000FFFFFFFFFFFFFFFFFFFFFFFFFFFFFFFFFFFFFFFFFFFFFFFFFFFFFFFFFFFFFFFFFF
:20A18000FFFFFFFFFFFFFFFFFFFFFFFFFFFFFFFFFFFFFFFFFFFFFFFFFFFFFFFFFFFFFFFFDF
:20A1A000FFFFFFFFFFFFFFFFFFFFFFFFFFFFFFFFFFFFFFFFFFFFFFFFFFFFFFFFFFFFFFFFBF
:20A1C000FFFFFFFFFFFFFFFFFFFFFFFFFFFFFFFFFFFFFFFFFFFFFFFFFFFFFFFFFFFFFFFF9F
:20A1E000FFFFFFFFFFFFFFFFFFFFFFFFFFFFFFFFFFFFFFFFFFFFFFFFFFFFFFFFFFFFFFFF7F
:20A20000FFFFFFFFFFFFFFFFFFFFFFFFFFFFFFFFFFFFFFFFFFFFFFFFFFFFFFFFFFFFFFFF5E
:20A22000FFFFFFFFFFFFFFFFFFFFFFFFFFFFFFFFFFFFFFFFFFFFFFFFFFFFFFFFFFFFFFFF3E
:20A24000FFFFFFFFFFFFFFFFFFFFFFFFFFFFFFFFFFFFFFFFFFFFFFFFFFFFFFFFFFFFFFFF1E
:20A26000FFFFFFFFFFFFFFFFFFFFFFFFFFFFFFFFFFFFFFFFFFFFFFFFFFFFFFFFFFFFFFFFFE
:20A28000FFFFFFFFFFFFFFFFFFFFFFFFFFFFFFFFFFFFFFFFFFFFFFFFFFFFFFFFFFFFFFFFDE
:20A2A000FFFFFFFFFFFFFFFFFFFFFFFFFFFFFFFFFFFFFFFFFFFFFFFFFFFFFFFFFFFFFFFFBE
:20A2C000FFFFFFFFFFFFFFFFFFFFFFFFFFFFFFFFFFFFFFFFFFFFFFFFFFFFFFFFFFFFFFFF9E
:20A2E000FFFFFFFFFFFFFFFFFFFFFFFFFFFFFFFFFFFFFFFFFFFFFFFFFFFFFFFFFFFFFFFF7E
:20A30000FFFFFFFFFFFFFFFFFFFFFFFFFFFFFFFFFFFFFFFFFFFFFFFFFFFFFFFFFFFFFFFF5D
:20A32000FFFFFFFFFFFFFFFFFFFFFFFFFFFFFFFFFFFFFFFFFFFFFFFFFFFFFFFFFFFFFFFF3D
:20A34000FFFFFFFFFFFFFFFFFFFFFFFFFFFFFFFFFFFFFFFFFFFFFFFFFFFFFFFFFFFFFFFF1D
:20A36000FFFFFFFFFFFFFFFFFFFFFFFFFFFFFFFFFFFFFFFFFFFFFFFFFFFFFFFFFFFFFFFFFD
:20A38000FFFFFFFFFFFFFFFFFFFFFFFFFFFFFFFFFFFFFFFFFFFFFFFFFFFFFFFFFFFFFFFFDD
:20A3A000FFFFFFFFFFFFFFFFFFFFFFFFFFFFFFFFFFFFFFFFFFFFFFFFFFFFFFFFFFFFFFFFBD
:20A3C000FFFFFFFFFFFFFFFFFFFFFFFFFFFFFFFFFFFFFFFFFFFFFFFFFFFFFFFFFFFFFFFF9D
:20A3E000FFFFFFFFFFFFFFFFFFFFFFFFFFFFFFFFFFFFFFFFFFFFFFFFFFFFFFFFFFFFFFFF7D
:20A40000FFFFFFFFFFFFFFFFFFFFFFFFFFFFFFFFFFFFFFFFFFFFFFFFFFFFFFFFFFFFFFFF5C
:20A42000FFFFFFFFFFFFFFFFFFFFFFFFFFFFFFFFFFFFFFFFFFFFFFFFFFFFFFFFFFFFFFFF3C
:20A44000FFFFFFFFFFFFFFFFFFFFFFFFFFFFFFFFFFFFFFFFFFFFFFFFFFFFFFFFFFFFFFFF1C
:20A46000FFFFFFFFFFFFFFFFFFFFFFFFFFFFFFFFFFFFFFFFFFFFFFFFFFFFFFFFFFFFFFFFFC
:20A48000FFFFFFFFFFFFFFFFFFFFFFFFFFFFFFFFFFFFFFFFFFFFFFFFFFFFFFFFFFFFFFFFDC
:20A4A000FFFFFFFFFFFFFFFFFFFFFFFFFFFFFFFFFFFFFFFFFFFFFFFFFFFFFFFFFFFFFFFFBC
:20A4C000FFFFFFFFFFFFFFFFFFFFFFFFFFFFFFFFFFFFFFFFFFFFFFFFFFFFFFFFFFFFFFFF9C
:20A4E000FFFFFFFFFFFFFFFFFFFFFFFFFFFFFFFFFFFFFFFFFFFFFFFFFFFFFFFFFFFFFFFF7C
:20A50000FFFFFFFFFFFFFFFFFFFFFFFFFFFFFFFFFFFFFFFFFFFFFFFFFFFFFFFFFFFFFFFF5B
:20A52000FFFFFFFFFFFFFFFFFFFFFFFFFFFFFFFFFFFFFFFFFFFFFFFFFFFFFFFFFFFFFFFF3B
:20A54000FFFFFFFFFFFFFFFFFFFFFFFFFFFFFFFFFFFFFFFFFFFFFFFFFFFFFFFFFFFFFFFF1B
:20A56000FFFFFFFFFFFFFFFFFFFFFFFFFFFFFFFFFFFFFFFFFFFFFFFFFFFFFFFFFFFFFFFFFB
:20A58000FFFFFFFFFFFFFFFFFFFFFFFFFFFFFFFFFFFFFFFFFFFFFFFFFFFFFFFFFFFFFFFFDB
:20A5A000FFFFFFFFFFFFFFFFFFFFFFFFFFFFFFFFFFFFFFFFFFFFFFFFFFFFFFFFFFFFFFFFBB
:20A5C000FFFFFFFFFFFFFFFFFFFFFFFFFFFFFFFFFFFFFFFFFFFFFFFFFFFFFFFFFFFFFFFF9B
:20A5E000FFFFFFFFFFFFFFFFFFFFFFFFFFFFFFFFFFFFFFFFFFFFFFFFFFFFFFFFFFFFFFFF7B
:20A60000FFFFFFFFFFFFFFFFFFFFFFFFFFFFFFFFFFFFFFFFFFFFFFFFFFFFFFFFFFFFFFFF5A
:20A62000FFFFFFFFFFFFFFFFFFFFFFFFFFFFFFFFFFFFFFFFFFFFFFFFFFFFFFFFFFFFFFFF3A
:20A64000FFFFFFFFFFFFFFFFFFFFFFFFFFFFFFFFFFFFFFFFFFFFFFFFFFFFFFFFFFFFFFFF1A
:20A66000FFFFFFFFFFFFFFFFFFFFFFFFFFFFFFFFFFFFFFFFFFFFFFFFFFFFFFFFFFFFFFFFFA
:20A68000FFFFFFFFFFFFFFFFFFFFFFFFFFFFFFFFFFFFFFFFFFFFFFFFFFFFFFFFFFFFFFFFDA
:20A6A000FFFFFFFFFFFFFFFFFFFFFFFFFFFFFFFFFFFFFFFFFFFFFFFFFFFFFFFFFFFFFFFFBA
:20A6C000FFFFFFFFFFFFFFFFFFFFFFFFFFFFFFFFFFFFFFFFFFFFFFFFFFFFFFFFFFFFFFFF9A
:20A6E000FFFFFFFFFFFFFFFFFFFFFFFFFFFFFFFFFFFFFFFFFFFFFFFFFFFFFFFFFFFFFFFF7A
:20A70000FFFFFFFFFFFFFFFFFFFFFFFFFFFFFFFFFFFFFFFFFFFFFFFFFFFFFFFFFFFFFFFF59
:20A72000FFFFFFFFFFFFFFFFFFFFFFFFFFFFFFFFFFFFFFFFFFFFFFFFFFFFFFFFFFFFFFFF39
:20A74000FFFFFFFFFFFFFFFFFFFFFFFFFFFFFFFFFFFFFFFFFFFFFFFFFFFFFFFFFFFFFFFF19
:20A76000FFFFFFFFFFFFFFFFFFFFFFFFFFFFFFFFFFFFFFFFFFFFFFFFFFFFFFFFFFFFFFFFF9
:20A78000FFFFFFFFFFFFFFFFFFFFFFFFFFFFFFFFFFFFFFFFFFFFFFFFFFFFFFFFFFFFFFFFD9
:20A7A000FFFFFFFFFFFFFFFFFFFFFFFFFFFFFFFFFFFFFFFFFFFFFFFFFFFFFFFFFFFFFFFFB9
:20A7C000FFFFFFFFFFFFFFFFFFFFFFFFFFFFFFFFFFFFFFFFFFFFFFFFFFFFFFFFFFFFFFFF99
:20A7E000FFFFFFFFFFFFFFFFFFFFFFFFFFFFFFFFFFFFFFFFFFFFFFFFFFFFFFFFFFFFFFFF79
:20A80000FFFFFFFFFFFFFFFFFFFFFFFFFFFFFFFFFFFFFFFFFFFFFFFFFFFFFFFFFFFFFFFF58
:20A82000FFFFFFFFFFFFFFFFFFFFFFFFFFFFFFFFFFFFFFFFFFFFFFFFFFFFFFFFFFFFFFFF38
:20A84000FFFFFFFFFFFFFFFFFFFFFFFFFFFFFFFFFFFFFFFFFFFFFFFFFFFFFFFFFFFFFFFF18
:20A86000FFFFFFFFFFFFFFFFFFFFFFFFFFFFFFFFFFFFFFFFFFFFFFFFFFFFFFFFFFFFFFFFF8
:20A88000FFFFFFFFFFFFFFFFFFFFFFFFFFFFFFFFFFFFFFFFFFFFFFFFFFFFFFFFFFFFFFFFD8
:20A8A000FFFFFFFFFFFFFFFFFFFFFFFFFFFFFFFFFFFFFFFFFFFFFFFFFFFFFFFFFFFFFFFFB8
:20A8C000FFFFFFFFFFFFFFFFFFFFFFFFFFFFFFFFFFFFFFFFFFFFFFFFFFFFFFFFFFFFFFFF98
:20A8E000FFFFFFFFFFFFFFFFFFFFFFFFFFFFFFFFFFFFFFFFFFFFFFFFFFFFFFFFFFFFFFFF78
:20A90000FFFFFFFFFFFFFFFFFFFFFFFFFFFFFFFFFFFFFFFFFFFFFFFFFFFFFFFFFFFFFFFF57
:20A92000FFFFFFFFFFFFFFFFFFFFFFFFFFFFFFFFFFFFFFFFFFFFFFFFFFFFFFFFFFFFFFFF37
:20A94000FFFFFFFFFFFFFFFFFFFFFFFFFFFFFFFFFFFFFFFFFFFFFFFFFFFFFFFFFFFFFFFF17
:20A96000FFFFFFFFFFFFFFFFFFFFFFFFFFFFFFFFFFFFFFFFFFFFFFFFFFFFFFFFFFFFFFFFF7
:20A98000FFFFFFFFFFFFFFFFFFFFFFFFFFFFFFFFFFFFFFFFFFFFFFFFFFFFFFFFFFFFFFFFD7
:20A9A000FFFFFFFFFFFFFFFFFFFFFFFFFFFFFFFFFFFFFFFFFFFFFFFFFFFFFFFFFFFFFFFFB7
:20A9C000FFFFFFFFFFFFFFFFFFFFFFFFFFFFFFFFFFFFFFFFFFFFFFFFFFFFFFFFFFFFFFFF97
:20A9E000FFFFFFFFFFFFFFFFFFFFFFFFFFFFFFFFFFFFFFFFFFFFFFFFFFFFFFFFFFFFFFFF77
:20AA0000FFFFFFFFFFFFFFFFFFFFFFFFFFFFFFFFFFFFFFFFFFFFFFFFFFFFFFFFFFFFFFFF56
:20AA2000FFFFFFFFFFFFFFFFFFFFFFFFFFFFFFFFFFFFFFFFFFFFFFFFFFFFFFFFFFFFFFFF36
:20AA4000FFFFFFFFFFFFFFFFFFFFFFFFFFFFFFFFFFFFFFFFFFFFFFFFFFFFFFFFFFFFFFFF16
:20AA6000FFFFFFFFFFFFFFFFFFFFFFFFFFFFFFFFFFFFFFFFFFFFFFFFFFFFFFFFFFFFFFFFF6
:20AA8000FFFFFFFFFFFFFFFFFFFFFFFFFFFFFFFFFFFFFFFFFFFFFFFFFFFFFFFFFFFFFFFFD6
:20AAA000FFFFFFFFFFFFFFFFFFFFFFFFFFFFFFFFFFFFFFFFFFFFFFFFFFFFFFFFFFFFFFFFB6
:20AAC000FFFFFFFFFFFFFFFFFFFFFFFFFFFFFFFFFFFFFFFFFFFFFFFFFFFFFFFFFFFFFFFF96
:20AAE000FFFFFFFFFFFFFFFFFFFFFFFFFFFFFFFFFFFFFFFFFFFFFFFFFFFFFFFFFFFFFFFF76
:20AB0000FFFFFFFFFFFFFFFFFFFFFFFFFFFFFFFFFFFFFFFFFFFFFFFFFFFFFFFFFFFFFFFF55
:20AB2000FFFFFFFFFFFFFFFFFFFFFFFFFFFFFFFFFFFFFFFFFFFFFFFFFFFFFFFFFFFFFFFF35
:20AB4000FFFFFFFFFFFFFFFFFFFFFFFFFFFFFFFFFFFFFFFFFFFFFFFFFFFFFFFFFFFFFFFF15
:20AB6000FFFFFFFFFFFFFFFFFFFFFFFFFFFFFFFFFFFFFFFFFFFFFFFFFFFFFFFFFFFFFFFFF5
:20AB8000FFFFFFFFFFFFFFFFFFFFFFFFFFFFFFFFFFFFFFFFFFFFFFFFFFFFFFFFFFFFFFFFD5
:20ABA000FFFFFFFFFFFFFFFFFFFFFFFFFFFFFFFFFFFFFFFFFFFFFFFFFFFFFFFFFFFFFFFFB5
:20ABC000FFFFFFFFFFFFFFFFFFFFFFFFFFFFFFFFFFFFFFFFFFFFFFFFFFFFFFFFFFFFFFFF95
:20ABE000FFFFFFFFFFFFFFFFFFFFFFFFFFFFFFFFFFFFFFFFFFFFFFFFFFFFFFFFFFFFFFFF75
:20AC0000FFFFFFFFFFFFFFFFFFFFFFFFFFFFFFFFFFFFFFFFFFFFFFFFFFFFFFFFFFFFFFFF54
:20AC2000FFFFFFFFFFFFFFFFFFFFFFFFFFFFFFFFFFFFFFFFFFFFFFFFFFFFFFFFFFFFFFFF34
:20AC4000FFFFFFFFFFFFFFFFFFFFFFFFFFFFFFFFFFFFFFFFFFFFFFFFFFFFFFFFFFFFFFFF14
:20AC6000FFFFFFFFFFFFFFFFFFFFFFFFFFFFFFFFFFFFFFFFFFFFFFFFFFFFFFFFFFFFFFFFF4
:20AC8000FFFFFFFFFFFFFFFFFFFFFFFFFFFFFFFFFFFFFFFFFFFFFFFFFFFFFFFFFFFFFFFFD4
:20ACA000FFFFFFFFFFFFFFFFFFFFFFFFFFFFFFFFFFFFFFFFFFFFFFFFFFFFFFFFFFFFFFFFB4
:20ACC000FFFFFFFFFFFFFFFFFFFFFFFFFFFFFFFFFFFFFFFFFFFFFFFFFFFFFFFFFFFFFFFF94
:20ACE000FFFFFFFFFFFFFFFFFFFFFFFFFFFFFFFFFFFFFFFFFFFFFFFFFFFFFFFFFFFFFFFF74
:20AD0000FFFFFFFFFFFFFFFFFFFFFFFFFFFFFFFFFFFFFFFFFFFFFFFFFFFFFFFFFFFFFFFF53
:20AD2000FFFFFFFFFFFFFFFFFFFFFFFFFFFFFFFFFFFFFFFFFFFFFFFFFFFFFFFFFFFFFFFF33
:20AD4000FFFFFFFFFFFFFFFFFFFFFFFFFFFFFFFFFFFFFFFFFFFFFFFFFFFFFFFFFFFFFFFF13
:20AD6000FFFFFFFFFFFFFFFFFFFFFFFFFFFFFFFFFFFFFFFFFFFFFFFFFFFFFFFFFFFFFFFFF3
:20AD8000FFFFFFFFFFFFFFFFFFFFFFFFFFFFFFFFFFFFFFFFFFFFFFFFFFFFFFFFFFFFFFFFD3
:20ADA000FFFFFFFFFFFFFFFFFFFFFFFFFFFFFFFFFFFFFFFFFFFFFFFFFFFFFFFFFFFFFFFFB3
:20ADC000FFFFFFFFFFFFFFFFFFFFFFFFFFFFFFFFFFFFFFFFFFFFFFFFFFFFFFFFFFFFFFFF93
:20ADE000FFFFFFFFFFFFFFFFFFFFFFFFFFFFFFFFFFFFFFFFFFFFFFFFFFFFFFFFFFFFFFFF73
:20AE0000FFFFFFFFFFFFFFFFFFFFFFFFFFFFFFFFFFFFFFFFFFFFFFFFFFFFFFFFFFFFFFFF52
:20AE2000FFFFFFFFFFFFFFFFFFFFFFFFFFFFFFFFFFFFFFFFFFFFFFFFFFFFFFFFFFFFFFFF32
:20AE4000FFFFFFFFFFFFFFFFFFFFFFFFFFFFFFFFFFFFFFFFFFFFFFFFFFFFFFFFFFFFFFFF12
:20AE6000FFFFFFFFFFFFFFFFFFFFFFFFFFFFFFFFFFFFFFFFFFFFFFFFFFFFFFFFFFFFFFFFF2
:20AE8000FFFFFFFFFFFFFFFFFFFFFFFFFFFFFFFFFFFFFFFFFFFFFFFFFFFFFFFFFFFFFFFFD2
:20AEA000FFFFFFFFFFFFFFFFFFFFFFFFFFFFFFFFFFFFFFFFFFFFFFFFFFFFFFFFFFFFFFFFB2
:20AEC000FFFFFFFFFFFFFFFFFFFFFFFFFFFFFFFFFFFFFFFFFFFFFFFFFFFFFFFFFFFFFFFF92
:20AEE000FFFFFFFFFFFFFFFFFFFFFFFFFFFFFFFFFFFFFFFFFFFFFFFFFFFFFFFFFFFFFFFF72
:20AF0000FFFFFFFFFFFFFFFFFFFFFFFFFFFFFFFFFFFFFFFFFFFFFFFFFFFFFFFFFFFFFFFF51
:20AF2000FFFFFFFFFFFFFFFFFFFFFFFFFFFFFFFFFFFFFFFFFFFFFFFFFFFFFFFFFFFFFFFF31
:20AF4000FFFFFFFFFFFFFFFFFFFFFFFFFFFFFFFFFFFFFFFFFFFFFFFFFFFFFFFFFFFFFFFF11
:20AF6000FFFFFFFFFFFFFFFFFFFFFFFFFFFFFFFFFFFFFFFFFFFFFFFFFFFFFFFFFFFFFFFFF1
:20AF8000FFFFFFFFFFFFFFFFFFFFFFFFFFFFFFFFFFFFFFFFFFFFFFFFFFFFFFFFFFFFFFFFD1
:20AFA000FFFFFFFFFFFFFFFFFFFFFFFFFFFFFFFFFFFFFFFFFFFFFFFFFFFFFFFFFFFFFFFFB1
:20AFC000FFFFFFFFFFFFFFFFFFFFFFFFFFFFFFFFFFFFFFFFFFFFFFFFFFFFFFFFFFFFFFFF91
:20AFE000FFFFFFFFFFFFFFFFFFFFFFFFFFFFFFFFFFFFFFFFFFFFFFFFFFFFFFFFFFFFFFFF71
:020000040801F1
:20B00000000000000000000000000000010000010200000100000000050000010000000025
:20B02000000000000D0000010E0000010000000012000001130000010800000109000001B9
:20B04000060000010F00000110000001110000010A0000010B000001070000010000000097
:20B06000000000000000000000000000030000010400000101000000881300000A00000021
:20B080000A00000070170000E803000064000000F40100000500000064000000FA00000078
:20B0A000006480630063806200628061006180600060805F005F805E005E805D005D805C90
:20B0C000005C805B005B805A005A80590059805800588057005780560056805500558054F0
:20B0E000005480530053805200528051005180500050804F004F804E004E804D004D804C50
:20B10000004C804B004B804A004A80490049804800488047004780460046804500458044AF
:20B12000004480430043804200428041004180400040803F003F803E003E803D003D803C0F
:20B14000003C803B003B803A003A803900398038003880370037803600368035003580346F
:20B16000003480330033803200328031003180300030802F002F802E002E802D002D802CCF
:20B18000002C802B002B802A002A802900298028002880270027802600268025002580242F
:20B1A000002480230023802200228021002180200020801F001F801E001E801D001D801C8F
:20B1C000001C801B001B801A001A80190019801800188017001780160016801500158014EF
:20B1E000001480130013801200128011001180100010800F000F800E000E800D000D800C4F
:20B20000000C800B000B800A000A80090009800800088007000780060006800500058004AE
:20B2200000048003000380020002800100018000000080FF00FF80FE00FE80FD00FD80FC0E
:20B2400000FC80FB00FB80FA00FA80F900F980F800F880F700F780F600F680F500F580F46E
:20B2600000F480F300F380F200F280F100F180F000F080EF00EF80EE00EE80ED00ED80ECCE
:20B2800000EC000091019901A101A901B101BA01C201CB01D401DE01E701F101FB010602BC
:20B2A00010021B02260231023D024902550261026E027B0289029602A402B302C102D002C0
:20B2C000E002EF02FF021003210332034403560368037B038E03A203B603CB03E003F5030D
:20B2E0000B0422043904500468048404A004BD04DA04F9041805380559057A059D05C005B6
:20B30000E5050A06310658068006AA06D50601072E075D078D07BE07F00724085A08910875
:20B32000CA08050941098009C009020A460A8C0AD50A200B6D0BBD0B100C650CBD0C190DD9
:20B34000770DD80D3D0EA60E120F820FF60F6C10E5106111E2116612EF127B130C14A2141B
:20B360003C15DA157E162717D41788184019FE19C21A8C1B5C1C331D101EF41EDE1FCF2049
:20B38000C821C822D023DF24F72517273F286F29A92AEB2B362D8C2EEA2F5231C43240347F
:20B3A000C7355837F338993A4B3C073ECF3FA141804369455E475F496B4B834DA74FD651E7
:20B3C00011545756A858055B6D5DE05F5E62E5647767136AB86C666F1D72DC74A377717AB1
:20B3E000467D218012830086EB88D38BB68E969171944797199AE69CAE9F70A22EA5E5A7BC
:20B4000098AA44ADEBAF8CB227B5BCB74ABAD3BC54BFCFC144C497C6DBC810CB37CD4ECF98
:20B4200056D150D33AD516D7E3D8A1DA51DCF3DD87DF0DE185E2F0E34DE59EE6E2E71AE983
:20B4400046EA66EB7BEC84ED83EE77EF60F040F116F2E3F2A6F361F413F5BDF55EF6F9F673
:20B460008BF717F89BF80000B40032001E001400CD0C9A199A9966E6FFFFFFFFFFFFFFFF8D
:20B48000FFFFFFFFFFFFFFFFFFFFFFFFFFFFFFFFFFFFFFFFFFFFFFFFFFFFFFFFFFFFFFFFCC
:20B4A000FFFFFFFFFFFFFFFFFFFFFFFFFFFFFFFFFFFFFFFFFFFFFFFFFFFFFFFFFFFFFFFFAC
:20B4C000FFFFFFFFFFFFFFFFFFFFFFFFFFFFFFFFFFFFFFFFFFFFFFFFFFFFFFFFFFFFFFFF8C
:20B4E000FFFFFFFFFFFFFFFFFFFFFFFFFFFFFFFFFFFFFFFFFFFFFFFFFFFFFFFFFFFFFFFF6C
:20B50000FFFFFFFFFFFFFFFFFFFFFFFFFFFFFFFFFFFFFFFFFFFFFFFFFFFFFFFFFFFFFFFF4B
:20B52000FFFFFFFFFFFFFFFFFFFFFFFFFFFFFFFFFFFFFFFFFFFFFFFFFFFFFFFFFFFFFFFF2B
:20B54000FFFFFFFFFFFFFFFFFFFFFFFFFFFFFFFFFFFFFFFFFFFFFFFFFFFFFFFFFFFFFFFF0B
:20B56000FFFFFFFFFFFFFFFFFFFFFFFFFFFFFFFFFFFFFFFFFFFFFFFFFFFFFFFFFFFFFFFFEB
:20B58000FFFFFFFFFFFFFFFFFFFFFFFFFFFFFFFFFFFFFFFFFFFFFFFFFFFFFFFFFFFFFFFFCB
:20B5A000FFFFFFFFFFFFFFFFFFFFFFFFFFFFFFFFFFFFFFFFFFFFFFFFFFFFFFFFFFFFFFFFAB
:20B5C000FFFFFFFFFFFFFFFFFFFFFFFFFFFFFFFFFFFFFFFFFFFFFFFFFFFFFFFFFFFFFFFF8B
:20B5E000FFFFFFFFFFFFFFFFFFFFFFFFFFFFFFFFFFFFFFFFFFFFFFFFFFFFFFFFFFFFFFFF6B
:20B60000FFFFFFFFFFFFFFFFFFFFFFFFFFFFFFFFFFFFFFFFFFFFFFFFFFFFFFFFFFFFFFFF4A
:20B62000FFFFFFFFFFFFFFFFFFFFFFFFFFFFFFFFFFFFFFFFFFFFFFFFFFFFFFFFFFFFFFFF2A
:20B64000FFFFFFFFFFFFFFFFFFFFFFFFFFFFFFFFFFFFFFFFFFFFFFFFFFFFFFFFFFFFFFFF0A
:20B66000FFFFFFFFFFFFFFFFFFFFFFFFFFFFFFFFFFFFFFFFFFFFFFFFFFFFFFFFFFFFFFFFEA
:20B68000FFFFFFFFFFFFFFFFFFFFFFFFFFFFFFFFFFFFFFFFFFFFFFFFFFFFFFFFFFFFFFFFCA
:20B6A000FFFFFFFFFFFFFFFFFFFFFFFFFFFFFFFFFFFFFFFFFFFFFFFFFFFFFFFFFFFFFFFFAA
:20B6C000FFFFFFFFFFFFFFFFFFFFFFFFFFFFFFFFFFFFFFFFFFFFFFFFFFFFFFFFFFFFFFFF8A
:20B6E000FFFFFFFFFFFFFFFFFFFFFFFFFFFFFFFFFFFFFFFFFFFFFFFFFFFFFFFFFFFFFFFF6A
:20B70000FFFFFFFFFFFFFFFFFFFFFFFFFFFFFFFFFFFFFFFFFFFFFFFFFFFFFFFFFFFFFFFF49
:20B72000FFFFFFFFFFFFFFFFFFFFFFFFFFFFFFFFFFFFFFFFFFFFFFFFFFFFFFFFFFFFFFFF29
:20B74000FFFFFFFFFFFFFFFFFFFFFFFFFFFFFFFFFFFFFFFFFFFFFFFFFFFFFFFFFFFFFFFF09
:20B76000FFFFFFFFFFFFFFFFFFFFFFFFFFFFFFFFFFFFFFFFFFFFFFFFFFFFFFFFFFFFFFFFE9
:20B78000FFFFFFFFFFFFFFFFFFFFFFFFFFFFFFFFFFFFFFFFFFFFFFFFFFFFFFFFFFFFFFFFC9
:20B7A000FFFFFFFFFFFFFFFFFFFFFFFFFFFFFFFFFFFFFFFFFFFFFFFFFFFFFFFFFFFFFFFFA9
:20B7C000FFFFFFFFFFFFFFFFFFFFFFFFFFFFFFFFFFFFFFFFFFFFFFFFFFFFFFFFFFFFFFFF89
:20B7E000FFFFFFFFFFFFFFFFFFFFFFFFFFFFFFFFFFFFFFFFFFFFFFFFFFFFFFFFFFFFFFFF69
:20B80000FFFFFFFFFFFFFFFFFFFFFFFFFFFFFFFFFFFFFFFFFFFFFFFFFFFFFFFFFFFFFFFF48
:20B82000FFFFFFFFFFFFFFFFFFFFFFFFFFFFFFFFFFFFFFFFFFFFFFFFFFFFFFFFFFFFFFFF28
:20B84000FFFFFFFFFFFFFFFFFFFFFFFFFFFFFFFFFFFFFFFFFFFFFFFFFFFFFFFFFFFFFFFF08
:20B86000FFFFFFFFFFFFFFFFFFFFFFFFFFFFFFFFFFFFFFFFFFFFFFFFFFFFFFFFFFFFFFFFE8
:20B88000FFFFFFFFFFFFFFFFFFFFFFFFFFFFFFFFFFFFFFFFFFFFFFFFFFFFFFFFFFFFFFFFC8
:20B8A000FFFFFFFFFFFFFFFFFFFFFFFFFFFFFFFFFFFFFFFFFFFFFFFFFFFFFFFFFFFFFFFFA8
:20B8C000FFFFFFFFFFFFFFFFFFFFFFFFFFFFFFFFFFFFFFFFFFFFFFFFFFFFFFFFFFFFFFFF88
:20B8E000FFFFFFFFFFFFFFFFFFFFFFFFFFFFFFFFFFFFFFFFFFFFFFFFFFFFFFFFFFFFFFFF68
:20B90000FFFFFFFFFFFFFFFFFFFFFFFFFFFFFFFFFFFFFFFFFFFFFFFFFFFFFFFFFFFFFFFF47
:20B92000FFFFFFFFFFFFFFFFFFFFFFFFFFFFFFFFFFFFFFFFFFFFFFFFFFFFFFFFFFFFFFFF27
:20B94000FFFFFFFFFFFFFFFFFFFFFFFFFFFFFFFFFFFFFFFFFFFFFFFFFFFFFFFFFFFFFFFF07
:20B96000FFFFFFFFFFFFFFFFFFFFFFFFFFFFFFFFFFFFFFFFFFFFFFFFFFFFFFFFFFFFFFFFE7
:20B98000FFFFFFFFFFFFFFFFFFFFFFFFFFFFFFFFFFFFFFFFFFFFFFFFFFFFFFFFFFFFFFFFC7
:20B9A000FFFFFFFFFFFFFFFFFFFFFFFFFFFFFFFFFFFFFFFFFFFFFFFFFFFFFFFFFFFFFFFFA7
:20B9C000FFFFFFFFFFFFFFFFFFFFFFFFFFFFFFFFFFFFFFFFFFFFFFFFFFFFFFFFFFFFFFFF87
:20B9E000FFFFFFFFFFFFFFFFFFFFFFFFFFFFFFFFFFFFFFFFFFFFFFFFFFFFFFFFFFFFFFFF67
:20BA0000FFFFFFFFFFFFFFFFFFFFFFFFFFFFFFFFFFFFFFFFFFFFFFFFFFFFFFFFFFFFFFFF46
:20BA2000FFFFFFFFFFFFFFFFFFFFFFFFFFFFFFFFFFFFFFFFFFFFFFFFFFFFFFFFFFFFFFFF26
:20BA4000FFFFFFFFFFFFFFFFFFFFFFFFFFFFFFFFFFFFFFFFFFFFFFFFFFFFFFFFFFFFFFFF06
:20BA6000FFFFFFFFFFFFFFFFFFFFFFFFFFFFFFFFFFFFFFFFFFFFFFFFFFFFFFFFFFFFFFFFE6
:20BA8000FFFFFFFFFFFFFFFFFFFFFFFFFFFFFFFFFFFFFFFFFFFFFFFFFFFFFFFFFFFFFFFFC6
:20BAA000FFFFFFFFFFFFFFFFFFFFFFFFFFFFFFFFFFFFFFFFFFFFFFFFFFFFFFFFFFFFFFFFA6
:20BAC000FFFFFFFFFFFFFFFFFFFFFFFFFFFFFFFFFFFFFFFFFFFFFFFFFFFFFFFFFFFFFFFF86
:20BAE000FFFFFFFFFFFFFFFFFFFFFFFFFFFFFFFFFFFFFFFFFFFFFFFFFFFFFFFFFFFFFFFF66
:20BB0000FFFFFFFFFFFFFFFFFFFFFFFFFFFFFFFFFFFFFFFFFFFFFFFFFFFFFFFFFFFFFFFF45
:20BB2000FFFFFFFFFFFFFFFFFFFFFFFFFFFFFFFFFFFFFFFFFFFFFFFFFFFFFFFFFFFFFFFF25
:20BB4000FFFFFFFFFFFFFFFFFFFFFFFFFFFFFFFFFFFFFFFFFFFFFFFFFFFFFFFFFFFFFFFF05
:20BB6000FFFFFFFFFFFFFFFFFFFFFFFFFFFFFFFFFFFFFFFFFFFFFFFFFFFFFFFFFFFFFFFFE5
:20BB8000FFFFFFFFFFFFFFFFFFFFFFFFFFFFFFFFFFFFFFFFFFFFFFFFFFFFFFFFFFFFFFFFC5
:20BBA000FFFFFFFFFFFFFFFFFFFFFFFFFFFFFFFFFFFFFFFFFFFFFFFFFFFFFFFFFFFFFFFFA5
:20BBC000FFFFFFFFFFFFFFFFFFFFFFFFFFFFFFFFFFFFFFFFFFFFFFFFFFFFFFFFFFFFFFFF85
:20BBE000FFFFFFFFFFFFFFFFFFFFFFFFFFFFFFFFFFFFFFFFFFFFFFFFFFFFFFFFFFFFFFFF65
:20BC0000FFFFFFFFFFFFFFFFFFFFFFFFFFFFFFFFFFFFFFFFFFFFFFFFFFFFFFFFFFFFFFFF44
:20BC2000FFFFFFFFFFFFFFFFFFFFFFFFFFFFFFFFFFFFFFFFFFFFFFFFFFFFFFFFFFFFFFFF24
:20BC4000FFFFFFFFFFFFFFFFFFFFFFFFFFFFFFFFFFFFFFFFFFFFFFFFFFFFFFFFFFFFFFFF04
:20BC6000FFFFFFFFFFFFFFFFFFFFFFFFFFFFFFFFFFFFFFFFFFFFFFFFFFFFFFFFFFFFFFFFE4
:20BC8000FFFFFFFFFFFFFFFFFFFFFFFFFFFFFFFFFFFFFFFFFFFFFFFFFFFFFFFFFFFFFFFFC4
:20BCA000FFFFFFFFFFFFFFFFFFFFFFFFFFFFFFFFFFFFFFFFFFFFFFFFFFFFFFFFFFFFFFFFA4
:20BCC000FFFFFFFFFFFFFFFFFFFFFFFFFFFFFFFFFFFFFFFFFFFFFFFFFFFFFFFFFFFFFFFF84
:20BCE000FFFFFFFFFFFFFFFFFFFFFFFFFFFFFFFFFFFFFFFFFFFFFFFFFFFFFFFFFFFFFFFF64
:20BD0000FFFFFFFFFFFFFFFFFFFFFFFFFFFFFFFFFFFFFFFFFFFFFFFFFFFFFFFFFFFFFFFF43
:20BD2000FFFFFFFFFFFFFFFFFFFFFFFFFFFFFFFFFFFFFFFFFFFFFFFFFFFFFFFFFFFFFFFF23
:20BD4000FFFFFFFFFFFFFFFFFFFFFFFFFFFFFFFFFFFFFFFFFFFFFFFFFFFFFFFFFFFFFFFF03
:20BD6000FFFFFFFFFFFFFFFFFFFFFFFFFFFFFFFFFFFFFFFFFFFFFFFFFFFFFFFFFFFFFFFFE3
:20BD8000FFFFFFFFFFFFFFFFFFFFFFFFFFFFFFFFFFFFFFFFFFFFFFFFFFFFFFFFFFFFFFFFC3
:20BDA000FFFFFFFFFFFFFFFFFFFFFFFFFFFFFFFFFFFFFFFFFFFFFFFFFFFFFFFFFFFFFFFFA3
:20BDC000FFFFFFFFFFFFFFFFFFFFFFFFFFFFFFFFFFFFFFFFFFFFFFFFFFFFFFFFFFFFFFFF83
:20BDE000FFFFFFFFFFFFFFFFFFFFFFFFFFFFFFFFFFFFFFFFFFFFFFFFFFFFFFFFFFFFFFFF63
:20BE0000FFFFFFFFFFFFFFFFFFFFFFFFFFFFFFFFFFFFFFFFFFFFFFFFFFFFFFFFFFFFFFFF42
:20BE2000FFFFFFFFFFFFFFFFFFFFFFFFFFFFFFFFFFFFFFFFFFFFFFFFFFFFFFFFFFFFFFFF22
:20BE4000FFFFFFFFFFFFFFFFFFFFFFFFFFFFFFFFFFFFFFFFFFFFFFFFFFFFFFFFFFFFFFFF02
:20BE6000FFFFFFFFFFFFFFFFFFFFFFFFFFFFFFFFFFFFFFFFFFFFFFFFFFFFFFFFFFFFFFFFE2
:20BE8000FFFFFFFFFFFFFFFFFFFFFFFFFFFFFFFFFFFFFFFFFFFFFFFFFFFFFFFFFFFFFFFFC2
:20BEA000FFFFFFFFFFFFFFFFFFFFFFFFFFFFFFFFFFFFFFFFFFFFFFFFFFFFFFFFFFFFFFFFA2
:20BEC000FFFFFFFFFFFFFFFFFFFFFFFFFFFFFFFFFFFFFFFFFFFFFFFFFFFFFFFFFFFFFFFF82
:20BEE000FFFFFFFFFFFFFFFFFFFFFFFFFFFFFFFFFFFFFFFFFFFFFFFFFFFFFFFFFFFFFFFF62
:20BF0000FFFFFFFFFFFFFFFFFFFFFFFFFFFFFFFFFFFFFFFFFFFFFFFFFFFFFFFFFFFFFFFF41
:20BF2000FFFFFFFFFFFFFFFFFFFFFFFFFFFFFFFFFFFFFFFFFFFFFFFFFFFFFFFFFFFFFFFF21
:20BF4000FFFFFFFFFFFFFFFFFFFFFFFFFFFFFFFFFFFFFFFFFFFFFFFFFFFFFFFFFFFFFFFF01
:20BF6000FFFFFFFFFFFFFFFFFFFFFFFFFFFFFFFFFFFFFFFFFFFFFFFFFFFFFFFFFFFFFFFFE1
:20BF8000FFFFFFFFFFFFFFFFFFFFFFFFFFFFFFFFFFFFFFFFFFFFFFFFFFFFFFFFFFFFFFFFC1
:20BFA000FFFFFFFFFFFFFFFFFFFFFFFFFFFFFFFFFFFFFFFFFFFFFFFFFFFFFFFFFFFFFFFFA1
:20BFC000FFFFFFFFFFFFFFFFFFFFFFFFFFFFFFFFFFFFFFFFFFFFFFFFFFFFFFFFFFFFFFFF81
:20BFE000FFFFFFFFFFFFFFFFFFFFFFFFFFFFFFFFFFFFFFFFFFFFFFFFFFFFFFFFFFFFFFFF61
:20C00000FFFFFFFFFFFFFFFFFFFFFFFFFFFFFFFFFFFFFFFFFFFFFFFFFFFFFFFFFFFFFFFF40
:20C02000FFFFFFFFFFFFFFFFFFFFFFFFFFFFFFFFFFFFFFFFFFFFFFFFFFFFFFFFFFFFFFFF20
:20C04000FFFFFFFFFFFFFFFFFFFFFFFFFFFFFFFFFFFFFFFFFFFFFFFFFFFFFFFFFFFFFFFF00
:20C06000FFFFFFFFFFFFFFFFFFFFFFFFFFFFFFFFFFFFFFFFFFFFFFFFFFFFFFFFFFFFFFFFE0
:20C08000FFFFFFFFFFFFFFFFFFFFFFFFFFFFFFFFFFFFFFFFFFFFFFFFFFFFFFFFFFFFFFFFC0
:20C0A000FFFFFFFFFFFFFFFFFFFFFFFFFFFFFFFFFFFFFFFFFFFFFFFFFFFFFFFFFFFFFFFFA0
:20C0C000FFFFFFFFFFFFFFFFFFFFFFFFFFFFFFFFFFFFFFFFFFFFFFFFFFFFFFFFFFFFFFFF80
:20C0E000FFFFFFFFFFFFFFFFFFFFFFFFFFFFFFFFFFFFFFFFFFFFFFFFFFFFFFFFFFFFFFFF60
:20C10000FFFFFFFFFFFFFFFFFFFFFFFFFFFFFFFFFFFFFFFFFFFFFFFFFFFFFFFFFFFFFFFF3F
:20C12000FFFFFFFFFFFFFFFFFFFFFFFFFFFFFFFFFFFFFFFFFFFFFFFFFFFFFFFFFFFFFFFF1F
:20C14000FFFFFFFFFFFFFFFFFFFFFFFFFFFFFFFFFFFFFFFFFFFFFFFFFFFFFFFFFFFFFFFFFF
:20C16000FFFFFFFFFFFFFFFFFFFFFFFFFFFFFFFFFFFFFFFFFFFFFFFFFFFFFFFFFFFFFFFFDF
:20C18000FFFFFFFFFFFFFFFFFFFFFFFFFFFFFFFFFFFFFFFFFFFFFFFFFFFFFFFFFFFFFFFFBF
:20C1A000FFFFFFFFFFFFFFFFFFFFFFFFFFFFFFFFFFFFFFFFFFFFFFFFFFFFFFFFFFFFFFFF9F
:20C1C000FFFFFFFFFFFFFFFFFFFFFFFFFFFFFFFFFFFFFFFFFFFFFFFFFFFFFFFFFFFFFFFF7F
:20C1E000FFFFFFFFFFFFFFFFFFFFFFFFFFFFFFFFFFFFFFFFFFFFFFFFFFFFFFFFFFFFFFFF5F
:20C20000FFFFFFFFFFFFFFFFFFFFFFFFFFFFFFFFFFFFFFFFFFFFFFFFFFFFFFFFFFFFFFFF3E
:20C22000FFFFFFFFFFFFFFFFFFFFFFFFFFFFFFFFFFFFFFFFFFFFFFFFFFFFFFFFFFFFFFFF1E
:20C24000FFFFFFFFFFFFFFFFFFFFFFFFFFFFFFFFFFFFFFFFFFFFFFFFFFFFFFFFFFFFFFFFFE
:20C26000FFFFFFFFFFFFFFFFFFFFFFFFFFFFFFFFFFFFFFFFFFFFFFFFFFFFFFFFFFFFFFFFDE
:20C28000FFFFFFFFFFFFFFFFFFFFFFFFFFFFFFFFFFFFFFFFFFFFFFFFFFFFFFFFFFFFFFFFBE
:20C2A000FFFFFFFFFFFFFFFFFFFFFFFFFFFFFFFFFFFFFFFFFFFFFFFFFFFFFFFFFFFFFFFF9E
:20C2C000FFFFFFFFFFFFFFFFFFFFFFFFFFFFFFFFFFFFFFFFFFFFFFFFFFFFFFFFFFFFFFFF7E
:20C2E000FFFFFFFFFFFFFFFFFFFFFFFFFFFFFFFFFFFFFFFFFFFFFFFFFFFFFFFFFFFFFFFF5E
:20C30000FFFFFFFFFFFFFFFFFFFFFFFFFFFFFFFFFFFFFFFFFFFFFFFFFFFFFFFFFFFFFFFF3D
:20C32000FFFFFFFFFFFFFFFFFFFFFFFFFFFFFFFFFFFFFFFFFFFFFFFFFFFFFFFFFFFFFFFF1D
:20C34000FFFFFFFFFFFFFFFFFFFFFFFFFFFFFFFFFFFFFFFFFFFFFFFFFFFFFFFFFFFFFFFFFD
:20C36000FFFFFFFFFFFFFFFFFFFFFFFFFFFFFFFFFFFFFFFFFFFFFFFFFFFFFFFFFFFFFFFFDD
:20C38000FFFFFFFFFFFFFFFFFFFFFFFFFFFFFFFFFFFFFFFFFFFFFFFFFFFFFFFFFFFFFFFFBD
:20C3A000FFFFFFFFFFFFFFFFFFFFFFFFFFFFFFFFFFFFFFFFFFFFFFFFFFFFFFFFFFFFFFFF9D
:20C3C000FFFFFFFFFFFFFFFFFFFFFFFFFFFFFFFFFFFFFFFFFFFFFFFFFFFFFFFFFFFFFFFF7D
:20C3E000FFFFFFFFFFFFFFFFFFFFFFFFFFFFFFFFFFFFFFFFFFFFFFFFFFFFFFFFFFFFFFFF5D
:20C40000FFFFFFFFFFFFFFFFFFFFFFFFFFFFFFFFFFFFFFFFFFFFFFFFFFFFFFFFFFFFFFFF3C
:20C42000FFFFFFFFFFFFFFFFFFFFFFFFFFFFFFFFFFFFFFFFFFFFFFFFFFFFFFFFFFFFFFFF1C
:20C44000FFFFFFFFFFFFFFFFFFFFFFFFFFFFFFFFFFFFFFFFFFFFFFFFFFFFFFFFFFFFFFFFFC
:20C46000FFFFFFFFFFFFFFFFFFFFFFFFFFFFFFFFFFFFFFFFFFFFFFFFFFFFFFFFFFFFFFFFDC
:20C48000FFFFFFFFFFFFFFFFFFFFFFFFFFFFFFFFFFFFFFFFFFFFFFFFFFFFFFFFFFFFFFFFBC
:20C4A000FFFFFFFFFFFFFFFFFFFFFFFFFFFFFFFFFFFFFFFFFFFFFFFFFFFFFFFFFFFFFFFF9C
:20C4C000FFFFFFFFFFFFFFFFFFFFFFFFFFFFFFFFFFFFFFFFFFFFFFFFFFFFFFFFFFFFFFFF7C
:20C4E000FFFFFFFFFFFFFFFFFFFFFFFFFFFFFFFFFFFFFFFFFFFFFFFFFFFFFFFFFFFFFFFF5C
:20C50000FFFFFFFFFFFFFFFFFFFFFFFFFFFFFFFFFFFFFFFFFFFFFFFFFFFFFFFFFFFFFFFF3B
:20C52000FFFFFFFFFFFFFFFFFFFFFFFFFFFFFFFFFFFFFFFFFFFFFFFFFFFFFFFFFFFFFFFF1B
:20C54000FFFFFFFFFFFFFFFFFFFFFFFFFFFFFFFFFFFFFFFFFFFFFFFFFFFFFFFFFFFFFFFFFB
:20C56000FFFFFFFFFFFFFFFFFFFFFFFFFFFFFFFFFFFFFFFFFFFFFFFFFFFFFFFFFFFFFFFFDB
:20C58000FFFFFFFFFFFFFFFFFFFFFFFFFFFFFFFFFFFFFFFFFFFFFFFFFFFFFFFFFFFFFFFFBB
:20C5A000FFFFFFFFFFFFFFFFFFFFFFFFFFFFFFFFFFFFFFFFFFFFFFFFFFFFFFFFFFFFFFFF9B
:20C5C000FFFFFFFFFFFFFFFFFFFFFFFFFFFFFFFFFFFFFFFFFFFFFFFFFFFFFFFFFFFFFFFF7B
:20C5E000FFFFFFFFFFFFFFFFFFFFFFFFFFFFFFFFFFFFFFFFFFFFFFFFFFFFFFFFFFFFFFFF5B
:20C60000FFFFFFFFFFFFFFFFFFFFFFFFFFFFFFFFFFFFFFFFFFFFFFFFFFFFFFFFFFFFFFFF3A
:20C62000FFFFFFFFFFFFFFFFFFFFFFFFFFFFFFFFFFFFFFFFFFFFFFFFFFFFFFFFFFFFFFFF1A
:20C64000FFFFFFFFFFFFFFFFFFFFFFFFFFFFFFFFFFFFFFFFFFFFFFFFFFFFFFFFFFFFFFFFFA
:20C66000FFFFFFFFFFFFFFFFFFFFFFFFFFFFFFFFFFFFFFFFFFFFFFFFFFFFFFFFFFFFFFFFDA
:20C68000FFFFFFFFFFFFFFFFFFFFFFFFFFFFFFFFFFFFFFFFFFFFFFFFFFFFFFFFFFFFFFFFBA
:20C6A000FFFFFFFFFFFFFFFFFFFFFFFFFFFFFFFFFFFFFFFFFFFFFFFFFFFFFFFFFFFFFFFF9A
:20C6C000FFFFFFFFFFFFFFFFFFFFFFFFFFFFFFFFFFFFFFFFFFFFFFFFFFFFFFFFFFFFFFFF7A
:20C6E000FFFFFFFFFFFFFFFFFFFFFFFFFFFFFFFFFFFFFFFFFFFFFFFFFFFFFFFFFFFFFFFF5A
:20C70000FFFFFFFFFFFFFFFFFFFFFFFFFFFFFFFFFFFFFFFFFFFFFFFFFFFFFFFFFFFFFFFF39
:20C72000FFFFFFFFFFFFFFFFFFFFFFFFFFFFFFFFFFFFFFFFFFFFFFFFFFFFFFFFFFFFFFFF19
:20C74000FFFFFFFFFFFFFFFFFFFFFFFFFFFFFFFFFFFFFFFFFFFFFFFFFFFFFFFFFFFFFFFFF9
:20C76000FFFFFFFFFFFFFFFFFFFFFFFFFFFFFFFFFFFFFFFFFFFFFFFFFFFFFFFFFFFFFFFFD9
:20C78000FFFFFFFFFFFFFFFFFFFFFFFFFFFFFFFFFFFFFFFFFFFFFFFFFFFFFFFFFFFFFFFFB9
:20C7A000FFFFFFFFFFFFFFFFFFFFFFFFFFFFFFFFFFFFFFFFFFFFFFFFFFFFFFFFFFFFFFFF99
:20C7C000FFFFFFFFFFFFFFFFFFFFFFFFFFFFFFFFFFFFFFFFFFFFFFFFFFFFFFFFFFFFFFFF79
:20C7E000FFFFFFFFFFFFFFFFFFFFFFFFFFFFFFFFFFFFFFFFFFFFFFFFFFFFFFFFFFFFFFFF59
:20C80000FFFFFFFFFFFFFFFFFFFFFFFFFFFFFFFFFFFFFFFFFFFFFFFFFFFFFFFFFFFFFFFF38
:20C82000FFFFFFFFFFFFFFFFFFFFFFFFFFFFFFFFFFFFFFFFFFFFFFFFFFFFFFFFFFFFFFFF18
:20C84000FFFFFFFFFFFFFFFFFFFFFFFFFFFFFFFFFFFFFFFFFFFFFFFFFFFFFFFFFFFFFFFFF8
:20C86000FFFFFFFFFFFFFFFFFFFFFFFFFFFFFFFFFFFFFFFFFFFFFFFFFFFFFFFFFFFFFFFFD8
:20C88000FFFFFFFFFFFFFFFFFFFFFFFFFFFFFFFFFFFFFFFFFFFFFFFFFFFFFFFFFFFFFFFFB8
:20C8A000FFFFFFFFFFFFFFFFFFFFFFFFFFFFFFFFFFFFFFFFFFFFFFFFFFFFFFFFFFFFFFFF98
:20C8C000FFFFFFFFFFFFFFFFFFFFFFFFFFFFFFFFFFFFFFFFFFFFFFFFFFFFFFFFFFFFFFFF78
:20C8E000FFFFFFFFFFFFFFFFFFFFFFFFFFFFFFFFFFFFFFFFFFFFFFFFFFFFFFFFFFFFFFFF58
:20C90000FFFFFFFFFFFFFFFFFFFFFFFFFFFFFFFFFFFFFFFFFFFFFFFFFFFFFFFFFFFFFFFF37
:20C92000FFFFFFFFFFFFFFFFFFFFFFFFFFFFFFFFFFFFFFFFFFFFFFFFFFFFFFFFFFFFFFFF17
:20C94000FFFFFFFFFFFFFFFFFFFFFFFFFFFFFFFFFFFFFFFFFFFFFFFFFFFFFFFFFFFFFFFFF7
:20C96000FFFFFFFFFFFFFFFFFFFFFFFFFFFFFFFFFFFFFFFFFFFFFFFFFFFFFFFFFFFFFFFFD7
:20C98000FFFFFFFFFFFFFFFFFFFFFFFFFFFFFFFFFFFFFFFFFFFFFFFFFFFFFFFFFFFFFFFFB7
:20C9A000FFFFFFFFFFFFFFFFFFFFFFFFFFFFFFFFFFFFFFFFFFFFFFFFFFFFFFFFFFFFFFFF97
:20C9C000FFFFFFFFFFFFFFFFFFFFFFFFFFFFFFFFFFFFFFFFFFFFFFFFFFFFFFFFFFFFFFFF77
:20C9E000FFFFFFFFFFFFFFFFFFFFFFFFFFFFFFFFFFFFFFFFFFFFFFFFFFFFFFFFFFFFFFFF57
:20CA0000FFFFFFFFFFFFFFFFFFFFFFFFFFFFFFFFFFFFFFFFFFFFFFFFFFFFFFFFFFFFFFFF36
:20CA2000FFFFFFFFFFFFFFFFFFFFFFFFFFFFFFFFFFFFFFFFFFFFFFFFFFFFFFFFFFFFFFFF16
:20CA4000FFFFFFFFFFFFFFFFFFFFFFFFFFFFFFFFFFFFFFFFFFFFFFFFFFFFFFFFFFFFFFFFF6
:20CA6000FFFFFFFFFFFFFFFFFFFFFFFFFFFFFFFFFFFFFFFFFFFFFFFFFFFFFFFFFFFFFFFFD6
:20CA8000FFFFFFFFFFFFFFFFFFFFFFFFFFFFFFFFFFFFFFFFFFFFFFFFFFFFFFFFFFFFFFFFB6
:20CAA000FFFFFFFFFFFFFFFFFFFFFFFFFFFFFFFFFFFFFFFFFFFFFFFFFFFFFFFFFFFFFFFF96
:20CAC000FFFFFFFFFFFFFFFFFFFFFFFFFFFFFFFFFFFFFFFFFFFFFFFFFFFFFFFFFFFFFFFF76
:20CAE000FFFFFFFFFFFFFFFFFFFFFFFFFFFFFFFFFFFFFFFFFFFFFFFFFFFFFFFFFFFFFFFF56
:20CB0000FFFFFFFFFFFFFFFFFFFFFFFFFFFFFFFFFFFFFFFFFFFFFFFFFFFFFFFFFFFFFFFF35
:20CB2000FFFFFFFFFFFFFFFFFFFFFFFFFFFFFFFFFFFFFFFFFFFFFFFFFFFFFFFFFFFFFFFF15
:20CB4000FFFFFFFFFFFFFFFFFFFFFFFFFFFFFFFFFFFFFFFFFFFFFFFFFFFFFFFFFFFFFFFFF5
:20CB6000FFFFFFFFFFFFFFFFFFFFFFFFFFFFFFFFFFFFFFFFFFFFFFFFFFFFFFFFFFFFFFFFD5
:20CB8000FFFFFFFFFFFFFFFFFFFFFFFFFFFFFFFFFFFFFFFFFFFFFFFFFFFFFFFFFFFFFFFFB5
:20CBA000FFFFFFFFFFFFFFFFFFFFFFFFFFFFFFFFFFFFFFFFFFFFFFFFFFFFFFFFFFFFFFFF95
:20CBC000FFFFFFFFFFFFFFFFFFFFFFFFFFFFFFFFFFFFFFFFFFFFFFFFFFFFFFFFFFFFFFFF75
:20CBE000FFFFFFFFFFFFFFFFFFFFFFFFFFFFFFFFFFFFFFFFFFFFFFFFFFFFFFFFFFFFFFFF55
:20CC0000FFFFFFFFFFFFFFFFFFFFFFFFFFFFFFFFFFFFFFFFFFFFFFFFFFFFFFFFFFFFFFFF34
:20CC2000FFFFFFFFFFFFFFFFFFFFFFFFFFFFFFFFFFFFFFFFFFFFFFFFFFFFFFFFFFFFFFFF14
:20CC4000FFFFFFFFFFFFFFFFFFFFFFFFFFFFFFFFFFFFFFFFFFFFFFFFFFFFFFFFFFFFFFFFF4
:20CC6000FFFFFFFFFFFFFFFFFFFFFFFFFFFFFFFFFFFFFFFFFFFFFFFFFFFFFFFFFFFFFFFFD4
:20CC8000FFFFFFFFFFFFFFFFFFFFFFFFFFFFFFFFFFFFFFFFFFFFFFFFFFFFFFFFFFFFFFFFB4
:20CCA000FFFFFFFFFFFFFFFFFFFFFFFFFFFFFFFFFFFFFFFFFFFFFFFFFFFFFFFFFFFFFFFF94
:20CCC000FFFFFFFFFFFFFFFFFFFFFFFFFFFFFFFFFFFFFFFFFFFFFFFFFFFFFFFFFFFFFFFF74
:20CCE000FFFFFFFFFFFFFFFFFFFFFFFFFFFFFFFFFFFFFFFFFFFFFFFFFFFFFFFFFFFFFFFF54
:20CD0000FFFFFFFFFFFFFFFFFFFFFFFFFFFFFFFFFFFFFFFFFFFFFFFFFFFFFFFFFFFFFFFF33
:20CD2000FFFFFFFFFFFFFFFFFFFFFFFFFFFFFFFFFFFFFFFFFFFFFFFFFFFFFFFFFFFFFFFF13
:20CD4000FFFFFFFFFFFFFFFFFFFFFFFFFFFFFFFFFFFFFFFFFFFFFFFFFFFFFFFFFFFFFFFFF3
:20CD6000FFFFFFFFFFFFFFFFFFFFFFFFFFFFFFFFFFFFFFFFFFFFFFFFFFFFFFFFFFFFFFFFD3
:20CD8000FFFFFFFFFFFFFFFFFFFFFFFFFFFFFFFFFFFFFFFFFFFFFFFFFFFFFFFFFFFFFFFFB3
:20CDA000FFFFFFFFFFFFFFFFFFFFFFFFFFFFFFFFFFFFFFFFFFFFFFFFFFFFFFFFFFFFFFFF93
:20CDC000FFFFFFFFFFFFFFFFFFFFFFFFFFFFFFFFFFFFFFFFFFFFFFFFFFFFFFFFFFFFFFFF73
:20CDE000FFFFFFFFFFFFFFFFFFFFFFFFFFFFFFFFFFFFFFFFFFFFFFFFFFFFFFFFFFFFFFFF53
:20CE0000FFFFFFFFFFFFFFFFFFFFFFFFFFFFFFFFFFFFFFFFFFFFFFFFFFFFFFFFFFFFFFFF32
:20CE2000FFFFFFFFFFFFFFFFFFFFFFFFFFFFFFFFFFFFFFFFFFFFFFFFFFFFFFFFFFFFFFFF12
:20CE4000FFFFFFFFFFFFFFFFFFFFFFFFFFFFFFFFFFFFFFFFFFFFFFFFFFFFFFFFFFFFFFFFF2
:20CE6000FFFFFFFFFFFFFFFFFFFFFFFFFFFFFFFFFFFFFFFFFFFFFFFFFFFFFFFFFFFFFFFFD2
:20CE8000FFFFFFFFFFFFFFFFFFFFFFFFFFFFFFFFFFFFFFFFFFFFFFFFFFFFFFFFFFFFFFFFB2
:20CEA000FFFFFFFFFFFFFFFFFFFFFFFFFFFFFFFFFFFFFFFFFFFFFFFFFFFFFFFFFFFFFFFF92
:20CEC000FFFFFFFFFFFFFFFFFFFFFFFFFFFFFFFFFFFFFFFFFFFFFFFFFFFFFFFFFFFFFFFF72
:20CEE000FFFFFFFFFFFFFFFFFFFFFFFFFFFFFFFFFFFFFFFFFFFFFFFFFFFFFFFFFFFFFFFF52
:20CF0000FFFFFFFFFFFFFFFFFFFFFFFFFFFFFFFFFFFFFFFFFFFFFFFFFFFFFFFFFFFFFFFF31
:20CF2000FFFFFFFFFFFFFFFFFFFFFFFFFFFFFFFFFFFFFFFFFFFFFFFFFFFFFFFFFFFFFFFF11
:20CF4000FFFFFFFFFFFFFFFFFFFFFFFFFFFFFFFFFFFFFFFFFFFFFFFFFFFFFFFFFFFFFFFFF1
:20CF6000FFFFFFFFFFFFFFFFFFFFFFFFFFFFFFFFFFFFFFFFFFFFFFFFFFFFFFFFFFFFFFFFD1
:20CF8000FFFFFFFFFFFFFFFFFFFFFFFFFFFFFFFFFFFFFFFFFFFFFFFFFFFFFFFFFFFFFFFFB1
:20CFA000FFFFFFFFFFFFFFFFFFFFFFFFFFFFFFFFFFFFFFFFFFFFFFFFFFFFFFFFFFFFFFFF91
:20CFC000FFFFFFFFFFFFFFFFFFFFFFFFFFFFFFFFFFFFFFFFFFFFFFFFFFFFFFFFFFFFFFFF71
:20CFE000FFFFFFFFFFFFFFFFFFFFFFFFFFFFFFFFFFFFFFFFFFFFFFFFFFFFFFFFFFFFFFFF51
:20D00000FFFFFFFFFFFFFFFFFFFFFFFFFFFFFFFFFFFFFFFFFFFFFFFFFFFFFFFFFFFFFFFF30
:20D02000FFFFFFFFFFFFFFFFFFFFFFFFFFFFFFFFFFFFFFFFFFFFFFFFFFFFFFFFFFFFFFFF10
:20D04000FFFFFFFFFFFFFFFFFFFFFFFFFFFFFFFFFFFFFFFFFFFFFFFFFFFFFFFFFFFFFFFFF0
:20D06000FFFFFFFFFFFFFFFFFFFFFFFFFFFFFFFFFFFFFFFFFFFFFFFFFFFFFFFFFFFFFFFFD0
:20D08000FFFFFFFFFFFFFFFFFFFFFFFFFFFFFFFFFFFFFFFFFFFFFFFFFFFFFFFFFFFFFFFFB0
:20D0A000FFFFFFFFFFFFFFFFFFFFFFFFFFFFFFFFFFFFFFFFFFFFFFFFFFFFFFFFFFFFFFFF90
:20D0C000FFFFFFFFFFFFFFFFFFFFFFFFFFFFFFFFFFFFFFFFFFFFFFFFFFFFFFFFFFFFFFFF70
:20D0E000FFFFFFFFFFFFFFFFFFFFFFFFFFFFFFFFFFFFFFFFFFFFFFFFFFFFFFFFFFFFFFFF50
:20D10000FFFFFFFFFFFFFFFFFFFFFFFFFFFFFFFFFFFFFFFFFFFFFFFFFFFFFFFFFFFFFFFF2F
:20D12000FFFFFFFFFFFFFFFFFFFFFFFFFFFFFFFFFFFFFFFFFFFFFFFFFFFFFFFFFFFFFFFF0F
:20D14000FFFFFFFFFFFFFFFFFFFFFFFFFFFFFFFFFFFFFFFFFFFFFFFFFFFFFFFFFFFFFFFFEF
:20D16000FFFFFFFFFFFFFFFFFFFFFFFFFFFFFFFFFFFFFFFFFFFFFFFFFFFFFFFFFFFFFFFFCF
:20D18000FFFFFFFFFFFFFFFFFFFFFFFFFFFFFFFFFFFFFFFFFFFFFFFFFFFFFFFFFFFFFFFFAF
:20D1A000FFFFFFFFFFFFFFFFFFFFFFFFFFFFFFFFFFFFFFFFFFFFFFFFFFFFFFFFFFFFFFFF8F
:20D1C000FFFFFFFFFFFFFFFFFFFFFFFFFFFFFFFFFFFFFFFFFFFFFFFFFFFFFFFFFFFFFFFF6F
:20D1E000FFFFFFFFFFFFFFFFFFFFFFFFFFFFFFFFFFFFFFFFFFFFFFFFFFFFFFFFFFFFFFFF4F
:20D20000FFFFFFFFFFFFFFFFFFFFFFFFFFFFFFFFFFFFFFFFFFFFFFFFFFFFFFFFFFFFFFFF2E
:20D22000FFFFFFFFFFFFFFFFFFFFFFFFFFFFFFFFFFFFFFFFFFFFFFFFFFFFFFFFFFFFFFFF0E
:20D24000FFFFFFFFFFFFFFFFFFFFFFFFFFFFFFFFFFFFFFFFFFFFFFFFFFFFFFFFFFFFFFFFEE
:20D26000FFFFFFFFFFFFFFFFFFFFFFFFFFFFFFFFFFFFFFFFFFFFFFFFFFFFFFFFFFFFFFFFCE
:20D28000FFFFFFFFFFFFFFFFFFFFFFFFFFFFFFFFFFFFFFFFFFFFFFFFFFFFFFFFFFFFFFFFAE
:20D2A000FFFFFFFFFFFFFFFFFFFFFFFFFFFFFFFFFFFFFFFFFFFFFFFFFFFFFFFFFFFFFFFF8E
:20D2C000FFFFFFFFFFFFFFFFFFFFFFFFFFFFFFFFFFFFFFFFFFFFFFFFFFFFFFFFFFFFFFFF6E
:20D2E000FFFFFFFFFFFFFFFFFFFFFFFFFFFFFFFFFFFFFFFFFFFFFFFFFFFFFFFFFFFFFFFF4E
:20D30000FFFFFFFFFFFFFFFFFFFFFFFFFFFFFFFFFFFFFFFFFFFFFFFFFFFFFFFFFFFFFFFF2D
:20D32000FFFFFFFFFFFFFFFFFFFFFFFFFFFFFFFFFFFFFFFFFFFFFFFFFFFFFFFFFFFFFFFF0D
:20D34000FFFFFFFFFFFFFFFFFFFFFFFFFFFFFFFFFFFFFFFFFFFFFFFFFFFFFFFFFFFFFFFFED
:20D36000FFFFFFFFFFFFFFFFFFFFFFFFFFFFFFFFFFFFFFFFFFFFFFFFFFFFFFFFFFFFFFFFCD
:20D38000FFFFFFFFFFFFFFFFFFFFFFFFFFFFFFFFFFFFFFFFFFFFFFFFFFFFFFFFFFFFFFFFAD
:20D3A000FFFFFFFFFFFFFFFFFFFFFFFFFFFFFFFFFFFFFFFFFFFFFFFFFFFFFFFFFFFFFFFF8D
:20D3C000FFFFFFFFFFFFFFFFFFFFFFFFFFFFFFFFFFFFFFFFFFFFFFFFFFFFFFFFFFFFFFFF6D
:20D3E000FFFFFFFFFFFFFFFFFFFFFFFFFFFFFFFFFFFFFFFFFFFFFFFFFFFFFFFFFFFFFFFF4D
:20D40000FFFFFFFFFFFFFFFFFFFFFFFFFFFFFFFFFFFFFFFFFFFFFFFFFFFFFFFFFFFFFFFF2C
:20D42000FFFFFFFFFFFFFFFFFFFFFFFFFFFFFFFFFFFFFFFFFFFFFFFFFFFFFFFFFFFFFFFF0C
:20D44000FFFFFFFFFFFFFFFFFFFFFFFFFFFFFFFFFFFFFFFFFFFFFFFFFFFFFFFFFFFFFFFFEC
:20D46000FFFFFFFFFFFFFFFFFFFFFFFFFFFFFFFFFFFFFFFFFFFFFFFFFFFFFFFFFFFFFFFFCC
:20D48000FFFFFFFFFFFFFFFFFFFFFFFFFFFFFFFFFFFFFFFFFFFFFFFFFFFFFFFFFFFFFFFFAC
:20D4A000FFFFFFFFFFFFFFFFFFFFFFFFFFFFFFFFFFFFFFFFFFFFFFFFFFFFFFFFFFFFFFFF8C
:20D4C000FFFFFFFFFFFFFFFFFFFFFFFFFFFFFFFFFFFFFFFFFFFFFFFFFFFFFFFFFFFFFFFF6C
:20D4E000FFFFFFFFFFFFFFFFFFFFFFFFFFFFFFFFFFFFFFFFFFFFFFFFFFFFFFFFFFFFFFFF4C
:20D50000FFFFFFFFFFFFFFFFFFFFFFFFFFFFFFFFFFFFFFFFFFFFFFFFFFFFFFFFFFFFFFFF2B
:20D52000FFFFFFFFFFFFFFFFFFFFFFFFFFFFFFFFFFFFFFFFFFFFFFFFFFFFFFFFFFFFFFFF0B
:20D54000FFFFFFFFFFFFFFFFFFFFFFFFFFFFFFFFFFFFFFFFFFFFFFFFFFFFFFFFFFFFFFFFEB
:20D56000FFFFFFFFFFFFFFFFFFFFFFFFFFFFFFFFFFFFFFFFFFFFFFFFFFFFFFFFFFFFFFFFCB
:20D58000FFFFFFFFFFFFFFFFFFFFFFFFFFFFFFFFFFFFFFFFFFFFFFFFFFFFFFFFFFFFFFFFAB
:20D5A000FFFFFFFFFFFFFFFFFFFFFFFFFFFFFFFFFFFFFFFFFFFFFFFFFFFFFFFFFFFFFFFF8B
:20D5C000FFFFFFFFFFFFFFFFFFFFFFFFFFFFFFFFFFFFFFFFFFFFFFFFFFFFFFFFFFFFFFFF6B
:20D5E000FFFFFFFFFFFFFFFFFFFFFFFFFFFFFFFFFFFFFFFFFFFFFFFFFFFFFFFFFFFFFFFF4B
:20D60000FFFFFFFFFFFFFFFFFFFFFFFFFFFFFFFFFFFFFFFFFFFFFFFFFFFFFFFFFFFFFFFF2A
:20D62000FFFFFFFFFFFFFFFFFFFFFFFFFFFFFFFFFFFFFFFFFFFFFFFFFFFFFFFFFFFFFFFF0A
:20D64000FFFFFFFFFFFFFFFFFFFFFFFFFFFFFFFFFFFFFFFFFFFFFFFFFFFFFFFFFFFFFFFFEA
:20D66000FFFFFFFFFFFFFFFFFFFFFFFFFFFFFFFFFFFFFFFFFFFFFFFFFFFFFFFFFFFFFFFFCA
:20D68000FFFFFFFFFFFFFFFFFFFFFFFFFFFFFFFFFFFFFFFFFFFFFFFFFFFFFFFFFFFFFFFFAA
:20D6A000FFFFFFFFFFFFFFFFFFFFFFFFFFFFFFFFFFFFFFFFFFFFFFFFFFFFFFFFFFFFFFFF8A
:20D6C000FFFFFFFFFFFFFFFFFFFFFFFFFFFFFFFFFFFFFFFFFFFFFFFFFFFFFFFFFFFFFFFF6A
:20D6E000FFFFFFFFFFFFFFFFFFFFFFFFFFFFFFFFFFFFFFFFFFFFFFFFFFFFFFFFFFFFFFFF4A
:20D70000FFFFFFFFFFFFFFFFFFFFFFFFFFFFFFFFFFFFFFFFFFFFFFFFFFFFFFFFFFFFFFFF29
:20D72000FFFFFFFFFFFFFFFFFFFFFFFFFFFFFFFFFFFFFFFFFFFFFFFFFFFFFFFFFFFFFFFF09
:20D74000FFFFFFFFFFFFFFFFFFFFFFFFFFFFFFFFFFFFFFFFFFFFFFFFFFFFFFFFFFFFFFFFE9
:20D76000FFFFFFFFFFFFFFFFFFFFFFFFFFFFFFFFFFFFFFFFFFFFFFFFFFFFFFFFFFFFFFFFC9
:20D78000FFFFFFFFFFFFFFFFFFFFFFFFFFFFFFFFFFFFFFFFFFFFFFFFFFFFFFFFFFFFFFFFA9
:20D7A000FFFFFFFFFFFFFFFFFFFFFFFFFFFFFFFFFFFFFFFFFFFFFFFFFFFFFFFFFFFFFFFF89
:20D7C000FFFFFFFFFFFFFFFFFFFFFFFFFFFFFFFFFFFFFFFFFFFFFFFFFFFFFFFFFFFFFFFF69
:20D7E000FFFFFFFFFFFFFFFFFFFFFFFFFFFFFFFFFFFFFFFFFFFFFFFFFFFFFFFFFFFFFFFF49
:20D80000FFFFFFFFFFFFFFFFFFFFFFFFFFFFFFFFFFFFFFFFFFFFFFFFFFFFFFFFFFFFFFFF28
:20D82000FFFFFFFFFFFFFFFFFFFFFFFFFFFFFFFFFFFFFFFFFFFFFFFFFFFFFFFFFFFFFFFF08
:20D84000FFFFFFFFFFFFFFFFFFFFFFFFFFFFFFFFFFFFFFFFFFFFFFFFFFFFFFFFFFFFFFFFE8
:20D86000FFFFFFFFFFFFFFFFFFFFFFFFFFFFFFFFFFFFFFFFFFFFFFFFFFFFFFFFFFFFFFFFC8
:20D88000FFFFFFFFFFFFFFFFFFFFFFFFFFFFFFFFFFFFFFFFFFFFFFFFFFFFFFFFFFFFFFFFA8
:20D8A000FFFFFFFFFFFFFFFFFFFFFFFFFFFFFFFFFFFFFFFFFFFFFFFFFFFFFFFFFFFFFFFF88
:20D8C000FFFFFFFFFFFFFFFFFFFFFFFFFFFFFFFFFFFFFFFFFFFFFFFFFFFFFFFFFFFFFFFF68
:20D8E000FFFFFFFFFFFFFFFFFFFFFFFFFFFFFFFFFFFFFFFFFFFFFFFFFFFFFFFFFFFFFFFF48
:20D90000FFFFFFFFFFFFFFFFFFFFFFFFFFFFFFFFFFFFFFFFFFFFFFFFFFFFFFFFFFFFFFFF27
:20D92000FFFFFFFFFFFFFFFFFFFFFFFFFFFFFFFFFFFFFFFFFFFFFFFFFFFFFFFFFFFFFFFF07
:20D94000FFFFFFFFFFFFFFFFFFFFFFFFFFFFFFFFFFFFFFFFFFFFFFFFFFFFFFFFFFFFFFFFE7
:20D96000FFFFFFFFFFFFFFFFFFFFFFFFFFFFFFFFFFFFFFFFFFFFFFFFFFFFFFFFFFFFFFFFC7
:20D98000FFFFFFFFFFFFFFFFFFFFFFFFFFFFFFFFFFFFFFFFFFFFFFFFFFFFFFFFFFFFFFFFA7
:20D9A000FFFFFFFFFFFFFFFFFFFFFFFFFFFFFFFFFFFFFFFFFFFFFFFFFFFFFFFFFFFFFFFF87
:20D9C000FFFFFFFFFFFFFFFFFFFFFFFFFFFFFFFFFFFFFFFFFFFFFFFFFFFFFFFFFFFFFFFF67
:20D9E000FFFFFFFFFFFFFFFFFFFFFFFFFFFFFFFFFFFFFFFFFFFFFFFFFFFFFFFFFFFFFFFF47
:20DA0000FFFFFFFFFFFFFFFFFFFFFFFFFFFFFFFFFFFFFFFFFFFFFFFFFFFFFFFFFFFFFFFF26
:20DA2000FFFFFFFFFFFFFFFFFFFFFFFFFFFFFFFFFFFFFFFFFFFFFFFFFFFFFFFFFFFFFFFF06
:20DA4000FFFFFFFFFFFFFFFFFFFFFFFFFFFFFFFFFFFFFFFFFFFFFFFFFFFFFFFFFFFFFFFFE6
:20DA6000FFFFFFFFFFFFFFFFFFFFFFFFFFFFFFFFFFFFFFFFFFFFFFFFFFFFFFFFFFFFFFFFC6
:20DA8000FFFFFFFFFFFFFFFFFFFFFFFFFFFFFFFFFFFFFFFFFFFFFFFFFFFFFFFFFFFFFFFFA6
:20DAA000FFFFFFFFFFFFFFFFFFFFFFFFFFFFFFFFFFFFFFFFFFFFFFFFFFFFFFFFFFFFFFFF86
:20DAC000FFFFFFFFFFFFFFFFFFFFFFFFFFFFFFFFFFFFFFFFFFFFFFFFFFFFFFFFFFFFFFFF66
:20DAE000FFFFFFFFFFFFFFFFFFFFFFFFFFFFFFFFFFFFFFFFFFFFFFFFFFFFFFFFFFFFFFFF46
:20DB0000FFFFFFFFFFFFFFFFFFFFFFFFFFFFFFFFFFFFFFFFFFFFFFFFFFFFFFFFFFFFFFFF25
:20DB2000FFFFFFFFFFFFFFFFFFFFFFFFFFFFFFFFFFFFFFFFFFFFFFFFFFFFFFFFFFFFFFFF05
:20DB4000FFFFFFFFFFFFFFFFFFFFFFFFFFFFFFFFFFFFFFFFFFFFFFFFFFFFFFFFFFFFFFFFE5
:20DB6000FFFFFFFFFFFFFFFFFFFFFFFFFFFFFFFFFFFFFFFFFFFFFFFFFFFFFFFFFFFFFFFFC5
:20DB8000FFFFFFFFFFFFFFFFFFFFFFFFFFFFFFFFFFFFFFFFFFFFFFFFFFFFFFFFFFFFFFFFA5
:20DBA000FFFFFFFFFFFFFFFFFFFFFFFFFFFFFFFFFFFFFFFFFFFFFFFFFFFFFFFFFFFFFFFF85
:20DBC000FFFFFFFFFFFFFFFFFFFFFFFFFFFFFFFFFFFFFFFFFFFFFFFFFFFFFFFFFFFFFFFF65
:20DBE000FFFFFFFFFFFFFFFFFFFFFFFFFFFFFFFFFFFFFFFFFFFFFFFFFFFFFFFFFFFFFFFF45
:20DC0000FFFFFFFFFFFFFFFFFFFFFFFFFFFFFFFFFFFFFFFFFFFFFFFFFFFFFFFFFFFFFFFF24
:20DC2000FFFFFFFFFFFFFFFFFFFFFFFFFFFFFFFFFFFFFFFFFFFFFFFFFFFFFFFFFFFFFFFF04
:20DC4000FFFFFFFFFFFFFFFFFFFFFFFFFFFFFFFFFFFFFFFFFFFFFFFFFFFFFFFFFFFFFFFFE4
:20DC6000FFFFFFFFFFFFFFFFFFFFFFFFFFFFFFFFFFFFFFFFFFFFFFFFFFFFFFFFFFFFFFFFC4
:20DC8000FFFFFFFFFFFFFFFFFFFFFFFFFFFFFFFFFFFFFFFFFFFFFFFFFFFFFFFFFFFFFFFFA4
:20DCA000FFFFFFFFFFFFFFFFFFFFFFFFFFFFFFFFFFFFFFFFFFFFFFFFFFFFFFFFFFFFFFFF84
:20DCC000FFFFFFFFFFFFFFFFFFFFFFFFFFFFFFFFFFFFFFFFFFFFFFFFFFFFFFFFFFFFFFFF64
:20DCE000FFFFFFFFFFFFFFFFFFFFFFFFFFFFFFFFFFFFFFFFFFFFFFFFFFFFFFFFFFFFFFFF44
:20DD0000FFFFFFFFFFFFFFFFFFFFFFFFFFFFFFFFFFFFFFFFFFFFFFFFFFFFFFFFFFFFFFFF23
:20DD2000FFFFFFFFFFFFFFFFFFFFFFFFFFFFFFFFFFFFFFFFFFFFFFFFFFFFFFFFFFFFFFFF03
:20DD4000FFFFFFFFFFFFFFFFFFFFFFFFFFFFFFFFFFFFFFFFFFFFFFFFFFFFFFFFFFFFFFFFE3
:20DD6000FFFFFFFFFFFFFFFFFFFFFFFFFFFFFFFFFFFFFFFFFFFFFFFFFFFFFFFFFFFFFFFFC3
:20DD8000FFFFFFFFFFFFFFFFFFFFFFFFFFFFFFFFFFFFFFFFFFFFFFFFFFFFFFFFFFFFFFFFA3
:20DDA000FFFFFFFFFFFFFFFFFFFFFFFFFFFFFFFFFFFFFFFFFFFFFFFFFFFFFFFFFFFFFFFF83
:20DDC000FFFFFFFFFFFFFFFFFFFFFFFFFFFFFFFFFFFFFFFFFFFFFFFFFFFFFFFFFFFFFFFF63
:20DDE000FFFFFFFFFFFFFFFFFFFFFFFFFFFFFFFFFFFFFFFFFFFFFFFFFFFFFFFFFFFFFFFF43
:20DE0000FFFFFFFFFFFFFFFFFFFFFFFFFFFFFFFFFFFFFFFFFFFFFFFFFFFFFFFFFFFFFFFF22
:20DE2000FFFFFFFFFFFFFFFFFFFFFFFFFFFFFFFFFFFFFFFFFFFFFFFFFFFFFFFFFFFFFFFF02
:20DE4000FFFFFFFFFFFFFFFFFFFFFFFFFFFFFFFFFFFFFFFFFFFFFFFFFFFFFFFFFFFFFFFFE2
:20DE6000FFFFFFFFFFFFFFFFFFFFFFFFFFFFFFFFFFFFFFFFFFFFFFFFFFFFFFFFFFFFFFFFC2
:20DE8000FFFFFFFFFFFFFFFFFFFFFFFFFFFFFFFFFFFFFFFFFFFFFFFFFFFFFFFFFFFFFFFFA2
:20DEA000FFFFFFFFFFFFFFFFFFFFFFFFFFFFFFFFFFFFFFFFFFFFFFFFFFFFFFFFFFFFFFFF82
:20DEC000FFFFFFFFFFFFFFFFFFFFFFFFFFFFFFFFFFFFFFFFFFFFFFFFFFFFFFFFFFFFFFFF62
:20DEE000FFFFFFFFFFFFFFFFFFFFFFFFFFFFFFFFFFFFFFFFFFFFFFFFFFFFFFFFFFFFFFFF42
:20DF0000FFFFFFFFFFFFFFFFFFFFFFFFFFFFFFFFFFFFFFFFFFFFFFFFFFFFFFFFFFFFFFFF21
:20DF2000FFFFFFFFFFFFFFFFFFFFFFFFFFFFFFFFFFFFFFFFFFFFFFFFFFFFFFFFFFFFFFFF01
:20DF4000FFFFFFFFFFFFFFFFFFFFFFFFFFFFFFFFFFFFFFFFFFFFFFFFFFFFFFFFFFFFFFFFE1
:20DF6000FFFFFFFFFFFFFFFFFFFFFFFFFFFFFFFFFFFFFFFFFFFFFFFFFFFFFFFFFFFFFFFFC1
:20DF8000FFFFFFFFFFFFFFFFFFFFFFFFFFFFFFFFFFFFFFFFFFFFFFFFFFFFFFFFFFFFFFFFA1
:20DFA000FFFFFFFFFFFFFFFFFFFFFFFFFFFFFFFFFFFFFFFFFFFFFFFFFFFFFFFFFFFFFFFF81
:20DFC000FFFFFFFFFFFFFFFFFFFFFFFFFFFFFFFFFFFFFFFFFFFFFFFFFFFFFFFFFFFFFFFF61
:20DFE000FFFFFFFFFFFFFFFFFFFFFFFFFFFFFFFFFFFFFFFFFFFFFFFFFFFFFFFFFFFFFFFF41
:20E00000FFFFFFFFFFFFFFFFFFFFFFFFFFFFFFFFFFFFFFFFFFFFFFFFFFFFFFFFFFFFFFFF20
:20E02000FFFFFFFFFFFFFFFFFFFFFFFFFFFFFFFFFFFFFFFFFFFFFFFFFFFFFFFFFFFFFFFF00
:20E04000FFFFFFFFFFFFFFFFFFFFFFFFFFFFFFFFFFFFFFFFFFFFFFFFFFFFFFFFFFFFFFFFE0
:20E06000FFFFFFFFFFFFFFFFFFFFFFFFFFFFFFFFFFFFFFFFFFFFFFFFFFFFFFFFFFFFFFFFC0
:20E08000FFFFFFFFFFFFFFFFFFFFFFFFFFFFFFFFFFFFFFFFFFFFFFFFFFFFFFFFFFFFFFFFA0
:20E0A000FFFFFFFFFFFFFFFFFFFFFFFFFFFFFFFFFFFFFFFFFFFFFFFFFFFFFFFFFFFFFFFF80
:20E0C000FFFFFFFFFFFFFFFFFFFFFFFFFFFFFFFFFFFFFFFFFFFFFFFFFFFFFFFFFFFFFFFF60
:20E0E000FFFFFFFFFFFFFFFFFFFFFFFFFFFFFFFFFFFFFFFFFFFFFFFFFFFFFFFFFFFFFFFF40
:20E10000FFFFFFFFFFFFFFFFFFFFFFFFFFFFFFFFFFFFFFFFFFFFFFFFFFFFFFFFFFFFFFFF1F
:20E12000FFFFFFFFFFFFFFFFFFFFFFFFFFFFFFFFFFFFFFFFFFFFFFFFFFFFFFFFFFFFFFFFFF
:20E14000FFFFFFFFFFFFFFFFFFFFFFFFFFFFFFFFFFFFFFFFFFFFFFFFFFFFFFFFFFFFFFFFDF
:20E16000FFFFFFFFFFFFFFFFFFFFFFFFFFFFFFFFFFFFFFFFFFFFFFFFFFFFFFFFFFFFFFFFBF
:20E18000FFFFFFFFFFFFFFFFFFFFFFFFFFFFFFFFFFFFFFFFFFFFFFFFFFFFFFFFFFFFFFFF9F
:20E1A000FFFFFFFFFFFFFFFFFFFFFFFFFFFFFFFFFFFFFFFFFFFFFFFFFFFFFFFFFFFFFFFF7F
:20E1C000FFFFFFFFFFFFFFFFFFFFFFFFFFFFFFFFFFFFFFFFFFFFFFFFFFFFFFFFFFFFFFFF5F
:20E1E000FFFFFFFFFFFFFFFFFFFFFFFFFFFFFFFFFFFFFFFFFFFFFFFFFFFFFFFFFFFFFFFF3F
:20E20000FFFFFFFFFFFFFFFFFFFFFFFFFFFFFFFFFFFFFFFFFFFFFFFFFFFFFFFFFFFFFFFF1E
:20E22000FFFFFFFFFFFFFFFFFFFFFFFFFFFFFFFFFFFFFFFFFFFFFFFFFFFFFFFFFFFFFFFFFE
:20E24000FFFFFFFFFFFFFFFFFFFFFFFFFFFFFFFFFFFFFFFFFFFFFFFFFFFFFFFFFFFFFFFFDE
:20E26000FFFFFFFFFFFFFFFFFFFFFFFFFFFFFFFFFFFFFFFFFFFFFFFFFFFFFFFFFFFFFFFFBE
:20E28000FFFFFFFFFFFFFFFFFFFFFFFFFFFFFFFFFFFFFFFFFFFFFFFFFFFFFFFFFFFFFFFF9E
:20E2A000FFFFFFFFFFFFFFFFFFFFFFFFFFFFFFFFFFFFFFFFFFFFFFFFFFFFFFFFFFFFFFFF7E
:20E2C000FFFFFFFFFFFFFFFFFFFFFFFFFFFFFFFFFFFFFFFFFFFFFFFFFFFFFFFFFFFFFFFF5E
:20E2E000FFFFFFFFFFFFFFFFFFFFFFFFFFFFFFFFFFFFFFFFFFFFFFFFFFFFFFFFFFFFFFFF3E
:20E30000FFFFFFFFFFFFFFFFFFFFFFFFFFFFFFFFFFFFFFFFFFFFFFFFFFFFFFFFFFFFFFFF1D
:20E32000FFFFFFFFFFFFFFFFFFFFFFFFFFFFFFFFFFFFFFFFFFFFFFFFFFFFFFFFFFFFFFFFFD
:20E34000FFFFFFFFFFFFFFFFFFFFFFFFFFFFFFFFFFFFFFFFFFFFFFFFFFFFFFFFFFFFFFFFDD
:20E36000FFFFFFFFFFFFFFFFFFFFFFFFFFFFFFFFFFFFFFFFFFFFFFFFFFFFFFFFFFFFFFFFBD
:20E38000FFFFFFFFFFFFFFFFFFFFFFFFFFFFFFFFFFFFFFFFFFFFFFFFFFFFFFFFFFFFFFFF9D
:20E3A000FFFFFFFFFFFFFFFFFFFFFFFFFFFFFFFFFFFFFFFFFFFFFFFFFFFFFFFFFFFFFFFF7D
:20E3C000FFFFFFFFFFFFFFFFFFFFFFFFFFFFFFFFFFFFFFFFFFFFFFFFFFFFFFFFFFFFFFFF5D
:20E3E000FFFFFFFFFFFFFFFFFFFFFFFFFFFFFFFFFFFFFFFFFFFFFFFFFFFFFFFFFFFFFFFF3D
:20E40000FFFFFFFFFFFFFFFFFFFFFFFFFFFFFFFFFFFFFFFFFFFFFFFFFFFFFFFFFFFFFFFF1C
:20E42000FFFFFFFFFFFFFFFFFFFFFFFFFFFFFFFFFFFFFFFFFFFFFFFFFFFFFFFFFFFFFFFFFC
:20E44000FFFFFFFFFFFFFFFFFFFFFFFFFFFFFFFFFFFFFFFFFFFFFFFFFFFFFFFFFFFFFFFFDC
:20E46000FFFFFFFFFFFFFFFFFFFFFFFFFFFFFFFFFFFFFFFFFFFFFFFFFFFFFFFFFFFFFFFFBC
:20E48000FFFFFFFFFFFFFFFFFFFFFFFFFFFFFFFFFFFFFFFFFFFFFFFFFFFFFFFFFFFFFFFF9C
:20E4A000FFFFFFFFFFFFFFFFFFFFFFFFFFFFFFFFFFFFFFFFFFFFFFFFFFFFFFFFFFFFFFFF7C
:20E4C000FFFFFFFFFFFFFFFFFFFFFFFFFFFFFFFFFFFFFFFFFFFFFFFFFFFFFFFFFFFFFFFF5C
:20E4E000FFFFFFFFFFFFFFFFFFFFFFFFFFFFFFFFFFFFFFFFFFFFFFFFFFFFFFFFFFFFFFFF3C
:20E50000FFFFFFFFFFFFFFFFFFFFFFFFFFFFFFFFFFFFFFFFFFFFFFFFFFFFFFFFFFFFFFFF1B
:20E52000FFFFFFFFFFFFFFFFFFFFFFFFFFFFFFFFFFFFFFFFFFFFFFFFFFFFFFFFFFFFFFFFFB
:20E54000FFFFFFFFFFFFFFFFFFFFFFFFFFFFFFFFFFFFFFFFFFFFFFFFFFFFFFFFFFFFFFFFDB
:20E56000FFFFFFFFFFFFFFFFFFFFFFFFFFFFFFFFFFFFFFFFFFFFFFFFFFFFFFFFFFFFFFFFBB
:20E58000FFFFFFFFFFFFFFFFFFFFFFFFFFFFFFFFFFFFFFFFFFFFFFFFFFFFFFFFFFFFFFFF9B
:20E5A000FFFFFFFFFFFFFFFFFFFFFFFFFFFFFFFFFFFFFFFFFFFFFFFFFFFFFFFFFFFFFFFF7B
:20E5C000FFFFFFFFFFFFFFFFFFFFFFFFFFFFFFFFFFFFFFFFFFFFFFFFFFFFFFFFFFFFFFFF5B
:20E5E000FFFFFFFFFFFFFFFFFFFFFFFFFFFFFFFFFFFFFFFFFFFFFFFFFFFFFFFFFFFFFFFF3B
:20E60000FFFFFFFFFFFFFFFFFFFFFFFFFFFFFFFFFFFFFFFFFFFFFFFFFFFFFFFFFFFFFFFF1A
:20E62000FFFFFFFFFFFFFFFFFFFFFFFFFFFFFFFFFFFFFFFFFFFFFFFFFFFFFFFFFFFFFFFFFA
:20E64000FFFFFFFFFFFFFFFFFFFFFFFFFFFFFFFFFFFFFFFFFFFFFFFFFFFFFFFFFFFFFFFFDA
:20E66000FFFFFFFFFFFFFFFFFFFFFFFFFFFFFFFFFFFFFFFFFFFFFFFFFFFFFFFFFFFFFFFFBA
:20E68000FFFFFFFFFFFFFFFFFFFFFFFFFFFFFFFFFFFFFFFFFFFFFFFFFFFFFFFFFFFFFFFF9A
:20E6A000FFFFFFFFFFFFFFFFFFFFFFFFFFFFFFFFFFFFFFFFFFFFFFFFFFFFFFFFFFFFFFFF7A
:20E6C000FFFFFFFFFFFFFFFFFFFFFFFFFFFFFFFFFFFFFFFFFFFFFFFFFFFFFFFFFFFFFFFF5A
:20E6E000FFFFFFFFFFFFFFFFFFFFFFFFFFFFFFFFFFFFFFFFFFFFFFFFFFFFFFFFFFFFFFFF3A
:20E70000FFFFFFFFFFFFFFFFFFFFFFFFFFFFFFFFFFFFFFFFFFFFFFFFFFFFFFFFFFFFFFFF19
:20E72000FFFFFFFFFFFFFFFFFFFFFFFFFFFFFFFFFFFFFFFFFFFFFFFFFFFFFFFFFFFFFFFFF9
:20E74000FFFFFFFFFFFFFFFFFFFFFFFFFFFFFFFFFFFFFFFFFFFFFFFFFFFFFFFFFFFFFFFFD9
:20E76000FFFFFFFFFFFFFFFFFFFFFFFFFFFFFFFFFFFFFFFFFFFFFFFFFFFFFFFFFFFFFFFFB9
:20E78000FFFFFFFFFFFFFFFFFFFFFFFFFFFFFFFFFFFFFFFFFFFFFFFFFFFFFFFFFFFFFFFF99
:20E7A000FFFFFFFFFFFFFFFFFFFFFFFFFFFFFFFFFFFFFFFFFFFFFFFFFFFFFFFFFFFFFFFF79
:20E7C000FFFFFFFFFFFFFFFFFFFFFFFFFFFFFFFFFFFFFFFFFFFFFFFFFFFFFFFFFFFFFFFF59
:20E7E000FFFFFFFFFFFFFFFFFFFFFFFFFFFFFFFFFFFFFFFFFFFFFFFFFFFFFFFFFFFFFFFF39
:20E80000FFFFFFFFFFFFFFFFFFFFFFFFFFFFFFFFFFFFFFFFFFFFFFFFFFFFFFFFFFFFFFFF18
:20E82000FFFFFFFFFFFFFFFFFFFFFFFFFFFFFFFFFFFFFFFFFFFFFFFFFFFFFFFFFFFFFFFFF8
:20E84000FFFFFFFFFFFFFFFFFFFFFFFFFFFFFFFFFFFFFFFFFFFFFFFFFFFFFFFFFFFFFFFFD8
:20E86000FFFFFFFFFFFFFFFFFFFFFFFFFFFFFFFFFFFFFFFFFFFFFFFFFFFFFFFFFFFFFFFFB8
:20E88000FFFFFFFFFFFFFFFFFFFFFFFFFFFFFFFFFFFFFFFFFFFFFFFFFFFFFFFFFFFFFFFF98
:20E8A000FFFFFFFFFFFFFFFFFFFFFFFFFFFFFFFFFFFFFFFFFFFFFFFFFFFFFFFFFFFFFFFF78
:20E8C000FFFFFFFFFFFFFFFFFFFFFFFFFFFFFFFFFFFFFFFFFFFFFFFFFFFFFFFFFFFFFFFF58
:20E8E000FFFFFFFFFFFFFFFFFFFFFFFFFFFFFFFFFFFFFFFFFFFFFFFFFFFFFFFFFFFFFFFF38
:20E90000FFFFFFFFFFFFFFFFFFFFFFFFFFFFFFFFFFFFFFFFFFFFFFFFFFFFFFFFFFFFFFFF17
:20E92000FFFFFFFFFFFFFFFFFFFFFFFFFFFFFFFFFFFFFFFFFFFFFFFFFFFFFFFFFFFFFFFFF7
:20E94000FFFFFFFFFFFFFFFFFFFFFFFFFFFFFFFFFFFFFFFFFFFFFFFFFFFFFFFFFFFFFFFFD7
:20E96000FFFFFFFFFFFFFFFFFFFFFFFFFFFFFFFFFFFFFFFFFFFFFFFFFFFFFFFFFFFFFFFFB7
:20E98000FFFFFFFFFFFFFFFFFFFFFFFFFFFFFFFFFFFFFFFFFFFFFFFFFFFFFFFFFFFFFFFF97
:20E9A000FFFFFFFFFFFFFFFFFFFFFFFFFFFFFFFFFFFFFFFFFFFFFFFFFFFFFFFFFFFFFFFF77
:20E9C000FFFFFFFFFFFFFFFFFFFFFFFFFFFFFFFFFFFFFFFFFFFFFFFFFFFFFFFFFFFFFFFF57
:20E9E000FFFFFFFFFFFFFFFFFFFFFFFFFFFFFFFFFFFFFFFFFFFFFFFFFFFFFFFFFFFFFFFF37
:20EA0000FFFFFFFFFFFFFFFFFFFFFFFFFFFFFFFFFFFFFFFFFFFFFFFFFFFFFFFFFFFFFFFF16
:20EA2000FFFFFFFFFFFFFFFFFFFFFFFFFFFFFFFFFFFFFFFFFFFFFFFFFFFFFFFFFFFFFFFFF6
:20EA4000FFFFFFFFFFFFFFFFFFFFFFFFFFFFFFFFFFFFFFFFFFFFFFFFFFFFFFFFFFFFFFFFD6
:20EA6000FFFFFFFFFFFFFFFFFFFFFFFFFFFFFFFFFFFFFFFFFFFFFFFFFFFFFFFFFFFFFFFFB6
:20EA8000FFFFFFFFFFFFFFFFFFFFFFFFFFFFFFFFFFFFFFFFFFFFFFFFFFFFFFFFFFFFFFFF96
:20EAA000FFFFFFFFFFFFFFFFFFFFFFFFFFFFFFFFFFFFFFFFFFFFFFFFFFFFFFFFFFFFFFFF76
:20EAC000FFFFFFFFFFFFFFFFFFFFFFFFFFFFFFFFFFFFFFFFFFFFFFFFFFFFFFFFFFFFFFFF56
:20EAE000FFFFFFFFFFFFFFFFFFFFFFFFFFFFFFFFFFFFFFFFFFFFFFFFFFFFFFFFFFFFFFFF36
:20EB0000FFFFFFFFFFFFFFFFFFFFFFFFFFFFFFFFFFFFFFFFFFFFFFFFFFFFFFFFFFFFFFFF15
:20EB2000FFFFFFFFFFFFFFFFFFFFFFFFFFFFFFFFFFFFFFFFFFFFFFFFFFFFFFFFFFFFFFFFF5
:20EB4000FFFFFFFFFFFFFFFFFFFFFFFFFFFFFFFFFFFFFFFFFFFFFFFFFFFFFFFFFFFFFFFFD5
:20EB6000FFFFFFFFFFFFFFFFFFFFFFFFFFFFFFFFFFFFFFFFFFFFFFFFFFFFFFFFFFFFFFFFB5
:20EB8000FFFFFFFFFFFFFFFFFFFFFFFFFFFFFFFFFFFFFFFFFFFFFFFFFFFFFFFFFFFFFFFF95
:20EBA000FFFFFFFFFFFFFFFFFFFFFFFFFFFFFFFFFFFFFFFFFFFFFFFFFFFFFFFFFFFFFFFF75
:20EBC000FFFFFFFFFFFFFFFFFFFFFFFFFFFFFFFFFFFFFFFFFFFFFFFFFFFFFFFFFFFFFFFF55
:20EBE000FFFFFFFFFFFFFFFFFFFFFFFFFFFFFFFFFFFFFFFFFFFFFFFFFFFFFFFFFFFFFFFF35
:20EC0000FFFFFFFFFFFFFFFFFFFFFFFFFFFFFFFFFFFFFFFFFFFFFFFFFFFFFFFFFFFFFFFF14
:20EC2000FFFFFFFFFFFFFFFFFFFFFFFFFFFFFFFFFFFFFFFFFFFFFFFFFFFFFFFFFFFFFFFFF4
:20EC4000FFFFFFFFFFFFFFFFFFFFFFFFFFFFFFFFFFFFFFFFFFFFFFFFFFFFFFFFFFFFFFFFD4
:20EC6000FFFFFFFFFFFFFFFFFFFFFFFFFFFFFFFFFFFFFFFFFFFFFFFFFFFFFFFFFFFFFFFFB4
:20EC8000FFFFFFFFFFFFFFFFFFFFFFFFFFFFFFFFFFFFFFFFFFFFFFFFFFFFFFFFFFFFFFFF94
:20ECA000FFFFFFFFFFFFFFFFFFFFFFFFFFFFFFFFFFFFFFFFFFFFFFFFFFFFFFFFFFFFFFFF74
:20ECC000FFFFFFFFFFFFFFFFFFFFFFFFFFFFFFFFFFFFFFFFFFFFFFFFFFFFFFFFFFFFFFFF54
:20ECE000FFFFFFFFFFFFFFFFFFFFFFFFFFFFFFFFFFFFFFFFFFFFFFFFFFFFFFFFFFFFFFFF34
:20ED0000FFFFFFFFFFFFFFFFFFFFFFFFFFFFFFFFFFFFFFFFFFFFFFFFFFFFFFFFFFFFFFFF13
:20ED2000FFFFFFFFFFFFFFFFFFFFFFFFFFFFFFFFFFFFFFFFFFFFFFFFFFFFFFFFFFFFFFFFF3
:20ED4000FFFFFFFFFFFFFFFFFFFFFFFFFFFFFFFFFFFFFFFFFFFFFFFFFFFFFFFFFFFFFFFFD3
:20ED6000FFFFFFFFFFFFFFFFFFFFFFFFFFFFFFFFFFFFFFFFFFFFFFFFFFFFFFFFFFFFFFFFB3
:20ED8000FFFFFFFFFFFFFFFFFFFFFFFFFFFFFFFFFFFFFFFFFFFFFFFFFFFFFFFFFFFFFFFF93
:20EDA000FFFFFFFFFFFFFFFFFFFFFFFFFFFFFFFFFFFFFFFFFFFFFFFFFFFFFFFFFFFFFFFF73
:20EDC000FFFFFFFFFFFFFFFFFFFFFFFFFFFFFFFFFFFFFFFFFFFFFFFFFFFFFFFFFFFFFFFF53
:20EDE000FFFFFFFFFFFFFFFFFFFFFFFFFFFFFFFFFFFFFFFFFFFFFFFFFFFFFFFFFFFFFFFF33
:20EE0000FFFFFFFFFFFFFFFFFFFFFFFFFFFFFFFFFFFFFFFFFFFFFFFFFFFFFFFFFFFFFFFF12
:20EE2000FFFFFFFFFFFFFFFFFFFFFFFFFFFFFFFFFFFFFFFFFFFFFFFFFFFFFFFFFFFFFFFFF2
:20EE4000FFFFFFFFFFFFFFFFFFFFFFFFFFFFFFFFFFFFFFFFFFFFFFFFFFFFFFFFFFFFFFFFD2
:20EE6000FFFFFFFFFFFFFFFFFFFFFFFFFFFFFFFFFFFFFFFFFFFFFFFFFFFFFFFFFFFFFFFFB2
:20EE8000FFFFFFFFFFFFFFFFFFFFFFFFFFFFFFFFFFFFFFFFFFFFFFFFFFFFFFFFFFFFFFFF92
:20EEA000FFFFFFFFFFFFFFFFFFFFFFFFFFFFFFFFFFFFFFFFFFFFFFFFFFFFFFFFFFFFFFFF72
:20EEC000FFFFFFFFFFFFFFFFFFFFFFFFFFFFFFFFFFFFFFFFFFFFFFFFFFFFFFFFFFFFFFFF52
:20EEE000FFFFFFFFFFFFFFFFFFFFFFFFFFFFFFFFFFFFFFFFFFFFFFFFFFFFFFFFFFFFFFFF32
:20EF0000FFFFFFFFFFFFFFFFFFFFFFFFFFFFFFFFFFFFFFFFFFFFFFFFFFFFFFFFFFFFFFFF11
:20EF2000FFFFFFFFFFFFFFFFFFFFFFFFFFFFFFFFFFFFFFFFFFFFFFFFFFFFFFFFFFFFFFFFF1
:20EF4000FFFFFFFFFFFFFFFFFFFFFFFFFFFFFFFFFFFFFFFFFFFFFFFFFFFFFFFFFFFFFFFFD1
:20EF6000FFFFFFFFFFFFFFFFFFFFFFFFFFFFFFFFFFFFFFFFFFFFFFFFFFFFFFFFFFFFFFFFB1
:20EF8000FFFFFFFFFFFFFFFFFFFFFFFFFFFFFFFFFFFFFFFFFFFFFFFFFFFFFFFFFFFFFFFF91
:20EFA000FFFFFFFFFFFFFFFFFFFFFFFFFFFFFFFFFFFFFFFFFFFFFFFFFFFFFFFFFFFFFFFF71
:20EFC000FFFFFFFFFFFFFFFFFFFFFFFFFFFFFFFFFFFFFFFFFFFFFFFFFFFFFFFFFFFFFFFF51
:20EFE000FFFFFFFFFFFFFFFFFFFFFFFFFFFFFFFFFFFFFFFFFFFFFFFFFFFFFFFFFFFFFFFF31
:20F00000FFFFFFFFFFFFFFFFFFFFFFFFFFFFFFFFFFFFFFFFFFFFFFFFFFFFFFFFFFFFFFFF10
:20F02000FFFFFFFFFFFFFFFFFFFFFFFFFFFFFFFFFFFFFFFFFFFFFFFFFFFFFFFFFFFFFFFFF0
:20F04000FFFFFFFFFFFFFFFFFFFFFFFFFFFFFFFFFFFFFFFFFFFFFFFFFFFFFFFFFFFFFFFFD0
:20F06000FFFFFFFFFFFFFFFFFFFFFFFFFFFFFFFFFFFFFFFFFFFFFFFFFFFFFFFFFFFFFFFFB0
:20F08000FFFFFFFFFFFFFFFFFFFFFFFFFFFFFFFFFFFFFFFFFFFFFFFFFFFFFFFFFFFFFFFF90
:20F0A000FFFFFFFFFFFFFFFFFFFFFFFFFFFFFFFFFFFFFFFFFFFFFFFFFFFFFFFFFFFFFFFF70
:20F0C000FFFFFFFFFFFFFFFFFFFFFFFFFFFFFFFFFFFFFFFFFFFFFFFFFFFFFFFFFFFFFFFF50
:20F0E000FFFFFFFFFFFFFFFFFFFFFFFFFFFFFFFFFFFFFFFFFFFFFFFFFFFFFFFFFFFFFFFF30
:20F10000FFFFFFFFFFFFFFFFFFFFFFFFFFFFFFFFFFFFFFFFFFFFFFFFFFFFFFFFFFFFFFFF0F
:20F12000FFFFFFFFFFFFFFFFFFFFFFFFFFFFFFFFFFFFFFFFFFFFFFFFFFFFFFFFFFFFFFFFEF
:20F14000FFFFFFFFFFFFFFFFFFFFFFFFFFFFFFFFFFFFFFFFFFFFFFFFFFFFFFFFFFFFFFFFCF
:20F16000FFFFFFFFFFFFFFFFFFFFFFFFFFFFFFFFFFFFFFFFFFFFFFFFFFFFFFFFFFFFFFFFAF
:20F18000FFFFFFFFFFFFFFFFFFFFFFFFFFFFFFFFFFFFFFFFFFFFFFFFFFFFFFFFFFFFFFFF8F
:20F1A000FFFFFFFFFFFFFFFFFFFFFFFFFFFFFFFFFFFFFFFFFFFFFFFFFFFFFFFFFFFFFFFF6F
:20F1C000FFFFFFFFFFFFFFFFFFFFFFFFFFFFFFFFFFFFFFFFFFFFFFFFFFFFFFFFFFFFFFFF4F
:20F1E000FFFFFFFFFFFFFFFFFFFFFFFFFFFFFFFFFFFFFFFFFFFFFFFFFFFFFFFFFFFFFFFF2F
:20F20000FFFFFFFFFFFFFFFFFFFFFFFFFFFFFFFFFFFFFFFFFFFFFFFFFFFFFFFFFFFFFFFF0E
:20F22000FFFFFFFFFFFFFFFFFFFFFFFFFFFFFFFFFFFFFFFFFFFFFFFFFFFFFFFFFFFFFFFFEE
:20F24000FFFFFFFFFFFFFFFFFFFFFFFFFFFFFFFFFFFFFFFFFFFFFFFFFFFFFFFFFFFFFFFFCE
:20F26000FFFFFFFFFFFFFFFFFFFFFFFFFFFFFFFFFFFFFFFFFFFFFFFFFFFFFFFFFFFFFFFFAE
:20F28000FFFFFFFFFFFFFFFFFFFFFFFFFFFFFFFFFFFFFFFFFFFFFFFFFFFFFFFFFFFFFFFF8E
:20F2A000FFFFFFFFFFFFFFFFFFFFFFFFFFFFFFFFFFFFFFFFFFFFFFFFFFFFFFFFFFFFFFFF6E
:20F2C000FFFFFFFFFFFFFFFFFFFFFFFFFFFFFFFFFFFFFFFFFFFFFFFFFFFFFFFFFFFFFFFF4E
:20F2E000FFFFFFFFFFFFFFFFFFFFFFFFFFFFFFFFFFFFFFFFFFFFFFFFFFFFFFFFFFFFFFFF2E
:20F30000FFFFFFFFFFFFFFFFFFFFFFFFFFFFFFFFFFFFFFFFFFFFFFFFFFFFFFFFFFFFFFFF0D
:20F32000FFFFFFFFFFFFFFFFFFFFFFFFFFFFFFFFFFFFFFFFFFFFFFFFFFFFFFFFFFFFFFFFED
:20F34000FFFFFFFFFFFFFFFFFFFFFFFFFFFFFFFFFFFFFFFFFFFFFFFFFFFFFFFFFFFFFFFFCD
:20F36000FFFFFFFFFFFFFFFFFFFFFFFFFFFFFFFFFFFFFFFFFFFFFFFFFFFFFFFFFFFFFFFFAD
:20F38000FFFFFFFFFFFFFFFFFFFFFFFFFFFFFFFFFFFFFFFFFFFFFFFFFFFFFFFFFFFFFFFF8D
:20F3A000FFFFFFFFFFFFFFFFFFFFFFFFFFFFFFFFFFFFFFFFFFFFFFFFFFFFFFFFFFFFFFFF6D
:20F3C000FFFFFFFFFFFFFFFFFFFFFFFFFFFFFFFFFFFFFFFFFFFFFFFFFFFFFFFFFFFFFFFF4D
:20F3E000FFFFFFFFFFFFFFFFFFFFFFFFFFFFFFFFFFFFFFFFFFFFFFFFFFFFFFFFFFFFFFFF2D
:20F40000FFFFFFFFFFFFFFFFFFFFFFFFFFFFFFFFFFFFFFFFFFFFFFFFFFFFFFFFFFFFFFFF0C
:20F42000FFFFFFFFFFFFFFFFFFFFFFFFFFFFFFFFFFFFFFFFFFFFFFFFFFFFFFFFFFFFFFFFEC
:20F44000FFFFFFFFFFFFFFFFFFFFFFFFFFFFFFFFFFFFFFFFFFFFFFFFFFFFFFFFFFFFFFFFCC
:20F46000FFFFFFFFFFFFFFFFFFFFFFFFFFFFFFFFFFFFFFFFFFFFFFFFFFFFFFFFFFFFFFFFAC
:20F48000FFFFFFFFFFFFFFFFFFFFFFFFFFFFFFFFFFFFFFFFFFFFFFFFFFFFFFFFFFFFFFFF8C
:20F4A000FFFFFFFFFFFFFFFFFFFFFFFFFFFFFFFFFFFFFFFFFFFFFFFFFFFFFFFFFFFFFFFF6C
:20F4C000FFFFFFFFFFFFFFFFFFFFFFFFFFFFFFFFFFFFFFFFFFFFFFFFFFFFFFFFFFFFFFFF4C
:20F4E000FFFFFFFFFFFFFFFFFFFFFFFFFFFFFFFFFFFFFFFFFFFFFFFFFFFFFFFFFFFFFFFF2C
:20F50000FFFFFFFFFFFFFFFFFFFFFFFFFFFFFFFFFFFFFFFFFFFFFFFFFFFFFFFFFFFFFFFF0B
:20F52000FFFFFFFFFFFFFFFFFFFFFFFFFFFFFFFFFFFFFFFFFFFFFFFFFFFFFFFFFFFFFFFFEB
:20F54000FFFFFFFFFFFFFFFFFFFFFFFFFFFFFFFFFFFFFFFFFFFFFFFFFFFFFFFFFFFFFFFFCB
:20F56000FFFFFFFFFFFFFFFFFFFFFFFFFFFFFFFFFFFFFFFFFFFFFFFFFFFFFFFFFFFFFFFFAB
:20F58000FFFFFFFFFFFFFFFFFFFFFFFFFFFFFFFFFFFFFFFFFFFFFFFFFFFFFFFFFFFFFFFF8B
:20F5A000FFFFFFFFFFFFFFFFFFFFFFFFFFFFFFFFFFFFFFFFFFFFFFFFFFFFFFFFFFFFFFFF6B
:20F5C000FFFFFFFFFFFFFFFFFFFFFFFFFFFFFFFFFFFFFFFFFFFFFFFFFFFFFFFFFFFFFFFF4B
:20F5E000FFFFFFFFFFFFFFFFFFFFFFFFFFFFFFFFFFFFFFFFFFFFFFFFFFFFFFFFFFFFFFFF2B
:20F60000FFFFFFFFFFFFFFFFFFFFFFFFFFFFFFFFFFFFFFFFFFFFFFFFFFFFFFFFFFFFFFFF0A
:20F62000FFFFFFFFFFFFFFFFFFFFFFFFFFFFFFFFFFFFFFFFFFFFFFFFFFFFFFFFFFFFFFFFEA
:20F64000FFFFFFFFFFFFFFFFFFFFFFFFFFFFFFFFFFFFFFFFFFFFFFFFFFFFFFFFFFFFFFFFCA
:20F66000FFFFFFFFFFFFFFFFFFFFFFFFFFFFFFFFFFFFFFFFFFFFFFFFFFFFFFFFFFFFFFFFAA
:20F68000FFFFFFFFFFFFFFFFFFFFFFFFFFFFFFFFFFFFFFFFFFFFFFFFFFFFFFFFFFFFFFFF8A
:20F6A000FFFFFFFFFFFFFFFFFFFFFFFFFFFFFFFFFFFFFFFFFFFFFFFFFFFFFFFFFFFFFFFF6A
:20F6C000FFFFFFFFFFFFFFFFFFFFFFFFFFFFFFFFFFFFFFFFFFFFFFFFFFFFFFFFFFFFFFFF4A
:20F6E000FFFFFFFFFFFFFFFFFFFFFFFFFFFFFFFFFFFFFFFFFFFFFFFFFFFFFFFFFFFFFFFF2A
:20F70000FFFFFFFFFFFFFFFFFFFFFFFFFFFFFFFFFFFFFFFFFFFFFFFFFFFFFFFFFFFFFFFF09
:20F72000FFFFFFFFFFFFFFFFFFFFFFFFFFFFFFFFFFFFFFFFFFFFFFFFFFFFFFFFFFFFFFFFE9
:20F74000FFFFFFFFFFFFFFFFFFFFFFFFFFFFFFFFFFFFFFFFFFFFFFFFFFFFFFFFFFFFFFFFC9
:20F76000FFFFFFFFFFFFFFFFFFFFFFFFFFFFFFFFFFFFFFFFFFFFFFFFFFFFFFFFFFFFFFFFA9
:20F78000FFFFFFFFFFFFFFFFFFFFFFFFFFFFFFFFFFFFFFFFFFFFFFFFFFFFFFFFFFFFFFFF89
:20F7A000FFFFFFFFFFFFFFFFFFFFFFFFFFFFFFFFFFFFFFFFFFFFFFFFFFFFFFFFFFFFFFFF69
:20F7C000FFFFFFFFFFFFFFFFFFFFFFFFFFFFFFFFFFFFFFFFFFFFFFFFFFFFFFFFFFFFFFFF49
:20F7E000FFFFFFFFFFFFFFFFFFFFFFFFFFFFFFFFFFFFFFFFFFFFFFFFFFFFFFFFFFFFFFFF29
:020000040801F1
:20F80000BC0171FD746F33B3400165040D0032000200840364006400000000000000C800F2
:20F82000E80364000A00000000000A000100000000000000EC010000008000008006000071
:20F840000000F401000000004801D007001464006400640001008F024801C5008300C00868
:20F860004801C5001E0048011E000100005F1E0040000000C0178002E803E8038016401A18
:20F880000019E803E8038016401A0019E803E8030014C012E803E803333333F3CDCCCC0CE1
:20F8A000E803E803001EC01CE803E803C017C012E803E803333333F3CDCCCC0CE803E80350
:20F8C00080BB80B6E803E803005F0064E803E80348320002E803983A20080008E803E80309
:20F8E00060048004E803E803E803FFFF000A6600881388130002D007FFFFE803E80300000E
:20F90000333333F3CDCCCC0CE803E803333333F3CDCCCC0CE803E803001EC01CE803E80371
:20F92000333333F3CDCCCC0CE803E80380046004E803E803C002E002E803E803FFFFFF00BF
:20F9400000000200FFFFFFFFFFFFFFFFFFFFFFFFFFFFFFFFFFFFFFFFFFFFFFFFFFFFFFFFC1
:20F96000FFFFFFFFFFFFFFFFFFFFFFFFFFFFFFFFFFFFFFFFFFFFFFFFFFFFFFFFFFFFFFFFA7
:20F98000FFFFFFFFFFFFFFFFFFFFFFFFFFFFFFFFFFFFFFFFFFFFFFFFFFFFFFFFFFFFFFFF87
:20F9A000FFFFFFFFFFFFFFFFFFFFFFFFFFFFFFFFFFFFFFFFFFFFFFFFFFFFFFFFFFFFFFFF67
:20F9C000FFFFFFFFFFFFFFFFFFFFFFFFFFFFFFFFFFFFFFFFFFFFFFFFFFFFFFFFFFFFFFFF47
:20F9E000FFFFFFFFFFFFFFFFFFFFFFFFFFFFFFFFFFFFFFFFFFFFFFFFFFFFFFFFFFFFFFFF27
:20FA0000FFFFFFFFFFFFFFFFFFFFFFFFFFFFFFFFFFFFFFFFFFFFFFFFFFFFFFFFFFFFFFFF06
:20FA2000FFFFFFFFFFFFFFFFFFFFFFFFFFFFFFFFFFFFFFFFFFFFFFFFFFFFFFFFFFFFFFFFE6
:20FA4000FFFFFFFFFFFFFFFFFFFFFFFFFFFFFFFFFFFFFFFFFFFFFFFFFFFFFFFFFFFFFFFFC6
:20FA6000FFFFFFFFFFFFFFFFFFFFFFFFFFFFFFFFFFFFFFFFFFFFFFFFFFFFFFFFFFFFFFFFA6
:20FA8000FFFFFFFFFFFFFFFFFFFFFFFFFFFFFFFFFFFFFFFFFFFFFFFFFFFFFFFFFFFFFFFF86
:20FAA000FFFFFFFFFFFFFFFFFFFFFFFFFFFFFFFFFFFFFFFFFFFFFFFFFFFFFFFFFFFFFFFF66
:20FAC000FFFFFFFFFFFFFFFFFFFFFFFFFFFFFFFFFFFFFFFFFFFFFFFFFFFFFFFFFFFFFFFF46
:20FAE000FFFFFFFFFFFFFFFFFFFFFFFFFFFFFFFFFFFFFFFFFFFFFFFFFFFFFFFFFFFFFFFF26
:20FB0000FFFFFFFFFFFFFFFFFFFFFFFFFFFFFFFFFFFFFFFFFFFFFFFFFFFFFFFFFFFFFFFF05
:20FB2000FFFFFFFFFFFFFFFFFFFFFFFFFFFFFFFFFFFFFFFFFFFFFFFFFFFFFFFFFFFFFFFFE5
:20FB4000FFFFFFFFFFFFFFFFFFFFFFFFFFFFFFFFFFFFFFFFFFFFFFFFFFFFFFFFFFFFFFFFC5
:20FB6000FFFFFFFFFFFFFFFFFFFFFFFFFFFFFFFFFFFFFFFFFFFFFFFFFFFFFFFFFFFFFFFFA5
:20FB8000FFFFFFFFFFFFFFFFFFFFFFFFFFFFFFFFFFFFFFFFFFFFFFFFFFFFFFFFFFFFFFFF85
:20FBA000FFFFFFFFFFFFFFFFFFFFFFFFFFFFFFFFFFFFFFFFFFFFFFFFFFFFFFFFFFFFFFFF65
:20FBC000FFFFFFFFFFFFFFFFFFFFFFFFFFFFFFFFFFFFFFFFFFFFFFFFFFFFFFFFFFFFFFFF45
:20FBE000FFFFFFFFFFFFFFFFFFFFFFFFFFFFFFFFFFFFFFFFFFFFFFFFFFFFFFFFFFFFFFFF25
:20FC0000FFFFFFFFFFFFFFFFFFFFFFFFFFFFFFFFFFFFFFFFFFFFFFFFFFFFFFFFFFFFFFFF04
:20FC2000FFFFFFFFFFFFFFFFFFFFFFFFFFFFFFFFFFFFFFFFFFFFFFFFFFFFFFFFFFFFFFFFE4
:20FC4000FFFFFFFFFFFFFFFFFFFFFFFFFFFFFFFFFFFFFFFFFFFFFFFFFFFFFFFFFFFFFFFFC4
:20FC6000FFFFFFFFFFFFFFFFFFFFFFFFFFFFFFFFFFFFFFFFFFFFFFFFFFFFFFFFFFFFFFFFA4
:20FC8000FFFFFFFFFFFFFFFFFFFFFFFFFFFFFFFFFFFFFFFFFFFFFFFFFFFFFFFFFFFFFFFF84
:20FCA000FFFFFFFFFFFFFFFFFFFFFFFFFFFFFFFFFFFFFFFFFFFFFFFFFFFFFFFFFFFFFFFF64
:20FCC000FFFFFFFFFFFFFFFFFFFFFFFFFFFFFFFFFFFFFFFFFFFFFFFFFFFFFFFFFFFFFFFF44
:20FCE000FFFFFFFFFFFFFFFFFFFFFFFFFFFFFFFFFFFFFFFFFFFFFFFFFFFFFFFFFFFFFFFF24
:20FD0000FFFFFFFFFFFFFFFFFFFFFFFFFFFFFFFFFFFFFFFFFFFFFFFFFFFFFFFFFFFFFFFF03
:20FD2000FFFFFFFFFFFFFFFFFFFFFFFFFFFFFFFFFFFFFFFFFFFFFFFFFFFFFFFFFFFFFFFFE3
:20FD4000FFFFFFFFFFFFFFFFFFFFFFFFFFFFFFFFFFFFFFFFFFFFFFFFFFFFFFFFFFFFFFFFC3
:20FD6000FFFFFFFFFFFFFFFFFFFFFFFFFFFFFFFFFFFFFFFFFFFFFFFFFFFFFFFFFFFFFFFFA3
:20FD8000FFFFFFFFFFFFFFFFFFFFFFFFFFFFFFFFFFFFFFFFFFFFFFFFFFFFFFFFFFFFFFFF83
:20FDA000FFFFFFFFFFFFFFFFFFFFFFFFFFFFFFFFFFFFFFFFFFFFFFFFFFFFFFFFFFFFFFFF63
:20FDC000FFFFFFFFFFFFFFFFFFFFFFFFFFFFFFFFFFFFFFFFFFFFFFFFFFFFFFFFFFFFFFFF43
:20FDE000FFFFFFFFFFFFFFFFFFFFFFFFFFFFFFFFFFFFFFFFFFFFFFFFFFFFFFFFFFFFFFFF23
:20FE0000FFFFFFFFFFFFFFFFFFFFFFFFFFFFFFFFFFFFFFFFFFFFFFFFFFFFFFFFFFFFFFFF02
:20FE2000FFFFFFFFFFFFFFFFFFFFFFFFFFFFFFFFFFFFFFFFFFFFFFFFFFFFFFFFFFFFFFFFE2
:20FE4000FFFFFFFFFFFFFFFFFFFFFFFFFFFFFFFFFFFFFFFFFFFFFFFFFFFFFFFFFFFFFFFFC2
:20FE6000FFFFFFFFFFFFFFFFFFFFFFFFFFFFFFFFFFFFFFFFFFFFFFFFFFFFFFFFFFFFFFFFA2
:20FE8000FFFFFFFFFFFFFFFFFFFFFFFFFFFFFFFFFFFFFFFFFFFFFFFFFFFFFFFFFFFFFFFF82
:20FEA000FFFFFFFFFFFFFFFFFFFFFFFFFFFFFFFFFFFFFFFFFFFFFFFFFFFFFFFFFFFFFFFF62
:20FEC000FFFFFFFFFFFFFFFFFFFFFFFFFFFFFFFFFFFFFFFFFFFFFFFFFFFFFFFFFFFFFFFF42
:20FEE000FFFFFFFFFFFFFFFFFFFFFFFFFFFFFFFFFFFFFFFFFFFFFFFFFFFFFFFFFFFFFFFF22
:20FF0000FFFFFFFFFFFFFFFFFFFFFFFFFFFFFFFFFFFFFFFFFFFFFFFFFFFFFFFFFFFFFFFF01
:20FF2000FFFFFFFFFFFFFFFFFFFFFFFFFFFFFFFFFFFFFFFFFFFFFFFFFFFFFFFFFFFFFFFFE1
:20FF4000FFFFFFFFFFFFFFFFFFFFFFFFFFFFFFFFFFFFFFFFFFFFFFFFFFFFFFFFFFFFFFFFC1
:20FF6000FFFFFFFFFFFFFFFFFFFFFFFFFFFFFFFFFFFFFFFFFFFFFFFFFFFFFFFFFFFFFFFFA1
:20FF8000FFFFFFFFFFFFFFFFFFFFFFFFFFFFFFFFFFFFFFFFFFFFFFFFFFFFFFFFFFFFFFFF81
:20FFA000FFFFFFFFFFFFFFFFFFFFFFFFFFFFFFFFFFFFFFFFFFFFFFFFFFFFFFFFFFFFFFFF61
:20FFC000FFFFFFFFFFFFFFFFFFFFFFFFFFFFFFFFFFFFFFFFFFFFFFFFFFFFFFFFFFFFFFFF41
:20FFE000FFFFFFFFFFFFFFFFFFFFFFFFFFFFFFFFFFFFFFFFFFFFFFFFFFFFFFFFFFFFFFFF21
:00000001FF