:020000040800F2
:10900000503B0020E1C50008392F01084DC600087B
:109010000000000000000000000000000000000050
:109020000000000000000000000000004DC6000825
:109030000000000000000000D1B8000815B90008C9
:10904000B9200108C9200108992A0108A92A0108A4
:10905000110D01082531010835310108453101089C
:1090600041320108952D0108BD2D01080520010898
:10907000312001088D180108B1180108D518010820
:10908000F9180108A9300108B9300108C9300108F0
:10909000D9300108B92A01080D2F0108E12E010875
:1090A000990F01082D0F01081D190108ED1A01087B
:1090B000151B01083D1B0108651B0108B91B0108B0
:1090C000002243088B4274D303098B425FD3030A07
:1090D0008B4244D3030B8B4228D3030C8B420DD31A
:1090E000FF22090212BA030C8B4202D312120902A8
:1090F00065D0030B8B4219D300E0090AC30B8B42E6
:1091000001D3CB03C01A5241830B8B4201D38B0393
:10911000C01A5241430B8B4201D34B03C01A524138
:10912000030B8B4201D30B03C01A5241C30A8B427B
:1091300001D3CB02C01A5241830A8B4201D38B0266
:10914000C01A5241430A8B4201D34B02C01A52410A
:10915000030A8B4201D30B02C01A5241CDD2C3097C
:109160008B4201D3CB01C01A524183098B4201D3F8
:109170008B01C01A524143098B4201D34B01C01AE3
:10918000524103098B4201D30B01C01A5241C3085B
:109190008B4201D3CB00C01A524183088B4201D3CA
:1091A0008B00C01A524143088B4201D34B00C01AB6
:1091B0005241411A00D20146524110467047FFE722
:1091C00001B5002000F0F0F802BDC0460029F7D03C
:1091D00076E7704703460B437FD4002243088B4257
:1091E00074D303098B425FD3030A8B4244D3030B2E
:1091F0008B4228D3030C8B420DD3FF22090212BAF3
:10920000030C8B4202D31212090265D0030B8B426E
:1092100019D300E0090AC30B8B4201D3CB03C01A58
:109220005241830B8B4201D38B03C01A5241430B33
:109230008B4201D34B03C01A5241030B8B4201D323
:109240000B03C01A5241C30A8B4201D3CB02C01A8E
:109250005241830A8B4201D38B02C01A5241430A06
:109260008B4201D34B02C01A5241030A8B4201D3F5
:109270000B02C01A5241CDD2C3098B4201D3CB019C
:10928000C01A524183098B4201D38B01C01A52414B
:1092900043098B4201D34B01C01A524103098B424F
:1092A00001D30B01C01A5241C3088B4201D3CB003A
:1092B000C01A524183088B4201D38B00C01A52411D
:1092C00043088B4201D34B00C01A5241411A00D2CD
:1092D00001465241104670475DE0CA0F00D0494236
:1092E000031000D34042534000229C4603098B42A6
:1092F0002DD3030A8B4212D3FC22890112BA030A2E
:109300008B420CD3890192118B4208D389019211AF
:109310008B4204D389013AD0921100E08909C30934
:109320008B4201D3CB01C01A524183098B4201D336
:109330008B01C01A524143098B4201D34B01C01A21
:10934000524103098B4201D30B01C01A5241C30899
:109350008B4201D3CB00C01A524183088B4201D308
:109360008B00C01A5241D9D243088B4201D34B0023
:10937000C01A5241411A00D20146634652415B1065
:10938000104601D34042002B00D549427047634646
:109390005B1000D3404201B5002000F005F802BD8B
:1093A0000029F8D016E770477047C0468446101C65
:1093B00062468C46191C634600E0C0461FB500F0AB
:1093C0004BFC002801D40021C8421FBD10B500F09D
:1093D0009FFB4042013010BD10B500F03DFC00285D
:1093E00001DB002010BD012010BDC04610B500F00B
:1093F00033FC002801DD002010BD012010BDC04657
:1094000010B500F0C5FB002801DC002010BD0120D4
:1094100010BDC04610B500F0BBFB002801DA0020EB
:1094200010BD012010BDC0469E2110B5C905041C09
:1094300000F0E4FC002803D1201C00F009FB10BD63
:109440009E21201CC90500F07DF900F001FB80235E
:109450001B069C466044F2E7F8B54A02430244000A
:109460004E00C50F240E28009B09360EC90F920925
:109470008D4259D0A01B002800DC8DE0002E1AD1AF
:10948000002A00D079E05A0704D00F221A40042A9B
:1094900000D004335A0138D50134FF2C00D189E0C3
:1094A00028009B015B0AE4B25B02E4055B0A2343EC
:1094B000C0071843F8BDFF2CE5D08021C9040A433A
:1094C0001B2800DD89E016002021C640081A8240D2
:1094D000511E8A4132439B1A5A0114D59B019E09A1
:1094E000300000F095FC05388640844265DC041BA2
:1094F000330020200134E340041BA640721E964135
:1095000000243343BFE75A07BFD1DF082800FF2CF0
:109510002FD1002F00D187E08022D20313003B43DC
:109520005B025B0AFF24BFE7A11B002949DD002E77
:1095300029D0FF2CA7D08026F60432431B2900DD5A
:109540008DE017002026CF40711A8A40511E8A41B3
:109550003A439B185A01D6D50134FF2C64D001221E
:1095600076491A405B080B4013438CE7031ECAD1AF
:1095700000207B025B0AE4B296E701380028AAD0FB
:10958000FF2C9DD17FE7002A00D17CE7013900291B
:10959000DFD0FF2CD2D176E7002820D1601CC0B2EA
:1095A000012853DD80279E1AFF0437402FD0D61A9A
:1095B0000D0095E72800002376E7614B241A33401D
:1095C00061E700294DD1611CCEB2012E2FDDFF29AC
:1095D0002AD09B185B080C0055E701227BE7002C82
:1095E0001BD1002B5BD0C04300280CD0FF2E7ED0B7
:1095F0001B2800DD92E01D002024C540201A834076
:10960000581E83412B43D31A34000D0064E7002E0B
:1096100000D065E700200024ABE7FF2E67D0802450
:10962000E40440422343E3E7FF2400233CE7002C0B
:1096300061D1002B7ED0002A00D124E79B185A016B
:1096400000D460E73E4A0C0013401CE7002C1ED1FA
:10965000002B2FD1002A66D013000D0013E7012242
:1096600077E7002C1FD1002B5AD0C94300290BD01B
:10967000FF2E50D01B295FDC1F002024CF40611A31
:109680008B40591E8B413B439B18340062E7002BF3
:109690001CD1002A4AD013000D00FF24F3E613006A
:1096A00034000D00EFE6FF2E35D08024E40449425B
:1096B0002343DFE7002A00D1E5E68027981AFF045C
:1096C000074000D152E7D31A0D00DCE6FF24002A40
:1096D00000D1D8E68020DB08C003034204D0D208C2
:1096E000024201D113000D00DB00FF24CBE6130082
:1096F000FF240D00C7E6002B0DD0FF24002A00D167
:10970000C1E68021DB08C9030B42EDD0D2080A4232
:10971000EAD11300E8E71300FF24B4E6012372E75F
:1097200013003400AFE60027002022E78027002046
:10973000FF03F1E61300A6E60123A5E7FFFFFF7D87
:10974000FFFFFFFBF8B54A024E0043024400240E1F
:10975000C50F9B09360EC90F9209FF2E00D183E079
:1097600001204140A01BA9425CD0002800DC95E00C
:10977000002E1CD1002A00D081E05A0704D00F220D
:109780001A40042A00D004335A013BD50134FF2C7F
:1097900000D191E001209B015B0AE4B205405B022D
:1097A000E4055B0AED0723432B431800F8BDFF2CAB
:1097B000E3D08021C9040A431B2800DD90E0160095
:1097C0002021C640081A8240511E8A4132439B1A0A
:1097D0005A0115D59B019E09300000F019FB053890
:1097E000864084426CDC041B330020200134E340BB
:1097F000041BA640721E964100243343BDE70D00B2
:109800005A07BCD1DF0801231D40FF2C33D1002FA4
:1098100000D190E08022D20313003B435B025B0A3D
:10982000FF24BCE700284FDD002E2ED0FF2CA4D053
:109830008025ED042A431B2800DD97E01600202533
:10984000C640281A8240501E824132439B185A015A
:10985000D5D50134FF2C6DD001227B481A405B081E
:10986000034013430D0088E7002A00D07AE777E72A
:10987000031EC5D100257B025B0AE4B28FE70138E5
:109880000028A4D0FF2C97D177E7002A00D174E7F5
:1098900001380028DAD0FF2CCDD16EE7002821D185
:1098A000601CC0B2012858DD80279E1AFF04374093
:1098B0002FD0D61A0D008FE701231D4000236EE73D
:1098C000624B241A334058E7002851D1601CC6B2BD
:1098D000012E33DDFF282DD09B185B0804004CE7D8
:1098E000012274E7002C1AD0FF2E1FD08024E4043C
:1098F000404223431B2800DD96E01D002024C54084
:10990000201A8340581E83412B43D31A34000D0084
:109910005EE7002E00D05FE700250024ABE7002BB8
:1099200044D0C0430028F0D0FF2EE3D11300FF2421
:109930000D0022E70D00FF24002330E7002C5DD14D
:10994000002B7DD0002A00D117E79B185A0100D4C4
:1099500056E73E4A040013400FE7002C1ED1002BAF
:109960002FD1002A65D013000D0006E701226DE714
:10997000002C1FD1002B59D0C04300280BD0FF2E44
:109980004FD01B285EDC1D002024C540201A8340D8
:10999000581E83412B439B18340058E7002B1CD1E1
:1099A000002A49D013000D00FF24E6E6130034001E
:1099B0000D00E2E6FF2E34D08024E404404223432D
:1099C000DFE7002A00D1D8E68027981AFF04074075
:1099D00000D14DE7D31A0D00CFE6FF24002A00D1B5
:1099E000CBE68020DB08C003034204D0D208024249
:1099F00001D113000D00DB00FF24BEE6002B10D0C8
:109A0000FF24002A00D1B8E68020DB08C00303420F
:109A100003D0D208024200D11300DB000D00FF2466
:109A2000ABE61300FF24A8E601236EE71300340021
:109A3000A3E6002700251EE780270025FF03E9E6AF
:109A400013009AE60123A6E7FFFFFF7DFFFFFFFB60
:109A50004302590A4300C20F1B0E00207E2B0EDD6D
:109A60009D2B0DDC802000040143952B0BDC962000
:109A7000C31AD9400B005842002A00D11800704781
:109A8000034BD018FBE7963B99400B00F3E7C04629
:109A9000FFFFFF7F70B5041E28D000F0B9F99E23A8
:109AA0001B1A962B0ADC9622D21A94406202520AA2
:109AB000D8B25202520AC005104370BD992B18DC6F
:109AC0009922D21A9440114A2240610704D00F21F2
:109AD0000C40042C00D00432510103D50B4B1A402A
:109AE0009F231B1A9201520AD8B2E2E700200022FB
:109AF000DFE705222500121AB921D5402200C91A34
:109B00008A40541EA2412C001443DCE7FFFFFFFBF8
:109B1000F0B55F4656464D464446F0B41F035C0020
:109B2000DB0F9A46194B0E034D00C90F8046360BCA
:109B30006D0D8B4691463F0B640D9D4219D0134B22
:109B40009C421BD00123A54206D018003CBC904685
:109B50009946A246AB46F0BDBE42F6D1C845F4D107
:109B6000D34510D0002DF0D1304303005A1E93414D
:109B7000EBE7310001230143E7D1E0E73A4301235A
:109B8000002AE2D1DEE70023DFE7C046FF0700003E
:109B9000F0B55F46444656464D46F0B41F033C0BB5
:109BA0002C4F0E034D00A3465C008446360B6D0D12
:109BB000C90F9046640DDB0FBD422BD0254FBC4230
:109BC0002ED0002D0ED130430700814678427841D7
:109BD000002C17D15F463A4314D14B460020002B8E
:109BE0000AD006E0002C02D15846024301D0994227
:109BF0001AD00123484218433CBC90469946A246DD
:109C0000AB46F0BD0028F2D05842584101224042F4
:109C10001043F1E737000743D0D002204042EBE782
:109C20005F461743CDD0F8E7A542E2DC05DB5E4591
:109C3000DFD808D000205E45DED2484248410123EB
:109C400040421843D8E7C445D3D80020C445F4D3D4
:109C5000D2E7C046FF070000F0B55F464D464446D8
:109C60005646F0B41C03240BA4462F4C0F034D00A2
:109C70005E00C90F80463F0B6D0D8B469146760DF9
:109C8000DB0FA54220D0284CA64222D0002D12D1B5
:109C9000384344424441002E20D0002C0DD05C4279
:109CA000634101245B421C4320003CBC9046994622
:109CB000A246AB46F0BD002E17D05B4519D05B46DF
:109CC0005C4201231C43EFE7390002240143EBD13E
:109CD000D9E7614602241143E6D1D7E761460A433A
:109CE000DBD100240028DFD0E9E761460A43E4D154
:109CF000E5E7B54203DD01225C421443D4E7B542F7
:109D0000CDDB6745DBD809D000246745CCD2594666
:109D10004C426141012449420C43C5E7C845CED8B5
:109D20000024C845F3D3BFE7FF07000070B5051E48
:109D300028D000F06DF8154B154A1B1AD21A1F2AAD
:109D400016DD2C00134A0025D21A94405A0524032C
:109D5000240B520D002124030B0D240B1B05234360
:109D60000D4C1205234013435B002800590870BDB9
:109D70000B212C00081AC440954024035A05240BDB
:109D8000520DE7E700220024E4E7C0461E0400006D
:109D90003304000013040000FFFF0F808446081CFA
:109DA0006146FFE71FB500F0BDF8002801D400218F
:109DB000C8421FBD10B500F049F84042013010BD47
:109DC00010B500F0AFF8002801DB002010BD012025
:109DD00010BDC04610B500F0A5F8002801DD002038
:109DE00010BD012010BDC04610B500F057F8002886
:109DF00001DC002010BD012010BDC04610B500F0F0
:109E00004DF8002801DA002010BD012010BDC04629
:109E10001C2101231B04984201D3000C10391B0A9A
:109E2000984201D3000A08391B09984201D300095E
:109E3000043902A2105C40187047C04604030202B5
:109E4000010101010000000000000000430270B5A4
:109E500042004C005D0AC30F4802120E460A240E4F
:109E6000C90FFF2A0FD0FF2C11D00120A24200D031
:109E700070BDB542FCD18B420DD0002AF8D128002C
:109E8000431E9841F4E70120002DF1D1EBE70120BA
:109E9000002EEDD1E9E70020EAE7C0464302F0B525
:109EA00042005D0AC30F4802440A4800120E000E29
:109EB000C90FFF2A1FD0FF2822D0002A09D16E42E5
:109EC0006E4100280FD1002C0DD10020002D09D0AB
:109ED00005E0002801D1002C01D08B4213D058425C
:109EE00001231843F0BD002EF7D048424141012024
:109EF00049420843F6E7002DDDD002204042F1E759
:109F0000002CDAD0F9E78242E9DC04DBA542E6D88E
:109F10000020A542E6D25842434101205B4218434B
:109F2000E0E7C0464302F0B542004C005E0AC30FB2
:109F30004802120E450A240EC90FFF2A17D0FF2C23
:109F400019D0002A0BD170427041002C17D0002884
:109F500007D048424141012049420843F0BD002C4E
:109F600013D08B4214D0584201231843F6E7022045
:109F7000002EF3D1E3E70220002DEFD1E1E7002D21
:109F8000E5D10020002EE9D0EDE7002DE9D1EAE788
:109F9000A242E8DC04DBAE42E5D80020AE42DDD2CE
:109FA0005842434101205B421843D7E710B586B0C1
:109FB00001AC1422002120000DF0D0FC0123A3727B
:109FC0006372034B0193200009F0C4F806B010BD82
:109FD000FF0D270772B6034B034A9A60034A9A6043
:109FE00062B6704700B0004015AD087979A8D55A1F
:109FF00000B587B001A80023837209F0ABF807B061
:10A0000000BDC04600B589B02022002168460DF091
:10A01000A5FC0D4B00931A3301930C4B02930123C3
:10A020006A46D37603226946CA754B754B74CB7367
:10A0300001330B740A338B8102338B73044807F0AE
:10A040006DFB09B000BDC046300100204C3000401F
:10A050004020014000B585B01022002168460DF077
:10A060007DFC064B009301236A465371044B029317
:10A070006946044808F0BEFF05B000BDDF2E0000B1
:10A080009DA300082011014000B585B010220021D9
:10A0900068460DF063FC074B009301236A46537139
:10A0A0001373054B02936946044808F0A3FF05B0FB
:10A0B00000BDC046DF2E00009DA300082011014016
:10A0C000F8B55F4656464D464446F0B41F4B1988D6
:10A0D00089B2FA200001FFF77DF800281FDD1C4B34
:10A0E0001B8898469B461E0000250024194B9A4663
:10A0F000164B994600E03E006D0053464246EA5238
:10A100000134E4B225004B46198889B25B469F1999
:10A11000FA200001FFF75EF88442ECDB00E0002645
:10A120000A4B198889B2FA200001FFF753F80100A1
:10A130003000FEF7C5FF084B1880FFF7A5FF3CBCB9
:10A1400090469946A246AB46F8BDC0460E48002050
:10A15000300100204C010020741F002030B589B070
:10A160005C4C02220221200007F046FC022203215F
:10A17000200007F041FC02220421200007F03CFCF3
:10A1800002220521200007F037FC02220F2152484D
:10A1900007F032FC514D02220021280007F02CFC70
:10A1A00002220121280007F027FC022207212000BB
:10A1B00007F022FC02220821200007F01DFC0222E9
:10A1C0000921200007F018FC02220A21200007F0D4
:10A1D00013FC02220B21200007F00EFC01A90B2327
:10A1E0000B700A3B4B708B700025CD700D714D715B
:10A1F0008D71CD710D724D728D72CB720D734D7369
:10A200000C228A73CD730D740B764D61344C200093
:10A2100006F08EFD002306220821200006F058FEDD
:10A22000012306220721200006F052FE0223062207
:10A230000621200006F04CFE032306220521200003
:10A2400006F046FE042306220B21200006F040FE05
:10A25000052306220A21200006F03AFE06230622E4
:10A260000921200006F034FE0723062204212000E5
:10A2700006F02EFE082306220321200006F028FE09
:10A28000092306220221200006F022FE0A230622CC
:10A290000121200006F01CFE0B23062200212000D5
:10A2A00006F016FE62680F4B13406360FFF7AAFECC
:10A2B000A26802231343A36063688022120613433B
:10A2C0006360094B1D80FFF7C5FEFFF7F9FE09B07B
:10A2D00030BDC04600000820300008206000082083
:10A2E00000300040FFFFEFFF741F0020F0B547462D
:10A2F00080B4264B198889B2FA200001FEF76AFF64
:10A300000138002819DD002500270024204B98463D
:10A310001E4E6B1C5B0042469B5A6D00AB52FF18F1
:10A320000134E4B22500318889B2FA200001FEF739
:10A3300051FF01388442ECDB00E00027134D2988EF
:10A3400089B2134CFA200001FEF744FF01384000A7
:10A35000104B1B880353298889B22D88ADB2FA208F
:10A360000001FEF737FF01384000035BDF192900C9
:10A37000FA200001FEF72EFF01003800FEF7A0FED4
:10A38000054B188004BC9046F0BDC0460E48002026
:10A390004C01002030010020741F002010B5FFF791
:10A3A000A5FF10BD00230B280CD84300064A07491F
:10A3B0005B5A934203D943001100044A995240006A
:10A3C000024BC35A18007047FF0F000030010020F5
:10A3D00010B582B001AC00232380214A0021117006
:10A3E000204A1380204A1380204A1380042200212F
:10A3F0001F480DF0B3FA042200211E480DF0AEFAFA
:10A40000022221008020C00002F030F801280ED185
:10A4100001AA13781B025278D3189BB25A1E92B22B
:10A4200015498A4203D8124A53800123137002222D
:10A4300001A9124802F01AF801280ED101AA1378D6
:10A440001B025278D3189BB25A1E92B20A498A4212
:10A4500003D8084A53800123137002B010BDC046D0
:10A460007A1F0020781F0020801F0020881F0020F6
:10A470008C1F00207C1F0020FDFF00000204000054
:10A48000F8B50C4C270038372568267900223100B2
:10A49000280007F0B1FAA2793100280007F09CFAF1
:10A4A00062793100280007F00DFB0834BC42EBD183
:10A4B000F8BDC046E879010810B5FFF7E1FFFFF7E6
:10A4C0004DFE00F0F5F810BD10B50023062807D8A2
:10A4D000044BC0001A181179C05807F087FA03001E
:10A4E000180010BDE879010810B506280FD8C30080
:10A4F000074AD3185B79012B09D14A1E9141CAB290
:10A50000034BC00019180979C05807F065FA10BD4F
:10A51000E879010830B51A4B5B6F5B072FD5194BF3
:10A520001A78194B1B78DBB29A4228D2144B186E5A
:10A53000402101431966186E082101431966196EFE
:10A540000420014319661C6E8021214319661C6E8C
:10A55000022121431966196E0124214319661D6EDB
:10A560002021294319661D6E102129431966596F50
:10A5700081435967054B1C700132024B1A7030BD84
:10A5800000400140DC020020E0480020E002002002
:10A59000F8B504000D001C4B1B78002B28D01B4B7A
:10A5A0009F6802230100994301D004292AD17E1C0F
:10A5B000B54207D3E400154B9C4664440023236155
:10A5C000A6611AE072431000B4214900FEF778FD3D
:10A5D0000004000CE4000D4B9C46644420612818E4
:10A5E000864203D2FF433818A06106E0A06104E070
:10A5F000C400074B9C466444A160044A916D8023CB
:10A600000B439365F8BDC0466248002000400140FE
:10A6100008400140164B1B78002B22D0154B9B683D
:10A6200002220100914301D0042908D1C000114A3F
:10A6300094466044016989B2806980B207E0C00035
:10A640000C4A94466044816889B2026990B28142A2
:10A6500002D8401A80B20AE00133C318581A80B2F7
:10A6600005E0C000044B9C466044806880B270479F
:10A6700062480020004001400840014000B585B01C
:10A680001022002168460DF069F902236A46137012
:10A69000013BD371D372137353739373D3736946AE
:10A6A000024808F0A3F805B000BDC04600400140D4
:10A6B00030B5B9B0614C01220421200007F09CF9AB
:10A6C00001220521200007F097F901220621200030
:10A6D00007F092F901220721200007F08DF90122ED
:10A6E0000821200007F088F9554D01220821280093
:10A6F00007F082F901220921200007F07DF90122EB
:10A700000A21200007F078F902220321280007F02F
:10A7100073F95022002110A80DF020F950220021D9
:10A7200024A80DF01BF91022002101A80DF016F944
:10A73000182200210AA80DF011F9424B1B78002BBA
:10A7400025D010AB02229A711A759A76042128201E
:10A75000195406301A5406240E301C5406301A546C
:10A7600001AA917003930125557395730AAC0B925E
:10A770009023FF336381344B198889B23348FEF745
:10A780009FFC0138E081A574314B636135E024AB57
:10A7900002221A7101259D729A731A751A76032185
:10A7A00099771F315A5404200631585404315A54B1
:10A7B00001300631585404315A540130063158548E
:10A7C00004315A5401300631585404315A5401AA04
:10A7D000423951700293557395730AAC0B929023D2
:10A7E000FF336381184B198889B21848FEF768FC5B
:10A7F0000138E081A574164B6361164D0AA9280043
:10A8000007F08AFC05AC1122002120000DF0A6F80B
:10A8100001236371A372E37223736373E37323747D
:10A820002100280008F034F8FFF728FF2B681822D1
:10A830009343103A13432B6039B030BD30000820E9
:10A8400060000820624800200E48002060EA0000F6
:10A8500015A500080040014010B5224B1B78012BC4
:10A860003FD1214A138801339BB213801F4A934280
:10A8700037D91F4B1B78DBB21E4A12789A422BD273
:10A8800000210420FFF730FE642000F0CDF9012103
:10A890000420FFF729FE184B1A6E40218A431A66DE
:10A8A0001A6E38398A431A661A6E04398A431A6650
:10A8B0001A6E7C318A431A661A6E7E398A431A668A
:10A8C0001A6E01398A431A661A6E1F318A431A6654
:10A8D0001A6E10398A431A660022034B1A80014B04
:10A8E0001A7010BDE0020020DE020020973A00003E
:10A8F000E0480020DC0200200040014010B50128A3
:10A9000021D1224B196E40220A431A66196E082281
:10A910000A431A66196E04220A431A66196E8022C7
:10A920000A431A66196E02220A431A66196E012238
:10A930000A431A66196E20220A431A66196E1022FB
:10A940000A431A6620E000281ED1104B1A6E4030D0
:10A9500082431A661A6E08218A431A661A6E042404
:10A96000A2431A661A6E7C34A2431A661A6E824398
:10A970001A661A6E8A431A661A6E18318A431A6664
:10A980001A6E10398A431A6610BDC0460040014055
:10A9900010B50321014807F029F810BD6000082018
:10A9A00010B501F0EBFE024A024B9A6062B610BD90
:10A9B0000090000800ED00E010B5FFF7F1FF01F096
:10A9C000FBFB05F075F905F09FFC02F03DFD00F082
:10A9D000B3FD02F0FBF802F0CFFAFFF7E7FAFFF75A
:10A9E0006BFDFFF7F5FC0CF06BF80CF055F800F080
:10A9F00005F9FEE710B582B000F040FF2B4B019344
:10AA0000012300930023302229492A4801F062F8EB
:10AA1000294B1B68012B24D1284B0193012400945E
:10AA2000002340222649274801F054F8264B019381
:10AA30000094002320222549254801F04BF8254B9E
:10AA400001930094002320222349244801F042F876
:10AA5000234B01930094002320222249224801F035
:10AA600039F8224B0193012400940023402220490D
:10AA7000204801F02FF8204B01930223009300237C
:10AA8000802292001D491E4801F024F81D4B0193BD
:10AA90000094002340221C491C4801F01BF80020B0
:10AAA00001F00EF900F0F6FE02B010BDEC0200203D
:10AAB000207A01087DAB000810B00108F0020020E8
:10AAC000307A010811AB0008F8020020407A010832
:10AAD00029AB000800030020507A010845AB0008AC
:10AAE000E4020020607A010861AB0008E80200205F
:10AAF000707A0108C1AB0008FC020020907A0108BE
:10AB000099AB0008F4020020A47A0108DDAB00082C
:10AB100000B583B001F064F9019000F01BFD012144
:10AB200001A801F0BDFAF8E700B583B001F058F9CB
:10AB30000190002000F000F9052101A801F0B0FA11
:10AB4000F7E7C04600B583B001F04AF90190012053
:10AB500000F0F2F80A2101A801F0A2FAF7E7C046D6
:10AB600000B583B001F03CF90190022000F0E4F858
:10AB7000322101A801F094FAF7E7C04610B582B07F
:10AB800001F02EF90190FA242401FFF723FA2100A5
:10AB900001A801F085FAF8E700B583B001F020F9CB
:10ABA00001900BF07DFF0BF07FFF0BF081FF0BF0AE
:10ABB00083FFFFF751FE012101A801F071FAF0E7D0
:10ABC00000B583B001F00CF9019005F029FD04F007
:10ABD0007BFF0A2101A801F063FAF6E700B583B014
:10ABE00001F0FEF8019002F0A9F802F08BFA04F0EF
:10ABF00039FD0A2101A801F053FAF4E700B583B04A
:10AC000000230193013300930023302204490548B7
:10AC100000F060FF012801D101F0A8F8FEE7C0466E
:10AC2000C07A0108F5A900080822002809D10AE025
:10AC3000C046013BDBB2002BFAD1013880B20028BC
:10AC400001D01300F4E77047022819D80D4A8D236C
:10AC5000DB00584310180C4B9C46604400230370E3
:10AC60006346D35CDB070BD4084BD35CDB0707D40C
:10AC7000074BD35CDB0703D4137A7F210B4013729D
:10AC80007047C046AC24002062060000CA0A0000DB
:10AC9000320F0000064B002206495A5406495A5406
:10ACA00006495A541A7A7F210A401A727047C046E0
:10ACB000AC24002062060000CA0A0000320F000027
:10ACC00010B500F0D3FB094B5B7A70221A4204D016
:10ACD00001221343054A537205E00448102213432E
:10ACE000437200F0C7FB00F0C3FB10BDAC24002092
:10ACF000024B00221A755A757047C046AC240020DA
:10AD000070B504000B4B1D7D00203B2D10D81E009C
:10AD1000587D40193C21FEF743FB881CC0003018C9
:10AD20000630082221000CF0DBFD013535750120CD
:10AD300070BDC046AC240020F0B557464E4645468F
:10AD4000E0B484B00190484B1B7A7F2B00D884E09C
:10AD5000464E0023984600254246B146B379DB07AC
:10AD60006FD5337901998B426BD17388013B9BB2CC
:10AD70007380002B65D13388738000248D23DB0022
:10AD800053431F00B2462B1902AA137000F06EFB4A
:10AD9000E000001BC000C019F930FF30324B9C4668
:10ADA0006044031D443083422ED2E200121BD200C5
:10ADB000D2196244FD32FF321168002924D002AA60
:10ADC00001321E79042E0AD10E7816700E68360AEA
:10ADD00056704E889670C978D17004320BE0022EFE
:10ADE00006D10E8816700988090A5170023202E0F5
:10ADF000097811700132083304A98A4204D29842BA
:10AE000002D019680029DCD1174B5B7A70221A42F4
:10AE100007D002A8FFF774FF002809D100F028FB33
:10AE200008E020221343104A537202A800F022FBCC
:10AE300000F01EFB0134E4B253465B79A342A2D278
:10AE40004E461435EDB201239C46E0448D23DB00D1
:10AE50009C4666443C2D00D07EE704B01CBC904666
:10AE60009946A246F0BDC046AC240020082B002025
:10AE700010B500F06DFB154B154AD35A0020002B7E
:10AE800022D0FF2B05D8DBB2104A11498852104955
:10AE900006E0013BFF3B0D4A0D498B520023F6E7CC
:10AEA0000A69147888882018888001320A61013B79
:10AEB000DBB2002BF4D1054B054AD35A0120002BFD
:10AEC00002D1FFF7FDFE002010BDC046360F000086
:10AED000AC240020F8B504000378012B00D15FE218
:10AEE000052B28D157E2C04B1B7ADB0604D4FFF7B1
:10AEF000D1FE0022BC4B5A72BB490B7A10229343FD
:10AF0000202213430B72B84BFF221A7000225A7092
:10AF100061789970FE21D9709A80DA8038E2B24B5C
:10AF20001B7A9A0600D440E2202293431022134356
:10AF3000AD4A137239E2AC4B1A7A930600D434E26C
:10AF4000A94BFF211970002159704178997005783B
:10AF5000232D00D919E2AB00A449CB589F46A44B3E
:10AF60001A780023002A0FD114E020239A439E4B25
:10AF70001A728378002B04D110231A439A4B1A7249
:10AF800006E2FFF787FE03E299490133DBB2CA5CB0
:10AF9000002AFAD1944AD37000231371937143337A
:10AFA00053714B33D371924BD360F1E18578012D0E
:10AFB00009D84168C07800F09DFA0235AD008A4B8F
:10AFC0005B195860E4E13222874B5A70E0E18178E6
:10AFD000C31C4A1ED2B2002900D1D9E10432841820
:10AFE00081491A78C8680270CA680132CA600133A0
:10AFF0009C42F6D1CCE1831C08347B491A78C8689E
:10B000000270CA680132CA600133A342F6D1BFE1BF
:10B010008278531EDBB2002A00D1B9E1181D724BB1
:10B02000C01803337049CA6812781A700133CA68AD
:10B030000132CA608342F6D1AAE1C078616800F0AB
:10B0400059FA694B1861A278531EDBB2002A00D16D
:10B050009EE1181D644BC018033363490A691278D6
:10B060001A7001330A6901320A618342F6D18FE115
:10B070008078FFF7E9FDA278022A19D88D23DB003A
:10B080005A43F932FF32584BD218131D59498C4696
:10B090006244934204D20021197001339A42FBD1D9
:10B0A000514A117A02230B431372FFF721FE00E08D
:10B0B00000254D4AD570A37814214B43137167E1E5
:10B0C0008378022B05D8C178132902D80279072A80
:10B0D00007D9454B31225A700021C832FF329950AE
:10B0E00056E1414CC800411A8D204343CB189B18B0
:10B0F0003F33DB001B190433FC225200A35047E10D
:10B1000083785A1E012A01D9042B05D1FC235B0048
:10B11000354AD558002D03D13122334B5A7037E1CF
:10B12000E1790906A3791B04C91863791B02CB18BE
:10B1300021795918E07800F0DDF92860FC235B00E4
:10B14000294AD358A2781A7122E1930703D4222204
:10B15000254B5A701CE18378012B08D0002B02D0BC
:10B16000022B51D07DE0C078FFF76EFD10E1C6786C
:10B17000022E00D90CE105794379C1790902807961
:10B18000411889B28D20C0007043174F3818CC2762
:10B19000FF00BC4660440370002900D101318D23BB
:10B1A000DB0073431048C318134818180180134973
:10B1B000591801200880124959180D7011498C4600
:10B1C000634404211970E078022800D9E0E00649C0
:10B1D0008D23DB004343CB18634401201870802388
:10B1E0005B421A430A72D3E0AC240020D87A0108EB
:10B1F000000000206C0400005C0600005E060000F9
:10B200006106000062060000C578022D00D9BFE08B
:10B2100000796379E2791202A1798A1892B28D21BC
:10B22000C9006943614C6118CC24E400A446614420
:10B230000B70002A00D101328D23DB006B435B4988
:10B24000CB185B4959180A805A4A9A180121118073
:10B25000594A9A181070594A9446634404221A7045
:10B2600096E03122514B5A7092E0930703D4222288
:10B270004E4B5A708CE08378002B02D0012B03D008
:10B2800019E0FFF707FD83E00023484D01264C4CF1
:10B290004A49591849190878042800D10E708D219F
:10B2A000C9008C466344A342F2D180235B421A4317
:10B2B0003E4B1A726CE031223C4B5A7068E03B4BBB
:10B2C0000222DA7000225A60DA681A6183881B044D
:10B2D00042881A43002B02D03221344B5970334B31
:10B2E00038495A525B78002B52D15EE043791906F7
:10B2F00003791B04CB18C27812029B188178591865
:10B300002A4BD86800F014F942E08278274D0330C8
:10B31000E96800F00FF9A378EA6894466344EB60AB
:10B32000022835D141E0214D02300622E96800F0C3
:10B3300001F9EB680633EB60022829D135E01B4B9D
:10B34000D86800F0DFF823E0184C0023E37000F029
:10B35000D3F860601CE044239A4314490A7283784E
:10B36000442003401A430A72A278174BCA540FE0D4
:10B370000E4B154A9A5CDA7000221A7108E00B4BEA
:10B380000222DA70013A1A7102E03022074B5A7039
:10B39000FFF796FC09E04388002B00D1B3E5BEE53A
:10B3A0004388002B00D0BAE59DE5F8BDAC24002011
:10B3B0005C0600005E0600006106000062060000F8
:10B3C000380D0000360F0000340F000010B51F4A82
:10B3D000537A702118008843507201241C4007D012
:10B3E00071229343194A5372FFF76AFC01242AE041
:10B3F000164B1B7A7F2B26D900F038F8134B1C7D97
:10B40000002C1ED01C005A7A202313436372607DE7
:10B410000230C0000019063000F02CF8637D0133C3
:10B42000DBB23B2B02D8094A537502E00022074BDE
:10B430005A75064A137D013B137500F019F8012473
:10B4400001E000F015F8200010BDC046AC2400203B
:10B45000044B054A991800221A7001338B42FBD124
:10B460007047C046AC240020380F000072B6704709
:10B4700062B6704710B5184B08225A7200225A73F0
:10B4800000231549C25C0C69E2540133082BF9D141
:10B49000114B1B691B78132B03D8104A0E4B1A60F3
:10B4A00011E01A00143A132A03D80D4A0A4B1A6005
:10B4B00009E0283B132B03D80A4A074B1A6002E025
:10B4C000094A054B1A6001220349084804F0E6FEC8
:10B4D0000122074B1A7010BD70210020D107000017
:10B4E000D2070000D3070000D40700000078004016
:10B4F0000503002008007047014B18787047C046CC
:10B5000006030020014B18707047C0460603002058
:10B51000044B05481978054A9A1811700133834283
:10B52000F8D1704700F80108000002080050FE172B
:10B530007047C0460020704710B5FFF7E9FFFFF7DE
:10B5400087FF0022014B1A7010BDC0460603002081
:10B550007047C04610B50C4B1B78012B06D100225A
:10B56000094B1A70094B1869FFF7B4FC72B6A02397
:10B57000074AD258C0239B021A4201D1FFF726FF87
:10B5800062B6FFF775FC10BD0403002024220020E2
:10B590000078004010B5124B00E013001A68824298
:10B5A000FBD359685C18A04203D140684118596028
:10B5B0001800446801198A420CD10A4A1268914263
:10B5C00006D04A68141944601A681268026002E0E2
:10B5D000016000E00260984200D0186010BDC046D3
:10B5E000140300201003002070B5040000F0F0FBED
:10B5F0003C4B1B68002B20D13B4A530708D0D11D80
:10B6000007239943C0235B01D3185B1A0A0001E0AA
:10B61000C0235B013548026000214160D318083B1C
:10B62000072083432F48036059601960991A5160BD
:10B6300013602F4B19602F4B1960002C4CD007233F
:10B6400023401A0010239B1ADA43944244D8E3188B
:10B65000002B3DDD274A1668B34239D8234A1468C7
:10B6600001E022000C0061688B4202D921680029A8
:10B67000F7D11C4909688C422AD0156821681160ED
:10B680006268D21A102A08D9E018410701D072B6B0
:10B69000FEE742606360FFF77DFF6268B31A1549F9
:10B6A0000B60134909688B4201D211490B600835C0
:10B6B00080231B061A436260002323600E4A13682E
:10B6C0000133136000F04EFC6B0708D072B6FEE742
:10B6D00000F048FC002502E000F044FC00252800B2
:10B6E00070BDC0461003002020030020140300207A
:10B6F000201B00200C0300200803002010B50028A8
:10B7000023D00300083B5B68002B01DB72B6FEE729
:10B710000200083A1268002A01D072B6FEE7083823
:10B7200004005B005B08436000F052FB074A63685B
:10B7300011688C46634413602000FFF72BFF044A16
:10B7400013680133136000F00DFC10BD0C030020E2
:10B750001C03002003000833436001225242826030
:10B76000C3600361002303607047C0460023036188
:10B770007047C04643684B609A688A609A68516017
:10B7800099600861036801330360704730B50C6845
:10B7900002000832631C02D1026904E01A005368F7
:10B7A0001D68AC42FAD253684B6099608A60516060
:10B7B000086103680133036030BDC0460369426815
:10B7C000816891608268416851605A68904201D1F5
:10B7D00082685A60002202611A68013A1A60186889
:10B7E0007047C04682B000230193064B1B680133AB
:10B7F00001D072B6FEE772B6019B002BFCD002B0FE
:10B800007047C0461000002000000000000000004B
:10B810000B4A13681868203080F30988022080F3EF
:10B820001488BFF36F8F3FBCAE4608BC04BC62B641
:10B830001847C046C046C046C046C046C046C0467F
:10B84000C41B002010B5031F802464041C60043B4B
:10B850001960043B02491960143B1A60403810BD5E
:10B86000E5B7000880225205034B1A60BFF34F8FE3
:10B87000BFF36F8F7047C04604ED00E072B6044A14
:10B88000136801331360BFF34F8FBFF36F8F70479F
:10B8900010000020064B1B68002B01D172B6FEE79A
:10B8A000013B034A1360002B00D162B67047C046CB
:10B8B00010000020EFF3108072B6704780F31088FC
:10B8C0007047C046000000000000000000000000BB
:10B8D000EFF309800E4B1A6820381060F0C0444620
:10B8E0004D4656465F46F0C008B572B600F016FCED
:10B8F00062B60CBC116808681030F0C8A046A946B2
:10B90000B246BB4680F309882038F0C81847C046C5
:10B91000C41B002010B5FFF7CDFF040000F066FA4D
:10B92000002803D080225205024B1A602000FFF746
:10B93000C5FF10BD04ED00E010B5084C00232360E6
:10B94000074A1360074B1868FA218900FDF7B8FB16
:10B950000138054B18600723236010BD10E000E09C
:10B9600018E000E02000002014E000E010B50C4BCF
:10B970001A68FF2109040A431A601A68FF210906A0
:10B980000A431A60FFF7D8FF0022064B1A60FFF740
:10B990003FFF00F0C3FBFFF725FF002010BDC046AE
:10B9A00020ED00E010000020084B1B681B68002BF6
:10B9B00004D101225242064B1A6005E0034B1B687A
:10B9C000DB681A68024B1A607047C046281B0020CB
:10B9D000C81B0020F0B5474680B4144B9846144F5E
:10B9E000144E43461B68002B18D0104DFFF746FF3E
:10B9F000FB68DC68201DFFF7E1FE3368013B336024
:10BA00002B68013B2B60FFF745FF206BFFF776FEAD
:10BA10002000FFF773FE2B68002BE7D1064B1B6855
:10BA2000012BDED9FFF71EFFDBE7C046041C002018
:10BA3000301B00201C1C00205C1B002070B5040083
:10BA40000D001E4B1E681E4B18680430FFF7B6FE33
:10BA5000631C16D1002D14D01A4A5168184B18686F
:10BA6000816018688C68C4608C68186804306060F5
:10BA70001868043088601B685A61136801331360CA
:10BA80001AE034190E4B1B685C60A64207D90E4BB6
:10BA900018680B4B19680431FFF778FE0CE00B4B6C
:10BAA0001868074B19680431FFF770FE084B1B68D4
:10BAB0009C4201D2064B1C6070BDC046D01B0020CA
:10BAC000C41B0020441B0020D41B0020281B002086
:10BAD000C81B0020F0B5474680B482B000900E002D
:10BAE000019395002800FFF77FFD041E00D1C7E0F9
:10BAF0005820FFF779FD071E0ED0582200210BF0C9
:10BB00002DFF3C632A00A52120000BF027FF3B6B93
:10BB10009846002E04D11EE02000FFF7EFFDAFE0B5
:10BB20000022B2563423FA540023F356002B0FD0D0
:10BB3000731C3A00353239003E310020185610701F
:10BB400000201856002803D0013301328A42F4D174
:10BB500000223D23FA54089B042B01D972B6FEE75C
:10BB6000089E042E00D90426FE62BE643C1D2000FF
:10BB7000FFF7FCFD38001830FFF7F8FD3F610523A3
:10BB80009B1BBB617F62281F404407239843019A97
:10BB90000099FFF757FE3860099B002B00D01F600B
:10BBA000FFF76CFE394A136801331360384B1B688A
:10BBB000002B23D1364B1F601368012B2AD1354D42
:10BBC0002E0064362800FFF7C5FD1435AE42F9D1CA
:10BBD000314E3000FFF7BEFD304D2800FFF7BAFDB3
:10BBE0002F48FFF7B7FD2F48FFF7B4FD2E48FFF7AA
:10BBF000B1FD2E4B1E602E4B1D600BE02D4B1B68C4
:10BC0000002B07D1224B1B68DB6AFA6A934201D8EA
:10BC10001F4B1F60284A1368013313603B64FB6AA3
:10BC2000264A1268934201D9244A136019499A009E
:10BC3000D3189B00CB185B68BB609A68FA609A685F
:10BC400054609C60FB6A9800C21892008A187A615E
:10BC5000C218920052580132C3189B005A50FFF785
:10BC600019FE144B1B680120002B0BD0084B1B68DE
:10BC7000DA6AFB6A9A4205D2FFF7F4FD012001E07F
:10BC80000120404202B004BC9046F0BD1C1C0020C4
:10BC9000C41B00205C1B0020F01B0020D81B0020D0
:10BCA000081C0020301B0020441B0020281B002003
:10BCB000D41B00202C1B0020EC1B0020201C00208B
:10BCC00070B50400FFF7DAFD002C01D1204B1C6891
:10BCD000251D2800FFF772FDA36A002B03D020006A
:10BCE0001830FFF76BFD1B4A136801331360184BC4
:10BCF0001B689C4208D129001748FFF73BFD174AF3
:10BD000013680133136005E0154A1368013B1360A3
:10BD1000FFF74AFEFFF7BEFD0D4B1B689C4205D0A6
:10BD2000206BFFF7EBFC2000FFF7E8FC0D4B1B68D6
:10BD3000002B0BD0064B1B689C4207D10A4B1B689B
:10BD4000002B01D072B6FEE7FFF78CFD70BDC04638
:10BD5000C41B0020EC1B0020301B0020041C002012
:10BD60001C1C00202C1B0020C01B002000B583B031
:10BD7000104B019300230093802252000E490F487C
:10BD8000FFF7A8FE01280DD172B6012252420C4BDA
:10BD90001A6002320B4B1A6000220B4B1A60FFF73D
:10BDA000E5FD03E0431C01D172B6FEE7074B1B68BB
:10BDB00003B000BDCC1B0020687B0108D5B900088A
:10BDC000C81B00202C1B0020D01B002014000020CA
:10BDD000024A1368013313607047C046C01B00203D
:10BDE000014B18687047C046D01B0020F0B547468D
:10BDF00080B4514B1B68002B00D094E04F4B1C6863
:10BE000001341C60002C12D14D4B1B681B68002BA9
:10BE100001D072B6FEE74A4A11684A4B18681060B2
:10BE20001960494A136801331360FFF7BDFD474BA2
:10BE30001B6800209C4265D30020414B9846002699
:10BE400043461B681B68002B04D1012252423F4B22
:10BE50001A6057E03A4B1B68DB68DB685A6894420B
:10BE600002D23A4B1A604DE05A699968DF688F60D8
:10BE7000D9689F684F60191D57688F4201D1DF68EC
:10BE800057605E611768013F17609A6A002A10D0F8
:10BE9000DF691D6ABD601F6ADD697D601F0018379C
:10BEA0005568BD4201D11D6A55609E621768013F09
:10BEB0001760DA6A264D2F68BA4200D92A609700C7
:10BEC000BA189200234DAC46624452689A60956855
:10BED000DD60976879609160DA6A9700B918890027
:10BEE000654661445961B918890049590131BA1848
:10BEF00092005151184A1168DA6ACB6A9A429FD966
:10BF000001209DE7144B1B68DB6A9A00D3189B0045
:10BF1000104A9B58012B00D90120104B1B68002BA5
:10BF200006D0012004E00E4A13680133136000209C
:10BF300004BC9046F0BDC046C01B0020D01B0020B2
:10BF4000281B0020D41B0020241B0020C81B00201D
:10BF5000201C00205C1B0020C41B0020241C00208F
:10BF6000581B0020F8B5464B1B68002B01D172B658
:10BF7000FEE7FFF783FC424B1A68013A1A601B6820
:10BF80000024002B77D13F4B1A680023002A4ED1A2
:10BF900071E0F368DB689C6ADA691D6A95601A6A69
:10BFA000DD6955601A0018326568954201D11A6A38
:10BFB000626098622268013A22605D699A68DC6872
:10BFC0009460DA689C6854601C1D6A68A24201D1C2
:10BFD000DA686A6058612A68013A2A60DA6A2A4D8A
:10BFE0002D68AA4201D9284D2A609500AA1892000E
:10BFF0008A1852689A609568DD6095686C609460F4
:10C00000DA6A9500AC18A4000C195C61AC18A400A5
:10C0100064580134AA18920054501C4A1268D26A1B
:10C02000DC6A944207D30122194C226003E0194FC5
:10C030003E00002018493A68002AAAD1002B01D0FE
:10C04000FFF7B2FC154B1C68002C0CD0104E0125DC
:10C05000FFF7CCFE002800D03560013C002CF7D162
:10C0600000220E4B1A600A4B1B680024002B02D0E2
:10C07000FFF7F8FB0134FFF70DFC2000F8BDC046C8
:10C08000C01B00201C1C0020201C0020C41B002002
:10C09000241C0020081C00205C1B0020581B0020D2
:10C0A00070B505000C00002801D172B6FEE700292A
:10C0B00001D172B6FEE7174B1B68002B01D072B698
:10C0C000FEE7FFF785FE144B18682A68A318904214
:10C0D00008D29A4219D99842A44164422B609842EE
:10C0E00009D204E09A420DD898420BD30DE0181AF9
:10C0F0000021FFF7A3FCFFF735FF002808D1FFF769
:10C10000B1FB05E02B600124F1E72B600024F2E78E
:10C11000200070BDC01B0020D01B002010B5214B9B
:10C120001B68002B03D001221F4B1A6038E000224D
:10C130001D4B1A601D4B1B689A00D21892001C49B7
:10C140005258002A0DD1002B02D003E0002B01D160
:10C1500072B6FEE7013B9A00D21892005258002AAC
:10C16000F4D0134C9A00D1188900611848684068CF
:10C170004860D21892000832A218904205D1416856
:10C180009A00D2189200A21851609A00D218920018
:10C1900007498A185268D168064A1160034A136039
:10C1A00010BDC046C01B0020241C0020201C002005
:10C1B0005C1B0020C41B002010B5104C0022012184
:10C1C000200005F019FC00220021200005F014FCDD
:10C1D00001220021200005F075FC094C00220321FA
:10C1E000200005F009FC01220321200005F06AFC73
:10C1F00001220321200005F0EFFB10BD0000082004
:10C200003000082010B5124C01220121200005F059
:10C2100059FC01220121200005F0DEFB0122002152
:10C22000200005F0D9FB0420FEF7FEFC00220121CE
:10C23000200005F0D1FB0420FEF7F6FC00220021CF
:10C24000200005F0C9FB0420FEF7EEFC10BDC0463F
:10C250000000082010B50E4C01220121200005F03D
:10C2600031FC00220121200005F0B6FB0420FEF77E
:10C27000DBFC01220021200005F0AEFB0420FEF7CC
:10C28000D3FC01220121200005F0A6FB10BDC04611
:10C290000000082070B5050001220121164805F0B4
:10C2A00011FC0824144E6BB2002B05DA0122012187
:10C2B000300005F091FB04E000220121300005F080
:10C2C0008BFB6D00EDB20420FEF7AEFC01220021D5
:10C2D000300005F081FB0420FEF7A6FC00220021BF
:10C2E000300005F079FB0420FEF79EFC013CE4B22F
:10C2F000002CD8D170BDC0460000082070B5184C85
:10C3000000220121200005F0DDFB01220121200097
:10C3100005F062FB0420FEF787FC012200212000CB
:10C3200005F05AFB0420FEF77FFCFB240C4D06E0D1
:10C33000013CE4B2002C02D1FFF78CFF0EE001219A
:10C34000280005F053FB0028F2D100220021044808
:10C3500005F042FB0420FEF767FC0124200070BDBD
:10C360000000082010B5124C01220121200005F028
:10C37000A9FB00220121200005F02EFB0420FEF77E
:10C3800053FC01220021200005F026FB0420FEF7CB
:10C390004BFC00220021200005F01EFB0420FEF7CC
:10C3A00043FC01220121200005F016FB10BDC04610
:10C3B0000000082010B50F4C01220121200005F0DB
:10C3C00081FB01220121200005F006FB0420FEF77D
:10C3D0002BFC01220021200005F0FEFA0420FEF7CC
:10C3E00023FC00220021200005F0F6FA0420FEF7CD
:10C3F0001BFC10BD00000820F8B507001A4C0022F5
:10C400000121200005F05EFB01220121200005F042
:10C41000E3FA08260024144D01220021280005F02B
:10C42000DBFA0420FEF700FC6400E4B201212800DE
:10C4300005F0DCFA002801D00134E4B2002200212A
:10C44000280005F0C9FA0420FEF7EEFB013EF6B223
:10C45000002EE1D1002F02D1FFF7ACFF01E0FFF782
:10C4600081FF2000F8BDC0460000082070B5040020
:10C470000D001600821880239B0100209A423DDCAB
:10C4800000293AD0FFF7BEFEA020FFF703FFFFF719
:10C4900035FF00282DD0200AFFF7FCFEFFF72EFF06
:10C4A000002826D0E0B2FFF7F5FEFFF727FF0028AF
:10C4B0001FD0FFF7A7FEA120FFF7ECFEFFF71EFF3E
:10C4C000002816D0B31E9BB2012E0AD02C000133D7
:10C4D000ED182E000120FFF78FFF20700134B442C9
:10C4E000F8D10020FFF788FF2870FFF7B3FE012086
:10C4F00004E0FFF7AFFE002000E0002070BDC04662
:10C50000F8B557464E46C0B405008A461400821856
:10C5100080239B0100209A425BDC002958D0002236
:10C5200003212E4805F058FA002C3BD02C19A3B259
:10C53000994600271F26BBB2002B01D02E4224D1E2
:10C54000FFF788FEFA208000FEF76EFB0024FFF75D
:10C5500059FEA020FFF79EFEFFF7D0FE002804D171
:10C560000134A4B2642CF2D129E0642C27D0280A2B
:10C57000FFF790FEFFF7C2FE002820D0E8B2FFF7D9
:10C5800089FEFFF7BBFE002819D05346D85DFFF7A0
:10C5900081FEFFF7B3FE002811D00135ADB201379F
:10C5A000A945C8D1FFF756FEFA208000FEF73CFBF4
:10C5B00001220321094805F00FFA012009E0FFF7E5
:10C5C00049FE01220321054805F006FA002000E09B
:10C5D00000200CBC91469A46F8BDC04630000820A9
:10C5E000002103E00F4B5B58435004310E480F4BC2
:10C5F00042189A42F6D30E4A03E000231360042344
:10C600001A440C4B9A42F8D300F048F90A480B49F7
:10C6100001800B48094901800A480B490180FEF757
:10C62000CBF970472C7D0108000000202C01002070
:10C63000300100205037002014000820FFFF0000C8
:10C640004400082074000820FF030000FEE70000FB
:10C6500082B00022019201380A4B58609A6005327C
:10C660001A601900802252020B680193019B134249
:10C67000FAD0044B1A6801218A431A6000229A609A
:10C6800002B0704710E000E000B583B000226B46B6
:10C69000DA71002006F0A6FB012006F0AFFB0128AE
:10C6A00005D104F0EBFF01226B46DA7105E00020B2
:10C6B00004F0E4FF00226B46DA71002004F0C8FFAA
:10C6C000012006F0CDFB01280CD1002004F0E2FF90
:10C6D000082004F0EBFF602004F0F8FF012004F0D4
:10C6E000AFFF0BE06B4607331B78012B03D1022011
:10C6F00004F0A6FF02E0002004F0A2FF03B000BD9A
:10C700000B4B0C4A1A600C4A1A600C4B0C4A1A600C
:10C71000802189020B4A11608022520019680A4365
:10C720001A60094A80231B0611680B431360704787
:10C73000002000401178AC00674523011420004020
:10C74000312000004020004004200040F8B50A4B92
:10C750001B6843431F001D0E08D00024802676046A
:10C760003000FFF775FF0134A542F9D13802000A05
:10C77000FFF76EFFF8BDC046281C002010B584B03E
:10C780000F226A44002313700E2169440B700D219F
:10C7900069440B7003A90B700B2169440B700A21CB
:10C7A00069440B70092169440B7001938020C00516
:10C7B000036803242340137003689B059B0F013318
:10C7C0000B701378DBB2012B08D0002B02D0022BA8
:10C7D0004AD04CE02C4A2D4B1A6048E08021C90514
:10C7E0000B68DB02DB0F0B226A4413700B689B069D
:10C7F0009B0F013303A8037025480B589B0F254C52
:10C80000E35CDBB20A246C4423700B589B00DB0E04
:10C810005B000E246C4423700B58DB0BDBB20D2144
:10C8200069440B701378002B03D0174A174B1A601A
:10C8300002E0154A154B1A600D236B4418780A2341
:10C840006B441978C9B2114C23685843FCF738FC83
:10C85000019001980E236B44197803AB1B78594360
:10C86000FCF72EFC206002E0074A084B1A600923FF
:10C870006B441978C9B2054B1868FCF721FC064BCC
:10C88000186004B010BDC04600127A0020000020DD
:10C89000908800001C0000202400002010B5074BE9
:10C8A000074A9A60074A084B1A60FFF729FFFFF70B
:10C8B000EBFE012004F0D6FE10BDC04600ED00E006
:10C8C00000900008006CDC022000002003789A072A
:10C8D000D20F50005A07D20F92008218D807C00F0B
:10C8E00010181A07D20FD2008018DA06D20F1201E0
:10C8F00080189A06D20F520180185A06D20F920160
:10C900008018DB09DB01C018C0B27047F0B547469C
:10C9100080B407000D0014001D2200210BF01EF84A
:10C920000022194B1A70012C02D0022C14D027E0DF
:10C93000164C26001C36144B98462000FFF7C6FF05
:10C940002840854204D143461B7801334246137088
:10C950000134B442F1D113E00C4E01240A4B984645
:10C960003000FFF7B3FF284205D043461B785A1C1E
:10C9700041460A70FC540134E4B201361D2CEFD15B
:10C98000380004BC9046F0BD21220020D5220020B2
:10C99000F8B5040000220F4B1A701D3200210AF076
:10C9A000DDFF0123002000270B4E0125D9B29A009C
:10C9B000B218D278D20703D57A1CE155D7B2280035
:10C9C00001331D2BF2D1002801D0024B1F70200033
:10C9D000F8BDC046D02200201CB001088000034BE7
:10C9E0001818C078C007C00FC0B270471CB001084B
:10C9F000C007C00FC0B2704770B51C2800D9B7E09F
:10CA00005C4A821883005C4CE318DB78DB0760D556
:10CA10005A4B1B78012B5CD1012900D098E011788A
:10CA20001943C9B202230B43D9B220230B43EF2190
:10CA30000B40AF398B4308210B431370504B1E78CA
:10CA4000B0421ED01C0031000025002303E0083452
:10CA50002178884215D0002900D01D000133DBB2B7
:10CA6000042BF4D171E0002D04D1002E02D1444BEF
:10CA7000187003E00135ED00414BE8540121414BB2
:10CA80001970414B187080003B4B1818C3789B07F6
:10CA9000DB0F012B6AD142E001243C4B1C70354B6B
:10CAA0001B5CDB070DD5374B1C700023344D002673
:10CAB000EC5C844202D1324C1C1926700833202BC6
:10CAC000F6D12C4C235C0825AB43073DAB432354E4
:10CAD00017E02A4B1B78002B13D101242B4B1C7021
:10CAE000244D2B5C0826B343A3431F34A3431E3CB1
:10CAF000A34310242343DBB2402423437F24234059
:10CB00002B5480001C4B1818C3789B07DB0F012B9C
:10CB100010D11A4B1B78012B2AD1012923D113786C
:10CB2000802149420B43137022E013787F210B4090
:10CB300013701DE0002B1BD1104B1B78012B17D15C
:10CB400013787F210B40137012E0022D8BD998E7E8
:10CB50000029A1D08000084B1818C3789B07DB0F71
:10CB6000012BE7D1D9E7002902D1DEE7002BE7D07E
:10CB700070BDC046D42200201CB001082022002035
:10CB8000981F0020A4240020182200201622002034
:10CB9000037801229343013293437D3213400370A3
:10CBA0007047C046037808229343043A9343033AFC
:10CBB00093431F3293431E3A934310221343DBB235
:10CBC000402213437F2213400370704770B5154C09
:10CBD00025001C352000FFF7E5FF0134AC42F9D1F8
:10CBE000AB22114B1A700023104A1370104A1370B5
:10CBF000104A1370104A002050709070D3700F4A82
:10CC0000137001220E490430FFF730FC20220D4939
:10CC10000720FFF72BFC04220B492720FFF726FCF7
:10CC200070BDC046D52200201722002021220020FE
:10CC3000A424002016220020182200200822002010
:10CC400020220020981F0020901F0020F8B55F468A
:10CC500056464D464446F0B4244C0020A2460021DE
:10CC600008239946043B9846033B9C46202702260E
:10CC7000C200524451709170E170217013794D4699
:10CC8000AB434546AB436546AB43BB43B34310257B
:10CC9000AB465D462B43DBB29B4640235D462B43B0
:10CCA0007F252B401371124BC318197001300834C3
:10CCB0000428DDD10F4A0023002050709070D370FB
:10CCC0000D4A13700D4A13700D4C25001C352000C1
:10CCD000FFF768FF0134AC42F9D10122094B1A7009
:10CCE0003CBC90469946A246AB46F8BD981F002032
:10CCF000901F002018220020082200204E22002031
:10CD0000D52200202C1C002070B5040003280FD869
:10CD100085B2C100074BC918E80007300822FFF7A9
:10CD2000EFFB05496118280027300122FFF7E8FBD7
:10CD300070BDC046981F0020901F0020F8B55F46C8
:10CD400056464D464446F0B4804B1B78012B13D118
:10CD500000227E4B1A700020FFF7D6FF0120FFF75C
:10CD6000D3FF0220FFF7D0FF0320FFF7CDFF012202
:10CD700077492B20FFF7C4FB764B1B78012B7BD127
:10CD8000754B1B78012B00D090E00022714B1A707C
:10CD9000724C012399460026F5B237002000217815
:10CDA00000291AD06E4A8B00985CD3185A789246A4
:10CDB0006A4AF700BC4662445070504690709A78B8
:10CDC000E270684A9155DB789B0702D50122604BDF
:10CDD0001A702800FFF798FF41E04B46032B00D95B
:10CDE0008BE0237A002B00D08AE04B465B4A04E0BC
:10CDF000D900895C002900D083E00133DBB2042B29
:10CE0000F6D17AE0554F0024564EEA00BB185C700C
:10CE10009C70DC70D45574552800FFF775FF6B1CAF
:10CE2000DDB2042DF1D122E00122494B1A704B4BA7
:10CE300098466346D80043461A18531C9A46002366
:10CE40000027BB465770574659467970D370424603
:10CE50008354444A614653542800FFF755FF013676
:10CE60004F4601370834FBB29946042E94D1012273
:10CE700037492B20FFF744FB3B4B1B78002B15D089
:10CE8000354A1278012A11D135499A00545C8A1822
:10CE9000507835494C7088709078C87033490B7061
:10CEA000D3789B0702D50122294B1A70304B1B788F
:10CEB000012B45D100222E4B1A7001210123284855
:10CEC0002C4C8A008218D278D20702D5625CD20735
:10CED00005D40133DBB201311D2BF2D101E01D2B52
:10CEE0002ED1214A00231370002050709070D3700F
:10CEF0001E4A1370164A137022E0032D82D9B6E73A
:10CF00004B469C46DB00154A995C01708B00144A25
:10CF10009A5C9346124A924653445A789246FA00D3
:10CF20000E4FB84642445F465770574697709A78FE
:10CF3000C2700C4A9155DB789B0700D574E776E701
:10CF40003CBC90469946A246AB46F8BD2C1C00203E
:10CF50004E220020A424002020220020981F002020
:10CF60001CB00108901F0020182200200822002079
:10CF700016220020D4220020094A002313701371C6
:10CF80005370537193709371D370064A1380064A9D
:10CF90001380064A1380064A1380064A13607047BE
:10CFA0000C220020A8240020941F0020142200201E
:10CFB00050240020C42100200349A0228B58802047
:10CFC00083438B507047C0460078004030B5104B0B
:10CFD0001D78002D1AD00F4B1B68984210D106E027
:10CFE0001C00116801330C3281420CD100E0002496
:10CFF00063001C19A400074B1C190023E38005E003
:10D00000044A0C320123D9B28D42E9D830BDC04662
:10D01000B01C0020381C002010B5304BDB7ADB0739
:10D0200054D52F4A13680A3313602E4A12882E49AA
:10D0300009688A4203D300212A4A118002E00A3299
:10D0400028490A80294A1278022A10D1284A1268EF
:10D05000934242D90023224A1360264A1380234B6D
:10D0600000221A7000210220FFF7C6FC35E0012AD9
:10D0700033D1214A1268934211D31E4A12881F49A4
:10D0800009688A420BD20021154B19600132194BF5
:10D090001A800222154B1A70FFF78EFF1DE0184A06
:10D0A0001268934219D3154B1B68124A12889A4290
:10D0B00013D300220A4B1A6002320C4B1A70FFF78E
:10D0C0007BFF01210220FFF797FC06E00023054AC1
:10D0D0001380084A1380024A136010BD1CB0010877
:10D0E000C421002014220020ACB001080C22002032
:10D0F000A0B0010850240020A8B00108B0B0010879
:10D10000A4B00108F0B54F4680B482B0734B1B88C1
:10D11000734A1268934232D2724AD279D2072ED51C
:10D120000A336E4A1380B0236F4AD3581B065B0F35
:10D130001AD06E4A13880A339BB213806C4A126865
:10D14000934221D30022694B1A8001210120FFF76D
:10D1500053FC6549A0228B588020834303438B50A6
:10D160008B5883438B500FE00022604B1A8061483C
:10D17000FFF70EFD00210120FFF73EFC04E0002335
:10D18000564A1380594A1380FFF746FF5A4B1B78C3
:10D19000012B00D09DE0594B1B78002B03D1584B3D
:10D1A0001B78002B05D1574B1B780024002B75D121
:10D1B0008FE0554A013BDBB201335900C9188900A1
:10D1C0005118484E1000D37A9B00F318DB78DB0728
:10D1D00060D5D3880A339FB2D78094884B4B1B68A5
:10D1E00063439BB201934A4D2D68AB4203D2484B37
:10D1F0001B689BB208E0474D2D68A946019D4D452F
:10D2000002D9444B1B689BB29F4207D3C380837AE9
:10D210000F27BB4301273B4383721CE0837A0F2710
:10D220003B40012B52D100230381837ABB431F0073
:10D2300002233B4383720EE003890A339BB20381CE
:10D24000354D2F686743BB4224D300230381837A83
:10D250000F27BB438372837A0F273B40012B0CD1EE
:10D26000C37A033B5B00807A00090E3F87402B485E
:10D27000185AB843294C18530CE0002B0AD1C37A32
:10D28000033B5B00877A3F090120B840234C1F5BBA
:10D29000384318530C328A4294D184E7114E194D09
:10D2A000E31C9B00F318DB78DB0709D563001B4AFE
:10D2B000995A4B425941C9B2E01CC0B2FFF79CFBDE
:10D2C0000134E4B22B78A342EAD802E0022BD4D195
:10D2D000B2E702B004BC9146F0BDC046A8240020CD
:10D2E000B8B001081CB0010800780040941F00206D
:10D2F000B4B00108D5220020A62400200C22002072
:10D30000B01C0020B11C0020381C00209CB001087B
:10D3100098B0010894B0010890B00108301C0020BA
:10D32000F0B5474680B40023022A62D9D71E022FE7
:10D330005FDC324B1E78002E1BD0314B1B689842AD
:10D3400054D02F4B98460C33751EEDB201356C004E
:10D35000A4466544AD002C00444405E00C331D0098
:10D360000C3D2D68854243D09C42F7D10023092E05
:10D370003FD8234B7400A519AD00E8505B19998084
:10D38000DA72997A0F20814399727B001D495C5AA9
:10D39000E3070CD501210123012528008840204204
:10D3A00006D00133DBB20131102BF6D100E00023AF
:10D3B0007800012199400C431249445270008019B1
:10D3C00080000F4908181901837A0F2423400B436A
:10D3D00083720136094B1E700B4B197801238F4263
:10D3E00007DB023A084B1A70012302E0012300E038
:10D3F0000123180004BC9046F0BDC046B01C0020BC
:10D40000381C0020301C0020B11C002010B503F097
:10D410004FFB10BD00B585B01022002168460AF010
:10D420009DFA064B009301236A465371044B029305
:10D430006946044805F0DEFD05B000BD7FA9030084
:10D440000DD400080011014070B582B001266B4672
:10D45000DE716B469D1D00249C71002002F048FF88
:10D46000002002F04BFF234B1C70234B1C70234BFE
:10D470001C70FFF7CFFF0322214B1A70214B1E7047
:10D480000132214B1A70214B1C70214B1C706732EA
:10D49000204980208000FEF7E9FF01221E49032079
:10D4A000FEF7E4FF01221D490120FEF7DFFF012204
:10D4B0001B490220FEF7DAFF012229000420FEF7B3
:10D4C000D5FF01280AD16B4606331B78012B05D006
:10D4D00001226B46D91D0330FFF712F8114A11687B
:10D4E000114B19705168597091689970D268DA704F
:10D4F00002B070BD0F34002018340020003400202A
:10D50000E533002010340020F1330020BB1C002044
:10D51000EC330020BC1C0020F0330020E43300205A
:10D52000EE33002000B00108281D002000B585B0B2
:10D530001022002168460AF011FA074B00930123DC
:10D540006A4653711373054B02936946044805F00C
:10D5500051FD05B000BDC0467FA903000DD40008F1
:10D5600000110140F0B5474680B40500884602F03E
:10D5700021FF070002F022FF0478427812022243C2
:10D5800083781B0413431A00C3781B06134301223C
:10D5900002710022427140351D70047842781202F7
:10D5A000224383781B0413431A00C3781B061343DA
:10D5B0000179427912020A431600013292B20271D5
:10D5C000120A42713D78797809022943BA78120427
:10D5D0000A431100FA7812060A4352787F210A4062
:10D5E0009A5501235B429C46E0444346002B29DDCB
:10D5F0000021047843781B0223431A0086783604FE
:10D6000033001343C67836061E43027943791B0262
:10D6100013439C4601339BB203711B0A43713D784F
:10D620007A7812022A43BB781B0413431A00FB7852
:10D630001B061343CB189B786246B3540131C9B221
:10D640004145D6DBFFF772FF04BC9046F0BDC046F3
:10D65000F0B557464E464546E0B404000D009246EC
:10D6600002F0A8FE060002F0A9FE0378427812023A
:10D670001A4383781B0413431A00C3781B06134311
:10D68000012202710022427140341C7004784278F9
:10D690001202224383781B0413431A00C3781B062B
:10D6A00013430179427912020A431700013292B200
:10D6B0000271120A42713278717809021143B2780C
:10D6C00012040A431100F27812060A4352787F21AD
:10D6D0000A40DA556B1E9946002B29DD0027047895
:10D6E00043781B0223431A00817809040B0013437B
:10D6F000C17809061943027943791B0213439846FE
:10D7000001339BB203711B0A4371357872781202A0
:10D710002A43B3781B0413431A00F3781B06134300
:10D72000FB189B7842468B547B1CDFB24F45D6DBFF
:10D73000047842781202224383781B0413431A00B0
:10D74000C3781B06134302794179090211434A1C2D
:10D7500092B20271120A42715246120A5A54047865
:10D7600042781202224383781B0413431A00C378C1
:10D770001B06134302794179090211434A1C92B2F4
:10D780000271120A427152465A54FFF7CFFE1CBC76
:10D7900090469946A246F0BDF0B557464E464546DE
:10D7A000E0B406000C009146984602F003FE050026
:10D7B00002F004FE0378427812021A4383781B04B5
:10D7C00013431A00C3781B0613430122027100227F
:10D7D0004271320040321A700378427812021A43C2
:10D7E00083781B0413431A00C3781B061343017983
:10D7F000427912020A431600013292B20271120AF1
:10D8000042712A78697809021143AA7812041143F7
:10D81000EA7812060A4352787F210A409A55631E1D
:10D820009A46002B29DD0027017843781B020B4321
:10D830001A0083781B041343C27812061A439446D5
:10D84000027943791B0213431E0001339BB203711B
:10D850001B0A437129786A7812020A43AB781B04C9
:10D8600013431A00EB781B061343FB189B786246A0
:10D8700093557B1CDFB25745D6DB04784278120201
:10D88000224383781B0413431A00C3781B061343F7
:10D8900002794179090211434A1C92B20271120ABB
:10D8A00042714A46120A5A540478427812022243BC
:10D8B00083781B0413431A00C3781B0613430279B1
:10D8C0004179090211434A1C92B20271120A427153
:10D8D0004A465A54047842781202224383781B0441
:10D8E00013431A00C3781B061343027941790902D6
:10D8F00011434A1C92B20271120A427142465A54B2
:10D90000FFF714FE1CBC90469946A246F0BDC046E7
:10D9100000B585B01022002168460AF01FF8064BBA
:10D92000009301236A465371044B029369460448ED
:10D9300005F060FB05B000BD7FA903000DD4000811
:10D9400000110140044B1878012802D100221A70FE
:10D9500000E000207047C046BB1C002072B6BFF339
:10D960004F8F034A034BDA60BFF34F8FC046FDE78A
:10D970000400FA0500ED00E070B506003E284DD128
:10D9800002F020FD040002F021FD05784278120229
:10D990002A4383781B0413431A00C3781B061343DE
:10D9A00001220271002242717E321A70057842789B
:10D9B00012022A4383781B0413431A00C3781B0600
:10D9C00013430279467936021643721C92B20271F1
:10D9D000120A42712578617809022943A27812045B
:10D9E0000A431100E27812060A4352787F210A4066
:10D9F0009A552078627812020243A3781B041343DD
:10DA00001A00E3781B0613435B787F2B02D8FFF7DD
:10DA10008DFD50E00022284B1A704CE002F0CAFC49
:10DA2000040002F0CBFC0578427812022A43837886
:10DA30001B0413431A00C3781B061343012202710F
:10DA40000022427140361E700578427812022A4345
:10DA500083781B0413431A00C3781B06134302790F
:10DA6000467936021643721C92B20271120A427152
:10DA70002578617809022943A27812040A4311002B
:10DA8000E27812060A4352787F210A409A5520789C
:10DA9000627812020243A3781B0413431A00E3784E
:10DAA0001B0613435B787F2B02D8FFF73FFD02E094
:10DAB0000022014B1A7070BDED33002070B50600D6
:10DAC0000D003E2842D102F07DFC02F07FFC04787C
:10DAD00042781202224383781B0413431A00C3784E
:10DAE0001B06134301220271002242717F321A7019
:10DAF000047842781202224383781B0413431A00ED
:10DB0000C3781B06134302794179090211434A1C69
:10DB100092B20271120A42713E225A54047842783B
:10DB20001202224383781B0413431A00C3781B0696
:10DB3000134302794179090211434A1C92B20271DE
:10DB4000120A42715D54FFF7F1FC3EE002F036FC30
:10DB5000047842781202224383781B0413431A008C
:10DB6000C3781B06134301220271002242717F32E7
:10DB70001A70047842781202224383781B041343FC
:10DB80001A00C3781B061343027941790902114335
:10DB90004A1C92B20271120A42715E5404784278B1
:10DBA0001202224383781B0413431A00C3781B0616
:10DBB000134302794179090211434A1C92B202715E
:10DBC000120A42715D54FFF7B1FC70BDF8B502F066
:10DBD000F1FB040002F0F2FB0578427812022A43BE
:10DBE00083781B0413431A00C3781B0613430122D6
:10DBF00002710022427150321A7005784278120286
:10DC00002A4383781B0413431A00C3781B0613436B
:10DC1000027947793F0217437A1C92B20271120AC5
:10DC200042712678617809023143A27812040A43CE
:10DC30001100E27812060A4352787F210A40DA5531
:10DC40000578427812022A4383781B0413431A0092
:10DC5000C3781B06134302794179090211434A1C18
:10DC600092B20271120A427100225A540578427827
:10DC700012022A4383781B0413431A00C3781B063D
:10DC8000134302794179090211434A1C92B202718D
:10DC9000120A427132225A540578427812022A43FB
:10DCA00083781B0413431A00C3781B0613430279BD
:10DCB0004179090211434A1C92B20271120A42715F
:10DCC00002225A540578427812022A4383781B04B0
:10DCD00013431A00C3781B061343027941790902E2
:10DCE00011434A1C92B20271120A4271BC225A5468
:10DCF0002078627812020243A3781B0413431A00AF
:10DD0000E3781B0613435B787F2B02D8FFF70EFCEA
:10DD100002E00022014B1A70F8BDC046ED3300202E
:10DD2000F8B505000E0017001C0002F043FB02F0DE
:10DD300045FB0378427812021A4383781B0413438D
:10DD40001A00C3781B06134301220271002242719C
:10DD500040351D700578427812022A4383781B04EF
:10DD600013431A00C3781B06134302794179090251
:10DD700011434A1C92B20271120A4271320A5A5479
:10DD80000578427812022A4383781B0413431A0051
:10DD9000C3781B06134302794179090211434A1CD7
:10DDA00092B20271120A42715E541A235F43134BFE
:10DDB000DF19FB7C002B1DD02600013BDBB20133B9
:10DDC000E3180578417809022943827812040A434E
:10DDD0001100C27812060A430179447924020C43E7
:10DDE000611C89B20171090A4171317811550136FE
:10DDF0009E42E6D1FFF79AFBF8BDC046FC7B0108C6
:10DE0000F8B5060002F0D6FA040002F0D7FA057859
:10DE1000427812022A4383781B0413431A00C37802
:10DE20001B061343012202710022427140361E700C
:10DE30000578427812022A4383781B0413431A00A0
:10DE4000C3781B061343027947793F0217437A1CB4
:10DE500092B20271120A4271267861780902314346
:10DE6000A27812040A431100E27812060A4352789B
:10DE7000DA550578427812022A4383781B0413434B
:10DE80001A00C3781B0613430279467936021643FB
:10DE9000721C92B20271120A4271257861780902ED
:10DEA0002943A27812040A431100E27812060A43B9
:10DEB00092789A55FFF73AFBF8BDC046F8B50500D1
:10DEC00002F078FA060002F079FA04784278120239
:10DED000224383781B0413431A00C3781B061343A1
:10DEE000012202710022427140351D70047842788F
:10DEF0001202224383781B0413431A00C3781B06C3
:10DF00001343027947793F0217437A1C92B2027198
:10DF1000120A42713578717809022943B2781204E5
:10DF20000A431100F27812060A4352787F210A4010
:10DF3000DA559E4B1B78012B58D104784278120297
:10DF4000224383781B0413431A00C3781B06134330
:10DF500002794179090211434A1C92B20271120AF4
:10DF600042712D225A540478427812022243837857
:10DF70001B0413431A00C3781B061343027941792B
:10DF8000090211434A1C92B20271120A4271CF2255
:10DF90005A54047842781202224383781B041343B4
:10DFA0001A00C3781B061343027941790902114311
:10DFB0004A1C92B20271120A427146225A540478E3
:10DFC00042781202224383781B0413431A00C37859
:10DFD0001B06134302794179090211434A1C92B28C
:10DFE0000271120A427129225A54DCE0704B1B78EC
:10DFF000012B0ED13478727812022243B3781B04BD
:10E0000013431A00F3781B0613435B78012B66D188
:10E010000FE0032B63D13478727812022243B37875
:10E020001B0413431A00F3781B0613435B78032B7E
:10E0300055D1047842781202224383781B0413439B
:10E040001A00C3781B061343027941790902114370
:10E050004A1C92B200250271120A42715D54047882
:10E0600042781202224383781B0413431A00C378B8
:10E070001B06134302794179090211434A1C92B2EB
:10E080000271120A42715D540478427812022243EE
:10E0900083781B0413431A00C3781B0613430279C9
:10E0A0004179090211434A1C92B20271120A42716B
:10E0B0005D54047842781202224383781B04134390
:10E0C0001A00C3781B0613430279417909021143F0
:10E0D0004A1C92B20271120A42715D5463E00478E4
:10E0E00042781202224383781B0413431A00C37838
:10E0F0001B06134302794179090211434A1C92B26B
:10E100000271120A42712B4D1C2252422C6862404D
:10E110005A54047842781202224383781B04134332
:10E120001A00C3781B06134302794179090211438F
:10E130004A1C92B20271120A4271732252422C6836
:10E1400062405A54047842781202224383781B04B6
:10E1500013431A00C3781B0613430279417909025D
:10E1600011434A1C92B20271120A427119222C68A0
:10E1700062405A54047842781202224383781B0486
:10E1800013431A00C3781B0613430279417909022D
:10E1900011434A1C92B20271120A42712A681E206F
:10E1A000404242405A54FFF7C1F9F8BD1800002020
:10E1B000F1330020841F002070B502F0FBF8050049
:10E1C00002F0FCF829786B781B020B431A00AC783C
:10E1D000240423001343EC7824061C430578437879
:10E1E0001B022B431A00817809040B001343C178EA
:10E1F000090619438A781206CB781B04D2184B798A
:10E20000D218097909025218D30912041A4352008C
:10E210002A4B534058011B0BA2781106E2781204D6
:10E220008A186179521821790902521803439A42D7
:10E2300008D10922224B1A700023224A1370224A65
:10E24000137039E0204B1B785A1C022A2BDD1D4A23
:10E250001278002A0FD101331B4A13700B22184B7E
:10E260001A700A3A174B1A70184A194B1A8004226E
:10E27000184B1A7020E0164B1B88002B0CD1012282
:10E28000104B1A70114A124B1A800B220C4B1A7049
:10E29000073A104B1A700FE00C22094B1A70083A1B
:10E2A0000C4B1A7008E00133074A13700A22044B22
:10E2B0001A70063A074B1A7070BDC04682FD3E7D4B
:10E2C000B31C0020EC330020B51C002060EAFFFFE7
:10E2D00028000020F1330020F0B583B002F06AF886
:10E2E000040002F06BF86E4A6E4B1A80BB226B463C
:10E2F000DA71227963791B021343022B07D00522BE
:10E30000694B1A7013211020FFF7D8FBC5E0257860
:10E31000627812022A43A3781B0413431A00E3789D
:10E320001B0613435B787F221340022B19D0DAB20D
:10E33000022A02D8012B05D044E0032B28D0042B5D
:10E3400033D03FE00123584A1370584A1370042217
:10E35000574B1A700022574B1A701020FFF736FCEB
:10E360009BE0514B1B78032B05D1013B4E4A1370A8
:10E370004E4A137035E0022B33D007224A4B1A70F5
:10E38000063A4A4B1A7022211020FFF797FB84E0CF
:10E390000323454A1370454A1370474B1A78454B7F
:10E3A0001A701020FFF712FC77E004233E4A137026
:10E3B0003E4A1370404B1A783E4B1A701020FFF7FC
:10E3C00005FC6AE00622384B1A70053A374B1A7082
:10E3D00012211020FFF772FB5FE0FBF709FEFFF749
:10E3E000BDFA354B1A78334B1A700122334B1A7031
:10E3F0000578427812022A4383781B0413431A00DB
:10E40000C3781B06134301220271002242717F323E
:10E410001A700578427812022A4383781B0413434A
:10E420001A00C3781B061343027947793F0217434A
:10E430007A1C92B20271120A42712678617809023E
:10E440003143A27812040A431100E27812060A430B
:10E450001278DA55047842781202224383781B043A
:10E4600013431A00C3781B0613430279417909024A
:10E4700011434A1C92B20271120A427178225A5414
:10E4800002F016FB0E48FCF7CFFB01226B46D91DAC
:10E490000320FEF735F801289FD003B0F0BDC04639
:10E4A00010270000B61C0020B21C002010340020F1
:10E4B000F13300200E340020EF3300200034002020
:10E4C0004C1D0000F8B501F075FF040001F076FF67
:10E4D0006F4B1B88002B09D06E4A6D4B1A80227936
:10E4E00063791B021343022B13D00DE001236A4A08
:10E4F00013700421694A1170694A13702279637993
:10E500001B021343022B09D013211120FFF7D6FA67
:10E51000BCE0614B1B78023B012B04D97E2111200A
:10E52000FFF7CCFAB2E05D4B1B7802229343012B3C
:10E5300004D033211120FFF7C1FAA7E025786278D3
:10E5400012022A43A3781B0413431A00E3781B0624
:10E5500013435B787F221340DAB2052A00D991E099
:10E560009B00504AD3589F464B4D01262E7007788A
:10E57000427812023A4383781B0413431A00C3788B
:10E580001B061343012202710022427151321A709C
:10E590000778427812023A4383781B0413431A0027
:10E5A000C3781B0613430179427912020A43944649
:10E5B000013292B20271120A42712778617809021F
:10E5C0003943A27812040A431100E27812060A4382
:10E5D00052787F210A4061465A54FEF7A7FF2D4822
:10E5E000FCF722FB2E70FFF7B9F901222A4B1A70B3
:10E5F0004CE0294D01262E700778427812023A43EA
:10E6000083781B0413431A00C3781B0613430122AB
:10E6100002710022427151321A7007784278120258
:10E620003A4383781B0413431A00C3781B06134331
:10E630000179427912020A439446013292B2027180
:10E64000120A42712778617809023943A2781204CC
:10E650000A431100E27812060A4352787F210A40E9
:10E6600061465A54FEF762FF0A48FCF7DDFA2E7045
:10E67000FFF774F90122084B1A7007E00122064BDC
:10E680001A7003E012211120FFF718FAF8BDC046F6
:10E69000B61C002010270000B21C0020F13300201F
:10E6A00010340020707B010870B501F083FE040077
:10E6B00001F084FE05002F4B1B88002B09D02E4A49
:10E6C0002C4B1A80227963791B021343042B13D03D
:10E6D0000DE00123294A13700421294A1170294AA7
:10E6E0001370227963791B021343042B0FD013217B
:10E6F0001420FFF7E3F93CE0204B1B780222934300
:10E70000012B04D022211420FFF7D8F931E0207822
:10E71000627812020243A3781B0413431A00E378C1
:10E720001B0613435A7811049A7812028A18DB7870
:10E73000D218154B9A4218D1FEF788FA0122134BD2
:10E740001A7028786A7812020243AB781B041343CC
:10E750001A00EB781B06134301222A7100226A710A
:10E7600054321A70FEF7E2FE03E031211420FFF765
:10E77000A5F970BDB61C002010270000B21C0020B7
:10E78000F133002010340020FFFFFF00BB1C0020ED
:10E79000F0B55F4656464D464446F0B491B001F0A0
:10E7A00009FE050001F00AFE0400D24B1B88002B75
:10E7B00003D0D14ACF4B1A8007E00123CF4A137010
:10E7C0000421CF4A1170CF4A13702A796B791B024A
:10E7D0001343023B9BB2012B04D913211920FFF7ED
:10E7E0006DF965E228786A7812020243AB781B045F
:10E7F00013431A00EB781B06134399785B78022BBE
:10E8000000D194E00A2B00D188E1012B00D04BE22B
:10E8100001226846FEF77AF82078627812020243F5
:10E82000A3781B0413431A00E3781B061343012249
:10E8300022710022627159321A70207862781202B5
:10E840000243A3781B0413431A00E3781B06134307
:10E85000227967793F0217437A1C92B22271120A19
:10E8600062712E78697809023143AA7812040A434A
:10E870001100EA7812060A435278DA552078627855
:10E8800012020243A3781B0413431A00E3781B0609
:10E89000134322796179090211434A1C92B2227111
:10E8A000120A6271984A12785A54207862781202D9
:10E8B0000243A3781B0413431A00E3781B06134397
:10E8C00022796179090211434A1C92B22271120A1B
:10E8D000627101225A542078627812020243A378AE
:10E8E0001B0413431A00E3781B0613432279617952
:10E8F000090211434A1C92B22271120A6271834AC0
:10E9000012785A5428786A7812020243AB781B04B2
:10E9100013431A00EB781B0613435B787F2B02D856
:10E92000FEF704FEC4E10022794B1A70C0E1022216
:10E9300008A8FDF7EBFF2078627812020243A37863
:10E940001B0413431A00E3781B06134301222271B0
:10E950000022627159321A702078627812020243E2
:10E96000A3781B0413431A00E3781B061343227990
:10E9700067793F0217437A1C92B22271120A6271C0
:10E980002E78697809023143AA7812040A431100EB
:10E99000EA7812060A435278DA5520786278120231
:10E9A0000243A3781B0413431A00E3781B061343A6
:10E9B00022796179090211434A1C92B22271120A2A
:10E9C0006271514A12785A54504B1B78002B7BD0FD
:10E9D0000026504F504B99464C4B98462078627811
:10E9E00012020243A3781B0413431A00E3781B06A8
:10E9F00013432179627912020A439246013292B29C
:10EA00002271120A627108AA925D9346920094469E
:10EA1000D25D6246B9184A7850461A542378627813
:10EA200012021A43A3781B041A43E3781B0613430C
:10EA300022799246627912025046104382460200C1
:10EA4000013292B22271120A62716246D25D487836
:10EA500050461A542378627812021A43A3781B0492
:10EA60001A43E3781B061343227994466279120213
:10EA7000604610430200013292B22271120A6271A2
:10EA80008A781A542378627812021A43A3781B04F6
:10EA900013431A00E3781B061343227961790902B4
:10EAA00011434A1C92B22271120A62719A468A4438
:10EAB00058464844FDF70AFF534618700136F6B22F
:10EAC00043461B78B34289D828786A7812020243F9
:10EAD000AB781B0413431A00EB781B0613435B78D7
:10EAE0007F2B02D8FEF722FDE2E00022084B1A70CD
:10EAF000DEE0C046B61C002010270000B21C00203B
:10EB0000F1330020103400201722002021220020A1
:10EB1000ED3300201CB00108D422002008A8FDF726
:10EB200037FF2078627812020243A3781B04134354
:10EB30001A00E3781B06134301222271002262713E
:10EB400059321A702078627812020243A3781B04AB
:10EB500013431A00E3781B061343227967793F02B7
:10EB600017437A1C92B22271120A62712E78697868
:10EB700009023143AA7812040A431100EA78120606
:10EB80000A435278DA552078627812020243A37859
:10EB90001B0413431A00E3781B061343227961799F
:10EBA000090211434A1C92B22271120A6271444A4C
:10EBB00012785A54434B1B78002B72D00025424EDA
:10EBC000424B98463F4B9A462078627812020243A5
:10EBD000A3781B0413431A00E3781B06134321791F
:10EBE000627912020A431700013292B22271120AAC
:10EBF000627108AA505D82009446925D6246B11827
:10EC00004A78DA552378627812021A43A3781B04F3
:10EC10001A43E3781B061343994627796279120257
:10EC200017437A1C92B22271120A62716246925D97
:10EC30004B784B46DA552378627812021A43A37850
:10EC40001B041A43E3781B061343227967793F02BA
:10EC500017437A1C92B22271120A62718A78DA55CD
:10EC60002378627812021A43A3781B0413431A0014
:10EC7000E3781B06134322796179090211434A1C88
:10EC800092B22271120A6271994689444044FDF79A
:10EC90001DFE4B4618700135EDB253461B78AB4252
:10ECA00092D8FEF743FC03E012211920FEF706FF7D
:10ECB00011B03CBC90469946A246AB46F0BDC0465A
:10ECC00017220020D02200201CB00108D4220020EE
:10ECD000F8B501F06FFB040001F070FB0122884BD6
:10ECE0001A70884B1B88002B03D0874A854B1A80EB
:10ECF00007E00123854A13700421854A1170854A73
:10ED00001370227963791B021343032B04D0132160
:10ED10002220FEF7D3FEF1E020786278120202434F
:10ED2000A3781B0413431A00E3781B061343597896
:10ED300009029B78591889B2774B1F78002F2AD087
:10ED4000764B1A785B781B021343994200D1C6E0D8
:10ED50000120724D1A239C4618E0060001306346DC
:10ED600073435C5DEB185B781B02234399420DD122
:10ED70001A235E43694B9E19B378002B09D0022BEE
:10ED800007D031212220FEF799FEB7E0C2B2BA4285
:10ED9000E3D3BA4205D131212220FEF78FFEADE048
:10EDA000002216001A2757435C4BDF19FD783B7988
:10EDB0001B022B4318007C79240423000343BC79F5
:10EDC00024061C4317D02378002B0FD05148057818
:10EDD000AB4209D0002301E0A84205D00133DBB2E9
:10EDE000E05C0028F8D101E0002D04D1312122207F
:10EDF000FEF764FE82E01A277743484BDF19FD795E
:10EE00003B7A1B022B4318007C7A24042300034323
:10EE1000BC7A24061C4317D02378002B0FD03C4823
:10EE20000578AB4209D0002301E0A84205D00133A8
:10EE3000DBB2E05C0028F8D101E0002D04D13321E1
:10EE40002220FEF73BFE59E0354B994223D11A238D
:10EE500073433248C3189B78002B0ED11A335E439C
:10EE60008619B57DF07D00022843337E1B040343E1
:10EE70001800737E1B06034309E01A204643274807
:10EE80008619347D737D1B02234326481B180824F2
:10EE90001B48047029E01A2373432048C3189B7849
:10EEA000002B0ED11A335E438619B57DF07D00022A
:10EEB0002843337E1B0403431800737E1B06034361
:10EEC00009E01A20464315488619347D737D1B02DC
:10EED000234314481B1808240948047005E00F4B0D
:10EEE0009B78002B00D15BE703E02220FEF718FFA0
:10EEF00004E00022022B00D153E742E7F8BDC046F0
:10EF0000B41C0020B61C002010270000B21C0020FA
:10EF1000F13300201034002067000020FC7B010842
:10EF200087F10000BC1C002010B501F043FA04007A
:10EF300001F044FA634B1B88002B09D0624A614BF5
:10EF40001A80227963791B021343022B10D118E037
:10EF500001235E4A137004215D4A11705D4A1370EB
:10EF6000227963791B021343022B00D0A4E00DE049
:10EF7000062B06D01122584B1A700D3A544B1A70BA
:10EF800095E0524B1B78023B012B06D90E22524BC7
:10EF90001A700A3A4E4B1A7066E0207862781202B4
:10EFA0000243A3781B0413431A00E3781B061343A0
:10EFB0005B787F221340012B02D0022B21D044E04A
:10EFC000464B1B78012B0ED1454B1B78022B0AD9DF
:10EFD000444B1B88002B06D00C223F4B1A70083A7A
:10EFE0003B4B1A7054E002223B4B1A70384B1B7893
:10EFF000012B35D0013A3C4B1A700332344B1A7056
:10F000002EE0394B1B78002B06D10D22324B1A70A3
:10F01000093A2F4B1A7040E02F4C0623237027200B
:10F02000FFF7CAF82378092B06D10122284B1A7062
:10F0300000222D4B1A700FE000212B4A1170112B6A
:10F040003ED89B00294AD3589F461022224B1A7063
:10F050000C3A1F4B1A700CE02720FEF78DFC2FE0B6
:10F060002720FEF72BFF2BE07F212720FEF726FD30
:10F0700026E012212720FEF721FD21E0362127205E
:10F08000FEF71CFD1CE035212720FEF717FD17E0D9
:10F0900037212720FEF712FD12E024212720FEF75A
:10F0A0000DFD0DE022212720FEF708FD08E01321C9
:10F0B0002720FEF703FD03E0062B00D05AE765E7A3
:10F0C00010BDC046B61C002010270000B21C002056
:10F0D000F133002010340020B31C0020EC3300205A
:10F0E000B51C002028000020B91C0020887B0108E6
:10F0F00010B501F05FF9040001F060F901224F4BF7
:10F100001A704F4B1B88002B09D04E4A4C4B1A806B
:10F11000227963791B021343022B0ED915E00123D8
:10F12000494A13700421494A1170494A13702279DF
:10F1300063791B021343022B0BD803223F4B1A7037
:10F1400013212820FEF7BAFC76E03F4B1B78032BF7
:10F1500007D00422394B1A707E212820FEF7AEFC1E
:10F160006AE02078627812020243A3781B041343FA
:10F170001A00E3781B0613435A787F210A40012ABC
:10F1800018D0002A04D0022A26D0032A36D047E01D
:10F190009B78012B0AD10622284B1A7000F034FE0E
:10F1A00000F074FE2820FEF7E7FB45E00222234B27
:10F1B0001A703DE09B78012B0AD107221F4B1A7071
:10F1C00000F064FE00F026FE2820FEF7D5FB33E0B9
:10F1D00002221A4B1A702BE09B78012B0AD10822CD
:10F1E000164B1A7000F01CFE00F00EFE2820FEF7F1
:10F1F000C3FB21E00222114B1A7019E09B78012B0E
:10F200000AD109220D4B1A7000F00AFE00F002FE2E
:10F210002820FEF7B1FB0FE00222084B1A7007E02E
:10F220000522064B1A7012212820FEF747FC03E046
:10F2300031212820FEF742FC10BDC046BA1C002038
:10F24000B61C002010270000B21C0020F133002063
:10F2500010340020F0B54F464646C0B483B001F0EC
:10F26000A9F8040001F0AAF820786278120202439B
:10F27000A3781B0413431A00E3781B061343587842
:10F2800000029B78181880B200282ED100226B460D
:10F290005A716B46991DFF230B706A46D371012288
:10F2A0000130FDF72DF9012800D065E101226B4600
:10F2B000D91D0130FDF724F9012800D05CE10122BD
:10F2C0006B46591D0330FDF71BF9012800D053E1AF
:10F2D00001226B46591D0430FDF712F9002800D1B8
:10F2E0004AE12E20FEF78CFD46E101282ED10122B5
:10F2F0006B465A716B46991DAA230B70CB326B4635
:10F30000DA71CB3AFDF7FCF8012800D034E1012294
:10F310006B46D91D0130FDF7F3F8012800D02BE131
:10F3200001226B46591D0330FDF7EAF8012800D091
:10F3300022E101226B46591D0430FDF7E1F8012856
:10F3400000D019E12D30FEF75BFD15E103282ED129
:10F3500000226B465A716B46991DFF230B706A465B
:10F36000D37101220238FDF7CBF8012800D003E168
:10F3700001226B46D91D0130FDF7C2F8012800D0EB
:10F38000FAE001226B46591D0330FDF7B9F8012858
:10F3900000D0F1E001226B46591D0430FDF7B0F8B2
:10F3A000002800D1E8E02E20FEF72AFDE4E0754BAE
:10F3B0001B88002B03D0744A724B1A8007E001238C
:10F3C000724A13700421724A1170724A13702279C2
:10F3D00063791B0213439946032B11D96E4B1B789B
:10F3E0009C46002B2ED06D4B1A785B781B02134382
:10F3F000984200D1B8E00122684E1A2398461CE0DA
:10F4000013212E20FEF75AFBB6E0170001324346C7
:10F410007B43995DF3185B781B020B4398420CD138
:10F420001A235F435D4BDF19BB78013B012B07D9E2
:10F4300031212E20FEF742FB9EE0D5B26545E4D394
:10F44000654504D131212E20FEF738FB94E02E00D3
:10F450001A236B43514AD318DA7CD31C994504D044
:10F4600013212E20FEF72AFB86E01A235D434B4B27
:10F470005D19EF7A2B7B1B023B431900687B00046C
:10F4800003000B43A87B0006184317D00378002B1A
:10F490000FD040490D78AB4209D0002301E0A942CA
:10F4A00005D00133DBB2C15C0029F8D101E0002DA9
:10F4B00004D131212E20FEF701FB5DE01A277743AE
:10F4C000364BDF19FD7B3B7C1B022B431900787CFC
:10F4D000000403000B43B87C0006184317D00378E0
:10F4E000002B0FD02A490D78AB4209D0002301E050
:10F4F000A94205D00133DBB2C15C0029F8D101E09B
:10F50000002D04D133212E20FEF7D8FA34E01A233F
:10F510005E43224B9E193300317D10335B791B0211
:10F520000B439C461E496144002A12D000272678CE
:10F53000607800023043A3781B0403431800E3788B
:10F540001B060343FB18DB78CB550137FBB29A420D
:10F55000EDD892B280208000604480B2FCF7D0FFEA
:10F560002E20FEF74DFC07E00C4B9B78013B00255D
:10F57000012B00D86BE75BE703B00CBC90469946C3
:10F58000F0BDC046B61C002010270000B21C0020B1
:10F59000F13300201034002067000020FC7B0108BC
:10F5A000BC1C002010B500F00DFF040000F00EFFA1
:10F5B000264B1B88002B09D0254A244B1A80227920
:10F5C00063791B021343022B0ED115E00123214A5C
:10F5D00013700421204A1170204A13702279637934
:10F5E0001B021343022B0BD002221D4B1A70132156
:10F5F0003E20FEF763FA27E0164B1B78012B07D15C
:10F600000622174B1A707F213E20FEF757FA1BE0A7
:10F610002078627812020243A3781B0413431A0075
:10F62000E3781B0613435B785B0607D003220C4B81
:10F630001A7012213E20FEF741FA05E00422084B21
:10F640001A703E20FEF798F910BDC046B61C002087
:10F6500010270000B21C0020F133002010340020DD
:10F66000B81C002010B500F0ADFE124B1B78012B2A
:10F670001FD1114B1B78012B03D0104B1B78012B92
:10F6800017D1047842781202224383781B04134373
:10F690001A00C3781B0613431B783E2B01D1FFF7DA
:10F6A00081FF002000F02AFE0023034A1370034A62
:10F6B000137010BD19340020A7240020352300202A
:10F6C00070B582B000F076FE040000F077FE050011
:10F6D00001226B46DA7100226B469A717C4B1B88C3
:10F6E000002B09D07B4A7A4B1A80227963791B025E
:10F6F0001343022B0ED112E00123774A1370042129
:10F70000764A1170764A1370227963791B0213438B
:10F71000022B09D013218520FEF7D0F9D6E06E4BDD
:10F720001B78023B012B04D922218520FEF7C6F964
:10F73000CCE02078627812020243A3781B041343C2
:10F740001A00E3781B0613435B787F221340012BDA
:10F7500002D0022B5BD0B5E001226B46D91D0420FC
:10F76000FCF7CEFE01284DD101225E490330FCF7A3
:10F770007DFE28786A7812020243AB781B0413439B
:10F780001A00EB781B06134301222A7100226A71CA
:10F79000C5321A7028786A7812020243AB781B04CB
:10F7A00013431A00EB781B0613432A796E7936024D
:10F7B0001643721C92B22A71120A6A712578617816
:10F7C00009022943A27812040A431100E2781206C2
:10F7D0000A4352787F210A409A55207862781202B3
:10F7E0000243A3781B0413431A00E3781B06134358
:10F7F0005B787F2B02D8FDF799FE67E000223A4B39
:10F800001A7063E022218520FEF758F95EE001229C
:10F810006B46991D0420FCF773FE01284DD101228F
:10F8200030490330FCF722FE28786A78120202433E
:10F83000AB781B0413431A00EB781B061343012219
:10F840002A7100226A71C5321A7028786A78120209
:10F850000243AB781B0413431A00EB781B061343D7
:10F860002A796E7936021643721C92B22A71120AF4
:10F870006A712578617809022943A27812040A4343
:10F880001100E27812060A4352787F210A409A5505
:10F890002078627812020243A3781B0413431A00F3
:10F8A000E3781B0613435B787F2B02D8FDF73EFEFF
:10F8B0000CE000220C4B1A7008E022218520FEF794
:10F8C000FDF803E012218520FEF7F8F802B070BDC4
:10F8D000B61C002010270000B21C0020F1330020CD
:10F8E0001034002020220020ED33002030B583B0FA
:10F8F000002201AB1A8000F05DFD040000F05EFD07
:10F900002078627812020243A3781B0413431A0082
:10F91000E3781B0613435A787F210A40012A00D05E
:10F92000BAE09A781202D9788A18013AFF3A91B26D
:10F930000A2900D9ABE08A005A498A589746012221
:10F94000594B1A7003213120FDF70CFEA8E001206D
:10F95000FAF728FD020003213120FDF779FE9FE030
:10F9600001A91B790B702578627812022A43A378CB
:10F970001B0413431A00E3781B0613435B794B7097
:10F9800002228020C000FCF7BBFD012800D087E0E8
:10F990002078627812020243A3781B0413431A00F2
:10F9A000E3781B06134341491A7912025B799B18CD
:10F9B0004B8001230B7003213120FDF7D3FD6FE055
:10F9C0001A7912025B799B18394A1380032131207E
:10F9D000FDF7C8FD64E0374B1A8803213120FDF79D
:10F9E00037FE5DE001A91B790B7025786278120261
:10F9F0002A43A3781B0413431A00E3781B0613431E
:10FA00005B794B7002222C48FCF77AFD012847D124
:10FA10002078627812020243A3781B0413431A0071
:10FA2000E3781B06134325491A7912025B799B1868
:10FA30004B8001230B7003213120FDF793FD2FE054
:10FA40001F4B1A8803213120FDF702FE28E01D4BD1
:10FA50001A8803213120FDF7FBFD21E0134A1378BA
:10FA6000528803213120FDF797FE19E0134A1378DD
:10FA7000528803213120FDF78FFE11E00A4B1B78DD
:10FA80000B4A128803213120FDF786FE08E0312160
:10FA90003120FEF713F803E012213120FEF70EF8B3
:10FAA00003B030BDD07B01087A1F00208C1F0020DE
:10FAB000781F0020741F0020020400007C1F00201B
:10FAC000801F0020881F002010B582B000F072FC5B
:10FAD000040001226B46DA7100226B469A716A4B70
:10FAE0001B78022B0CD9694B1B88002B05D1674B67
:10FAF0001A800332644B1A7002E00A3B634A138097
:10FB0000634B1B78012B22D1624B1B88002B1BD12E
:10FB10000133614A1370614A13700422604B1A70FA
:10FB2000033A6B46991D0420FCF7A0FC01280ED176
:10FB30006B4606331B78012B09D001226B46D91D79
:10FB40000330FCF7DDFC02E00A3B524A1380554BC0
:10FB50001B78012B00D094E0534B1B78012B53D121
:10FB60002078627812020243A3781B0413431A0020
:10FB7000E3781B0613431878272829D00CD81428BB
:10FB80001DD004D8102814D0112815D032E019281F
:10FB900018D0222819D02DE0312828D004D82828C0
:10FBA00019D02E281AD025E03E281AD085281BD03F
:10FBB00020E0FEF791FB20E0FEF784FC1DE0FEF75D
:10FBC00073FD1AE0FEF7E4FD17E0FFF781F814E09B
:10FBD000FFF7AAF911E0FFF78BFA0EE0FFF73AFB07
:10FBE0000BE0FFF7DFFC08E0FFF76AFD05E0FFF739
:10FBF0007DFE02E01121FDF761FF002000F078FB9F
:10FC00000022294B1A703CE0284B1B78012B38D17D
:10FC10002078627812020243A3781B0413431A006F
:10FC2000E3781B0613431B78192B1AD0DAB2192A72
:10FC300006D8112B0FD0142B10D0102B1CD107E09D
:10FC4000282B14D0DAB2852A14D0222B14D10BE041
:10FC5000FEF742FB10E0FEF735FC0DE0FEF724FD59
:10FC60000AE0FEF795FD07E0FFF732F804E0FFF742
:10FC70003FFA01E0FFF724FD00230A4A13700B4A04
:10FC8000137002B010BDC046B51C00202800002033
:10FC90000E340020B61C0020B21C002010340020BE
:10FCA000F1330020EF33002052240020D122002025
:10FCB000F0B58DB002AC28220021200007F04EFEE6
:10FCC00001AF00250195304E01220021300001F0E6
:10FCD00093FE01220121300001F08EFE05233B70CE
:10FCE00015337B70173BBB70FB700126A671274A4A
:10FCF0006261A570E5702370254B2362254B63621A
:10FD0000A7616671E671244A244B1A61244A254B87
:10FD10001A61254A254B1A61254A264B1A61264A43
:10FD2000264B1A61264A274B1A61274A274B1A612C
:10FD30002100274801F0E8FA264B1D70264B1D7064
:10FD4000264B1D70264B1D70264B1D70264B1D70BB
:10FD5000264B1E70264B1E70264B1E70264B1D70A8
:10FD6000264C274D661DFF36082318222900200047
:10FD700000F0EAFE14341835B442F5D10322214BC9
:10FD80001A700DB0F0BDC04630000820FE002A00F9
:10FD90006C0000200DFF0008F81F00203C2400200C
:10FDA00090220020382200205022002054240020DD
:10FDB000C821002024220020B81F0020702100202C
:10FDC000842100207C240020F422002068240020CC
:10FDD000007800404C22002052240020D122002034
:10FDE000A724002035230020AA240020A5240020D9
:10FDF00034230020A6240020902400203C2300204F
:10FE0000382000204D2200200122014B1A7070473B
:10FE1000A52400200022014B1A707047A524002061
:10FE2000F0B583B01549A0228858802303438B5036
:10FE3000134B1B78032B16D90324124E0D00104FC1
:10FE400061000A199200B218936852680919890072
:10FE5000895D00200090280001F026FA0134E4B208
:10FE60003B78A342ECD80549A0228B5880208343DD
:10FE70008B500022044B1A7003B0F0BD0078004094
:10FE80004D2200206C000020A6240020F0B583B095
:10FE90001549A0228858802303438B50134B1B78AD
:10FEA000032B16D90324124E0D00104F61000A19BE
:10FEB0009200B2189368526809198900895D01207F
:10FEC0000090280001F0F0F90134E4B23B78A3423D
:10FED000ECD80549A0228B58802083438B509F3A51
:10FEE000044B1A7003B0F0BD007800404D22002092
:10FEF0006C000020A62400200349A02288588023FB
:10FF000003438B507047C04600780040F8B55F4609
:10FF100056464D464446F0B404008B460B009B0504
:10FF200008D5A023C358DB0704D5FFF7E5FF01225E
:10FF3000624B1A705B461B0400D59EE0A5E02900C9
:10FF4000200001F061F92868FC23DB00984225D1EC
:10FF50005B4E5C4B99465A7A1969306907F0C0FCD0
:10FF60004B461B6833604B465B7A73723269137879
:10FF70001B0909D153783E2B06D10122524B1A702E
:10FF80000022524B1A7005E00122514B1A700022D8
:10FF9000504B1A700122504B1A7070E04F4B984230
:10FFA00025D1474E474B99465A7A1969306907F06F
:10FFB00097FC4B461B6833604B465B7A7372326921
:10FFC00013781B0909D153783E2B06D100223E4BF2
:10FFD0001A7001323D4B1A7005E000223C4B1A703A
:10FFE00001323C4B1A7001223B4B1A7047E0FA2356
:10FFF000DB0098420ED13A4E324B98465A7A196934
:020000040801F1
:10000000306907F06DFC43461B6833600122354BB5
:100010001A7034E0344B984231D8344B5246C2CA3D
:10002000C2C342CA42C30122314B1A70FCF7CEFF51
:1000300053461E682F4B1878002820D02E4B1B6883
:100040009E420DD02D4A002305E0143211001439D0
:1000500009688E4205D00133DBB29842F5D10EE03B
:10006000002318494A7A09699800C3189B0022485E
:100070001B18181D00F09AFD01E0124DAA46A0239E
:10008000E3589B019B0F00D059E75B465B050FD5FA
:10009000A023E258C0239B021A4209D0A023E358B0
:1000A0009B0405D4A022A3588021C9000B43A35070
:1000B0003CBC90469946A246AB46F8BD0C220020B7
:1000C0003822002054240020A724002035230020BB
:1000D00052240020D12200204C220020DF07000003
:1000E0002422002004030020FFFFFF1F68240020BB
:1000F000AA24002090240020382300204C23002034
:10010000F0B5474680B482B00400544B1D78032DEF
:1001100000D89CE0524B9B6A98426CD0504A130026
:100120003433281FC0B24600301880003430121813
:1001300005E00C3318000C380068A0425BD09A42EE
:10014000F7D184E06B005B199B00454AD3185C60D3
:1001500001290DD0002902D0022912D019E06B002C
:100160005B199B003E4AD3188022D2059A6017E0A3
:100170006B005B199B003A4AD318C022D2059A60E3
:100180000EE06B005B199B00354AD31800229A6081
:1001900006E06B005B199B00314AD31800229A607D
:1001A0002F496B005A19920055548B1801225A702E
:1001B0002C4B1B78012B1AD12B4EA027F3597F32E1
:1001C000904693431343F351080069004A19920083
:1001D00082189368526849198900095C01200090CF
:1001E000300001F061F8F35942469343F3511B4A42
:1001F0001378013313701D4B1D78002D19D01C4B43
:100200001B689C421FD01B4B6A1ED2B20132910068
:10021000891889001A00143A891805E014331A0065
:10022000143A1268944210D08B42F7D100200C2D62
:1002300010D8AB005B199B000D4A9C5001350B4B4D
:100240001D70012006E0012004E0012002E00F2DD6
:10025000D1D877E702B004BC9046F0BD4D22002013
:100260006C000020A624002000780040902400208C
:10027000382300204C23002070B5040016001D0018
:100280004B1E9941C9B2FFF73BFF002D04D02A0055
:1002900031002000FDF744F8012070BD10B5104B6F
:1002A0001B78012B07D10F4B0A689A4203D8012211
:1002B00000F044FF12E00A680B4B1340BD24E40039
:1002C000A34203D1012200F039FF07E0074B9C460F
:1002D0006244032A02D8012200F030FF10BDC0465C
:1002E000A5240020FFFFFF1FFFFDFFFF2FF8FFFFEA
:1002F000014B18707047C046EF330020014B187057
:100300007047C0461934002000231B4800221B49B7
:100310001A545A540133882BFAD10023184800226A
:1003200018491A545A540133082BFAD1164A124B61
:10033000136000239380D380144A10491160938086
:10034000D380134A0E4911609380D380114A0D491E
:1003500011609380D380104A136001220F490A7004
:100360000F490A700F490A700F4A13800F4A138011
:100370000F4B00221A707047781D0020001E0020CD
:10038000601D00204C1D0020401D0020541D002039
:10039000681D0020881E0020741D0020F8330020F6
:1003A0001A340020083400200C3400200A340020C5
:1003B000ED33002000487047401D00200048704782
:1003C000541D002000487047681D002000487047F9
:1003D000881E002070B5437A082B15D0190008221A
:1003E000D31A002B0EDD00220023FF260825046906
:1003F000A446624456540133DBB21A00417A6C1AA7
:10040000A342F4DB0823437270BDC046F0B54746F3
:1004100080B41A4B1B691B780F2213405A1E062A00
:1004200029D802689BB2137100235371134B1B69C7
:100430001A7812071CD00025104A94460F275B1922
:100440005B78984606683478727812022243B37853
:100450001B0413431A00F3781B06134342465A55F4
:100460000135EDB263461B691A783A409542E6DBE6
:100470000522034B1A7004BC9046F0BD38220020C0
:10048000ED330020F0B5184B1A6913781B02517830
:10049000F02212011A405218072A23DD02681B05B8
:1004A00011711B0F537100250F4B9C4663461B694E
:1004B0005B199F7806683478727812022243B37809
:1004C0001B0413431A00F3781B0613435F550135D1
:1004D000062DEBD1036806229A710022DA710232EE
:1004E000024B1A70F0BDC04638220020ED330020C8
:1004F000F0B5474680B40468444B1F69A379E57999
:100500002D021D433B780F261E4007212800F8F7D7
:10051000D7FD80B201300F23184086424CD1002213
:100520003B4B1A80394B5B7A012B2DD922796379A9
:100530001B0213439D424CD326E062461269925D32
:1005400090462578617809022943A27812040A436B
:100550001100E27812060A434146D154A279E379A8
:100560001B02134301339BB2A3711A0AE2710136D5
:10057000082E09D0797AF2B2914205D921796279AF
:1005800012020A439A42D8D80322224B1A70A07949
:10059000E1790902227963791B020143134309209F
:1005A000994230D301231C4A13701C4A1370052250
:1005B000184B1A70083826E00122174B1A700023D6
:1005C00023716371A371E371124B00221A70092029
:1005D00019E07E782078627812020243A3781B0427
:1005E00013431A00E3781B0613435E55A279E3799F
:1005F0001B02134301339BB2A3711A0AE271022654
:10060000024FBC46B6E704BC9046F0BD382200203D
:100610000A340020ED330020F8330020EF330020AF
:1006200010B582B0614B0193614B0093614B1B7815
:10063000002B17D1604BDB88062B13D15F4A138840
:100640000A339BB213805E4A93420BD90122594B65
:100650001A70594A00239380D380584A1380594B0B
:1006600000221A70584B1B78002B17D1574B1B7860
:10067000012B13D1564A13880A339BB21380504A78
:1006800093420BD90122504B1A70484A00239380A1
:10069000D3804F4A13804B4B00221A704D4B1B786E
:1006A000012B03D04C4B1B78012B17D14B4B1B78E4
:1006B000012B13D14A4B1B691B781B090BD1414BF2
:1006C0001B78002B07D10124464B1C706846FFF7AE
:1006D0009DFE454B1C700022404B1A70434B1B780B
:1006E000012B03D0424B1B78012B5CD13B4B1B7879
:1006F000012B58D13A4B1B691B781B09012B13D0D6
:10070000002B04D0022B37D0032B23D048E02D4BF5
:100710001B78002B44D10124364B1C7001A8FFF735
:1007200075FE354B1C703BE0264B1B78002B37D1F8
:100730000322304B1A7001A8FFF7A4FE0023224ABF
:100740001370224A1370294A1370294A1370FCF758
:10075000EDFE25E01B4B1B78082B21D10422194B01
:100760001A70023A234B1A700023204A1370204A51
:100770001370FCF7DBFE13E0124B1B780A2B01D041
:10078000032B0DD1104B1B78002B09D10F4B1B787D
:10079000012B05D10122174B1A7001A8FFF7A8FE03
:1007A00000220E4B1A7002B010BDC046401D002042
:1007B000681D002008340020541D00200C34002047
:1007C000CF070000ED330020F83300201A3400205A
:1007D0000A340020A7240020352300204C220020CA
:1007E0003822002018340020193400205224002020
:1007F000D122002000340020EF33002010B5094C36
:10080000FD23DB00236000236373E3722000FFF706
:10081000E1FD08236372012221000348FFF73EFD3A
:1008200010BDC0463C2400200078004070B5050093
:100830001D4B1B6902791A7000241B4E28786A78B8
:1008400012020243AB781B0413431A00EB781B0619
:1008500013431A5D33691B195A700134E4B22A79C3
:100860006B791B021343A2B29A42E7D90E4C0133B3
:1008700063722000FFF7C2FF00232B716B71AB7115
:10088000EB7123691A78032A09D15A787F2A06D195
:10089000DB78782B03D1783A044B1A7002E00022FF
:1008A000024B1A7070BDC0463C240020ED3300207E
:1008B00070B5204B1A6913781909012911D10E312D
:1008C0000B4052789B183224822B14DCA0231A4A46
:1008D000D458A403A40F033C624262413032140096
:1008E00009E0A023144AD458A403A40F033C624295
:1008F000624130321400114D2B691C7012232A6999
:100900005370063B2A699370093B6B7200236B732B
:10091000FD23DB002B602800FFF75CFD08236B72D2
:10092000012229000448FFF7B9FC0A22044B1A707F
:10093000200070BD38220020007800403C240020B8
:10094000ED33002010B50400FD23DB00036000231D
:100950004373FFF73FFD012221000248FFF79EFC91
:1009600010BDC0460078004070B50500154A4379B7
:100970000F210B40103311690B70136902795A7003
:100980000024104E28786A7812020243AB781B04C8
:1009900013431A00EB781B0613431A5D33691B19C6
:1009A0009A700134062CEDD10623AB710023EB7154
:1009B000044802344472FFF7C5FF034B1D60034B2C
:1009C0001C7070BD3C240020741D0020ED330020FD
:1009D000F8B5334B1C68002C60D0324B1D69A379ED
:1009E000E079000218430721F8F76AFB01300F2372
:1009F000184020302870A279E3791B021343217933
:100A0000627912020A43934223D20126254F2578A8
:100A1000617809022943A27812040A431100E2789E
:100A200012060A43D35C3A699355A279E3791B0213
:100A3000134301339BB2A3711A0AE271F5B2072E78
:100A400008D001362179627912020A439A42DED82F
:100A500000E00025134801354572FFF773FF0922B6
:100A6000114B1A70A079E1790902227963791B028E
:100A7000014313430020994211D30025084B1D6008
:100A8000002323716371A371E3710122074B1A7074
:100A9000FCF73EFF044B1D70012000E00020F8BD74
:100AA000741D00203C240020ED3300200834002079
:100AB00010B51E4B9A88531E9BB2062B05D81B48B7
:100AC000FFF7B4FEFCF724FF2EE0072A12D9174BDC
:100AD000DB88002B0AD11548FFF746FF0023144A94
:100AE0001370144A1380FCF713FF1DE00F48FFF743
:100AF0006FFF19E0104B1B78022B0AD1FFF7D8FECD
:100B000001220E4B1A7000220D4B1A80FCF700FFD9
:100B10000AE00C4B9B88013B9BB2062B04D809488A
:100B2000FFF784FEFCF7F4FE10BDC046541D002004
:100B3000083400200C340020ED3300201A3400204B
:100B40000A340020881E002010B5041E13D000298E
:100B500013D00120002A11D09A420FD32260E16005
:100B6000A36019001000F8F7ABFA2071002363713D
:100B7000A371002002E0012000E0012010BDC0466A
:100B800010B500280ED04479837903219C420AD005
:100B9000013301791800F8F703FC091B4842414171
:100BA000490000E00121080010BDC046F8B504006E
:100BB0000F00150000281BD000291BD086680120DB
:100BC000964218D32000FFF7DBFF022813D0A0794C
:100BD0007043E3689C4660442A00390006F080FEBA
:100BE000A07901302179F8F7DBFBA171002002E048
:100BF000012000E00120F8BD70B504000D001600D2
:100C000000281CD000291CD0002A1CD0FFF7B8FFF8
:100C1000032802D10023336016E06179A3685943A9
:100C2000E3689C4661443268280006F059FE60790A
:100C300001302179F8F7B4FB6171002004E0012054
:100C400002E0012000E0012070BDC04610B5114B4C
:100C50001860082058720738587318690170080A1C
:100C60001C696070080C1C69A070090E1869C170BD
:100C700019690A71110A18694171110C1869817199
:100C8000120E1969CA71012219000348FFF706FB09
:100C900010BDC0467C2400200078004010B5110033
:100CA0001A0002AB1B78FFF7E7FA10BD30B583B02E
:100CB00008230193134B1D78002D20D0124B1B6885
:100CC00098420ED0114A002305E014321400143C5F
:100CD0002468844206D00133DBB2AB42F5D1002058
:100CE0000EE000239800C3189B0007481B18181D2E
:100CF00001AAFFF781FF43425841C0B200E0002043
:100D000003B030BD90240020382300204C23002065
:100D100010B5054B99699961044B1B68002B02D0F3
:100D200000220148984710BD00500040941E00204A
:100D300070B504000D000121222000F019FC0121F2
:100D4000222000F049FCA368297809034E4A134089
:100D50000B43A36063686978C9034C4A13400B4393
:100D600063606368A9788903494A13400B43636051
:100D70006368E9784903474A13400B43636063683B
:100D800029790903444A13400B4363606368697916
:100D9000C902424A13400B4363606368A97909069C
:100DA0003F4A13400B4363606368E97909023D4A97
:100DB00013400B4363606368297B09053A4A13407B
:100DC0000B4363606368697B4905384A13400B43F2
:100DD00063606368297C8905354A13400B4363606F
:100DE000AB7B002B04D1E26A324B1340E36207E095
:100DF000E16A013BDBB21B052E4A0A401343E36262
:100E0000EB7B002B04D1A26B2B4B1340A36307E0B9
:100E1000A16B013BDBB21B05274A0A401343A363C6
:100E2000FF2323409B00254A696999506368297A0A
:100E30000904234A13400B4363606368697A4904D9
:100E4000204A13400B436360AB7A012B04D180220C
:100E500092041D4B1A6008E08021890480231A4AFD
:100E6000D150BFF34F8FBFF36F8F6368E97AC90426
:100E7000164A13400B436360A368012293432A7E02
:100E80001343A36070BDC046FF0FFFFFFF7FFFFF4E
:100E9000FFBFFFFFFFDFFFFFFFEFFFFFFFF7FFFFDA
:100EA000FFFFFFFEFFF8FFFFFFFFEFFFFFFFDFFF8A
:100EB000FFFFBFFFFFFF0FFFFFFFCFFF981E0020C8
:100EC000FFFFFEFFFFFFFDFF00E100E0FFFFF7FF78
:100ED00070B5092909D805694C0064180726A64091
:100EE000B543A2402A43026109E0C5684C0064187A
:100EF0001E3C0726A640B543A2402A43C260052BEC
:100F000009D8446B9A00D3181F229A409443994001
:100F10002143416309E0026B9C00E3181E3B1F2440
:100F20009C40A24399401143016370BD10B5064B2C
:100F30001968CA431A60054B1B68002B02D00022B7
:100F40000148984710BDC04600300040981E002060
:100F500070B50E4BC3189B031B0EA42284580C497A
:100F600021400C4D5E00F418A400615184580C43DC
:100F70008450F3189B00EB189B68002B04D00C32B4
:100F800082581206520F984770BDC0460088FFBFB6
:100F900000FFD5009C1E002010B50248FFF7D8FFC7
:100FA00010BDC046007800400F4BC3189B031B0EBA
:100FB0005A00D3189B000D4AD3181B79002B10D16F
:100FC000002907D1A433C258C258802109010A431D
:100FD000C25006E0A423C258C2588021C9000A4367
:100FE000C25000207047C0460088FFBF9C1E0020F2
:100FF00030B500290BD10022A024802149010C4DDD
:1010000003590B420FD00132AA42F9D10BE0002262
:10101000A0240321064D03591B0C0B40032B02D1C6
:101020000132AA42F7D1034890428041404230BD8C
:10103000A18601009F860100082816D90938C3B28D
:10104000062B11D89800094B1B589F460C200CE02A
:1010500010200AE0142008E0182006E0202004E018
:10106000302002E0402000E000207047B47C0108FE
:1010700070B505000C00161E05D1A02281582C4B1E
:101080000B40835005E0A0228358802109020B43C6
:1010900083502368DA00D208264BEB189B031B0E03
:1010A0005900CB189B002449CB185B79002B02D048
:1010B00080231B061A432A65637A0F221340A27A03
:1010C000002A01D010221343227B002A01D04022A3
:1010D0001343E27A002A03D040229343203A134379
:1010E000627B002A01D0802213436B65237B002B97
:1010F00014D1607A002811D02369002B0ED0FFF79D
:101100009BFF00280AD000239A082169C95816328B
:10111000920051510433DBB29842F5D8012E05D12B
:10112000A022AB588021C9030B43AB5070BDC04611
:10113000FF7FFFFF0088FFBF9C1E0020F8B507005F
:101140000D0014002E4BC618B603360E73009B1903
:101150009B002C4AD3181B79002B10D0002C04D1F3
:10116000A023C358DB04DB0F06E0A023C3589B0376
:101170009B0F033B5A425341002B30D104E0210026
:10118000FFF736FF00282DD1220029003800FFF795
:101190006FFFA023FB589B041ED4002C06D1A02275
:1011A000BB58802149010B43BB501EE073009E19C0
:1011B000B600144B9E19B379012B06D1A022BB585F
:1011C0008021C9000B43BB500FE0A022BB588021F7
:1011D00089000B43BB5008E0032040420EE0012091
:1011E00040420BE00220404208E021003800FFF7B7
:1011F000DBFE03000020002B00D00438F8BDC04601
:101200000088FFBF9C1E002070B504000D00A023C5
:10121000C3589B019B0F0120002B43D02368DB00A8
:10122000DB080B602368DB0F0B7263681B0901216D
:101230000B40AB72666876090E40EE7263689B09DC
:101240000B402B736268D2090A406A7362680E30E1
:1012500010406872002B1CD100281AD02B69002B7B
:1012600017D0FFF7E9FE0100002E05D1011CC0B226
:10127000082800D90821C9B200290AD000239A08F9
:101280000232920012592869C2500433DBB29942EB
:10129000F5D8A36C6B60A022A358802149050B43AD
:1012A000A350002070BDC04670B504AC2678A024C1
:1012B00005599F3C2D0625D5002E1BD0B334065969
:1012C00080256D028D403543055105590F26B543E4
:1012D00029430151055920218D430551D200D208DF
:1012E000B82542510259114301515B005B0843513B
:1012F000002407E0B4240359802252028A40934319
:1013000003510024200070BDF0B54F464646C0B4DE
:1013100083B005000E00894BC718BF0AFBB299467F
:10132000FF231F407B00DB199B000021844A99505A
:10133000F378012B03D1484600F0D8F903E00121EE
:10134000484600F0D3F97B00DB197E4AD318587861
:10135000012100F00DF901211C2000F03DF9A0222F
:10136000A95880230B43AB50B1690B781A06CB7890
:101370001B04D3188A7812029B184A789B18A8225B
:10138000AB50B37B002B28D0A0202B58F17BC90594
:101390006D4A13400B432B50F1690B781A06CB783A
:1013A0001B04D3188A7812029B184A789B18AC2227
:1013B000AB50337C002B10D0B0216858634A0240F8
:1013C000DB0313436B506B58707C0002FE22D2018A
:1013D00010405F4A134003436B50336A9846002B1A
:1013E00014D03378002B11D0002460000019800045
:1013F0004044836842680178407800902800FFF7F5
:1014000053FF0134E4B23378A342EED8A022AB58A4
:1014100080218B43AB50B378012B05D1AB58802191
:10142000C9010B43AB5015E0022B05D1A022A958EE
:101430001E330B43AB500DE0032B0BD1A022A95858
:101440003D330B43AB50AB58717BC9075B005B0866
:101450000B43AB50A4216B581B011B09C022D205C2
:1014600013436B506B58707800063A4A134003439D
:101470006B50A023EA58F1790901102082430A43F6
:10148000EA50EA58317AC900083882430A43EA50E0
:10149000EA583079400530490A400243EA50EA5898
:1014A000307B80072D490A400243EA507B00DB195C
:1014B0009B00234AD31872799A71726A9A60737A80
:1014C000002B19D0B17A484600F01CF97B00DB19DB
:1014D0009B001B4AD318727A5A71B4216B58F07A68
:1014E00040021F4A134003436B506A581D4B134080
:1014F0008022520013436B50B379002B19D0A422E1
:10150000A958194B0B4071690B43AB507A00D319A2
:101510009B000B49CB18B1791971D719094BFB56B0
:10152000002B06DB1F2213401E3A9A4013000F4A7D
:10153000136003B00CBC90469946F0BD0088FFBF15
:101540009C1E0020D07C0108FFFF7FFFFF7FFFFF74
:10155000FF80FFFFFFFFFFF0FFFFDFFFFFFFFFBF89
:10156000FFFDFFFFFFFEFFFF01FFD5FF00E100E0F1
:1015700082B00190019B1F2B13D8012908D101983B
:101580008021C9054A680123834013434B6021E051
:1015900001988021C9054B680122824093434B602A
:1015A00018E0019B252B15D8019B203B01930129B5
:1015B00008D101988021C9058A680123834013431B
:1015C0008B6007E001988021C9058B680122824069
:1015D00093438B6002B0704782B00190019B1F2B38
:1015E00013D8012908D101988021C9058A690123EE
:1015F000834013438B6121E001988021C9058B69E9
:101600000122824093438B6118E0019B252B15D862
:10161000019B203B0193012908D101988021C90534
:10162000CA69012383401343CB6107E001988021FD
:10163000C905CB69012282409343CB6102B0704758
:101640008022D205136803218B4318431060704732
:101650008022D205136830218B43000118431060AB
:101660007047C0468022D2051168034B0B40000230
:10167000184310607047C046FFFCFFFF8022D20570
:101680001168034B0B400005184310607047C046BB
:10169000FFFFEFFF8021C905034A8B589B009B0881
:1016A00080071843885070479088000010B580214B
:1016B000C905044A8C58044B2340400618438850FF
:1016C00010BDC04690880000FFFFFFC110B580210B
:1016D000C905044A8C58044B2340C0031843885062
:1016E00010BDC04690880000FF7F80FF8022D20599
:1016F0001068034B03408906194311607047C046C8
:10170000FFFFFFFB8022D2051068034B0340490511
:10171000194311607047C046FFFF9FFF70B504007A
:101720000D0001211520FFF723FF01211520FFF7F0
:1017300053FF454BE3189B041B0E9900434AE8698D
:101740008850A26802210A43A260A2688A43A2606C
:101750002A68A2616A68E261AA682262AA69120222
:101760000DD0DB003A4AD3181B795BB2002B06DBA5
:101770001F2213401E3A9A401300364A13606368D2
:1017800001229343297E0B4363606368697E4900AD
:10179000022083430B4363606368A97E89000230A3
:1017A00083430B4363602369E97D4900023083432F
:1017B0000B4323612369687D400227490B400343A3
:1017C00023612369E87C800224490B4003432361A1
:1017D00023699343297D0B4323612369A87DC002BC
:1017E0001F490B40034323612369A87B00041D4963
:1017F0000B40034323612369697CC9018020834333
:101800000B4323612369A87C000217490B40034363
:1018100023612369E97BC900182083430B432361BB
:101820002369297C4901483083430B432361636961
:101830001B0C1B04A9890B436361636A9343EA7E13
:101840001343636270BDC046C0DFFEBFA81E002008
:10185000D47C010800E100E0FFFDFFFFFFFBFFFF7C
:10186000FFE7FFFFFFFFF0FFFFFEFFFF0300006841
:10187000420706D59A6802210A439A609A688A4309
:101880009A601A6882431A607047C04610B50648CD
:10189000FFF7ECFF054B1B68002B03D00022010073
:1018A0000148984710BDC04640200140A81E0020B6
:1018B00010B50648FFF7DAFF054B5B68002B03D035
:1018C000002201000148984710BDC0468020014019
:1018D000A81E002010B50648FFF7C8FF054B9B68FF
:1018E000002B03D0002201000148984710BDC046DC
:1018F000C0200140A81E002010B50648FFF7B6FF23
:10190000054BDB68002B03D00022010001489847FB
:1019100010BDC04600210140A81E002010B5094B93
:1019200019684907C90F0BD01A001B6802208343AE
:101930001360054B1B68002B02D00022014898471A
:1019400010BDC04620000040B81E0020032808D863
:101950001D4B1B69032210408000C3400C32134012
:1019600024E0031F032B08D8174B5B6903221040A8
:101970008000C3400C32134018E00300083B032BE7
:1019800008D8114B9B69032210408000C3400C32E1
:1019900013400BE003000C3B022B10D80A4BDB6911
:1019A000032210408000C3400C321340012B02D0B0
:1019B000022B02D005E0054804E0054802E0054896
:1019C00000E004487047C04660010820300008204D
:1019D000600008200000082010B5836801248C40B6
:1019E000A3438A401A43826010BDC0464068C84085
:1019F000012318407047C04610B52B4B984206D0C3
:101A00002A4B9C46604444424441600100E010205F
:101A10004118C9B209290AD84B005918244807238C
:101A20008B4004689C438A40224302603AE01329B9
:101A30000CD80A39C9B24B0059181E4807238B40ED
:101A400004689C438A40224302602BE01D290CD885
:101A50001439C9B24B005918174807238B40046842
:101A60009C438A40224302601CE027290CD81E397F
:101A7000C9B24B005918114807238B4004689C4396
:101A80008A40224302600DE029290BD82839C9B2C7
:101A90004B0059180A4807238B4004689C438A402E
:101AA0002243026010BDC04630000820A0FFF7DFCF
:101AB0004001082044010820480108204C0108206A
:101AC0005001082010B5036801248C40A3438A40CC
:101AD0001A43026010BDC04603490A6801238340CF
:101AE00013430B607047C0466001082010B500200A
:101AF000FFF72CFF04000020FFF7EEFF044B1B68EC
:101B0000002B03D0002200212000984710BDC046C2
:101B1000BC1E002010B50120FFF718FF04000120B3
:101B2000FFF7DAFF044B5B68002B03D00022012192
:101B30002000984710BDC046BC1E002010B50220F2
:101B4000FFF704FF04000220FFF7C6FF044B9B6869
:101B5000002B03D0002202212000984710BDC04670
:101B6000BC1E0020F0B5474680B482B0104B1D6803
:101B7000ADB2032401270F4B98463B00A3402B42F4
:101B80000FD0E6B23000FFF7E1FE01903000FFF722
:101B9000A3FF4346DB68002B03D0002221000198FD
:101BA00098470134092CE8D102B004BC9046F0BD3E
:101BB00060010820BC1E0020F0B5474680B482B00A
:101BC000104B1D68ADB2092401270F4B98463B000E
:101BD000A3402B420FD0E6B23000FFF7B7FE0190D2
:101BE0003000FFF779FF43461B69002B03D000222A
:101BF0002100019898470134102CE8D102B004BCB0
:101C00009046F0BD60010820BC1E00200269102330
:101C100013430361C36A0B70802303627047C0469D
:101C200070B50400D34BC3181B0B826AD20611D5C2
:101C3000826A92060ED5826A40218A4330390A436D
:101C40008262FF221340CC499B0001325858024364
:101C50005A50D2E1A26A520612D5A26A92060FD554
:101C6000A26A10218A4330310A43A262FF22134044
:101C7000C1499B000A32FF32585802435A50BCE116
:101C80002269920600D400E1E269D20700D5ECE0B7
:101C9000E269920700D5E8E02269D20600D487E025
:101CA000FF2213401801B54A8058002842D1CA07C4
:101CB0000ED5B1499B000D22585802435A5080233B
:101CC00023627F3B2362226B01331343236394E13E
:101CD0001A01AA498A185268002A22D01A018A18C1
:101CE000127B002A08D10A001B01C918896801204B
:101CF00098500B78E36280E1226910218A432261C7
:101D00001B019E4AD3185B68012B04D1226907335B
:101D10001343236103E02369082293432361E36AA9
:101D20006BE195499B000A22585802435A50802380
:101D3000236262E11A01914DAA185268904219D2A9
:101D4000CA070ED58C499B000C22585802435A50A2
:101D5000802323627F3B2362226B0133134323637F
:101D60004BE1864A1B01D1188968451C9D500B5CCC
:101D7000E36242E1CA0707D57F499800042245582B
:101D80002A434250012222627B499800082245588A
:101D90002A434250802222621B01784AD3185B7B7F
:101DA000012B00D029E1226B01331343236324E18B
:101DB000FF2213401A0171498A185268012A18D16A
:101DC0006D499800082542582A4342506B481B0130
:101DD000C21891681A58561C1E5089182000FFF727
:101DE00015FF2369AB432361226B02231343236353
:101DF00003E1023A1901614809588A420DD9226962
:101E000008218A43226102001B01C1188868995881
:101E10004D1C9D50E36A4354EFE08A420DD1216985
:101E200008220A432261554A1B01D1188868995833
:101E30004D1C9D50E36A4354DFE04F489E00082547
:101E400032582A4332504D4A1B01D01880684E1C2C
:101E50009E5041182000FFF7D9FE2369AB43236150
:101E6000226B022313432363C7E0CA0700D4C4E0F4
:101E7000FF22134040499B00F33A585802435A50FE
:101E8000802323627F3B2362B7E0E269D20700D55B
:101E90009BE0E269920700D597E04A0623D54022ED
:101EA0002262BF32134034489D00FD3A2E5832431F
:101EB0002A504A0707D5314A1B01D11889689B5817
:101EC000CB5CE36299E01B012C4AD3185B68012BC1
:101ED00004D122690733134323618EE0236908226A
:101EE0009343236189E04A074AD5FF221340234ADE
:101EF000180115186D688258681E904203D31801A6
:101F000001321E4E8251CA070DD5626A520705D4AE
:101F1000194998000C2245582A43425080222262D7
:101F20007F3A22621CE01A01144951588D4205D9AA
:101F3000124882189268525CE26211E06269D2072C
:101F400003D5626901218A436261626A520705D43E
:101F500009499800082245582A43425080222262AB
:101F6000626A520749D504499B001022585802431F
:101F70005A5042E00020FFBFF81E0020D81E00206B
:101F8000FF2213401D4918010A1852684158901E3B
:101F9000884204D1216908220A4322610BE0013AF8
:101FA000914208D116489D0008212A580A432A5018
:101FB00022698A432261114A1B01D1188868995805
:101FC0004D1C9D50E36A435417E04A0609D5402250
:101FD0002262BF321A400A4D920002205659304305
:101FE0005051CA0709D501222262FE32134004492A
:101FF0009B00F33A585802435A5070BDD81E002037
:10200000F81E002070B50848046A456A2A002100BD
:10201000FFF706FE054B1B68002B03D02A002100AA
:102020000148984770BDC04600E00040D01E002027
:1020300070B50848046A456A2A002100FFF7F0FDE0
:10204000054B5B68002B03D02A002100014898470C
:1020500070BDC04600F00040D01E002070B50400E6
:10206000134BC318DB0A026803211140D00703D5C4
:1020700020680125A843206092070ED5FF22134057
:102080009B000C4A9B58002B02D00022200098474E
:10209000236802229343236009E0FF2213409B0040
:1020A000044A9B58002B02D000222000984770BDA4
:1020B0000090FEBF001F002010B50248FFF7CEFFC2
:1020C00010BDC0460070014010B50248FFF7C6FFC2
:1020D00010BDC0460078014010B50D4BC3181B0B56
:1020E00002688021114003D002688024A24302606C
:1020F000026DFF24224002D0046D94430465FF2446
:1021000023409B00034C1B59002B00D0984710BD67
:1021100000D0FEBF081F0020F0B55F4656464D4672
:102120004446F0B483B004008A46E34BC5182D033F
:102130002D0EE24F6B005E19F05D0121FFF718FADA
:10214000BE1970780121FFF747FA2368524651897A
:102150000902DB4A13400B43236053469B89E36427
:1021600053469B8963605346DB89A360AA00D54B25
:1021700051464969D150842163587F229343524686
:10218000527C1343635023685246127C92014439B7
:102190008B431343236053469B7C012B0FD16B0071
:1021A0005D19C64B5D190223EB56002B1BDB1F226A
:1021B00013401E3A9A401300C34A136013E06B00A9
:1021C0005D19BE4B5D190223EB56002B0BDB1F2262
:1021D00013401E3A9A4013008022BB498B50BFF334
:1021E0004F8FBFF36F8F53461B78012B00D16FE1E8
:1021F000002B06D0022B00D14AE2032B00D1A6E22D
:10220000E2E253465B682268197849012020824344
:102210000A4322605A78002A56D00027302293467B
:10222000243A90460B3A9146009700998A008C46D2
:102230006244520059688D5CE8002018C1685E460F
:10224000B14320263143C160C668596889180979AD
:10225000890047463940BE433143C16059688918F7
:1022600049880161266F4946A940C9435F68BC4659
:10227000944467467F79AF400E403E432667C66868
:102280005F68BC4694446746BF79BF01BC4640279F
:10229000BE4367463E43C660E06D5E68B618F67999
:1022A000AE4008403043E065E06E5E68B44662448C
:1022B000127AAA4001401143E166009F0137F9B24A
:1022C00000915A788A42B0D89A78002A00D1D5E095
:1022D0000022009200998A008C466244920099681C
:1022E000895C8C46606E4908C90001258D402843F1
:1022F0006066656E98688018C07900018840102774
:102300008F40BD4328436066606E9D68AD182D7A8E
:102310006D008D4002278F40B8432900014361665C
:102320006146CD006519E86899688918897989003E
:102330000C263140B0430143E96099688918498807
:10234000296161464F1CFFB2996889188988F80095
:102350008046A04440460161E96898688018407A48
:1023600040000A3EB1430143E9604146C9689868AC
:102370008018807A4000B14301434046C160216F1C
:1023800001206646B040C64301969E68B14691441E
:102390004E46F67A60468640B146019E3140484638
:1023A00001432167216F89460121B940C9439868DB
:1023B000834693445846007B0600BE40B3464E46D3
:1023C0000E40B1465E46484606432667E8688146A9
:1023D0009868834693445846407B800183464E4626
:1023E00040208643B1465E4648460643EE6040467E
:1023F000C5689868814691444846807B8001814643
:1024000040208543484605434046C560E56D9868D1
:10241000804690444046C07B060060468640B046F9
:10242000019E354040460543E565E56D9868804668
:1024300090444046007C0600BE400D403543E565B3
:10244000E06E8046986885186D7C60468540404601
:10245000019E064030002843E066E06E9D68AC4671
:102460006244927CBA4001401143E166009E01360D
:10247000F1B200919A788A4200D92BE7626D997B7C
:102480004900022082430A436265197BA26E587B91
:102490008001C025AA430243A266A26E3F20824368
:1024A0000A43A266E06ED97B0902084A0300134082
:1024B0000B43E36688E1C04600D0FEBFF47C010810
:1024C000FF0000FF081F002000E100E0FFFEFFFF0B
:1024D0005346586823682022934323600378002BD7
:1024E00000D171E1002130239846243B9C4678338B
:1024F0009B460091009AD30091464B444268D51800
:102500002A786D78002D2DD1D5006519EE684146E9
:102510008E43EE60EF684168CE18B678B60061462B
:102520000E408F433E43EE6059466758510089463E
:102530004168CE18F678360449468E400196C0218F
:1025400089024E46B1408F43019E3E435946665034
:10255000EE684168CF183F7ABF0140218E433E4369
:10256000EE6074E0666E5508ED000427AF403E4310
:102570006666666E0821A9400D0035436566D50084
:102580006519EF684168CE187679360141460E40EC
:102590008F433E43EE604168CE183679012E17D046
:1025A000002E04D0022E24D0032E33D042E0EE6859
:1025B00061468E4304210E43EE60551CEDB2ED00E2
:1025C0006519EE6861468E4308210E43EE6031E0E6
:1025D000EE6861468E4308210E43EE60551CEDB255
:1025E000ED006519EE6861468E4304210E43EE60EE
:1025F00020E0EE6861468E4304210E43EE60551CD8
:10260000EDB2ED006519EE6861468E4304210E437C
:10261000EE600FE0EE6861468E4308210E43EE60E7
:10262000551CEDB2ED006519EE6861468E43082138
:102630000E43EE60551CEDB2ED006519EE68416881
:10264000CF183F7ABF0140218E433E43EE6045687C
:10265000A9464B449D79012D0AD1A66F9500AA1871
:102660001F259540AE43DB7993403343A36706E0D3
:10267000A36F9500AA181F259540AB43A367009947
:102680000131CAB200920378934200D932E79BE04D
:102690005346586823682022934323600378002B15
:1026A0004DD00025102399460C27303398463F3BE8
:1026B0009C460095009DEA004368995CCB00E318B6
:1026C000DE683025AE434D462E43DE60DE68456849
:1026D000AB4693445D462D79AD003D40BE432E434D
:1026E000DE604568AE1876881E61DE684568AB46D8
:1026F00093445D466D79AD01AB464546AE435D46BC
:102700002E43DE60E66D63468B40DB434568AB4697
:1027100093445D46AD798D401E402E43E665E66EDE
:102720004568AB465A44D2798A4033401343E36646
:10273000009D0135EAB2009203789342BAD8636DE6
:10274000027A520002218B43134363653CE05346F7
:102750005B688022A1581878C0000825A94301436E
:10276000A150A158587840011835A9430143A15000
:10277000A15818790001103DA9430143A1509A784E
:10278000002A06D0A26F1F218A43D9780A43A26784
:1027900003E0A26F1F218A43A2675A79002A07D05B
:1027A000A26F9879400110490A400243A26703E0F2
:1027B000A16F0D4A0A40A26780202158012291434F
:1027C000DA790B001343235023685246127AD20061
:1027D00018218B431343236003B03CBC90469946B9
:1027E000A246AB46F0BDC0461FFCFFFFF0B5474612
:1027F00080B4436D0A7852016024A34313434365B8
:10280000C36F8C7A2402214A13402343C367436D6C
:10281000CA7BD2018024A343134343650D000B35CB
:1028200000224026436E34009440A3431C002B78C2
:102830009B0193402343436601350832202AF1D19E
:1028400001310023102788251F3A9046C26F3C00B3
:102850009C40A24314004A7812019A402243C26766
:10286000445942469A40D2438E789E4014403443A5
:102870004451C46F0E789E4022403243C2670133F8
:102880000331032BE2D104BC9046F0BDFF00FFFFF3
:1028900070B50B78002B24D18C33C458724A224077
:1028A0008024A4002243C250C458704A224080248D
:1028B000E4002243C250C4586D4A224080242401BF
:1028C0002243C250C4586B4A2240802464012243F0
:1028D000C250C458684A22408024A4032243C250F4
:1028E00023E08C23C458654A22408024A40222435A
:1028F000C250C458624A22408024E4022243C2509B
:10290000C458604A2240802424032243C250C45841
:102910005D4A2240802464032243C250C4585B4A6B
:1029200022408024E4032243C250836D0A7AD200FD
:102930000824A343134383658C23C2584C79A40015
:102940000425AA432243C250C2588C7964011C3525
:10295000AA432243C250C258CC792401103DAA4355
:102960002243C250836D4C7AE402414A1340234310
:1029700083650D000A3500222026436E3400944002
:10298000A3431C002B785B0193402343436601352E
:102990000832202AF1D1836D4A7812011024A34312
:1029A00013438365836D8A7852011034A343134324
:1029B0008365836DCA7892012034A34313438365F2
:1029C0008B7B002B1FD1CB7B002B1CD10B78002BDA
:1029D00008D18C2284582E4B23408024640023434A
:1029E000835007E08C2284582A4B234080246402C1
:1029F00023438350836D022293438365836D013AA1
:102A0000934383651AE00B78002B05D18C22845800
:102A10001F4B2340835004E08C2284581D4B2340DD
:102A20008350836D8A7B52000224A3431343836542
:102A3000836D01229343CA7B134383658C23C25861
:102A40000125AA430C792243C250426D0824A243B7
:102A50004265C45880222243C250436DAB430A7C76
:102A60001343436570BDC046FFFDFFFFFFFBFFFF43
:102A7000FFF7FFFFFFEFFFFFFFFFDFFFFFFFFDFFA0
:102A8000FFFFFBFFFFFFF7FFFFFFEFFFFFFFBFFFB2
:102A9000FFFEFFFFFFFFFEFF10B50248FFF71CFB24
:102AA00010BDC0460030014010B50248FFF714FBCE
:102AB00010BDC0460040014010B50E4B19680B0612
:102AC00006D50C4802680C4B134080221343036068
:102AD0008B0307D5074A1368802083438020800238
:102AE00003431360054B1B68002B02D000220148F2
:102AF000984710BD00840040FFFFFDFF101F00201D
:102B0000F0B54368DB0400D4A8E0994BC3181B0B55
:102B1000C26852070BD5C16804220A43C260FF2273
:102B20001A40944C92000221155929431151C26850
:102B300012070BD5C16808220A43C260FF221A405F
:102B40008C4C92000121155929431151C2689207FA
:102B50003ED5FF221A40940087496158874D645939
:102B6000A14223D29500864EAD59002D30D0013CB4
:102B7000A14203D144690826B44344614468240255
:102B800007D594004F1C7C4EA751046949004C5353
:102B900005E094004F1C784EA75104696C549100D5
:102BA000754C0C59754D49598C4211D3446875497F
:102BB000214041606F4C9200082115592943115161
:102BC0008021C2681142FCD1816820220A438260C0
:102BD000C268D20731D5FF221A4094006A49615871
:102BE000664D6459A14216D29400684D6459002C78
:102BF00023D045682D0207D592004E1C624D5651D8
:102C000049000A5B026118E092004E1C5E4D56516D
:102C1000625C026111E044685D4921404160554CAD
:102C2000920010211559294311518021C268114287
:102C3000FCD1816820220A438260C268D20600D497
:102C400095E0816810220A438260FF2213404949BF
:102C50009B00FB3A585802435A5088E0444BC31833
:102C60001B0BC26852070FD5C16804220A43C26019
:102C70004168474A0A404260FF221A403D4C920098
:102C80000221155929431151C26812070FD5C16895
:102C900008220A43C26041683A4A0A404260FF2261
:102CA0001A40344C92000121155929431151C26830
:102CB00092072FD5FF221A4091002F4C0D592F4C0F
:102CC00009598D421CD291002D4C0959002921D05F
:102CD0004468240207D594006F1C274EA75104694D
:102CE0006D006C5205E094006F1C234EA7510469DF
:102CF0004C559100204C0C59204D49598C4209D318
:102D000044682049214041601A4C9200082115591D
:102D100029431151C268D20729D5FF2213409900D7
:102D2000194A8A58154C09598A4216D29900174CEB
:102D3000095900291BD04468240207D59B00551C63
:102D4000114C1D515200535A036110E09B00551C59
:102D50000D4C1D518B5C036109E041680C4A0A402F
:102D6000426004499B001022585802435A50F0BD5B
:102D70000040FFBF1C1F00203C1F0020241F00201C
:102D8000441F0020FFFDFFFF2C1F0020141F002008
:102D9000FFFEFFFF70B50748C4684568FFF7B0FE47
:102DA000054B1B68002B03D02A00210001489847DF
:102DB00070BDC04600C00040341F002070B50748F9
:102DC000C4684568FFF79CFE054B5B68002B03D089
:102DD0002A0021000148984770BDC04600D000403D
:102DE000341F0020034A1168034B0B4000071843AF
:102DF00010607047B0880040FFFFFFEF82B00023F3
:102E00000193012811D1134A5368802189050B438E
:102E1000536011485368DB0FDB0701930138019BB6
:102E2000002B12D10028F5D10FE00A4A51680B4B54
:102E30000B40536008485368DB0FDB0701930138F0
:102E4000019B002B01D00028F5D1431E9841C0B250
:102E500002B070470080004010270000FFFFFFDF36
:102E600082B000230193012813D1154A53688021B1
:102E700009050B435360134811008022D2054B68AB
:102E8000134001930138019B002B14D10028F6D187
:102E900011E00B4A51680C4B0B405360094811007C
:102EA0008022D2054B68134001930138019B002B0F
:102EB00001D00028F6D1431E9841C0B202B070473D
:102EC0000080004010270000FFFFFFF782B0034B97
:102ED000DB690193019802B07047C0460080004052
:102EE00000B583B0FFF7F2FF0190019A054BDA615C
:102EF000054B1B68002B03D001990248C268984714
:102F000003B000BD00800040501F002000B583B01A
:102F1000FFF7DCFF0190019A054BDA61054B1B6856
:102F2000002B03D0019900220148984703B000BD4F
:102F3000008000404C1F002010B5FFF7C7FF43037F
:102F400005D51E4AD3698021C9020B43D361802372
:102F5000DB051B699B050FD58022D20513698021F3
:102F600049020B4313610020FEF76AFB0020FEF7C5
:102F700085FB0120FEF764FB8023DB051B69DB0575
:102F80001BD58022D2051369802149020B431361AE
:102F90000020FEF755FB0020FEF770FB0020FFF736
:102FA0005FFF012809D16330F9F7D0FB0120FFF75B
:102FB00057FF012801D1FEF743FB10BD0080004000
:102FC00010B5C368012119400ED0C2680123134314
:102FD000C360064BC3181B051B0E9B00044A9B587D
:102FE000002B01D00022984710BDC04600EFFEBF65
:102FF000541F002070B504000D0001211320FEF7BE
:10300000B7FA01211320FEF7E7FA224A13680220DB
:103010008343042149420B4313602B682360A36858
:103020002A79920008318B431343A3601A4BE318AB
:103030001B051B0E9900194AAE688E50A26869796B
:10304000490082430A43A2606A79012A0BD1144ADB
:10305000D356002B17DB1F2213401E3A9A40130051
:10306000104A13600FE00E4AD356002B0BDB1F22D1
:1030700013401E3A9A40130080220A498B50BFF336
:103080004F8FBFF36F8FA368012293432A7B1343B3
:10309000A36070BD0010014000EFFEBF541F002070
:1030A000FC7C010800E100E010B50248FFF788FF52
:1030B00010BDC0460011014010B50248FFF780FF67
:1030C00010BDC0461011014010B50248FFF778FF4F
:1030D00010BDC0462011014010B50248FFF770FF37
:1030E00010BDC0463011014070B5016A426A0162EC
:1030F00042620A4BC3181B0BDCB2C569ED0701D451
:103100000125A943022C07D8FF2423409B00044C2F
:103110001B59002B00D0984770BDC0460080FEBFF1
:10312000641F002010B50248FFF7DEFF10BDC04647
:103130000080014010B50248FFF7D6FF10BDC04621
:103140000090014010B50248FFF7CEFF10BDC04609
:1031500000A0014070B50400344B1E685D68012179
:103160001920FEF705FA01211920FEF735FA43234D
:103170009D43237A032213402B43627A002A03D112
:1031800020329643320001E020223243A17A002906
:1031900002D180318A4301E080210A43E17A00298B
:1031A00002D110318B4303E0012901D10F310B43D0
:1031B000217B002902D180318B4303E0012901D119
:1031C0007F310B43617B002911D140318A4318497B
:1031D0002069086017498020400080254851BFF3CE
:1031E0004F8FBFF36F8F0135FF3548510AE001293A
:1031F00016D13F310A430E49206908608020400003
:103200000C49086072B609490B4888600B48886011
:103210002068C860606808614B600A6062B603E0BD
:10322000034920690860EDE770BDC04600B000406A
:10323000701F002000E100E087D964E078848A866E
:1032400010B5044B1B68002B03D00022002102485C
:10325000984710BD701F002000B0004070B55B4C57
:103260006078F9F7C5FB5A4D431E98412870A07845
:10327000F9F7BEFB431E9841564B1870E078F9F7FA
:10328000B7FB431E9841C0B2534B18702A780123F4
:10329000002A05D14F4B1A780123002A00D10300E0
:1032A0004E4A1370FAF74EFB431E98414C4B187070
:1032B0000120F9F793FB4B4B18700220F9F78EFBB6
:1032C000494B18700320F9F789FB484B187004200C
:1032D000F9F784FB464B18700520F9F77FFB454B47
:1032E00018700620F9F77AFB434B18700720F9F79E
:1032F00075FB424B18700820F9F770FB404B1870B3
:103300000920F9F76BFB3F4B18700A20F9F766FBB1
:103310003D4B18700B20F9F761FB3C4B18700C20EB
:10332000F9F75CFB3A4B18700D20F9F757FB394B56
:1033300018700E20F9F752FB374B18700F20F9F771
:103340004DFB364B18701020F9F748FB344B1870C2
:103350001120F9F743FB334B18701220F9F73EFBAD
:10336000314B18701320F9F739FB304B18701420CB
:10337000F9F734FB2E4B18701520F9F72FFB2D4B66
:1033800018701620F9F72AFB2B4B18701720F9F745
:1033900025FB2A4B18701820F9F720FB284B1870D2
:1033A0001920F9F71BFB274B18701A20F9F716FBA9
:1033B000254B18701B20F9F711FB244B18701C20AB
:1033C000F9F70CFB224B187070BDC046D4220020C8
:1033D0005C340020293700204C3700203037002093
:1033E0007534002039370020783600203934002029
:1033F0004E3400203C3700200E3700207936002064
:10340000133700203F3400202837002033340020B9
:103410002A370020483400203E3700205E34002048
:103420003D3700208A3400202234002068340020F8
:103430008436002004370020123700207B3600201D
:103440003837002031370020163700207C36002026
:1034500084340020F8B50500BE4E308884B20320C5
:10346000F6F7A0FF7388728860438001000C584310
:10347000000CB94CA31A9B12B8490A8853439B0904
:10348000C318A34200D923000B800320F6F78AFF5C
:1034900003031818000AB24B1880AE4FB88886B2E2
:1034A0000120F6F77FFFFC88FB8870438001000C49
:1034B0004443240CA84EF31A9B122A8853439B09B9
:1034C000E4180120F6F76EFF03031818000AA54B55
:1034D0001880B44200D93400A4B29E4B1B899BB221
:1034E0009C4202D3A04B1C8002E000229E4B1A801B
:1034F0000820F6F757FF06000720F6F753FF86422D
:1035000003D80820F6F74EFF02E00720F6F74AFF3F
:1035100003031818000A80B2944B1880BE23944A03
:10352000944904F059F8944B18800820F6F73AFFB4
:1035300006000720F6F736FF864203D80820F6F784
:1035400031FF02E00720F6F72DFF03031818000AE9
:1035500080B28A4B1880BE23854A864904F03CF825
:10356000874B18807B494B89864A12885343DB0975
:103570009BB210038218120A834802808A8992B291
:1035800082498A4204D8734A9289D20092B200E0FA
:10359000714A9A4202D87E4A138002E000227C4B94
:1035A0001A806C4BDB899BB2002B09D0694BD989FF
:1035B00089B27848F5F784FD86B2002E0AD000E083
:1035C000654E0620F7F726F8C0033100F5F778FDC1
:1035D00080B200E06048704B18805E4BDB899BB284
:1035E000002B09D05B4BD98989B26A48F5F768FD91
:1035F00086B2002E0AD000E0574E0320F7F70AF8F3
:10360000C0033100F5F75CFD80B200E05248634B27
:103610001880504BDB899BB2002B09D04D4BD989C8
:1036200089B25C48F5F74CFD86B2002E0AD000E066
:10363000494E0220F6F7EEFFC0033100F5F740FDDA
:1036400080B200E04448564B1880424BDB899BB265
:10365000002B09D03F4BD98989B24E48F5F730FD90
:1036600086B2002E0AD000E03B4E0720F6F7D2FFCC
:10367000C0033100F5F724FD80B200E03648494B25
:1036800018800023484A1380484A1380484A138010
:10369000484A1380F7F77CF9474B18700820F6F773
:1036A00081FE06000720F6F77DFE864203D3082040
:1036B000F6F778FE02E00720F6F774FE0303181809
:1036C000000A80B23D4B1880BE23294A294903F0E5
:1036D00083FF3B4B18800820F6F764FE06000720A6
:1036E000F6F760FE864203D80820F6F75BFE02E09C
:1036F0000720F6F757FE03031818000A80B2314B73
:103700001880BE231A4A1B4903F066FF2E4B18800F
:10371000C82212012D4B1A800220F6F743FE030344
:103720001818000A80B22A4B1880BE23294A2A4959
:1037300003F052FF294B18800820F6F733FE0600ED
:103740000720F6F72FFE86424AD80820F6F72AFE11
:1037500049E0C04600480020FFFF00002437002059
:103760004A3400204C3400204037002066340020CA
:10377000BCB001083CB201081C3700208236002092
:103780003A370020741F002082340020FF1F000001
:103790008636002060EA00002C37002060340020CC
:1037A0000037002034340020FA3600207034002026
:1037B00088340020263700200F3700208036002074
:1037C000FC3600206A3400203C3400200A370020F8
:1037D00040340020BCB301083CB501086E34002021
:1037E0000720F6F7DFFD03031818000A80B21B4B11
:1037F0001880BE231A4A1B4903F0EEFE1A4B1880AC
:1038000001221A4B1A701A4F388A86B20620F6F730
:10381000C9FD7B8A7A8A70438001000C5843000CF2
:10382000144EB31A9B1214490A8853439B09C318B8
:10383000B34200D933000B800620F6F7B3FD030333
:103840001818000A0D4B18800520F6F73DFE43427C
:1038500043410B4A13702C80F8BDC0460637002048
:10386000BCB001083CB20108883600200D370020AA
:1038700000480020FFFF00008C3400202E3700207D
:10388000F936002000230349CA5CC2540133082BD7
:10389000FAD17047247D0108F0B54F464646C0B4C2
:1038A00083B007000D00904699460B9C694631484D
:1038B000FDF7FCF903005A4253412F4A13700023CD
:1038C00019006A469A5C002800D1E25C6E468A556F
:1038D0000133082BF4D1002809D1284B1B78013380
:1038E000FF22FF2B00D81A00244B1A7002E000229E
:1038F000224B1A70002F06D1214B1B7DDBB21F4AD1
:1039000012789A4208D304232B7000234246138076
:103910001C4B0A9A13801AE06B46DB78DB069B0F80
:103920000122002B04D0013B5A4253410322D21AF8
:103930002A706B461B7864225343424613806B46C1
:103940005B78DB010F4A944663440A9A13807E2316
:103950000D4AD35A4A46138000236A469A5CE254C1
:103960000133082BF9D12B78237203B00CBC90469D
:103970009946F0BD2144EF18813400204B370020D8
:103980000048002000E7FFFF3CB6010810B50948D9
:103990003C22835C01218B4301318B4302318B43F9
:1039A00083540022044B1A60D930FF30FFF76AFFBE
:1039B00010BDC04690340020443400200122014B49
:1039C0001A7070470D37002000B583B03C23334A8E
:1039D000D35CDA0736D431483C211A000123134363
:1039E000DBB202221343DBB20422134343545B07CE
:1039F00005D501003C22835C042083438B54FFF7F0
:103A00002DFC274B1A68501C18600A21F5F7DEFBC5
:103A1000002902D12348FFF71DFD234B198889B2E5
:103A20001F4B1868F5F7D2FB002935D11F4B1878CA
:103A30001F4B01931F4B00931F4B204A2049FFF758
:103A40002BFF29E05B0705D514493C228B5C042041
:103A500083438B54FFF702FC114B1A68501C18600B
:103A60000A21F5F7B3FB002902D10E48FFF7F2FC5B
:103A70000D4B198889B20A4B1868F5F7A7FB002986
:103A80000AD10A4B18780A4B01930A4B00930A4B50
:103A90000A4A0B49FFF700FF03B000BD9034002035
:103AA000443400207236002038490020303700208E
:103AB0006836002086340020363400206C34002024
:103AC00072340020F0B557464E464546E0B4204BD0
:103AD000012461229C540021596340201E0040367D
:103AE00072781D5C0727BD431D540025A9464A2551
:103AF0005953184D2C70184D4F462F701025AA435E
:103B0000083DAA4372701D5A144A2A409246144D29
:103B10006927BC460027B84667464246EA556422F4
:103B2000A9525246120A944602226746974377707A
:103B30006726524632401A540A4A4846107060229C
:103B4000A95202329C541CBC90469946A246F0BD34
:103B5000903400208E340020803400207FFEFFFF50
:103B60008C3600208536002010B5154B40211800FA
:103B7000403042780424A24342705A5C6020824361
:103B80005A54104A0830002111545E34115348220F
:103B90009952473A01341A5501341A5501341A55CD
:103BA00001341A5501341A551A5401301A5401308F
:103BB0001A5401301A5401301A54996310BDC0468A
:103BC000903400208C360020F0B55F4656464D46B6
:103BD0004446F0B483B0BF4B1D786123BE4AD65C27
:103BE000052E00D094E3BD4B1F686D23D35C002BE2
:103BF00005D1130000229A6301216D329954B64B0E
:103C00009A6B501C9863B64B198889B2F5F7DEFAA7
:103C1000002900D0A6E3B34B1B78012B18D1B24B7F
:103C200000229B5EB14A0021525E9B1A1B029846FD
:103C3000AB4B5B881BB21B024246D11752184A405D
:103C4000934201DC01F0F2FA0023984601F0EEFA0B
:103C5000A74B1B68FA1A9046002F07DA002B0BDBE4
:103C6000002A09DB80231B06984605E0002B03DAB7
:103C7000002A01DA9F4B9846994B59684346DA1758
:103C80009B185340DA43D21713408B4201D301F003
:103C9000CDFA0023984601F0C9FA7A427A4101929E
:103CA0006B461E798E4B1B7A002B00D040E16E33A1
:103CB000894AD35C002B0BD11300012263215A5493
:103CC00001315A5401315A5401315A5408315A546D
:103CD000894B1A78019B9A46531E58425841824597
:103CE00001D0032A01D1002E03D0012163237A4A97
:103CF000D154814B1E706323774AD35C002B02D0D2
:103D00000022754B9A607C4B5A78531E584258419A
:103D1000824501D0032A03D1002E01D101F095FB89
:103D2000012164236C4AD154734B5E7000226A4BAC
:103D3000DA60002E01D001F0C1FA01F082FA01210F
:103D40006523654AD1546C4B9E706523624AD35CEF
:103D5000002B02D00022604B1A61674BDA78531EA9
:103D600058425841824501D0032A01D1002E03D088
:103D700001216623584AD1545F4BDE706623564AB0
:103D8000D35C002B02D00022534B5A61544BD968AC
:103D9000200003F089FC07004F4AD3689268981A04
:103DA000002B06DA002A09DB002807DB802000064A
:103DB00004E0002A02DA002800DA4E48484B19696C
:103DC00003F072FC3B189A46002F03DA002801DA50
:103DD000002B09DA002F0ADD002808DD5346002BEE
:103DE00005DC444B9A4602E080231B069A463C4B76
:103DF0001888C003FA21890003F060FB01005046D7
:103E000003F024FC344B5B69C2189246002803DAA5
:103E1000002B01DA002A09DA00280ADD002B08DD70
:103E20005346002B05DC334B9A4602E080231B06E9
:103E30009A465346002E18D1294B5969200003F0A9
:103E400033FC53461B18002804DA5246002A01DAD4
:103E5000002B08DA002808DD5246002A05DD002B79
:103E600003DC244B01E080231B061B4A11694A46F0
:103E7000521A4846002807DA00290EDB002A01DB27
:103E800001F033FA01F0F1FA002906DA002A01DB29
:103E900001F034FA174A01F031FA9918002B08DAC8
:103EA000002A06DA01E080221206002901DB01F077
:103EB00028FA002B05DD002A03DD002901DC01F0D2
:103EC0002CFA074B9B69994201DC17E00949044B26
:103ED00098691AE0803400209034002034370020A4
:103EE00018480020BCB60108863400201C3700208A
:103EF00044370020FFFFFF7F24340020BE4BDB69E6
:103F000008008B4201DDBC4BD869BC4B1860BC4B30
:103F100000226327DA55996064215A54D860013130
:103F20005A544946196166215A5452465A610AE068
:103F30006E23B34AD35C002B05D00023AF4A136035
:103F40006E22AF498B54AC4B1B7A012B00D0BCE1E5
:103F50006E33AB4AD35C002B0FD1130001226721D3
:103F60005A5401315A5401315A5401315A540131D1
:103F70005A5401315A5403315A54A24B1A79019FB1
:103F8000531E58425841874201D0032A01D1002EC6
:103F900003D0012167239A4AD1549A4B1E7167239B
:103FA000974AD35C002B02D00022954B9A61954B27
:103FB0005A79531E58425841874201D0032A03D1EF
:103FC000002E01D101F058FA012168238C4AD15406
:103FD0008C4B5E7100228A4BDA61002E01D001F019
:103FE000A4F901F0B8F901216923854AD154854B20
:103FF0009E716923824AD35C002B03D013000022F8
:104000001A605A607F4BDA79531E584258418742F2
:1040100001D0032A01D1002E03D001216A23784A5E
:10402000D154784BDE716A23754AD35C002B02D0E1
:104030000022734B1A62704B9A465969404603F04E
:1040400033FB040053461888C003FA21890003F0AB
:1040500035FA0100200003F0F9FA8246694B1A7A1A
:10406000531E58425841874201D0032A01D1002EE5
:1040700003D001216B23624AD154624B1E726B2321
:104080005F4AD35C002B02D000225D4B5A625D4B2D
:104090005A7A531E58425841874201D0032A05D10B
:1040A000002E01D001F0F8F901F071F901216C2323
:1040B000534AD154534B5E720022514B9A62002EE8
:1040C00007D14D4BD968404603F0EEFA07004E4643
:1040D00001E0002700264A4A9369D269981A002B0A
:1040E00006DA002A09DB002807DB8020000604E04E
:1040F000002A02DA002800DA43483F4B196903F02E
:10410000D3FA3B18002803DA002F01DA002B07DA74
:10411000002807DD002F05DD002B03DC3A4B01E012
:1041200080231B06364A526A5146891A5046002897
:1041300007DA002A0EDB002901DB01F037F901F074
:10414000B3F9002A06DA002901DB01F02CF92E4927
:1041500001F029F95A18002B06DA002904DA01E0E7
:1041600080210906002A07DA002B07DD002905DD7A
:10417000002A03DC244A01E080221206204B1B683F
:10418000F118002E07DA002B05DA002901DB01F017
:1041900024F901F019F9002E05DD002B03DD0029BB
:1041A00001DC01F014F9164B186A0B1A002907DA22
:1041B00000280EDB002B01DB01F019F901F07FF97B
:1041C000002806DA002B01DB01F00EF90E4B01F09E
:1041D0000BF9D618002A06DA002B04DA01E0802356
:1041E0001B06002E12DA002A12DD002B10DD002E35
:1041F0000EDC054E0CE0C046184800208C3600202E
:104200009034002024340020FFFFFF7F80263606F4
:10421000CD4B1888C003FA21890003F04FF9010043
:10422000300003F013FAC94B9B6AC218002805DA64
:10423000002B03DA002A01DB01F0E2F8002805DD9B
:10424000002B03DD002A01DC01F0E6F8BE4B9B6980
:104250009A4201DC03E0BE4ABB4B986906E0BA4BC8
:10426000DB691000934201DDB74BD869B94B186088
:10427000B64B002167269955986168201954DA6178
:104280000130195458681860484658606A2019541B
:10429000B14B994503DDAE49AC4B19620BE0AF4B16
:1042A000994504DA80210906A84B196203E04B46C0
:1042B0005900A64B1962A54B00216B20195450469A
:1042C00058626C2019549A620AE06F239F4AD35CAB
:1042D000002B05D000239F4A13606F229B498B540B
:1042E000994B99699B4B18680F2203F0BDF8802306
:1042F0001B02984203DD1A00964B5A6028E0002802
:1043000003DA0022934B5A6022E0924B58601FE080
:104310006D238E4AD35C002B1AD06E23D35C002B06
:1043200005D000238B4A13606E2288498B546F237B
:10433000864AD35C002B05D00023864A13606F2287
:1043400082498B540023834A53606D227F498B54EA
:1043500061237E4AD65C082E04D17B4B1A8C804B9D
:104360001A8003E07B4B5A687D4B1A80774B6222A0
:104370009E545A6B501C58630A21F4F727FF0029FA
:1043800001D000F0CCFE4123704AD35CDB0614D48C
:1043900013004020110040314F7810223A434A70F8
:1043A0001A5C07218A4303210A431A5401216D4AEA
:1043B000117000214A229952B3E14023634AD35C31
:1043C0005B075B0FDAB2062A00D971E19300664AF7
:1043D000D3589F46654B1B78032B0ED14A225B496D
:1043E000895A594A528C92B2914206D2564A928CBC
:1043F00092B25F480088904213D8544F40203A5CF4
:1044000007218A4302210A433A540421554A117074
:10441000023BDBB20022033999425241554B1A70DC
:104420007FE10131544B994200DD19004A23474A8C
:10443000D15276E1514B1B78002B0ED1434B4020DB
:104440001A5C07218A4303210A431A540121454A71
:10445000117000214A22995263E1494B1B78002BCD
:104460000DD03A4F40203B5C07218B43062213437B
:104470003B543C4B197001223E4B1A7051E13B4BAF
:104480001B78032B1AD1602230498A5C032A28D07A
:104490002D4A928C92B236490988914221D92B4AF1
:1044A0004021535C07208343063803435354383973
:1044B0002C4B197000214A23D15232E1022B10D12A
:1044C000304A1278002A0CD020484021435C072251
:1044D00093431A000423134343540522214B1A70BB
:1044E0001FE104211F4A1170023BDBB20022033995
:1044F000994252411F4B1A7013E1204B1B78002B3D
:1045000016D0114BDB8C9BB24A2210498A5A9A4230
:104510000ED30B0040200A5C07218A4305210A4381
:104520001A5402210F4A117000214A229952F8E0D0
:10453000064A4A23D35A01330F498B4200DD0B0050
:104540004A215352EDE0C046184800209034002024
:10455000FFFFFF7F8C360020FFFFFF3F010000C000
:10456000183700208E340020047D010872340020AA
:104570004037002080340020FFFF00000D3700206E
:104580006234002085360020C84B1B78002B0DD0EC
:10459000C74F40203B5C07218B43062213433B540B
:1045A000C44B19700122C44B1A70BAE0C34B1B787C
:1045B000022B00D1B5E0BE4F40203A5C07218A4370
:1045C00002210A433A540421BA4A1170023BDBB279
:1045D0000022033999425241B74B1A70A1E0B84BFF
:1045E0001B78002B0ED1B24B40201A5C07218A4366
:1045F00003210A431A540121AE4A117000214A22B4
:1046000099528EE04A23AA4AD35AAE4A128D92B2E8
:1046100093420CD3A64B4021585C072202435A54C4
:104620003D39A44A117000214A22995279E00133A0
:10463000A54A934200DD13004A229D498B5270E047
:104640009E4B1B78032B1BD1602299498A5C032A5D
:1046500016D09C4A928C92B29C49098891420FD9FB
:10466000934B40201A5C07218A43110001220A4320
:104670001A5408218F4A117000214A22995250E0A1
:104680008A4A1278002A4CD1894F40203A5C07218F
:104690008A4302210A433A540421864A1170023B9C
:1046A000DBB20022033999425241834B1A7038E041
:1046B000834B1B78002B0ED17D4B40201A5C0721C9
:1046C0008A4303210A431A5401217A4A11700021B6
:1046D0004A22995225E04A23754AD35A794A528D83
:1046E00092B2934215D372484021435C0722934310
:1046F00002221343435404226E4B1A706F4B1B78F3
:10470000023BDBB200223F39994252416A4B1A7098
:1047100007E001336C4A934200DD13004A226449EA
:104720008B52664B19786023614AD154684B1B88C1
:10473000684A12881F1C934200D9171CBFB2664BEF
:104740001B889BB2BB4203D2634B1F88BFB207E0FA
:10475000624B5B889BB2BB4202D9604B5F88BFB2A1
:10476000584B998D09B2DB8D1BB2C9185C4B99422D
:1047700000DA19005B4B994200DD19005A4B002208
:104780009B5E98464F4BDB8D18B2584B00229B5EC8
:104790009946002916D04044C01A514B984200DA7D
:1047A0001800504B984200DD18007843C011464B6A
:1047B000984200DD1800C343DB171840C001F4F72E
:1047C00009FD00E04A48404B984200DD1800C34311
:1047D000DB17184080B23B4B1B8E9BB201219842E5
:1047E00008D9384B5B8E9BB20021984202D25F23DE
:1047F0002F4AD15C394B1B78022B1FD1314B9B8D3B
:104800001BB24B44364A934200DA1300354A9342B6
:1048100000DD1300984511DA2A4BDB8D1BB24344AF
:104820002F4A934200DA13002E4A934200DD130010
:104830000027994502DA002900D10700FB039C46B6
:104840002C4B1A680020944501DDD043C00F412352
:10485000174CE35C1B071DD4230040208246804692
:10486000A04440464078834608205C4620434446A6
:1048700060705046185A80461F48444604408020C5
:104880002043544618530023984669331B48444636
:10489000C454A1E04023064CE35ADB059B0FDCB275
:1048A000012C2DD0022C42D07BE0C0466234002087
:1048B000903400208E340020803400207234002098
:1048C0000D37002018480020FFFF0000403700206F
:1048D000363400206C340020BAB60108BCB601089A
:1048E0000080FFFFFF7F0000863400201C3700207F
:1048F000FFFFFF7F343700207FFEFFFF8C36002054
:10490000002869D0CD4B984640201B5A9A46CC4B84
:104910005446234080246400234344462352C94B19
:10492000984624301B5A0A334446235254E0002848
:1049300017D1C44B984664234446E052BF4B9B4674
:1049400040239A465B465046185ABD4B0340802090
:104950000343584654460353692300204446E05419
:104960003AE06423B748C35AB748834214D9B34BDB
:10497000984640201B5AC0246400234344462352D7
:10498000B04B3F388046683044461C540020804677
:10499000643044461C521FE00A336420A94C235261
:1049A0001AE064208046A74B185A0A304446185330
:1049B000A24882464020804650464446005B8346DB
:1049C0009F485C4604408020204354464346E052C2
:1049D000002369209B4C2354052E03D000229B4BBF
:1049E0001A6016E0944511DD69239648C35C002BDC
:1049F00001D000F019FD07E0002B00DC944B62466B
:104A0000D70B634502DC1A00D21397B2FF038F4B1A
:104A10001F605F23894AD1548E4B1A888E4B1B88A6
:104A200053438E4A136034238D4AD35C002B0CD140
:104A30007033824AD35C002B02D101217033D154F0
:104A4000884B1A88884B1A800BE070237B4AD35C12
:104A5000002B06D00022844B1A807023774A002155
:104A6000D15434237E4AD35C002B00D12DE1712335
:104A7000724AD35C002B08D11300002148229952BE
:104A8000013129329954002036E048236B4AD05A2C
:104A9000744B1B8898422FD9072E0DD1734A127878
:104AA000002A04D06E4AD18E714A11800FE06C4A00
:104AB000118F6F4A11800AE0002B04D1684A518F90
:104AC0006B4A118003E0664A918F694A1180684AF7
:104AD00011884A089A1892B2904203D94000431AAA
:104AE0005B109BB21C1C80221202934201D9614BC5
:104AF0001C88A3B20093E3E0594BDB8F1BB25B0031
:104B000099450DDC4023564AD25A5B4B1A805B49CB
:104B10000A1D0C31032302F013FD594B188014E0D9
:104B2000002D09D04E4B4222995A534A11804422FB
:104B30009A5A534B1A8008E0494B4622995A4E4ADA
:104B4000118048229A5A4E4B1A803C494823CB5A2E
:104B5000444A108841228A5C520713D40A00402537
:104B60000C0040346678042131436170515D60244B
:104B7000A1432024214351550024682231498C54FB
:104B800000F05BFC40222D49895C4906890FCAB2BE
:104B9000012A02D0022A10D03DE0834272D2274D72
:104BA00040242A5D60218A4340210A432A55254C2E
:104BB0006221625A0A32625264E0834210D3214C6D
:104BC00000216222A1521D4E4025725D60318A4350
:104BD00020210A43725568220021A15400F02DFCC7
:104BE00062221849895A264A12880A3A91420DDBF4
:104BF000124C4021655C60222A436254114A012410
:104C00002831545400240639545241E00A316222BA
:104C10000C4CA15236E00B4A6224115B0A3111534D
:104C2000064E4025715D023CA1432024214371556D
:104C300000246821545400F000FCC0469034002049
:104C40007FFEFFFF8C3600207D13000034370020EC
:104C5000FFFFFF7F403700208636002044370020CA
:104C600018480020183700207E3600203E340020EF
:104C700052340020007D010810370020BCB6010826
:104C8000423700206822B049895C0022002901D007
:104C9000AE4A12885B009B185B08AD4A934200D96C
:104CA00013009BB2021C80210902884201D9A94A43
:104CB00012881C1C91B28B4200D9141CA3B2009321
:104CC000A54B6A4612881A8012E07123A34AD35C6E
:104CD000002B0DD00022A04B1A8071239F4A002187
:104CE000D154273B9E4AD35C002B06D100F0A8FB91
:104CF0004A239B4AD35C002B12D0974B1B88994ABE
:104D00001380994A1380994A1380994A1380994ACB
:104D10001380994A1380994A1380994A1380F5E1C8
:104D2000984B9B8A9BB28C4A1588AB4216D3954B05
:104D30009B8A9BB2002B0DD0924B998A89B2E803D3
:104D4000F4F7BEF980B280231B02984202D8854B4B
:104D5000188006E08C4A834B1A8002E08A4A814B15
:104D60001A80884B9B8A9BB20022AB4222D2854A92
:104D7000938AD28AD3189BB2AB4219D3814BDB8A78
:104D80009BB2002B0AD07F4B988AD98A89B2281A05
:104D900080B2C003F4F794F980B200E06C48021CC2
:104DA00080231B02984201D96A4B1A8892B201E013
:104DB000802212026C4B1A8072498A8AC88A0B8B35
:104DC000498B82189B18CB189BB20022AB422ED283
:104DD0006C48818AC28A068B438B808B5218B2182A
:104DE0009B18C3189BB2AB421FD3664B9B8B9BB2E5
:104DF000002B10D0634A938AD78A108B568B918BE5
:104E000089B2FB18C0183018281A80B2C003F4F712
:104E100057F980B200E04E48021C80231B029842E2
:104E200001D94C4B1A8892B201E0802212024F4BFA
:104E30001A805448818AC28A068B438B808B521811
:104E4000B2189B18C3189BB20022AB4232D24D4815
:104E5000818AC78A028B438B868BC08B7918521844
:104E60009A18B318C3189BB2AB4221D3454BDB8BC6
:104E70009BB2002B12D043498A8ACB8A0F8B488B76
:104E80008E8BC98B89B29B18FB18C0183018281A52
:104E900080B2C003F4F714F980B200E02C48021C81
:104EA00080231B02984201D92A4B1A8892B201E052
:104EB000802212022E4B1A803248818AC78A028BC6
:104EC000438B868BC08B791852189A18B318C31865
:104ED0009BB20022AB425BD22A4EB08AF18A338B5E
:104EE0009C46728BB38BF78B368C09186144521831
:104EF0009A18BB18F3189BB2AB4247D3214B1B8CBB
:104F00009BB2002B15D01F498A8ACB8A9C460B8BFB
:104F10004F8B888BCE8B098C89B262449B18FB180F
:104F2000C0183018281A80B2C003F4F7C9F880B24C
:104F300000E00748021C80231B02984201D9054B60
:104F40001A8892B224E0C0468C3600201037002028
:104F5000FFFF0000007D01087E3600209034002015
:104F600018480020FE360020023700208A36002034
:104F7000203700205034002020340020303400201E
:104F800078340020BCB601080080FFFF80221202A6
:104F9000BB4B1A80BB4EB08AF18A338B9C46728B16
:104FA000B38BF78B368C0918614452189A18BB18CA
:104FB000F3189BB20022AB423ED2B24EB08AF38AC3
:104FC0009846318B738B9C46B28BF38B378C768CE7
:104FD00040440918614452189A18BB18F3189BB240
:104FE000AB4227D3A74B5B8C9BB2002B18D0A549B3
:104FF0008E8ACA8A0B8B98464B8B888B8446C88BCB
:105000000F8C498C89B2921942449B186344C01892
:105010003818281A80B2C003F4F752F880B200E0C2
:105020009948021C80231B02984201D9974B1A8889
:1050300092B201E080221202954B1A8091498A8A2D
:10504000CB8A098B9B18CB189BB20022AB422AD289
:105050008C498A8AC88A0B8B498B82189B18CB187B
:105060009BB2AB421DD3874B5B8B9BB2002B0ED008
:10507000844A938AD08A168B518B89B2C018301813
:10508000281A80B2C003F4F71BF880B200E07E4813
:10509000021C80231B02984201D97C4B1A8892B2D1
:1050A00001E0802212027B4B1A80764A938AD28AD0
:1050B000D3189BB20022AB4226D272498A8ACB8A8D
:1050C000098B9B18CB189BB2AB421BD36D4B1B8B30
:1050D0009BB2002B0CD06B4A938AD08A118B89B279
:1050E000C018281A80B2C003F3F7EAFF80B200E0CC
:1050F0006548021C80231B02984201D9634B1A8821
:1051000092B201E080221202634B1A807123634A3B
:10511000D35C002B03D0482369460988D1525F4BEA
:10512000586B6421F4F752F8002979D15C4B1A8846
:105130004C235C49CB5A9BB201249A4207D2F023FC
:105140001B0100249A4202D95E23544AD45C4123B5
:10515000524AD35C9B070FD413004021100040300B
:10516000457802222A434270585C182202435A545E
:1051700000224D4B1A7050E04023484AD35CDB06B6
:105180009B0FDAB2012A02D0022A0CD037E0002CA1
:1051900043D142494022885C182303438B540022A8
:1051A000414B1A7039E0002C09D13C494022885CFF
:1051B000182303438B5400223B4B1A702DE06023CD
:1051C0003A4AD05A123B374AD35A643B98420BDBD7
:1051D00032484021435C182293430822134343542E
:1051E0000122314B1A7018E0F4F754FC3049F4F7FF
:1051F00033F9F4F719F960232C4AD0520DE0002C52
:105200000BD026484021435C1822934310221343BD
:10521000435424316023254AD1525E231F4AD4547B
:10522000244B197861231D4AD1544FE162231B4A54
:10523000D35C01220192052B01D0FEF731FDFEF770
:105240002CFD184B9946196D404602F02DFA0400CA
:105250004B461888C003FA21890002F02FF901009B
:10526000200002F0F3F98146134B9A78531E5842FE
:1052700058414446504501D1FEF765FDEFE0C04678
:1052800050340020BCB60108FFFF0000007D01087B
:105290002034002030340020783400209034002066
:1052A0004037002018480020853600208C3600202A
:1052B0000000C8428E34002024340020874B9946D9
:1052C000196D002002F0F0F904004B461888C00365
:1052D000FA21890002F0F2F80100200002F0B6F98C
:1052E000814600231C00FEF72AFD80221206991831
:1052F000002B01DBFEF7E5FDFEF7D5FD9918FEF763
:10530000D8FD764B9B6980210906FEF7F7FD734BAC
:10531000DB6973490800FEF7F8FD704B9A69704B22
:105320009A4201D0FEF7D2FDF1E76C4B9846196D19
:10533000002002F0B9F904004346188800037D21DB
:1053400002F0F4F80100200002F080F98146002309
:105350009846FEF748FE614B9946196D404602F0AB
:10536000A3F904004B46188800037D2102F0DEF803
:105370000100200002F06AF981465A4B9A79531EC7
:1053800058425841874200D080E0FEF730FE0022AC
:10539000544B5A726C23544AD35C002B01D1FEF754
:1053A00090FEFEF789FE5A18FEF7DEFE80221206F6
:1053B0009A18002B01DBFEF7E1FEFEF7D1FE4A4B07
:1053C000186A0B1AFEF7F4FE002E74DCF7E7464B62
:1053D000186A434B1B1AFEF7F3FE434B186A8023EF
:1053E0001B061B1AFEF7E4FED618FEF7FCFE802310
:1053F0001B06D618002A01DBFEF70AFFFEF7EFFEB8
:10540000364B9B6980221206FEF729FF334BDB697E
:10541000334A1000FEF72AFF304B9A69304B9A420C
:1054200001D0FEF718FFF1E7FA235B04D318002A36
:1054300001DDFFF7E1FAFFF7E2FA0022FFF72AFCAD
:105440002A4B9B8A0025FFF772FC264B5E70642373
:10545000254AD35C002B01D0FEF768FCF1E6032A55
:1054600001D0FEF76CFCFEF76EFC9918002B01DBF7
:10547000FEF71FFDFEF719FD1A4B5E7168231A4AED
:10548000D35C002B00D166E7FEF7A4FD032A01D010
:10549000FEF7A9FDFEF7ABFD01216C23124AD154A2
:1054A000104B5E72FEF708FE5A18002B01DBFEF768
:1054B0005BFEFEF757FE002B89DCFEF774FED61864
:1054C000002A01DBFEF78FFEFEF78BFE03B03CBC2B
:1054D00090469946A246AB46F0BDC046184800200B
:1054E000FFFFFF7F2434002090340020BCB6010869
:1054F000F0B583B004000D0001921F000B9E337ABB
:105500001B070CD4327A08231343F82213400222DB
:1055100013433372F4F70AFC30607160F3E0337ABE
:105520005B075B0FDAB2022A3AD0032A00D18FE080
:10553000012A00D0C5E000281BD10023089A13805F
:10554000337A072293430322134333720A9B1B8847
:10555000BB4205D30023099A13700A9B1F80D2E037
:10556000019A9E18694B9E4200DD1E000A9B1E8018
:10557000C9E00022664B32607360089B1B888B4237
:1055800005D30123099A1370089B1980BBE0019A87
:105590009E185E4B9E4200DD1E00089B1E80B2E0FE
:1055A000002820D00022002330687168F3F70EFF36
:1055B000002847D1337A07229343012213433372E1
:1055C000089B1B889D4205D80123099A1370089BEC
:1055D0001D8098E0019A9E184C4B9E4200DD1E00F3
:1055E000089B1E808FE00022002330687168F3F76B
:1055F000EDFE002818D1337A072293430322134388
:1056000033720A9B1B889F4205D80023099A1370A6
:105610000A9B1F8077E0019A9E183C4B9E4200DD5A
:105620001E000A9B1E806EE0337A072293430422F9
:105630001343337200230A9A1380089A1380099A3D
:10564000137060E02000F4F771FB306071605AE085
:1056500000281BD000230A9A1380337A0722934331
:10566000012213433372089B1B88994205D80123FA
:10567000099A1370089B198045E0019A9E18234BE4
:105680009E4200DD1E00089B1E803CE00A9B1B889A
:105690009F420DD8337A0722934304221343337277
:1056A00000230A9A1380089A1380099A13702AE03B
:1056B000019A9E18154B9E4200DD1E000A9B1E801B
:1056C00021E0002818D0337A0722934301221343A4
:1056D0003372089B1B88994205D80123099A1370DD
:1056E000089B19800FE0019A9E18084B9E4200DD2E
:1056F0001E00089B1E8006E000230A9A1380089A69
:105700001380099A137003B0F0BDC046FFFF00007C
:105710000000F03FF0B557464E464546E0B4F94B21
:105720000024DC62D82149005A5C0827BA430720CC
:10573000814682435A541A00A932FF3200200021C8
:1057400010605160F04A00218A4654215452EF49BA
:105750005046087056215452CA318846595CB943A4
:10576000484681438C4641466046585408398C4629
:105770009C446146002500260D604E601486E44975
:10578000504608705486D0218846595CB943484633
:1057900081438C4641466046585408398C469C44A7
:1057A00061460D604E609483DA4950460870D48398
:1057B000A02149008846595CB943484681438C463C
:1057C00041466046585408398C469C4461460D60F9
:1057D0004E601487D049504608705487982149007C
:1057E0008846595CB943484681438C4641466046E9
:1057F000585408398C469C4461460D604E6094862E
:10580000C64950460870D486E0218846595CB943A1
:10581000484681438C4641466046585408398C4678
:105820009C4461460D604E601484BD49504608702A
:10583000548490218846595CB943484681438C463C
:1058400041466046585408398C469C4461460D6078
:105850004E609481B34950460870D48180218846B7
:10586000595CB943484681438C464146604658548A
:10587000280031009867D9671481AB4950460870F9
:105880005481C02149008846595CB9434846814348
:105890008C4641466046585408398C469C446146C3
:1058A0000D604E6048215452A049504608704A216C
:1058B00054522731FF318846595CB94348468143E9
:1058C0008C4641466046585408398C469C44614693
:1058D0000D604E604421545295495046087046214F
:1058E00054525B31FF318846595CB9434846814385
:1058F0008C4641466046585408398C469C44614663
:105900000D604E60502154528A4950460870522111
:105910005452AE318846595CB943484681438C465F
:1059200041466046585408398C469C4461460D6097
:105930004E6014858049504608705485F021884691
:10594000595CB943484681438C46414660465854A9
:1059500008398C469C4461460D604E6094847749BA
:1059600050460870D4840121884658314046585426
:105970000831FF318846595CB943484681438C461B
:1059800041466046585408398C469C4461460D6037
:105990004E604021545227315046505425395452BC
:1059A0000F31FF318846595CB943484681438C46E4
:1059B00041466046585408398C469C4461460D6007
:1059C0004E609487662150465054D4872B31FF3166
:1059D0008846595CB943484681438C4641466046F7
:1059E000585408398C469C4461460D604E604C21E9
:1059F00054525349504608704E215452C231884681
:105A0000595CB943484681438C46414660465854E8
:105A100008398C469C4461460D604E609485494926
:105A200050460870D485C0218846595CB943484621
:105A300081438C4641466046585408398C469C4404
:105A400061460D604E6014833F4950460870548390
:105A5000B0218846595CB943484681438C4641464B
:105A60006046585408398C469C4461460D604E602F
:105A70009482364950460870D482A0218846595CE9
:105A8000B943484681438C464146604658540839DC
:105A90008C469C4461460D604E6014822C495046F1
:105AA00008705482E82149008846595CB943484649
:105AB00081438C4641466046585408398C469C4484
:105AC00061460D604E605C21545222495046087078
:105AD0005E2154526331FF318846595CB9430F004F
:105AE00049468F4341465F54B933FF3300200021BC
:105AF000186059605823D452174B514619705A23D5
:105B0000D4522BE0903400208C3600204D370020FA
:105B1000763400200C370020743400201537002024
:105B20003A3400201437002073340020323400202F
:105B300063340020223700207A36002064340020AD
:105B400085340020493700204A3700202E340020B9
:105B5000F83600207A3400205D3400201CBC9046CA
:105B60009946A246F0BDC046F0B55F4656464D4642
:105B70004446F0B491B0634BDA6A501CD8620A21F3
:105B8000F3F724FB002901D000F041FF5E4B002217
:105B90009A5E5E4B1B88A02189008C4663441BB231
:105BA0005B00012104919A420BDA584B5B881BB2CF
:105BB0005B00002104919A4203DD4C23514AD35CDF
:105BC0000493534B1B780020002B05D0514B524AB5
:105BD00012689A4200D904984C4CA18889B2E38893
:105BE0009BB24E4A03924E4A02924E4D0195023AA2
:105BF00000920A22FFF77CFC4B4B00229A5E23881E
:105C00001BB25B00012189469A420BDA3F4B1B898C
:105C10001BB25B00002189469A4203DD4D233949BE
:105C2000CB5C9946394B5B891BB25B0001218B46EB
:105C30009A420BDA354B9B891BB25B0000218B46E5
:105C40009A4203DD4E232F4AD35C9B46374B1B7889
:105C50000020002B0BD02F4B2F4A12689A4206D9F6
:105C6000334B1B78022B01D0584600E04846274CA6
:105C7000E18989B2238A9BB22E4A03922E4A02926C
:105C80002E4D0195023A00920A22FFF731FC1E4B7D
:105C900000229A5E23881BB25B0001218A469A4249
:105CA0000BDA1A4B5B8A1BB25B0000218A469A42D0
:105CB00003DD4F231349CB5C9A46144B9B8A1BB2DE
:105CC0005B0001210E919A420BDA104BDB8A1BB26A
:105CD0005B0000210E919A4203DD5023094AD35CF8
:105CE0000E93174B1B780020002B2CD0094B0A4A2F
:105CF00012689A4227D90E4B1B78022B22D00E989D
:105D000021E0C046903400203C3400206C48002044
:105D10003C370020B80B0000443400203836002007
:105D2000E23600204D370020FC3600200E370020E0
:105D300072340020A8350020BE36002076340020C2
:105D4000793600205046C94C218B89B2638B9BB2B7
:105D5000C74A0392C74A0292C74D0195023A009280
:105D60000A22FFF7C5FBC54B00229A5EA38B1BB22C
:105D70005B0001279A4218DAC14B0021595EBB4BE8
:105D80009B8B1BB25B0099420FDAB84BDB8B1BB2CB
:105D90005B000027994208DDB44BDB8B1BB25B0034
:105DA0009A4202DD5123B74AD75CB74B1B780020DB
:105DB000002B05D0B54BB64A12689A4200D938007C
:105DC000AA4B198C89B25B8C9BB2B24A0392B24A3D
:105DD0000292B24C0194023A00920A22FFF788FB29
:105DE000AF4B1B780020002B1DD0A84BA84A12688F
:105DF0009A4218D9AB4B1B881B049C4A526A01304B
:105E000093420FD2994A926A93420BD9A64B1B88B0
:105E10001B04964A526A934204D2944A926A002022
:105E20009A424041C0B2914CA18D89B2E38D9BB2A0
:105E30009E4A03929E4A02929E4D0195023A00921A
:105E40000A22FFF755FB9C4B00229A5E238E1BB261
:105E50005B00012105919A420BDA844B5B8E1BB2E9
:105E60005B00002105919A4203DD5223854AD35CF1
:105E70000593924B1B780020002B05D0834B844A5E
:105E800012689A4200D90598784CA18E89B2E38EA7
:105E90009BB28B4A03928B4A02928B4D0195023A38
:105EA00000920A22FFF724FB884B00229A5E238F80
:105EB0001BB25B00012106919A420BDA6B4B5B8FA0
:105EC0001BB25B00002106919A4203DD53236D4A09
:105ED000D35C06937E4B1B780020002B05D06B4BC8
:105EE0006B4A12689A4200D90698604B998F89B222
:105EF000DB8F9BB2774A0392774A0292774C0194E8
:105F0000023A00920A22FFF7F3FA754B1B78002041
:105F1000002B12D05D4B5E4A12689A420DD9714B2C
:105F20001B881B04514A126C0130934204D24F4A21
:105F3000526C00209A424041C0B24C4C4823E15A76
:105F400089B20233E35A9BB2674A0392674A0292CC
:105F5000674D0195023A00920A22FFF7C9FA654B94
:105F60001A884C23E35A9BB2012107919A420BD223
:105F70004E233E49CB5A9BB2002107919A4203D946
:105F80005423404AD35C07935B4B1B780020002BC3
:105F900005D03E4B3E4A12689A4200D90798334CCE
:105FA0005023E15A89B20233E35A9BB2534A039217
:105FB000534A0292534D0195023A00920A22FFF78A
:105FC00097FA4C4B1A885423E35A9BB20121884616
:105FD0009A420BD956232549CB5A9BB200218846B9
:105FE0009A4203D25523274AD35C9846464B1B78E6
:105FF0000020002B09D0254B254A12689A4204D96B
:10600000424B1B78022B00D14046184C5823E15AD2
:1060100089B20233E35A9BB23D4A03923D4A02924F
:106020003D4D0195023A00920A22FFF761FA3B4B7F
:106030001A885C23E35A9BB2012108919A420BD241
:106040005E230A49CB5A9BB2002108919A4203D998
:1060500056230C4AD35C0893314B1B780020002B4D
:1060600063D00A4B0A4A12685CE0C0466C480020C4
:1060700058350020AA3600200C3700203A3700207F
:10608000883600209034002013370020B80B000021
:1060900044340020C8350020C63600207434002067
:1060A0003F3400208236002006370020B83500201B
:1060B000C2360020153700200A370020283700207C
:1060C00068350020AE3600203A3400201C3700200E
:1060D00033340020183500209A3600201437002071
:1060E0002A3700206634002008350020963600202C
:1060F0007334002040370020483400200836002048
:10610000D6360020323400203E3700207234002082
:10611000F8350020D2360020633400208636002077
:106120005E3400209A4200D90898A04C6023E15ABE
:1061300089B20233E35A9BB29D4A03929D4A02926E
:106140009D4D0195023A00920A22FFF7D1F99B4B2F
:106150001A886423E35A9BB2012109919A420BD217
:1061600066239249CB5A9BB2002109919A4203D9E6
:106170005723934AD35C0993924B1B780020002B42
:1061800005D0914B914A12689A4200D90998874CE0
:106190006823E15A89B20233E35A9BB28C4A0392D4
:1061A0008C4A02928C4D0195023A00920A22FFF726
:1061B0009FF9824B1A886C23E35A9BB201210A9102
:1061C0009A420BD96E237949CB5A9BB200210A918E
:1061D0009A4203D258237A4AD35C0A937F4B1B78A6
:1061E0000020002B05D0784B784A12689A4200D9DB
:1061F0000A986E4B7022995A89B202329B5A9BB20E
:10620000774A0392774A0292774C0194023A0092BD
:106210000A22FFF76DF9754B1A780023002A11D076
:106220005933674AD25C0023002A0BD1704B1A788D
:106230000023002A06D0654B1A68FA239B0093427C
:106240009B415B426B4A1278D318FF22FF2B00D888
:106250001A00D3B2674A137074225449895CC9B2D8
:1062600000228B425241644B1A704423544AD45A40
:106270000A34624B9C4200D91C00A4B24623504A07
:10628000D55A0A355D4B9D4200D91D00ABB20F9324
:106290005B4B9C4209D97623444AD35A9BB2594A54
:1062A000128801210D919A4211D2554B0F9A9A42B0
:1062B00009D978233D4AD35A9BB2524A1288002109
:1062C0000D919A4203D95A233D4AD35C0D934E4B0C
:1062D0001B780020002B00D00D98344B7A22995A5D
:1062E00089B202329B5A9BB2484A0392484E0296A8
:1062F000320025320192B21E00920A22FFF7F8F80E
:10630000423E6723F25C663B002A03D1414B1B7877
:106310005A1E93413F4A13703F4B1B780020002BBD
:106320001DD03E4B1B783E4A11883E4A12888A187F
:106330003D49098852183D4909885218DB0300215C
:106340009A420BD37E23194AD35A9BB22D4A128804
:106350009A4203D8254B187841424141C8B2344B88
:10636000198889B25B889BB2324A0392324E0296F8
:10637000320028320192B21E00920A22FFF7B8F8CA
:106380003E3E6623F25C653B002A03D12B4B1B7813
:106390005A1E9341294A1370294B1B78002B55D064
:1063A000284B1A78284B1A7053E0C0466C480020DE
:1063B00028360020DE360020223700208C340020D2
:1063C000903400203D370020102700004434002086
:1063D00088350020B63600207A3600208A34002026
:1063E00078350020B2360020643400200F370020BA
:1063F000223400205434002038340020FFFF0000F5
:10640000881300008636002068340020E83500201C
:10641000CE3600200837002084360020E0B6010880
:106420002C37002060340020003700203434002056
:10643000EC480020D8350020CA3600201E37002046
:10644000393400204C3700208F3400200022CC4B00
:106450001A70CC4B1B780020002B09D0CA4BCB4ABA
:1064600012689A4204D9CA4B1B7858425841C0B2AC
:10647000C84B998889B2DB889BB2C74A0392C74A46
:106480000292C74E0196023A00920A22FFF730F8B4
:10649000C44B1B780020002B12D0BB4BBB4A1268A8
:1064A0009A420DD9C04B1B881B04BA4A926801302E
:1064B000934204D2B74AD26800209A424041C0B207
:1064C000B44B198A89B25B8A9BB2B84A0392B84A24
:1064D0000292B84E0196023A00920A22FFF708F89B
:1064E000B54B1B780020002B12D0A74BA74A12688F
:1064F0009A420DD9B14B1B881B04A64A5269013040
:10650000934204D2A34A926900209A424041C0B209
:10651000A04EB18B89B2F38B9BB2A94A0392A94AD0
:106520000292A94D0195023A00920A22FEF7E0FF7D
:10653000A64B00229A5E338C1BB25B0001210B91AB
:106540009A420BDA934B5B8C1BB25B0000210B91E0
:106550009A4203DD5B239E4AD35C0B939D4B1B78D1
:106560000020002B05D0884B884A12689A4200D937
:106570000B98884B998C89B2DB8C9BB2964A03921C
:10658000964A0292964E0196023A00920A22FEF72D
:10659000AFFF944B1B780020002B12D07A4B7B4A24
:1065A00012689A420DD9904B1B881B04794A926A53
:1065B0000130934204D2774AD26A00209A42404185
:1065C000C0B2744E318E89B2738E9BB2874A0392E9
:1065D000874A0292874D0195023A00920A22FEF7FD
:1065E00087FF854B1A88B38E9BB201210C919A428A
:1065F0000AD2684BDB8E9BB200210C919A4203D9E0
:106600005C23734AD35C0C937C4B1B780020002BDB
:1066100005D05D4B5D4A12689A4200D90C985D4ED8
:10662000318F89B2738F9BB2754A0392754A029279
:10663000754D0195023A00920A22FEF759FF6E4B02
:106640001A88B38F9BB201269A4208D9514BDB8F2F
:106650009BB200269A4202D25D235D4AD65C6B4B08
:106660001B780020002B05D0474B484A12689A42FD
:1066700000D93000474B4022995A89B202329B5AC6
:106680009BB2634A0392634A0292634D0195023AB8
:1066900000920A22FEF72CFF604B1A78604B1B78A1
:1066A0005B009B189A4201D901235B425D4A127834
:1066B0009200D218934201D9012252425A4B1B78C0
:1066C000DB009B189A4201D901235B42574A12789A
:1066D0001201D218934201D901225242544B1B7825
:1066E0005B019B189A4201D901235B42514A1278FF
:1066F0009201D218934201D9012252424E4B1B788B
:10670000DB019B189A4201D901235B424B4A127864
:106710001202D218934201D901225242484B1B78EF
:106720005B029B189A4201D901235B42454A1278C9
:106730009202D218934201D901225242424B1B7855
:10674000DB029B189A4201D901235B423F4A12782F
:106750001203D218934201D9012252423C4B1B78BA
:106760005B039B189A4201D901235B42394A127894
:106770009203D21893426FD9012252426CE0C04674
:106780008F34002004370020B80B00004434002070
:10679000F9360020EC48002018360020DA360020B8
:1067A00085340020123700208036002098350020E4
:1067B000BA360020493700207B3600206A3400209A
:1067C00048350020A63600204A3700206E340020CD
:1067D000903400203837002038350020A2360020C1
:1067E0002E3400203137002040340020283500208E
:1067F0009E360020F836002024370020163700206F
:1068000058360020EA3600207A3400207C360020FA
:1068100048360020E63600205D3400204D37002049
:10682000763400200C370020743400201537002007
:106830003A34002014370020733400203234002012
:1068400063340020223700207A3600206434002090
:106850003834002008370020704B1B78DB039B186E
:106860009A4201D901235B426D4A12781204D21870
:10687000934201D9012252426A4B1B785B049B1858
:106880009A4201D901235B42674A12789204D218D6
:10689000934201D901225242644B1B78DB049B18BE
:1068A0009A4201D901235B42614A12781205D2183B
:1068B000934201D9012252425E4B1B785B059B1823
:1068C0009A4201D901235B425B4A12789205D218A1
:1068D000934201D901225242584B1B78DB059B1889
:1068E0009A4201D901235B42554A136055494A6CCB
:1068F0001A40501E8241544802708A6C13405A1E3E
:106900009341524A1370524B1B88002B25D1514B97
:106910001B88002B21D1504B1B88002B1DD14F4BC6
:106920001B88002B19D14E4B9C4204D919004423DB
:106930004C4AD15202E044234A4AD452484B0F9A5F
:106940009A4204D919004623464AD1520BE0462305
:10695000444A6946898FD15205E0424B00224421C6
:106960005A5202315A52404B1A78404B1A70002149
:106970003F4B19703B4B4C316846007C58540131F9
:1069800048465854013158465854013150465854DD
:1069900001316846382400190078585401315F5499
:1069A00001316846007D585401316846007E5854D4
:1069B00001316846007F5854013140465854013136
:1069C0006846183C00190078585401316846043470
:1069D00000190078585401316846043400190078D1
:1069E000585401315A545A226946342009180978FA
:1069F00099540132694608380918097899540132C6
:106A00006946043009180978995401329E5411B02E
:106A10003CBC90469946A246AB46F0BD1E370020CE
:106A20008F34002085340020493700204A37002069
:106A30002E340020F83600207A3400205D34002007
:106A40007C340020EC480020623400203E340020DA
:106A50002C37002060340020003700203434002020
:106A600088130000903400200F3700201A370020D0
:106A70004837002000B583B0054B1B889BB203222A
:106A80000092023A00210348FAF708F903B000BD6A
:106A9000384900202144EF1810B5FFF7EBFF10BD77
:106AA00010B5FCF791FF10BD10B5FDF78DF810BDC6
:106AB00010B500F01DFA10BD10B5FFF755F810BD68
:106AC00010B500248B4B1C606C2200218A4800F01A
:106AD00045FF8A4B1C608A4B1C608A4B1C608A4BAA
:106AE0001C600023894A1480894A1480894A1480D2
:106AF000894A1480894A1480894A1480894A1480FA
:106B0000894A1480894A1480894A1480894A1480E9
:106B1000894A1480894A1480894A1480894A1480D9
:106B2000894A1480894A1370894A1370894A1370FC
:106B3000894A1370894A1370894A1370894A1370FD
:106B4000894A1370894A1370894A1370894A1370ED
:106B5000894A1370894A1370894A1370894A1370DD
:106B6000894A1370894A1370894A1370894A1370CD
:106B7000894A1370894A1370894A1370894A1370BD
:106B8000894A1370894A1370894A1370894A1370AD
:106B9000894A1370894A1370894A1370894A13709D
:106BA000894A13700121894A1170894A1370894AF0
:106BB0001370894A1480894A1480894A1480894A4A
:106BC0001480894A1480894A1480894A1480894A29
:106BD0001480894A1480894A1480894A1480894A19
:106BE0001480894A1480894A1480894A1480894A09
:106BF0001480894A1480894A1480894A1480894AF9
:106C00001480894A1480894A1480894A1480894AE8
:106C10001480894A1480894A1480894A1480894AD8
:106C20001480894A1480894A1370894A1370894AEA
:106C30001370894A1370894A1370894A1370894AFC
:106C40001370894A1370894A1370894A1370894AEC
:106C50001370894A1370894A1370894A1370894ADC
:106C60001370894A1370894A1370894A1370894ACC
:106C70001370894A1370894A1370894A1370894ABC
:106C80001370894A1370894A1370894A1370894AAC
:106C90001370894A1370894A1370894A1370894A9C
:106CA0001370894A1370894A1370894A1370894A8C
:106CB0001370894A1370F42252000021874800F0B3
:106CC0004DFEFCF77BFEFCF74FFF854B03221A714C
:106CD0005A719A71DA711A725A721A705A709A70DD
:106CE000DA70FCF753FEFCF7EDFE00F0FBF8FEF760
:106CF00011FD10BD583400208C3600207C3400205B
:106D0000443400204437002034370020423700202C
:106D10006C340020363400208634002010370020E8
:106D200052340020183700207E360020FE36002026
:106D3000023700208A3600202037002050340020FF
:106D400020340020303400207834002054340020D7
:106D500038340020083700201E3700208F340020F0
:106D6000623400203E3400201A37002048370020CB
:106D70007334002014370020F83600202E34002011
:106D80004A3700200C3700203A34002064340020B9
:106D90007A3600204937002076340020153700204D
:106DA0007434002063340020323400208534002005
:106DB000223700204D3700205D3400207A34002037
:106DC0008536002080340020723400208E3400206C
:106DD0004B370020813400201C3700203A37002038
:106DE000FC3600203C3400200A3700206E3400209E
:106DF000883600204A3400204C34002066340020BD
:106E00008236002082340020803600206A34002040
:106E100040340020063700202E3700202437002081
:106E2000403700208C3400202C37002060340020B4
:106E30000037002034340020FA360020703400205F
:106E40008834002026370020863600200F370020A7
:106E50000D370020F93600205C340020293700204F
:106E60004C3700203037002075340020393700209F
:106E700078360020393400204E3400203C37002082
:106E80000E37002079360020133700203F340020D1
:106E900028370020333400202A37002048340020CF
:106EA0003E3700205E3400203D3700208A34002029
:106EB000223400206834002084360020043700206B
:106EC000123700207B360020383700203137002071
:106ED000163700207C3600208434002090340020B7
:106EE000243400200022014B1A63704790340020A4
:106EF000F0B5474680B482B0B54B19780520F5F758
:106F00007BFDB44B19780620F5F776FDB24B197866
:106F10000720F5F771FDB14B19780820F5F76CFDE6
:106F2000AF4B19780920F5F767FDAE4B19780A20A9
:106F3000F5F762FDAC4B19780B20F5F75DFDAB4B17
:106F400019780C20F5F758FDA94B19780D20F5F7A5
:106F500053FDA84B19780E20F5F74EFDA64B197876
:106F60000F20F5F749FDA54B19781020F5F744FDE2
:106F7000A34B19781120F5F73FFDA24B1978122089
:106F8000F5F73AFDA04B19781320F5F735FD9F4B27
:106F900019781420F5F730FD9D4B19781520F5F779
:106FA0002BFD9C4B19781620F5F726FD9A4B197886
:106FB0001720F5F721FD994B19781820F5F71CFDDE
:106FC000974B19781920F5F717FD964B19781A2069
:106FD000F5F712FD944B19781B20F5F70DFD934B37
:106FE0001A6B501C18630A21F2F7F0F8002900D040
:106FF000A4E08F4B1B78002B03D08D4B59884C0895
:1070000002E08C4B19884C088B4B1B889BB2002BE1
:1070100007D0894B198889B28848F2F751F881B2B4
:1070200000E087496143890B89B209220620F3F702
:10703000AFFA7F4B1B78002B03D07D4B99884C080F
:1070400002E0804B19884C087B4B1B889BB2002BBD
:1070500007D0794B198889B27848F2F731F881B2B4
:1070600000E077496143890B89B203220320F3F7DB
:107070008FFA6F4B1B78002B03D06D4BD9884C08CF
:1070800002E0714B19884C086B4B1B889BB2002B9C
:1070900007D0694B198889B26848F2F711F881B2B4
:1070A00000E067496143890B89B203220220F3F7AC
:1070B0006FFA5F4B1B78002B03D05D4B19894C088E
:1070C00002E0624B19884C085B4B1B889BB2002B7B
:1070D00007D0594B198889B25848F1F7F1FF81B2AE
:1070E00000E057496143890B89B209220720F3F771
:1070F0004FFA574B1878F3F701FC4D4B9B7A002B56
:1071000010D04B4CE17AC9B20220F3F7EDF9217BA4
:10711000C9B20020F3F7E8F9617BC9B20120F3F7A7
:10712000E3F90BE001210220F3F7DEF90121002051
:10713000F3F7DAF901210120F3F7D6F93C4BD989AD
:1071400089B23A4B186BF2F741F8002900D054E1AC
:10715000404B1878082812D02C4B1B78002B06D0F7
:10716000284B1B78002B02D0072802D10AE0072801
:107170000BD0441F634263419B00984607E00723FE
:10718000984604E00323984601E001239846324BD9
:107190001B889B00F0225202934200D913002F4A11
:1071A00011882F4A914201D8890900E02D49FF2218
:1071B0000A40C025AD0029402B4D2E682B4DAE4214
:1071C00003DC002E54DBF61353E01C4E51E0C046A6
:1071D0004D370020763400200C3700207434002016
:1071E000153700203A340020143700207334002073
:1071F0003234002063340020223700207A36002009
:107200006434002038340020083700201E37002066
:1072100085340020493700204A3700202E340020D2
:10722000F83600207A3400205D34002090340020AD
:107230003A490020FE3600200E48002060EA000097
:10724000FFFF000002370020783400203034002097
:107250001A3700208E340020863600204037002068
:10726000C0FF0000FF03000044370020000030751D
:107270000026644D00242D5F2C1C634FBD4200DAB4
:107280003C0027B2614D00242D5F6C46E5805E4CCA
:10729000A54201DA6D46EC806C460625655F360432
:1072A0005218FF21090431405218360E3606921941
:1072B00057490978C90008380600704270414001FA
:1072C00008185B0A1B06C1183B1CD220C00187426C
:1072D00001DD504B1B88C8204001181800B2C011B6
:1072E0000006000C0B18291CD220C001854201DDCC
:1072F00048490988C82040018446614409B24902CE
:10730000FF20000401405B18434419004248F9F78C
:107310009DFC424B1E780321002E0AD1404B1B7866
:10732000002B06D13F4B1B780139002B01D13E4B7E
:1073300019783E4B1B780224002B01D13C4B1C7862
:107340003C4B1B780225002B01D13B4B1D780223BF
:10735000002E0BD1334B1A780223002A06D1304B72
:107360001A780223002A01D12F4B1B78334A107858
:1073700049004118E4000C196D0164199B03E318DE
:107380000120002E03D1274A1078441EA04100049A
:10739000C4182B4B1B780122002B07D1294B1B78DB
:1073A000002B03D1284B1A78501E824192051019E8
:1073B000264B1A780123002A03D1254B1B785A1E2D
:1073C00093411B061A18234B1B780121002B03D174
:1073D000214B19784B1E994189068B181F4A127848
:1073E0000121002A03D11E4A11784A1E91418907C2
:1073F000C91800221B48F9F729FC02B004BC9046CA
:10740000F0BDC046FC36002000ECFFFF3C340020FD
:1074100085340020207D010844A0FF180C3700208F
:107420004D370020763400202E34002032340020E6
:10743000633400207A360020643400208F3400202A
:107440004A37002049370020F8360020083700204E
:107450001E37002022370020383400207A340020E4
:107460005D34002044A1FF1870B5002905D1C04348
:10747000C00F80231B06181A1CE0C317C5185D40F7
:10748000CB17CE185E40C30FCC0FA34207D03100FC
:10749000280000F0F9F9002808DB40420AE031003A
:1074A000280000F0CBF9002804DA02E08020000672
:1074B00000E0014870BDC046FFFFFF7FF0B54746C2
:1074C00080B406000D1E05D1C043C00F80231B06EB
:1074D000181A24E0C317C7185F40CA178B18534007
:1074E000984619003800F1F7EBFD0400F00FED0F9E
:1074F000A84203D10B4B9C420DD80AE0002C0CDBB8
:1075000041463800F1F762FE4B1E99416418604213
:1075100005E0200003E0044801E08020000604BCF0
:107520009046F0BDFEFFFF7FFFFFFF7F10B50029F3
:1075300002D0F1F7C5FD00E0004810BDFFFFFF7F5E
:10754000F8B5150002B2002A02DB4600B6B200E030
:10755000204E40000A88904224D35A00525AB24228
:107560001CD95A08012B0DD9002457007F5AB74265
:1075700001D8140000E013001A1952081F1B012F34
:10758000F3D800E000246300CA5AC9184988891A50
:1075900089B2801A102200F035F905E05C1E8020C7
:1075A000400201E000240020631C5C002A5B2C19CF
:1075B000023C23889A4206D3D41AA1B24843000C55
:1075C0001B1898B205E0991A8AB25043000C1B1A96
:1075D00098B2F8BDFFFF000070B515000A8882421E
:1075E00024D25A00525A82421CD95A08012B0DD972
:1075F00000245600765A864201D8140000E0130099
:107600001A1952081E1B012EF3D800E00024630053
:10761000CA5A801A0004C9184B88991A89B2F1F71E
:107620004FFD05E05C1E8020400201E000240020A8
:10763000013464002B19023B00229B5E2A5FD21AA0
:1076400050430014C31818B270BDC04600B583B0D3
:107650006B4601AA00F056F80198009BC213002A5D
:107660000EDC4004DB0B1843131E02D1002814DA91
:1076700008E0013208DB013311D1002807DA0EE0FF
:1076800008480CE007480AE08020000607E0802058
:10769000000604E08020000601E0531CFADB03B082
:1076A00000BDC046FFFFFF7F00B583B06B4601AA57
:1076B00000F06EF80198009BC213002A0EDC400413
:1076C000DB0B1843131E02D1002814DA08E0013244
:1076D00008DB013311D1002807DA0EE008480CE07E
:1076E00007480AE08020000607E08020000604E04A
:1076F0008020000601E0531CFADB03B000BDC04649
:10770000FFFFFF7FF0B54F464646C0B49C46C31707
:10771000C5185D40CB17CE185E402B0C2D042C0CE9
:10772000370C35042D0C2E005E43B0463E006643F8
:10773000B146654336047619AE42AD416C424546CA
:107740002D04AD19B542B6417642A4194E46360C09
:10775000B1464646360C4E445F43F7193F190028A0
:107760000FD000290DD0C317181ACB17591AC00F04
:10777000C90F884205D06D42002D01D0FF4300E0C3
:107780007F42176063461D600CBC90469946F0BD71
:10779000F0B54F464646C0B494469846C317C6183F
:1077A0005E40320C3604360C0F0C0D042D0C2B00F1
:1077B00053433C007443A1466E432504AD19B542C2
:1077C000B64174421E047619AE42AD416D42641951
:1077D0004D462D0C1B0CEB185743DF193F190029A0
:1077E00007D0002805DA7642002E01D0FF4300E0E2
:1077F0007F4263461F6043461E600CBC904699461C
:10780000F0BDC046F8B507000D001600F1F758FCB2
:10781000040029003800F1F7D9FC002E0CD0002319
:107820000A0049006400002A01DB8D4201D80134BE
:10783000491B01339E42F3D12000F8BDF8B5070083
:107840000D001600F1F73CFC040029003800F1F7A8
:10785000BDFC002E16D0002000230F00490001229D
:10786000002800D1E20FD0B26400002F01DB8D426E
:1078700001D80134491B01339E42EED1002801D0CA
:10788000012464422000F8BDF8B507000D00160081
:10789000F1F716FC040029003800F1F797FC002EE0
:1078A00014D0002000230F0049000122002800D13D
:1078B000E20FD0B26400002F01DB8D4201D8013409
:1078C000491B01339E42EED1002805D1631C05D02F
:1078D0004B1E9941641801E0012464422000F8BD68
:1078E00070B50F2A32D90C0004430B00A40731D124
:1078F00015000400103D2D0901352D0149191E68A0
:1079000026605E6866609E68A660DE681033E6608A
:1079100010349942F3D10F2345191340032B1BD97F
:107920001C1F0023A4080134A400CE58EE500433D9
:107930009C42FAD103232D1909191A4005D00023BE
:10794000CC5CEC5401339A42FAD170BD0500002A98
:10795000F5D1FAE70500F2E71A00F8E770B58307FA
:107960003FD0541E002A3BD0CEB20300032503E0D3
:10797000621E002C34D0140001335A1E16702B42A4
:10798000F6D1032C24D9FF250D402A0215432A04E1
:1079900015430F2C11D92600103E36090136360149
:1079A0001A009B19156055609560D560103293429E
:1079B000F8D10F221440032C0AD9261FB60801362D
:1079C000B6001A009B1920C29342FCD10322144036
:1079D000002C05D0C9B21C19197001339C42FBD18F
:1079E00070BD14000300CCE7300008200B0101003B
:1079F000300008200C010100300008200D010100BA
:107A0000300008200E010100600008200201010082
:107A1000600008200400010060000820050000004C
:107A20004F53544B5F46656564446F670000000028
:107A30004F53544B5F4343505F72656376000000C1
:107A40004F53544B5F43435044617130000000007A
:107A50004F53544B5F434350446171310000000069
:107A60004F53544B5F434350446171320000000058
:107A70004F53544B5F434F4D4D5F43414E54505F06
:107A800052585F4D736750726F63657373000000E7
:107A90004F53544B5F547269675F316D735F54612C
:107AA000736B00004F53544B5F4454434D5F55502C
:107AB000444154455F4454435F5461736B0000007C
:107AC0004F53544B5F4170705F5461736B5F4372EF
:107AD00065617465000000008AB300088AB300087D
:107AE000ACAF0008CEAF000810B000088AB30008A1
:107AF0004AB100086AAF00086AB2000848B300083B
:107B00008AB300088AB3000856B3000870B30008AF
:107B1000BEB200083AB00008ECB200083EB300085C
:107B20008AB300088AB3000870B00008C0B000082B
:107B300000B100085EAF00080AB300088AB300086D
:107B40008AB300087EB300088AB300088AB300082D
:107B50008AB300088AB300088AB300088AB3000811
:107B600026B30008F6AF000849444C450000000069
:107B700084E6000868E50008EAE50008F2E5000888
:107B800074E600087CE60008C0F00008C0F00008B9
:107B900060F00008C0F00008C0F00008C0F0000865
:107BA000C0F00008C0F00008C0F0000858F000085D
:107BB00086F000087CF0000890F000089AF00008B9
:107BC00068F00008A4F0000872F00008AEF00008A9
:107BD0003EF900084EF9000860F90008C0F90008F5
:107BE000D6F90008E4F9000840FA00084EFA000847
:107BF0005CFA00086CFA00087CFA0008F0F00260F9
:107C00000000206400002068000020640000200EB6
:107C100028000000000086F10060000020640000E1
:107C200020680000206400002001000010340020C3
:107C300087F10060000020640000206800002064DC
:107C40000000200900005400002089F100600000BD
:107C50002000000000000000000000000004000000
:107C6000281D0020C1F1006000002000000000007D
:107C7000000000000000001100002C000020C2F1F4
:107C80000060000020000000000000000000000074
:107C90000011000040000020C3F10060000020003F
:107CA00000000000000000000000001100002C1D7A
:107CB000002000004C100108501001085410010869
:107CC000581001085C1001086010010864100108D8
:107CD000181C1C00402001400D00000080200140C5
:107CE0000E000000C02001400F00000000210140F4
:107CF000100000000B0B020C0C03000011121314F7
:107D000000800000B0460108D44301083444010853
:107D1000FA44010888450108DE450108404601088B
:107D20000069000003FFFFFFFFFFFFFF434F4D50BF
:107D3000524553534F525F4543550000AAAAAAAA81
:107D4000040000000000000001020400006CDC02DE
:107D500000366E0160EA000056313130313030308B
:107D600031534230315F3030310000005631313014
:107D70003130303031534131305F3030310000002C
:107D80005631333031303030310000000102030011
:107D9000010300070300000000010000E0070000ED
:107DA0000000004001010000DF070000000000406B
:107DB00002010000D00700000000004000000000A9
:107DC00000000000000000000000000000000000B3
:107DD00000000000000000000000000000000000A3
:107DE0000000000000000000000000000000000093
:107DF0000000000000000000000000000000000083
:107E00000000000000000000000000000000000072
:107E10000000000000000000000000000000000062
:107E20000000000000000000000000000000000052
:107E30000000000000000000000000000000000042
:107E40000000000000000000000000000000000032
:107E50000000000000000000FFFFFFFFFFFFFFFF2A
:107E6000FFFFFFFFFFFFFFFFFFFFFFFFFFFFFFFF22
:107E7000FFFFFFFFFFFFFFFFFFFFFFFFFFFFFFFF12
:107E8000FFFFFFFFFFFFFFFFFFFFFFFFFFFFFFFF02
:107E9000FFFFFFFFFFFFFFFFFFFFFFFFFFFFFFFFF2
:107EA000FFFFFFFFFFFFFFFFFFFFFFFFFFFFFFFFE2
:107EB000FFFFFFFFFFFFFFFFFFFFFFFFFFFFFFFFD2
:107EC000FFFFFFFFFFFFFFFFFFFFFFFFFFFFFFFFC2
:107ED000FFFFFFFFFFFFFFFFFFFFFFFFFFFFFFFFB2
:107EE000FFFFFFFFFFFFFFFFFFFFFFFFFFFFFFFFA2
:107EF000FFFFFFFFFFFFFFFFFFFFFFFFFFFFFFFF92
:107F0000FFFFFFFFFFFFFFFFFFFFFFFFFFFFFFFF81
:107F1000FFFFFFFFFFFFFFFFFFFFFFFFFFFFFFFF71
:107F2000FFFFFFFFFFFFFFFFFFFFFFFFFFFFFFFF61
:107F3000FFFFFFFFFFFFFFFFFFFFFFFFFFFFFFFF51
:107F4000FFFFFFFFFFFFFFFFFFFFFFFFFFFFFFFF41
:107F5000FFFFFFFFFFFFFFFFFFFFFFFFFFFFFFFF31
:107F6000FFFFFFFFFFFFFFFFFFFFFFFFFFFFFFFF21
:107F7000FFFFFFFFFFFFFFFFFFFFFFFFFFFFFFFF11
:107F8000FFFFFFFFFFFFFFFFFFFFFFFFFFFFFFFF01
:107F9000FFFFFFFFFFFFFFFFFFFFFFFFFFFFFFFFF1
:107FA000FFFFFFFFFFFFFFFFFFFFFFFFFFFFFFFFE1
:107FB000FFFFFFFFFFFFFFFFFFFFFFFFFFFFFFFFD1
:107FC000FFFFFFFFFFFFFFFFFFFFFFFFFFFFFFFFC1
:107FD000FFFFFFFFFFFFFFFFFFFFFFFFFFFFFFFFB1
:107FE000FFFFFFFFFFFFFFFFFFFFFFFFFFFFFFFFA1
:107FF000FFFFFFFFFFFFFFFFFFFFFFFFFFFFFFFF91
:10800000FFFFFFFFFFFFFFFFFFFFFFFFFFFFFFFF80
:10801000FFFFFFFFFFFFFFFFFFFFFFFFFFFFFFFF70
:10802000FFFFFFFFFFFFFFFFFFFFFFFFFFFFFFFF60
:10803000FFFFFFFFFFFFFFFFFFFFFFFFFFFFFFFF50
:10804000FFFFFFFFFFFFFFFFFFFFFFFFFFFFFFFF40
:10805000FFFFFFFFFFFFFFFFFFFFFFFFFFFFFFFF30
:10806000FFFFFFFFFFFFFFFFFFFFFFFFFFFFFFFF20
:10807000FFFFFFFFFFFFFFFFFFFFFFFFFFFFFFFF10
:10808000FFFFFFFFFFFFFFFFFFFFFFFFFFFFFFFF00
:10809000FFFFFFFFFFFFFFFFFFFFFFFFFFFFFFFFF0
:1080A000FFFFFFFFFFFFFFFFFFFFFFFFFFFFFFFFE0
:1080B000FFFFFFFFFFFFFFFFFFFFFFFFFFFFFFFFD0
:1080C000FFFFFFFFFFFFFFFFFFFFFFFFFFFFFFFFC0
:1080D000FFFFFFFFFFFFFFFFFFFFFFFFFFFFFFFFB0
:1080E000FFFFFFFFFFFFFFFFFFFFFFFFFFFFFFFFA0
:1080F000FFFFFFFFFFFFFFFFFFFFFFFFFFFFFFFF90
:10810000FFFFFFFFFFFFFFFFFFFFFFFFFFFFFFFF7F
:10811000FFFFFFFFFFFFFFFFFFFFFFFFFFFFFFFF6F
:10812000FFFFFFFFFFFFFFFFFFFFFFFFFFFFFFFF5F
:10813000FFFFFFFFFFFFFFFFFFFFFFFFFFFFFFFF4F
:10814000FFFFFFFFFFFFFFFFFFFFFFFFFFFFFFFF3F
:10815000FFFFFFFFFFFFFFFFFFFFFFFFFFFFFFFF2F
:10816000FFFFFFFFFFFFFFFFFFFFFFFFFFFFFFFF1F
:10817000FFFFFFFFFFFFFFFFFFFFFFFFFFFFFFFF0F
:10818000FFFFFFFFFFFFFFFFFFFFFFFFFFFFFFFFFF
:10819000FFFFFFFFFFFFFFFFFFFFFFFFFFFFFFFFEF
:1081A000FFFFFFFFFFFFFFFFFFFFFFFFFFFFFFFFDF
:1081B000FFFFFFFFFFFFFFFFFFFFFFFFFFFFFFFFCF
:1081C000FFFFFFFFFFFFFFFFFFFFFFFFFFFFFFFFBF
:1081D000FFFFFFFFFFFFFFFFFFFFFFFFFFFFFFFFAF
:1081E000FFFFFFFFFFFFFFFFFFFFFFFFFFFFFFFF9F
:1081F000FFFFFFFFFFFFFFFFFFFFFFFFFFFFFFFF8F
:10820000FFFFFFFFFFFFFFFFFFFFFFFFFFFFFFFF7E
:10821000FFFFFFFFFFFFFFFFFFFFFFFFFFFFFFFF6E
:10822000FFFFFFFFFFFFFFFFFFFFFFFFFFFFFFFF5E
:10823000FFFFFFFFFFFFFFFFFFFFFFFFFFFFFFFF4E
:10824000FFFFFFFFFFFFFFFFFFFFFFFFFFFFFFFF3E
:10825000FFFFFFFFFFFFFFFFFFFFFFFFFFFFFFFF2E
:10826000FFFFFFFFFFFFFFFFFFFFFFFFFFFFFFFF1E
:10827000FFFFFFFFFFFFFFFFFFFFFFFFFFFFFFFF0E
:10828000FFFFFFFFFFFFFFFFFFFFFFFFFFFFFFFFFE
:10829000FFFFFFFFFFFFFFFFFFFFFFFFFFFFFFFFEE
:1082A000FFFFFFFFFFFFFFFFFFFFFFFFFFFFFFFFDE
:1082B000FFFFFFFFFFFFFFFFFFFFFFFFFFFFFFFFCE
:1082C000FFFFFFFFFFFFFFFFFFFFFFFFFFFFFFFFBE
:1082D000FFFFFFFFFFFFFFFFFFFFFFFFFFFFFFFFAE
:1082E000FFFFFFFFFFFFFFFFFFFFFFFFFFFFFFFF9E
:1082F000FFFFFFFFFFFFFFFFFFFFFFFFFFFFFFFF8E
:10830000FFFFFFFFFFFFFFFFFFFFFFFFFFFFFFFF7D
:10831000FFFFFFFFFFFFFFFFFFFFFFFFFFFFFFFF6D
:10832000FFFFFFFFFFFFFFFFFFFFFFFFFFFFFFFF5D
:10833000FFFFFFFFFFFFFFFFFFFFFFFFFFFFFFFF4D
:10834000FFFFFFFFFFFFFFFFFFFFFFFFFFFFFFFF3D
:10835000FFFFFFFFFFFFFFFFFFFFFFFFFFFFFFFF2D
:10836000FFFFFFFFFFFFFFFFFFFFFFFFFFFFFFFF1D
:10837000FFFFFFFFFFFFFFFFFFFFFFFFFFFFFFFF0D
:10838000FFFFFFFFFFFFFFFFFFFFFFFFFFFFFFFFFD
:10839000FFFFFFFFFFFFFFFFFFFFFFFFFFFFFFFFED
:1083A000FFFFFFFFFFFFFFFFFFFFFFFFFFFFFFFFDD
:1083B000FFFFFFFFFFFFFFFFFFFFFFFFFFFFFFFFCD
:1083C000FFFFFFFFFFFFFFFFFFFFFFFFFFFFFFFFBD
:1083D000FFFFFFFFFFFFFFFFFFFFFFFFFFFFFFFFAD
:1083E000FFFFFFFFFFFFFFFFFFFFFFFFFFFFFFFF9D
:1083F000FFFFFFFFFFFFFFFFFFFFFFFFFFFFFFFF8D
:10840000FFFFFFFFFFFFFFFFFFFFFFFFFFFFFFFF7C
:10841000FFFFFFFFFFFFFFFFFFFFFFFFFFFFFFFF6C
:10842000FFFFFFFFFFFFFFFFFFFFFFFFFFFFFFFF5C
:10843000FFFFFFFFFFFFFFFFFFFFFFFFFFFFFFFF4C
:10844000FFFFFFFFFFFFFFFFFFFFFFFFFFFFFFFF3C
:10845000FFFFFFFFFFFFFFFFFFFFFFFFFFFFFFFF2C
:10846000FFFFFFFFFFFFFFFFFFFFFFFFFFFFFFFF1C
:10847000FFFFFFFFFFFFFFFFFFFFFFFFFFFFFFFF0C
:10848000FFFFFFFFFFFFFFFFFFFFFFFFFFFFFFFFFC
:10849000FFFFFFFFFFFFFFFFFFFFFFFFFFFFFFFFEC
:1084A000FFFFFFFFFFFFFFFFFFFFFFFFFFFFFFFFDC
:1084B000FFFFFFFFFFFFFFFFFFFFFFFFFFFFFFFFCC
:1084C000FFFFFFFFFFFFFFFFFFFFFFFFFFFFFFFFBC
:1084D000FFFFFFFFFFFFFFFFFFFFFFFFFFFFFFFFAC
:1084E000FFFFFFFFFFFFFFFFFFFFFFFFFFFFFFFF9C
:1084F000FFFFFFFFFFFFFFFFFFFFFFFFFFFFFFFF8C
:10850000FFFFFFFFFFFFFFFFFFFFFFFFFFFFFFFF7B
:10851000FFFFFFFFFFFFFFFFFFFFFFFFFFFFFFFF6B
:10852000FFFFFFFFFFFFFFFFFFFFFFFFFFFFFFFF5B
:10853000FFFFFFFFFFFFFFFFFFFFFFFFFFFFFFFF4B
:10854000FFFFFFFFFFFFFFFFFFFFFFFFFFFFFFFF3B
:10855000FFFFFFFFFFFFFFFFFFFFFFFFFFFFFFFF2B
:10856000FFFFFFFFFFFFFFFFFFFFFFFFFFFFFFFF1B
:10857000FFFFFFFFFFFFFFFFFFFFFFFFFFFFFFFF0B
:10858000FFFFFFFFFFFFFFFFFFFFFFFFFFFFFFFFFB
:10859000FFFFFFFFFFFFFFFFFFFFFFFFFFFFFFFFEB
:1085A000FFFFFFFFFFFFFFFFFFFFFFFFFFFFFFFFDB
:1085B000FFFFFFFFFFFFFFFFFFFFFFFFFFFFFFFFCB
:1085C000FFFFFFFFFFFFFFFFFFFFFFFFFFFFFFFFBB
:1085D000FFFFFFFFFFFFFFFFFFFFFFFFFFFFFFFFAB
:1085E000FFFFFFFFFFFFFFFFFFFFFFFFFFFFFFFF9B
:1085F000FFFFFFFFFFFFFFFFFFFFFFFFFFFFFFFF8B
:10860000FFFFFFFFFFFFFFFFFFFFFFFFFFFFFFFF7A
:10861000FFFFFFFFFFFFFFFFFFFFFFFFFFFFFFFF6A
:10862000FFFFFFFFFFFFFFFFFFFFFFFFFFFFFFFF5A
:10863000FFFFFFFFFFFFFFFFFFFFFFFFFFFFFFFF4A
:10864000FFFFFFFFFFFFFFFFFFFFFFFFFFFFFFFF3A
:10865000FFFFFFFFFFFFFFFFFFFFFFFFFFFFFFFF2A
:10866000FFFFFFFFFFFFFFFFFFFFFFFFFFFFFFFF1A
:10867000FFFFFFFFFFFFFFFFFFFFFFFFFFFFFFFF0A
:10868000FFFFFFFFFFFFFFFFFFFFFFFFFFFFFFFFFA
:10869000FFFFFFFFFFFFFFFFFFFFFFFFFFFFFFFFEA
:1086A000FFFFFFFFFFFFFFFFFFFFFFFFFFFFFFFFDA
:1086B000FFFFFFFFFFFFFFFFFFFFFFFFFFFFFFFFCA
:1086C000FFFFFFFFFFFFFFFFFFFFFFFFFFFFFFFFBA
:1086D000FFFFFFFFFFFFFFFFFFFFFFFFFFFFFFFFAA
:1086E000FFFFFFFFFFFFFFFFFFFFFFFFFFFFFFFF9A
:1086F000FFFFFFFFFFFFFFFFFFFFFFFFFFFFFFFF8A
:10870000FFFFFFFFFFFFFFFFFFFFFFFFFFFFFFFF79
:10871000FFFFFFFFFFFFFFFFFFFFFFFFFFFFFFFF69
:10872000FFFFFFFFFFFFFFFFFFFFFFFFFFFFFFFF59
:10873000FFFFFFFFFFFFFFFFFFFFFFFFFFFFFFFF49
:10874000FFFFFFFFFFFFFFFFFFFFFFFFFFFFFFFF39
:10875000FFFFFFFFFFFFFFFFFFFFFFFFFFFFFFFF29
:10876000FFFFFFFFFFFFFFFFFFFFFFFFFFFFFFFF19
:10877000FFFFFFFFFFFFFFFFFFFFFFFFFFFFFFFF09
:10878000FFFFFFFFFFFFFFFFFFFFFFFFFFFFFFFFF9
:10879000FFFFFFFFFFFFFFFFFFFFFFFFFFFFFFFFE9
:1087A000FFFFFFFFFFFFFFFFFFFFFFFFFFFFFFFFD9
:1087B000FFFFFFFFFFFFFFFFFFFFFFFFFFFFFFFFC9
:1087C000FFFFFFFFFFFFFFFFFFFFFFFFFFFFFFFFB9
:1087D000FFFFFFFFFFFFFFFFFFFFFFFFFFFFFFFFA9
:1087E000FFFFFFFFFFFFFFFFFFFFFFFFFFFFFFFF99
:1087F000FFFFFFFFFFFFFFFFFFFFFFFFFFFFFFFF89
:10880000FFFFFFFFFFFFFFFFFFFFFFFFFFFFFFFF78
:10881000FFFFFFFFFFFFFFFFFFFFFFFFFFFFFFFF68
:10882000FFFFFFFFFFFFFFFFFFFFFFFFFFFFFFFF58
:10883000FFFFFFFFFFFFFFFFFFFFFFFFFFFFFFFF48
:10884000FFFFFFFFFFFFFFFFFFFFFFFFFFFFFFFF38
:10885000FFFFFFFFFFFFFFFFFFFFFFFFFFFFFFFF28
:10886000FFFFFFFFFFFFFFFFFFFFFFFFFFFFFFFF18
:10887000FFFFFFFFFFFFFFFFFFFFFFFFFFFFFFFF08
:10888000FFFFFFFFFFFFFFFFFFFFFFFFFFFFFFFFF8
:10889000FFFFFFFFFFFFFFFFFFFFFFFFFFFFFFFFE8
:1088A000FFFFFFFFFFFFFFFFFFFFFFFFFFFFFFFFD8
:1088B000FFFFFFFFFFFFFFFFFFFFFFFFFFFFFFFFC8
:1088C000FFFFFFFFFFFFFFFFFFFFFFFFFFFFFFFFB8
:1088D000FFFFFFFFFFFFFFFFFFFFFFFFFFFFFFFFA8
:1088E000FFFFFFFFFFFFFFFFFFFFFFFFFFFFFFFF98
:1088F000FFFFFFFFFFFFFFFFFFFFFFFFFFFFFFFF88
:10890000FFFFFFFFFFFFFFFFFFFFFFFFFFFFFFFF77
:10891000FFFFFFFFFFFFFFFFFFFFFFFFFFFFFFFF67
:10892000FFFFFFFFFFFFFFFFFFFFFFFFFFFFFFFF57
:10893000FFFFFFFFFFFFFFFFFFFFFFFFFFFFFFFF47
:10894000FFFFFFFFFFFFFFFFFFFFFFFFFFFFFFFF37
:10895000FFFFFFFFFFFFFFFFFFFFFFFFFFFFFFFF27
:10896000FFFFFFFFFFFFFFFFFFFFFFFFFFFFFFFF17
:10897000FFFFFFFFFFFFFFFFFFFFFFFFFFFFFFFF07
:10898000FFFFFFFFFFFFFFFFFFFFFFFFFFFFFFFFF7
:10899000FFFFFFFFFFFFFFFFFFFFFFFFFFFFFFFFE7
:1089A000FFFFFFFFFFFFFFFFFFFFFFFFFFFFFFFFD7
:1089B000FFFFFFFFFFFFFFFFFFFFFFFFFFFFFFFFC7
:1089C000FFFFFFFFFFFFFFFFFFFFFFFFFFFFFFFFB7
:1089D000FFFFFFFFFFFFFFFFFFFFFFFFFFFFFFFFA7
:1089E000FFFFFFFFFFFFFFFFFFFFFFFFFFFFFFFF97
:1089F000FFFFFFFFFFFFFFFFFFFFFFFFFFFFFFFF87
:108A0000FFFFFFFFFFFFFFFFFFFFFFFFFFFFFFFF76
:108A1000FFFFFFFFFFFFFFFFFFFFFFFFFFFFFFFF66
:108A2000FFFFFFFFFFFFFFFFFFFFFFFFFFFFFFFF56
:108A3000FFFFFFFFFFFFFFFFFFFFFFFFFFFFFFFF46
:108A4000FFFFFFFFFFFFFFFFFFFFFFFFFFFFFFFF36
:108A5000FFFFFFFFFFFFFFFFFFFFFFFFFFFFFFFF26
:108A6000FFFFFFFFFFFFFFFFFFFFFFFFFFFFFFFF16
:108A7000FFFFFFFFFFFFFFFFFFFFFFFFFFFFFFFF06
:108A8000FFFFFFFFFFFFFFFFFFFFFFFFFFFFFFFFF6
:108A9000FFFFFFFFFFFFFFFFFFFFFFFFFFFFFFFFE6
:108AA000FFFFFFFFFFFFFFFFFFFFFFFFFFFFFFFFD6
:108AB000FFFFFFFFFFFFFFFFFFFFFFFFFFFFFFFFC6
:108AC000FFFFFFFFFFFFFFFFFFFFFFFFFFFFFFFFB6
:108AD000FFFFFFFFFFFFFFFFFFFFFFFFFFFFFFFFA6
:108AE000FFFFFFFFFFFFFFFFFFFFFFFFFFFFFFFF96
:108AF000FFFFFFFFFFFFFFFFFFFFFFFFFFFFFFFF86
:108B0000FFFFFFFFFFFFFFFFFFFFFFFFFFFFFFFF75
:108B1000FFFFFFFFFFFFFFFFFFFFFFFFFFFFFFFF65
:108B2000FFFFFFFFFFFFFFFFFFFFFFFFFFFFFFFF55
:108B3000FFFFFFFFFFFFFFFFFFFFFFFFFFFFFFFF45
:108B4000FFFFFFFFFFFFFFFFFFFFFFFFFFFFFFFF35
:108B5000FFFFFFFFFFFFFFFFFFFFFFFFFFFFFFFF25
:108B6000FFFFFFFFFFFFFFFFFFFFFFFFFFFFFFFF15
:108B7000FFFFFFFFFFFFFFFFFFFFFFFFFFFFFFFF05
:108B8000FFFFFFFFFFFFFFFFFFFFFFFFFFFFFFFFF5
:108B9000FFFFFFFFFFFFFFFFFFFFFFFFFFFFFFFFE5
:108BA000FFFFFFFFFFFFFFFFFFFFFFFFFFFFFFFFD5
:108BB000FFFFFFFFFFFFFFFFFFFFFFFFFFFFFFFFC5
:108BC000FFFFFFFFFFFFFFFFFFFFFFFFFFFFFFFFB5
:108BD000FFFFFFFFFFFFFFFFFFFFFFFFFFFFFFFFA5
:108BE000FFFFFFFFFFFFFFFFFFFFFFFFFFFFFFFF95
:108BF000FFFFFFFFFFFFFFFFFFFFFFFFFFFFFFFF85
:108C0000FFFFFFFFFFFFFFFFFFFFFFFFFFFFFFFF74
:108C1000FFFFFFFFFFFFFFFFFFFFFFFFFFFFFFFF64
:108C2000FFFFFFFFFFFFFFFFFFFFFFFFFFFFFFFF54
:108C3000FFFFFFFFFFFFFFFFFFFFFFFFFFFFFFFF44
:108C4000FFFFFFFFFFFFFFFFFFFFFFFFFFFFFFFF34
:108C5000FFFFFFFFFFFFFFFFFFFFFFFFFFFFFFFF24
:108C6000FFFFFFFFFFFFFFFFFFFFFFFFFFFFFFFF14
:108C7000FFFFFFFFFFFFFFFFFFFFFFFFFFFFFFFF04
:108C8000FFFFFFFFFFFFFFFFFFFFFFFFFFFFFFFFF4
:108C9000FFFFFFFFFFFFFFFFFFFFFFFFFFFFFFFFE4
:108CA000FFFFFFFFFFFFFFFFFFFFFFFFFFFFFFFFD4
:108CB000FFFFFFFFFFFFFFFFFFFFFFFFFFFFFFFFC4
:108CC000FFFFFFFFFFFFFFFFFFFFFFFFFFFFFFFFB4
:108CD000FFFFFFFFFFFFFFFFFFFFFFFFFFFFFFFFA4
:108CE000FFFFFFFFFFFFFFFFFFFFFFFFFFFFFFFF94
:108CF000FFFFFFFFFFFFFFFFFFFFFFFFFFFFFFFF84
:108D0000FFFFFFFFFFFFFFFFFFFFFFFFFFFFFFFF73
:108D1000FFFFFFFFFFFFFFFFFFFFFFFFFFFFFFFF63
:108D2000FFFFFFFFFFFFFFFFFFFFFFFFFFFFFFFF53
:108D3000FFFFFFFFFFFFFFFFFFFFFFFFFFFFFFFF43
:108D4000FFFFFFFFFFFFFFFFFFFFFFFFFFFFFFFF33
:108D5000FFFFFFFFFFFFFFFFFFFFFFFFFFFFFFFF23
:108D6000FFFFFFFFFFFFFFFFFFFFFFFFFFFFFFFF13
:108D7000FFFFFFFFFFFFFFFFFFFFFFFFFFFFFFFF03
:108D8000FFFFFFFFFFFFFFFFFFFFFFFFFFFFFFFFF3
:108D9000FFFFFFFFFFFFFFFFFFFFFFFFFFFFFFFFE3
:108DA000FFFFFFFFFFFFFFFFFFFFFFFFFFFFFFFFD3
:108DB000FFFFFFFFFFFFFFFFFFFFFFFFFFFFFFFFC3
:108DC000FFFFFFFFFFFFFFFFFFFFFFFFFFFFFFFFB3
:108DD000FFFFFFFFFFFFFFFFFFFFFFFFFFFFFFFFA3
:108DE000FFFFFFFFFFFFFFFFFFFFFFFFFFFFFFFF93
:108DF000FFFFFFFFFFFFFFFFFFFFFFFFFFFFFFFF83
:108E0000FFFFFFFFFFFFFFFFFFFFFFFFFFFFFFFF72
:108E1000FFFFFFFFFFFFFFFFFFFFFFFFFFFFFFFF62
:108E2000FFFFFFFFFFFFFFFFFFFFFFFFFFFFFFFF52
:108E3000FFFFFFFFFFFFFFFFFFFFFFFFFFFFFFFF42
:108E4000FFFFFFFFFFFFFFFFFFFFFFFFFFFFFFFF32
:108E5000FFFFFFFFFFFFFFFFFFFFFFFFFFFFFFFF22
:108E6000FFFFFFFFFFFFFFFFFFFFFFFFFFFFFFFF12
:108E7000FFFFFFFFFFFFFFFFFFFFFFFFFFFFFFFF02
:108E8000FFFFFFFFFFFFFFFFFFFFFFFFFFFFFFFFF2
:108E9000FFFFFFFFFFFFFFFFFFFFFFFFFFFFFFFFE2
:108EA000FFFFFFFFFFFFFFFFFFFFFFFFFFFFFFFFD2
:108EB000FFFFFFFFFFFFFFFFFFFFFFFFFFFFFFFFC2
:108EC000FFFFFFFFFFFFFFFFFFFFFFFFFFFFFFFFB2
:108ED000FFFFFFFFFFFFFFFFFFFFFFFFFFFFFFFFA2
:108EE000FFFFFFFFFFFFFFFFFFFFFFFFFFFFFFFF92
:108EF000FFFFFFFFFFFFFFFFFFFFFFFFFFFFFFFF82
:108F0000FFFFFFFFFFFFFFFFFFFFFFFFFFFFFFFF71
:108F1000FFFFFFFFFFFFFFFFFFFFFFFFFFFFFFFF61
:108F2000FFFFFFFFFFFFFFFFFFFFFFFFFFFFFFFF51
:108F3000FFFFFFFFFFFFFFFFFFFFFFFFFFFFFFFF41
:108F4000FFFFFFFFFFFFFFFFFFFFFFFFFFFFFFFF31
:108F5000FFFFFFFFFFFFFFFFFFFFFFFFFFFFFFFF21
:108F6000FFFFFFFFFFFFFFFFFFFFFFFFFFFFFFFF11
:108F7000FFFFFFFFFFFFFFFFFFFFFFFFFFFFFFFF01
:108F8000FFFFFFFFFFFFFFFFFFFFFFFFFFFFFFFFF1
:108F9000FFFFFFFFFFFFFFFFFFFFFFFFFFFFFFFFE1
:108FA000FFFFFFFFFFFFFFFFFFFFFFFFFFFFFFFFD1
:108FB000FFFFFFFFFFFFFFFFFFFFFFFFFFFFFFFFC1
:108FC000FFFFFFFFFFFFFFFFFFFFFFFFFFFFFFFFB1
:108FD000FFFFFFFFFFFFFFFFFFFFFFFFFFFFFFFFA1
:108FE000FFFFFFFFFFFFFFFFFFFFFFFFFFFFFFFF91
:108FF000FFFFFFFFFFFFFFFFFFFFFFFFFFFFFFFF81
:10900000FFFFFFFFFFFFFFFFFFFFFFFFFFFFFFFF70
:10901000FFFFFFFFFFFFFFFFFFFFFFFFFFFFFFFF60
:10902000FFFFFFFFFFFFFFFFFFFFFFFFFFFFFFFF50
:10903000FFFFFFFFFFFFFFFFFFFFFFFFFFFFFFFF40
:10904000FFFFFFFFFFFFFFFFFFFFFFFFFFFFFFFF30
:10905000FFFFFFFFFFFFFFFFFFFFFFFFFFFFFFFF20
:10906000FFFFFFFFFFFFFFFFFFFFFFFFFFFFFFFF10
:10907000FFFFFFFFFFFFFFFFFFFFFFFFFFFFFFFF00
:10908000FFFFFFFFFFFFFFFFFFFFFFFFFFFFFFFFF0
:10909000FFFFFFFFFFFFFFFFFFFFFFFFFFFFFFFFE0
:1090A000FFFFFFFFFFFFFFFFFFFFFFFFFFFFFFFFD0
:1090B000FFFFFFFFFFFFFFFFFFFFFFFFFFFFFFFFC0
:1090C000FFFFFFFFFFFFFFFFFFFFFFFFFFFFFFFFB0
:1090D000FFFFFFFFFFFFFFFFFFFFFFFFFFFFFFFFA0
:1090E000FFFFFFFFFFFFFFFFFFFFFFFFFFFFFFFF90
:1090F000FFFFFFFFFFFFFFFFFFFFFFFFFFFFFFFF80
:10910000FFFFFFFFFFFFFFFFFFFFFFFFFFFFFFFF6F
:10911000FFFFFFFFFFFFFFFFFFFFFFFFFFFFFFFF5F
:10912000FFFFFFFFFFFFFFFFFFFFFFFFFFFFFFFF4F
:10913000FFFFFFFFFFFFFFFFFFFFFFFFFFFFFFFF3F
:10914000FFFFFFFFFFFFFFFFFFFFFFFFFFFFFFFF2F
:10915000FFFFFFFFFFFFFFFFFFFFFFFFFFFFFFFF1F
:10916000FFFFFFFFFFFFFFFFFFFFFFFFFFFFFFFF0F
:10917000FFFFFFFFFFFFFFFFFFFFFFFFFFFFFFFFFF
:10918000FFFFFFFFFFFFFFFFFFFFFFFFFFFFFFFFEF
:10919000FFFFFFFFFFFFFFFFFFFFFFFFFFFFFFFFDF
:1091A000FFFFFFFFFFFFFFFFFFFFFFFFFFFFFFFFCF
:1091B000FFFFFFFFFFFFFFFFFFFFFFFFFFFFFFFFBF
:1091C000FFFFFFFFFFFFFFFFFFFFFFFFFFFFFFFFAF
:1091D000FFFFFFFFFFFFFFFFFFFFFFFFFFFFFFFF9F
:1091E000FFFFFFFFFFFFFFFFFFFFFFFFFFFFFFFF8F
:1091F000FFFFFFFFFFFFFFFFFFFFFFFFFFFFFFFF7F
:10920000FFFFFFFFFFFFFFFFFFFFFFFFFFFFFFFF6E
:10921000FFFFFFFFFFFFFFFFFFFFFFFFFFFFFFFF5E
:10922000FFFFFFFFFFFFFFFFFFFFFFFFFFFFFFFF4E
:10923000FFFFFFFFFFFFFFFFFFFFFFFFFFFFFFFF3E
:10924000FFFFFFFFFFFFFFFFFFFFFFFFFFFFFFFF2E
:10925000FFFFFFFFFFFFFFFFFFFFFFFFFFFFFFFF1E
:10926000FFFFFFFFFFFFFFFFFFFFFFFFFFFFFFFF0E
:10927000FFFFFFFFFFFFFFFFFFFFFFFFFFFFFFFFFE
:10928000FFFFFFFFFFFFFFFFFFFFFFFFFFFFFFFFEE
:10929000FFFFFFFFFFFFFFFFFFFFFFFFFFFFFFFFDE
:1092A000FFFFFFFFFFFFFFFFFFFFFFFFFFFFFFFFCE
:1092B000FFFFFFFFFFFFFFFFFFFFFFFFFFFFFFFFBE
:1092C000FFFFFFFFFFFFFFFFFFFFFFFFFFFFFFFFAE
:1092D000FFFFFFFFFFFFFFFFFFFFFFFFFFFFFFFF9E
:1092E000FFFFFFFFFFFFFFFFFFFFFFFFFFFFFFFF8E
:1092F000FFFFFFFFFFFFFFFFFFFFFFFFFFFFFFFF7E
:10930000FFFFFFFFFFFFFFFFFFFFFFFFFFFFFFFF6D
:10931000FFFFFFFFFFFFFFFFFFFFFFFFFFFFFFFF5D
:10932000FFFFFFFFFFFFFFFFFFFFFFFFFFFFFFFF4D
:10933000FFFFFFFFFFFFFFFFFFFFFFFFFFFFFFFF3D
:10934000FFFFFFFFFFFFFFFFFFFFFFFFFFFFFFFF2D
:10935000FFFFFFFFFFFFFFFFFFFFFFFFFFFFFFFF1D
:10936000FFFFFFFFFFFFFFFFFFFFFFFFFFFFFFFF0D
:10937000FFFFFFFFFFFFFFFFFFFFFFFFFFFFFFFFFD
:10938000FFFFFFFFFFFFFFFFFFFFFFFFFFFFFFFFED
:10939000FFFFFFFFFFFFFFFFFFFFFFFFFFFFFFFFDD
:1093A000FFFFFFFFFFFFFFFFFFFFFFFFFFFFFFFFCD
:1093B000FFFFFFFFFFFFFFFFFFFFFFFFFFFFFFFFBD
:1093C000FFFFFFFFFFFFFFFFFFFFFFFFFFFFFFFFAD
:1093D000FFFFFFFFFFFFFFFFFFFFFFFFFFFFFFFF9D
:1093E000FFFFFFFFFFFFFFFFFFFFFFFFFFFFFFFF8D
:1093F000FFFFFFFFFFFFFFFFFFFFFFFFFFFFFFFF7D
:10940000FFFFFFFFFFFFFFFFFFFFFFFFFFFFFFFF6C
:10941000FFFFFFFFFFFFFFFFFFFFFFFFFFFFFFFF5C
:10942000FFFFFFFFFFFFFFFFFFFFFFFFFFFFFFFF4C
:10943000FFFFFFFFFFFFFFFFFFFFFFFFFFFFFFFF3C
:10944000FFFFFFFFFFFFFFFFFFFFFFFFFFFFFFFF2C
:10945000FFFFFFFFFFFFFFFFFFFFFFFFFFFFFFFF1C
:10946000FFFFFFFFFFFFFFFFFFFFFFFFFFFFFFFF0C
:10947000FFFFFFFFFFFFFFFFFFFFFFFFFFFFFFFFFC
:10948000FFFFFFFFFFFFFFFFFFFFFFFFFFFFFFFFEC
:10949000FFFFFFFFFFFFFFFFFFFFFFFFFFFFFFFFDC
:1094A000FFFFFFFFFFFFFFFFFFFFFFFFFFFFFFFFCC
:1094B000FFFFFFFFFFFFFFFFFFFFFFFFFFFFFFFFBC
:1094C000FFFFFFFFFFFFFFFFFFFFFFFFFFFFFFFFAC
:1094D000FFFFFFFFFFFFFFFFFFFFFFFFFFFFFFFF9C
:1094E000FFFFFFFFFFFFFFFFFFFFFFFFFFFFFFFF8C
:1094F000FFFFFFFFFFFFFFFFFFFFFFFFFFFFFFFF7C
:10950000FFFFFFFFFFFFFFFFFFFFFFFFFFFFFFFF6B
:10951000FFFFFFFFFFFFFFFFFFFFFFFFFFFFFFFF5B
:10952000FFFFFFFFFFFFFFFFFFFFFFFFFFFFFFFF4B
:10953000FFFFFFFFFFFFFFFFFFFFFFFFFFFFFFFF3B
:10954000FFFFFFFFFFFFFFFFFFFFFFFFFFFFFFFF2B
:10955000FFFFFFFFFFFFFFFFFFFFFFFFFFFFFFFF1B
:10956000FFFFFFFFFFFFFFFFFFFFFFFFFFFFFFFF0B
:10957000FFFFFFFFFFFFFFFFFFFFFFFFFFFFFFFFFB
:10958000FFFFFFFFFFFFFFFFFFFFFFFFFFFFFFFFEB
:10959000FFFFFFFFFFFFFFFFFFFFFFFFFFFFFFFFDB
:1095A000FFFFFFFFFFFFFFFFFFFFFFFFFFFFFFFFCB
:1095B000FFFFFFFFFFFFFFFFFFFFFFFFFFFFFFFFBB
:1095C000FFFFFFFFFFFFFFFFFFFFFFFFFFFFFFFFAB
:1095D000FFFFFFFFFFFFFFFFFFFFFFFFFFFFFFFF9B
:1095E000FFFFFFFFFFFFFFFFFFFFFFFFFFFFFFFF8B
:1095F000FFFFFFFFFFFFFFFFFFFFFFFFFFFFFFFF7B
:10960000FFFFFFFFFFFFFFFFFFFFFFFFFFFFFFFF6A
:10961000FFFFFFFFFFFFFFFFFFFFFFFFFFFFFFFF5A
:10962000FFFFFFFFFFFFFFFFFFFFFFFFFFFFFFFF4A
:10963000FFFFFFFFFFFFFFFFFFFFFFFFFFFFFFFF3A
:10964000FFFFFFFFFFFFFFFFFFFFFFFFFFFFFFFF2A
:10965000FFFFFFFFFFFFFFFFFFFFFFFFFFFFFFFF1A
:10966000FFFFFFFFFFFFFFFFFFFFFFFFFFFFFFFF0A
:10967000FFFFFFFFFFFFFFFFFFFFFFFFFFFFFFFFFA
:10968000FFFFFFFFFFFFFFFFFFFFFFFFFFFFFFFFEA
:10969000FFFFFFFFFFFFFFFFFFFFFFFFFFFFFFFFDA
:1096A000FFFFFFFFFFFFFFFFFFFFFFFFFFFFFFFFCA
:1096B000FFFFFFFFFFFFFFFFFFFFFFFFFFFFFFFFBA
:1096C000FFFFFFFFFFFFFFFFFFFFFFFFFFFFFFFFAA
:1096D000FFFFFFFFFFFFFFFFFFFFFFFFFFFFFFFF9A
:1096E000FFFFFFFFFFFFFFFFFFFFFFFFFFFFFFFF8A
:1096F000FFFFFFFFFFFFFFFFFFFFFFFFFFFFFFFF7A
:10970000FFFFFFFFFFFFFFFFFFFFFFFFFFFFFFFF69
:10971000FFFFFFFFFFFFFFFFFFFFFFFFFFFFFFFF59
:10972000FFFFFFFFFFFFFFFFFFFFFFFFFFFFFFFF49
:10973000FFFFFFFFFFFFFFFFFFFFFFFFFFFFFFFF39
:10974000FFFFFFFFFFFFFFFFFFFFFFFFFFFFFFFF29
:10975000FFFFFFFFFFFFFFFFFFFFFFFFFFFFFFFF19
:10976000FFFFFFFFFFFFFFFFFFFFFFFFFFFFFFFF09
:10977000FFFFFFFFFFFFFFFFFFFFFFFFFFFFFFFFF9
:10978000FFFFFFFFFFFFFFFFFFFFFFFFFFFFFFFFE9
:10979000FFFFFFFFFFFFFFFFFFFFFFFFFFFFFFFFD9
:1097A000FFFFFFFFFFFFFFFFFFFFFFFFFFFFFFFFC9
:1097B000FFFFFFFFFFFFFFFFFFFFFFFFFFFFFFFFB9
:1097C000FFFFFFFFFFFFFFFFFFFFFFFFFFFFFFFFA9
:1097D000FFFFFFFFFFFFFFFFFFFFFFFFFFFFFFFF99
:1097E000FFFFFFFFFFFFFFFFFFFFFFFFFFFFFFFF89
:1097F000FFFFFFFFFFFFFFFFFFFFFFFFFFFFFFFF79
:10980000FFFFFFFFFFFFFFFFFFFFFFFFFFFFFFFF68
:10981000FFFFFFFFFFFFFFFFFFFFFFFFFFFFFFFF58
:10982000FFFFFFFFFFFFFFFFFFFFFFFFFFFFFFFF48
:10983000FFFFFFFFFFFFFFFFFFFFFFFFFFFFFFFF38
:10984000FFFFFFFFFFFFFFFFFFFFFFFFFFFFFFFF28
:10985000FFFFFFFFFFFFFFFFFFFFFFFFFFFFFFFF18
:10986000FFFFFFFFFFFFFFFFFFFFFFFFFFFFFFFF08
:10987000FFFFFFFFFFFFFFFFFFFFFFFFFFFFFFFFF8
:10988000FFFFFFFFFFFFFFFFFFFFFFFFFFFFFFFFE8
:10989000FFFFFFFFFFFFFFFFFFFFFFFFFFFFFFFFD8
:1098A000FFFFFFFFFFFFFFFFFFFFFFFFFFFFFFFFC8
:1098B000FFFFFFFFFFFFFFFFFFFFFFFFFFFFFFFFB8
:1098C000FFFFFFFFFFFFFFFFFFFFFFFFFFFFFFFFA8
:1098D000FFFFFFFFFFFFFFFFFFFFFFFFFFFFFFFF98
:1098E000FFFFFFFFFFFFFFFFFFFFFFFFFFFFFFFF88
:1098F000FFFFFFFFFFFFFFFFFFFFFFFFFFFFFFFF78
:10990000FFFFFFFFFFFFFFFFFFFFFFFFFFFFFFFF67
:10991000FFFFFFFFFFFFFFFFFFFFFFFFFFFFFFFF57
:10992000FFFFFFFFFFFFFFFFFFFFFFFFFFFFFFFF47
:10993000FFFFFFFFFFFFFFFFFFFFFFFFFFFFFFFF37
:10994000FFFFFFFFFFFFFFFFFFFFFFFFFFFFFFFF27
:10995000FFFFFFFFFFFFFFFFFFFFFFFFFFFFFFFF17
:10996000FFFFFFFFFFFFFFFFFFFFFFFFFFFFFFFF07
:10997000FFFFFFFFFFFFFFFFFFFFFFFFFFFFFFFFF7
:10998000FFFFFFFFFFFFFFFFFFFFFFFFFFFFFFFFE7
:10999000FFFFFFFFFFFFFFFFFFFFFFFFFFFFFFFFD7
:1099A000FFFFFFFFFFFFFFFFFFFFFFFFFFFFFFFFC7
:1099B000FFFFFFFFFFFFFFFFFFFFFFFFFFFFFFFFB7
:1099C000FFFFFFFFFFFFFFFFFFFFFFFFFFFFFFFFA7
:1099D000FFFFFFFFFFFFFFFFFFFFFFFFFFFFFFFF97
:1099E000FFFFFFFFFFFFFFFFFFFFFFFFFFFFFFFF87
:1099F000FFFFFFFFFFFFFFFFFFFFFFFFFFFFFFFF77
:109A0000FFFFFFFFFFFFFFFFFFFFFFFFFFFFFFFF66
:109A1000FFFFFFFFFFFFFFFFFFFFFFFFFFFFFFFF56
:109A2000FFFFFFFFFFFFFFFFFFFFFFFFFFFFFFFF46
:109A3000FFFFFFFFFFFFFFFFFFFFFFFFFFFFFFFF36
:109A4000FFFFFFFFFFFFFFFFFFFFFFFFFFFFFFFF26
:109A5000FFFFFFFFFFFFFFFFFFFFFFFFFFFFFFFF16
:109A6000FFFFFFFFFFFFFFFFFFFFFFFFFFFFFFFF06
:109A7000FFFFFFFFFFFFFFFFFFFFFFFFFFFFFFFFF6
:109A8000FFFFFFFFFFFFFFFFFFFFFFFFFFFFFFFFE6
:109A9000FFFFFFFFFFFFFFFFFFFFFFFFFFFFFFFFD6
:109AA000FFFFFFFFFFFFFFFFFFFFFFFFFFFFFFFFC6
:109AB000FFFFFFFFFFFFFFFFFFFFFFFFFFFFFFFFB6
:109AC000FFFFFFFFFFFFFFFFFFFFFFFFFFFFFFFFA6
:109AD000FFFFFFFFFFFFFFFFFFFFFFFFFFFFFFFF96
:109AE000FFFFFFFFFFFFFFFFFFFFFFFFFFFFFFFF86
:109AF000FFFFFFFFFFFFFFFFFFFFFFFFFFFFFFFF76
:109B0000FFFFFFFFFFFFFFFFFFFFFFFFFFFFFFFF65
:109B1000FFFFFFFFFFFFFFFFFFFFFFFFFFFFFFFF55
:109B2000FFFFFFFFFFFFFFFFFFFFFFFFFFFFFFFF45
:109B3000FFFFFFFFFFFFFFFFFFFFFFFFFFFFFFFF35
:109B4000FFFFFFFFFFFFFFFFFFFFFFFFFFFFFFFF25
:109B5000FFFFFFFFFFFFFFFFFFFFFFFFFFFFFFFF15
:109B6000FFFFFFFFFFFFFFFFFFFFFFFFFFFFFFFF05
:109B7000FFFFFFFFFFFFFFFFFFFFFFFFFFFFFFFFF5
:109B8000FFFFFFFFFFFFFFFFFFFFFFFFFFFFFFFFE5
:109B9000FFFFFFFFFFFFFFFFFFFFFFFFFFFFFFFFD5
:109BA000FFFFFFFFFFFFFFFFFFFFFFFFFFFFFFFFC5
:109BB000FFFFFFFFFFFFFFFFFFFFFFFFFFFFFFFFB5
:109BC000FFFFFFFFFFFFFFFFFFFFFFFFFFFFFFFFA5
:109BD000FFFFFFFFFFFFFFFFFFFFFFFFFFFFFFFF95
:109BE000FFFFFFFFFFFFFFFFFFFFFFFFFFFFFFFF85
:109BF000FFFFFFFFFFFFFFFFFFFFFFFFFFFFFFFF75
:109C0000FFFFFFFFFFFFFFFFFFFFFFFFFFFFFFFF64
:109C1000FFFFFFFFFFFFFFFFFFFFFFFFFFFFFFFF54
:109C2000FFFFFFFFFFFFFFFFFFFFFFFFFFFFFFFF44
:109C3000FFFFFFFFFFFFFFFFFFFFFFFFFFFFFFFF34
:109C4000FFFFFFFFFFFFFFFFFFFFFFFFFFFFFFFF24
:109C5000FFFFFFFFFFFFFFFFFFFFFFFFFFFFFFFF14
:109C6000FFFFFFFFFFFFFFFFFFFFFFFFFFFFFFFF04
:109C7000FFFFFFFFFFFFFFFFFFFFFFFFFFFFFFFFF4
:109C8000FFFFFFFFFFFFFFFFFFFFFFFFFFFFFFFFE4
:109C9000FFFFFFFFFFFFFFFFFFFFFFFFFFFFFFFFD4
:109CA000FFFFFFFFFFFFFFFFFFFFFFFFFFFFFFFFC4
:109CB000FFFFFFFFFFFFFFFFFFFFFFFFFFFFFFFFB4
:109CC000FFFFFFFFFFFFFFFFFFFFFFFFFFFFFFFFA4
:109CD000FFFFFFFFFFFFFFFFFFFFFFFFFFFFFFFF94
:109CE000FFFFFFFFFFFFFFFFFFFFFFFFFFFFFFFF84
:109CF000FFFFFFFFFFFFFFFFFFFFFFFFFFFFFFFF74
:109D0000FFFFFFFFFFFFFFFFFFFFFFFFFFFFFFFF63
:109D1000FFFFFFFFFFFFFFFFFFFFFFFFFFFFFFFF53
:109D2000FFFFFFFFFFFFFFFFFFFFFFFFFFFFFFFF43
:109D3000FFFFFFFFFFFFFFFFFFFFFFFFFFFFFFFF33
:109D4000FFFFFFFFFFFFFFFFFFFFFFFFFFFFFFFF23
:109D5000FFFFFFFFFFFFFFFFFFFFFFFFFFFFFFFF13
:109D6000FFFFFFFFFFFFFFFFFFFFFFFFFFFFFFFF03
:109D7000FFFFFFFFFFFFFFFFFFFFFFFFFFFFFFFFF3
:109D8000FFFFFFFFFFFFFFFFFFFFFFFFFFFFFFFFE3
:109D9000FFFFFFFFFFFFFFFFFFFFFFFFFFFFFFFFD3
:109DA000FFFFFFFFFFFFFFFFFFFFFFFFFFFFFFFFC3
:109DB000FFFFFFFFFFFFFFFFFFFFFFFFFFFFFFFFB3
:109DC000FFFFFFFFFFFFFFFFFFFFFFFFFFFFFFFFA3
:109DD000FFFFFFFFFFFFFFFFFFFFFFFFFFFFFFFF93
:109DE000FFFFFFFFFFFFFFFFFFFFFFFFFFFFFFFF83
:109DF000FFFFFFFFFFFFFFFFFFFFFFFFFFFFFFFF73
:109E0000FFFFFFFFFFFFFFFFFFFFFFFFFFFFFFFF62
:109E1000FFFFFFFFFFFFFFFFFFFFFFFFFFFFFFFF52
:109E2000FFFFFFFFFFFFFFFFFFFFFFFFFFFFFFFF42
:109E3000FFFFFFFFFFFFFFFFFFFFFFFFFFFFFFFF32
:109E4000FFFFFFFFFFFFFFFFFFFFFFFFFFFFFFFF22
:109E5000FFFFFFFFFFFFFFFFFFFFFFFFFFFFFFFF12
:109E6000FFFFFFFFFFFFFFFFFFFFFFFFFFFFFFFF02
:109E7000FFFFFFFFFFFFFFFFFFFFFFFFFFFFFFFFF2
:109E8000FFFFFFFFFFFFFFFFFFFFFFFFFFFFFFFFE2
:109E9000FFFFFFFFFFFFFFFFFFFFFFFFFFFFFFFFD2
:109EA000FFFFFFFFFFFFFFFFFFFFFFFFFFFFFFFFC2
:109EB000FFFFFFFFFFFFFFFFFFFFFFFFFFFFFFFFB2
:109EC000FFFFFFFFFFFFFFFFFFFFFFFFFFFFFFFFA2
:109ED000FFFFFFFFFFFFFFFFFFFFFFFFFFFFFFFF92
:109EE000FFFFFFFFFFFFFFFFFFFFFFFFFFFFFFFF82
:109EF000FFFFFFFFFFFFFFFFFFFFFFFFFFFFFFFF72
:109F0000FFFFFFFFFFFFFFFFFFFFFFFFFFFFFFFF61
:109F1000FFFFFFFFFFFFFFFFFFFFFFFFFFFFFFFF51
:109F2000FFFFFFFFFFFFFFFFFFFFFFFFFFFFFFFF41
:109F3000FFFFFFFFFFFFFFFFFFFFFFFFFFFFFFFF31
:109F4000FFFFFFFFFFFFFFFFFFFFFFFFFFFFFFFF21
:109F5000FFFFFFFFFFFFFFFFFFFFFFFFFFFFFFFF11
:109F6000FFFFFFFFFFFFFFFFFFFFFFFFFFFFFFFF01
:109F7000FFFFFFFFFFFFFFFFFFFFFFFFFFFFFFFFF1
:109F8000FFFFFFFFFFFFFFFFFFFFFFFFFFFFFFFFE1
:109F9000FFFFFFFFFFFFFFFFFFFFFFFFFFFFFFFFD1
:109FA000FFFFFFFFFFFFFFFFFFFFFFFFFFFFFFFFC1
:109FB000FFFFFFFFFFFFFFFFFFFFFFFFFFFFFFFFB1
:109FC000FFFFFFFFFFFFFFFFFFFFFFFFFFFFFFFFA1
:109FD000FFFFFFFFFFFFFFFFFFFFFFFFFFFFFFFF91
:109FE000FFFFFFFFFFFFFFFFFFFFFFFFFFFFFFFF81
:109FF000FFFFFFFFFFFFFFFFFFFFFFFFFFFFFFFF71
:10A00000FFFFFFFFFFFFFFFFFFFFFFFFFFFFFFFF60
:10A01000FFFFFFFFFFFFFFFFFFFFFFFFFFFFFFFF50
:10A02000FFFFFFFFFFFFFFFFFFFFFFFFFFFFFFFF40
:10A03000FFFFFFFFFFFFFFFFFFFFFFFFFFFFFFFF30
:10A04000FFFFFFFFFFFFFFFFFFFFFFFFFFFFFFFF20
:10A05000FFFFFFFFFFFFFFFFFFFFFFFFFFFFFFFF10
:10A06000FFFFFFFFFFFFFFFFFFFFFFFFFFFFFFFF00
:10A07000FFFFFFFFFFFFFFFFFFFFFFFFFFFFFFFFF0
:10A08000FFFFFFFFFFFFFFFFFFFFFFFFFFFFFFFFE0
:10A09000FFFFFFFFFFFFFFFFFFFFFFFFFFFFFFFFD0
:10A0A000FFFFFFFFFFFFFFFFFFFFFFFFFFFFFFFFC0
:10A0B000FFFFFFFFFFFFFFFFFFFFFFFFFFFFFFFFB0
:10A0C000FFFFFFFFFFFFFFFFFFFFFFFFFFFFFFFFA0
:10A0D000FFFFFFFFFFFFFFFFFFFFFFFFFFFFFFFF90
:10A0E000FFFFFFFFFFFFFFFFFFFFFFFFFFFFFFFF80
:10A0F000FFFFFFFFFFFFFFFFFFFFFFFFFFFFFFFF70
:10A10000FFFFFFFFFFFFFFFFFFFFFFFFFFFFFFFF5F
:10A11000FFFFFFFFFFFFFFFFFFFFFFFFFFFFFFFF4F
:10A12000FFFFFFFFFFFFFFFFFFFFFFFFFFFFFFFF3F
:10A13000FFFFFFFFFFFFFFFFFFFFFFFFFFFFFFFF2F
:10A14000FFFFFFFFFFFFFFFFFFFFFFFFFFFFFFFF1F
:10A15000FFFFFFFFFFFFFFFFFFFFFFFFFFFFFFFF0F
:10A16000FFFFFFFFFFFFFFFFFFFFFFFFFFFFFFFFFF
:10A17000FFFFFFFFFFFFFFFFFFFFFFFFFFFFFFFFEF
:10A18000FFFFFFFFFFFFFFFFFFFFFFFFFFFFFFFFDF
:10A19000FFFFFFFFFFFFFFFFFFFFFFFFFFFFFFFFCF
:10A1A000FFFFFFFFFFFFFFFFFFFFFFFFFFFFFFFFBF
:10A1B000FFFFFFFFFFFFFFFFFFFFFFFFFFFFFFFFAF
:10A1C000FFFFFFFFFFFFFFFFFFFFFFFFFFFFFFFF9F
:10A1D000FFFFFFFFFFFFFFFFFFFFFFFFFFFFFFFF8F
:10A1E000FFFFFFFFFFFFFFFFFFFFFFFFFFFFFFFF7F
:10A1F000FFFFFFFFFFFFFFFFFFFFFFFFFFFFFFFF6F
:10A20000FFFFFFFFFFFFFFFFFFFFFFFFFFFFFFFF5E
:10A21000FFFFFFFFFFFFFFFFFFFFFFFFFFFFFFFF4E
:10A22000FFFFFFFFFFFFFFFFFFFFFFFFFFFFFFFF3E
:10A23000FFFFFFFFFFFFFFFFFFFFFFFFFFFFFFFF2E
:10A24000FFFFFFFFFFFFFFFFFFFFFFFFFFFFFFFF1E
:10A25000FFFFFFFFFFFFFFFFFFFFFFFFFFFFFFFF0E
:10A26000FFFFFFFFFFFFFFFFFFFFFFFFFFFFFFFFFE
:10A27000FFFFFFFFFFFFFFFFFFFFFFFFFFFFFFFFEE
:10A28000FFFFFFFFFFFFFFFFFFFFFFFFFFFFFFFFDE
:10A29000FFFFFFFFFFFFFFFFFFFFFFFFFFFFFFFFCE
:10A2A000FFFFFFFFFFFFFFFFFFFFFFFFFFFFFFFFBE
:10A2B000FFFFFFFFFFFFFFFFFFFFFFFFFFFFFFFFAE
:10A2C000FFFFFFFFFFFFFFFFFFFFFFFFFFFFFFFF9E
:10A2D000FFFFFFFFFFFFFFFFFFFFFFFFFFFFFFFF8E
:10A2E000FFFFFFFFFFFFFFFFFFFFFFFFFFFFFFFF7E
:10A2F000FFFFFFFFFFFFFFFFFFFFFFFFFFFFFFFF6E
:10A30000FFFFFFFFFFFFFFFFFFFFFFFFFFFFFFFF5D
:10A31000FFFFFFFFFFFFFFFFFFFFFFFFFFFFFFFF4D
:10A32000FFFFFFFFFFFFFFFFFFFFFFFFFFFFFFFF3D
:10A33000FFFFFFFFFFFFFFFFFFFFFFFFFFFFFFFF2D
:10A34000FFFFFFFFFFFFFFFFFFFFFFFFFFFFFFFF1D
:10A35000FFFFFFFFFFFFFFFFFFFFFFFFFFFFFFFF0D
:10A36000FFFFFFFFFFFFFFFFFFFFFFFFFFFFFFFFFD
:10A37000FFFFFFFFFFFFFFFFFFFFFFFFFFFFFFFFED
:10A38000FFFFFFFFFFFFFFFFFFFFFFFFFFFFFFFFDD
:10A39000FFFFFFFFFFFFFFFFFFFFFFFFFFFFFFFFCD
:10A3A000FFFFFFFFFFFFFFFFFFFFFFFFFFFFFFFFBD
:10A3B000FFFFFFFFFFFFFFFFFFFFFFFFFFFFFFFFAD
:10A3C000FFFFFFFFFFFFFFFFFFFFFFFFFFFFFFFF9D
:10A3D000FFFFFFFFFFFFFFFFFFFFFFFFFFFFFFFF8D
:10A3E000FFFFFFFFFFFFFFFFFFFFFFFFFFFFFFFF7D
:10A3F000FFFFFFFFFFFFFFFFFFFFFFFFFFFFFFFF6D
:10A40000FFFFFFFFFFFFFFFFFFFFFFFFFFFFFFFF5C
:10A41000FFFFFFFFFFFFFFFFFFFFFFFFFFFFFFFF4C
:10A42000FFFFFFFFFFFFFFFFFFFFFFFFFFFFFFFF3C
:10A43000FFFFFFFFFFFFFFFFFFFFFFFFFFFFFFFF2C
:10A44000FFFFFFFFFFFFFFFFFFFFFFFFFFFFFFFF1C
:10A45000FFFFFFFFFFFFFFFFFFFFFFFFFFFFFFFF0C
:10A46000FFFFFFFFFFFFFFFFFFFFFFFFFFFFFFFFFC
:10A47000FFFFFFFFFFFFFFFFFFFFFFFFFFFFFFFFEC
:10A48000FFFFFFFFFFFFFFFFFFFFFFFFFFFFFFFFDC
:10A49000FFFFFFFFFFFFFFFFFFFFFFFFFFFFFFFFCC
:10A4A000FFFFFFFFFFFFFFFFFFFFFFFFFFFFFFFFBC
:10A4B000FFFFFFFFFFFFFFFFFFFFFFFFFFFFFFFFAC
:10A4C000FFFFFFFFFFFFFFFFFFFFFFFFFFFFFFFF9C
:10A4D000FFFFFFFFFFFFFFFFFFFFFFFFFFFFFFFF8C
:10A4E000FFFFFFFFFFFFFFFFFFFFFFFFFFFFFFFF7C
:10A4F000FFFFFFFFFFFFFFFFFFFFFFFFFFFFFFFF6C
:10A50000FFFFFFFFFFFFFFFFFFFFFFFFFFFFFFFF5B
:10A51000FFFFFFFFFFFFFFFFFFFFFFFFFFFFFFFF4B
:10A52000FFFFFFFFFFFFFFFFFFFFFFFFFFFFFFFF3B
:10A53000FFFFFFFFFFFFFFFFFFFFFFFFFFFFFFFF2B
:10A54000FFFFFFFFFFFFFFFFFFFFFFFFFFFFFFFF1B
:10A55000FFFFFFFFFFFFFFFFFFFFFFFFFFFFFFFF0B
:10A56000FFFFFFFFFFFFFFFFFFFFFFFFFFFFFFFFFB
:10A57000FFFFFFFFFFFFFFFFFFFFFFFFFFFFFFFFEB
:10A58000FFFFFFFFFFFFFFFFFFFFFFFFFFFFFFFFDB
:10A59000FFFFFFFFFFFFFFFFFFFFFFFFFFFFFFFFCB
:10A5A000FFFFFFFFFFFFFFFFFFFFFFFFFFFFFFFFBB
:10A5B000FFFFFFFFFFFFFFFFFFFFFFFFFFFFFFFFAB
:10A5C000FFFFFFFFFFFFFFFFFFFFFFFFFFFFFFFF9B
:10A5D000FFFFFFFFFFFFFFFFFFFFFFFFFFFFFFFF8B
:10A5E000FFFFFFFFFFFFFFFFFFFFFFFFFFFFFFFF7B
:10A5F000FFFFFFFFFFFFFFFFFFFFFFFFFFFFFFFF6B
:10A60000FFFFFFFFFFFFFFFFFFFFFFFFFFFFFFFF5A
:10A61000FFFFFFFFFFFFFFFFFFFFFFFFFFFFFFFF4A
:10A62000FFFFFFFFFFFFFFFFFFFFFFFFFFFFFFFF3A
:10A63000FFFFFFFFFFFFFFFFFFFFFFFFFFFFFFFF2A
:10A64000FFFFFFFFFFFFFFFFFFFFFFFFFFFFFFFF1A
:10A65000FFFFFFFFFFFFFFFFFFFFFFFFFFFFFFFF0A
:10A66000FFFFFFFFFFFFFFFFFFFFFFFFFFFFFFFFFA
:10A67000FFFFFFFFFFFFFFFFFFFFFFFFFFFFFFFFEA
:10A68000FFFFFFFFFFFFFFFFFFFFFFFFFFFFFFFFDA
:10A69000FFFFFFFFFFFFFFFFFFFFFFFFFFFFFFFFCA
:10A6A000FFFFFFFFFFFFFFFFFFFFFFFFFFFFFFFFBA
:10A6B000FFFFFFFFFFFFFFFFFFFFFFFFFFFFFFFFAA
:10A6C000FFFFFFFFFFFFFFFFFFFFFFFFFFFFFFFF9A
:10A6D000FFFFFFFFFFFFFFFFFFFFFFFFFFFFFFFF8A
:10A6E000FFFFFFFFFFFFFFFFFFFFFFFFFFFFFFFF7A
:10A6F000FFFFFFFFFFFFFFFFFFFFFFFFFFFFFFFF6A
:10A70000FFFFFFFFFFFFFFFFFFFFFFFFFFFFFFFF59
:10A71000FFFFFFFFFFFFFFFFFFFFFFFFFFFFFFFF49
:10A72000FFFFFFFFFFFFFFFFFFFFFFFFFFFFFFFF39
:10A73000FFFFFFFFFFFFFFFFFFFFFFFFFFFFFFFF29
:10A74000FFFFFFFFFFFFFFFFFFFFFFFFFFFFFFFF19
:10A75000FFFFFFFFFFFFFFFFFFFFFFFFFFFFFFFF09
:10A76000FFFFFFFFFFFFFFFFFFFFFFFFFFFFFFFFF9
:10A77000FFFFFFFFFFFFFFFFFFFFFFFFFFFFFFFFE9
:10A78000FFFFFFFFFFFFFFFFFFFFFFFFFFFFFFFFD9
:10A79000FFFFFFFFFFFFFFFFFFFFFFFFFFFFFFFFC9
:10A7A000FFFFFFFFFFFFFFFFFFFFFFFFFFFFFFFFB9
:10A7B000FFFFFFFFFFFFFFFFFFFFFFFFFFFFFFFFA9
:10A7C000FFFFFFFFFFFFFFFFFFFFFFFFFFFFFFFF99
:10A7D000FFFFFFFFFFFFFFFFFFFFFFFFFFFFFFFF89
:10A7E000FFFFFFFFFFFFFFFFFFFFFFFFFFFFFFFF79
:10A7F000FFFFFFFFFFFFFFFFFFFFFFFFFFFFFFFF69
:10A80000FFFFFFFFFFFFFFFFFFFFFFFFFFFFFFFF58
:10A81000FFFFFFFFFFFFFFFFFFFFFFFFFFFFFFFF48
:10A82000FFFFFFFFFFFFFFFFFFFFFFFFFFFFFFFF38
:10A83000FFFFFFFFFFFFFFFFFFFFFFFFFFFFFFFF28
:10A84000FFFFFFFFFFFFFFFFFFFFFFFFFFFFFFFF18
:10A85000FFFFFFFFFFFFFFFFFFFFFFFFFFFFFFFF08
:10A86000FFFFFFFFFFFFFFFFFFFFFFFFFFFFFFFFF8
:10A87000FFFFFFFFFFFFFFFFFFFFFFFFFFFFFFFFE8
:10A88000FFFFFFFFFFFFFFFFFFFFFFFFFFFFFFFFD8
:10A89000FFFFFFFFFFFFFFFFFFFFFFFFFFFFFFFFC8
:10A8A000FFFFFFFFFFFFFFFFFFFFFFFFFFFFFFFFB8
:10A8B000FFFFFFFFFFFFFFFFFFFFFFFFFFFFFFFFA8
:10A8C000FFFFFFFFFFFFFFFFFFFFFFFFFFFFFFFF98
:10A8D000FFFFFFFFFFFFFFFFFFFFFFFFFFFFFFFF88
:10A8E000FFFFFFFFFFFFFFFFFFFFFFFFFFFFFFFF78
:10A8F000FFFFFFFFFFFFFFFFFFFFFFFFFFFFFFFF68
:10A90000FFFFFFFFFFFFFFFFFFFFFFFFFFFFFFFF57
:10A91000FFFFFFFFFFFFFFFFFFFFFFFFFFFFFFFF47
:10A92000FFFFFFFFFFFFFFFFFFFFFFFFFFFFFFFF37
:10A93000FFFFFFFFFFFFFFFFFFFFFFFFFFFFFFFF27
:10A94000FFFFFFFFFFFFFFFFFFFFFFFFFFFFFFFF17
:10A95000FFFFFFFFFFFFFFFFFFFFFFFFFFFFFFFF07
:10A96000FFFFFFFFFFFFFFFFFFFFFFFFFFFFFFFFF7
:10A97000FFFFFFFFFFFFFFFFFFFFFFFFFFFFFFFFE7
:10A98000FFFFFFFFFFFFFFFFFFFFFFFFFFFFFFFFD7
:10A99000FFFFFFFFFFFFFFFFFFFFFFFFFFFFFFFFC7
:10A9A000FFFFFFFFFFFFFFFFFFFFFFFFFFFFFFFFB7
:10A9B000FFFFFFFFFFFFFFFFFFFFFFFFFFFFFFFFA7
:10A9C000FFFFFFFFFFFFFFFFFFFFFFFFFFFFFFFF97
:10A9D000FFFFFFFFFFFFFFFFFFFFFFFFFFFFFFFF87
:10A9E000FFFFFFFFFFFFFFFFFFFFFFFFFFFFFFFF77
:10A9F000FFFFFFFFFFFFFFFFFFFFFFFFFFFFFFFF67
:10AA0000FFFFFFFFFFFFFFFFFFFFFFFFFFFFFFFF56
:10AA1000FFFFFFFFFFFFFFFFFFFFFFFFFFFFFFFF46
:10AA2000FFFFFFFFFFFFFFFFFFFFFFFFFFFFFFFF36
:10AA3000FFFFFFFFFFFFFFFFFFFFFFFFFFFFFFFF26
:10AA4000FFFFFFFFFFFFFFFFFFFFFFFFFFFFFFFF16
:10AA5000FFFFFFFFFFFFFFFFFFFFFFFFFFFFFFFF06
:10AA6000FFFFFFFFFFFFFFFFFFFFFFFFFFFFFFFFF6
:10AA7000FFFFFFFFFFFFFFFFFFFFFFFFFFFFFFFFE6
:10AA8000FFFFFFFFFFFFFFFFFFFFFFFFFFFFFFFFD6
:10AA9000FFFFFFFFFFFFFFFFFFFFFFFFFFFFFFFFC6
:10AAA000FFFFFFFFFFFFFFFFFFFFFFFFFFFFFFFFB6
:10AAB000FFFFFFFFFFFFFFFFFFFFFFFFFFFFFFFFA6
:10AAC000FFFFFFFFFFFFFFFFFFFFFFFFFFFFFFFF96
:10AAD000FFFFFFFFFFFFFFFFFFFFFFFFFFFFFFFF86
:10AAE000FFFFFFFFFFFFFFFFFFFFFFFFFFFFFFFF76
:10AAF000FFFFFFFFFFFFFFFFFFFFFFFFFFFFFFFF66
:10AB0000FFFFFFFFFFFFFFFFFFFFFFFFFFFFFFFF55
:10AB1000FFFFFFFFFFFFFFFFFFFFFFFFFFFFFFFF45
:10AB2000FFFFFFFFFFFFFFFFFFFFFFFFFFFFFFFF35
:10AB3000FFFFFFFFFFFFFFFFFFFFFFFFFFFFFFFF25
:10AB4000FFFFFFFFFFFFFFFFFFFFFFFFFFFFFFFF15
:10AB5000FFFFFFFFFFFFFFFFFFFFFFFFFFFFFFFF05
:10AB6000FFFFFFFFFFFFFFFFFFFFFFFFFFFFFFFFF5
:10AB7000FFFFFFFFFFFFFFFFFFFFFFFFFFFFFFFFE5
:10AB8000FFFFFFFFFFFFFFFFFFFFFFFFFFFFFFFFD5
:10AB9000FFFFFFFFFFFFFFFFFFFFFFFFFFFFFFFFC5
:10ABA000FFFFFFFFFFFFFFFFFFFFFFFFFFFFFFFFB5
:10ABB000FFFFFFFFFFFFFFFFFFFFFFFFFFFFFFFFA5
:10ABC000FFFFFFFFFFFFFFFFFFFFFFFFFFFFFFFF95
:10ABD000FFFFFFFFFFFFFFFFFFFFFFFFFFFFFFFF85
:10ABE000FFFFFFFFFFFFFFFFFFFFFFFFFFFFFFFF75
:10ABF000FFFFFFFFFFFFFFFFFFFFFFFFFFFFFFFF65
:10AC0000FFFFFFFFFFFFFFFFFFFFFFFFFFFFFFFF54
:10AC1000FFFFFFFFFFFFFFFFFFFFFFFFFFFFFFFF44
:10AC2000FFFFFFFFFFFFFFFFFFFFFFFFFFFFFFFF34
:10AC3000FFFFFFFFFFFFFFFFFFFFFFFFFFFFFFFF24
:10AC4000FFFFFFFFFFFFFFFFFFFFFFFFFFFFFFFF14
:10AC5000FFFFFFFFFFFFFFFFFFFFFFFFFFFFFFFF04
:10AC6000FFFFFFFFFFFFFFFFFFFFFFFFFFFFFFFFF4
:10AC7000FFFFFFFFFFFFFFFFFFFFFFFFFFFFFFFFE4
:10AC8000FFFFFFFFFFFFFFFFFFFFFFFFFFFFFFFFD4
:10AC9000FFFFFFFFFFFFFFFFFFFFFFFFFFFFFFFFC4
:10ACA000FFFFFFFFFFFFFFFFFFFFFFFFFFFFFFFFB4
:10ACB000FFFFFFFFFFFFFFFFFFFFFFFFFFFFFFFFA4
:10ACC000FFFFFFFFFFFFFFFFFFFFFFFFFFFFFFFF94
:10ACD000FFFFFFFFFFFFFFFFFFFFFFFFFFFFFFFF84
:10ACE000FFFFFFFFFFFFFFFFFFFFFFFFFFFFFFFF74
:10ACF000FFFFFFFFFFFFFFFFFFFFFFFFFFFFFFFF64
:10AD0000FFFFFFFFFFFFFFFFFFFFFFFFFFFFFFFF53
:10AD1000FFFFFFFFFFFFFFFFFFFFFFFFFFFFFFFF43
:10AD2000FFFFFFFFFFFFFFFFFFFFFFFFFFFFFFFF33
:10AD3000FFFFFFFFFFFFFFFFFFFFFFFFFFFFFFFF23
:10AD4000FFFFFFFFFFFFFFFFFFFFFFFFFFFFFFFF13
:10AD5000FFFFFFFFFFFFFFFFFFFFFFFFFFFFFFFF03
:10AD6000FFFFFFFFFFFFFFFFFFFFFFFFFFFFFFFFF3
:10AD7000FFFFFFFFFFFFFFFFFFFFFFFFFFFFFFFFE3
:10AD8000FFFFFFFFFFFFFFFFFFFFFFFFFFFFFFFFD3
:10AD9000FFFFFFFFFFFFFFFFFFFFFFFFFFFFFFFFC3
:10ADA000FFFFFFFFFFFFFFFFFFFFFFFFFFFFFFFFB3
:10ADB000FFFFFFFFFFFFFFFFFFFFFFFFFFFFFFFFA3
:10ADC000FFFFFFFFFFFFFFFFFFFFFFFFFFFFFFFF93
:10ADD000FFFFFFFFFFFFFFFFFFFFFFFFFFFFFFFF83
:10ADE000FFFFFFFFFFFFFFFFFFFFFFFFFFFFFFFF73
:10ADF000FFFFFFFFFFFFFFFFFFFFFFFFFFFFFFFF63
:10AE0000FFFFFFFFFFFFFFFFFFFFFFFFFFFFFFFF52
:10AE1000FFFFFFFFFFFFFFFFFFFFFFFFFFFFFFFF42
:10AE2000FFFFFFFFFFFFFFFFFFFFFFFFFFFFFFFF32
:10AE3000FFFFFFFFFFFFFFFFFFFFFFFFFFFFFFFF22
:10AE4000FFFFFFFFFFFFFFFFFFFFFFFFFFFFFFFF12
:10AE5000FFFFFFFFFFFFFFFFFFFFFFFFFFFFFFFF02
:10AE6000FFFFFFFFFFFFFFFFFFFFFFFFFFFFFFFFF2
:10AE7000FFFFFFFFFFFFFFFFFFFFFFFFFFFFFFFFE2
:10AE8000FFFFFFFFFFFFFFFFFFFFFFFFFFFFFFFFD2
:10AE9000FFFFFFFFFFFFFFFFFFFFFFFFFFFFFFFFC2
:10AEA000FFFFFFFFFFFFFFFFFFFFFFFFFFFFFFFFB2
:10AEB000FFFFFFFFFFFFFFFFFFFFFFFFFFFFFFFFA2
:10AEC000FFFFFFFFFFFFFFFFFFFFFFFFFFFFFFFF92
:10AED000FFFFFFFFFFFFFFFFFFFFFFFFFFFFFFFF82
:10AEE000FFFFFFFFFFFFFFFFFFFFFFFFFFFFFFFF72
:10AEF000FFFFFFFFFFFFFFFFFFFFFFFFFFFFFFFF62
:10AF0000FFFFFFFFFFFFFFFFFFFFFFFFFFFFFFFF51
:10AF1000FFFFFFFFFFFFFFFFFFFFFFFFFFFFFFFF41
:10AF2000FFFFFFFFFFFFFFFFFFFFFFFFFFFFFFFF31
:10AF3000FFFFFFFFFFFFFFFFFFFFFFFFFFFFFFFF21
:10AF4000FFFFFFFFFFFFFFFFFFFFFFFFFFFFFFFF11
:10AF5000FFFFFFFFFFFFFFFFFFFFFFFFFFFFFFFF01
:10AF6000FFFFFFFFFFFFFFFFFFFFFFFFFFFFFFFFF1
:10AF7000FFFFFFFFFFFFFFFFFFFFFFFFFFFFFFFFE1
:10AF8000FFFFFFFFFFFFFFFFFFFFFFFFFFFFFFFFD1
:10AF9000FFFFFFFFFFFFFFFFFFFFFFFFFFFFFFFFC1
:10AFA000FFFFFFFFFFFFFFFFFFFFFFFFFFFFFFFFB1
:10AFB000FFFFFFFFFFFFFFFFFFFFFFFFFFFFFFFFA1
:10AFC000FFFFFFFFFFFFFFFFFFFFFFFFFFFFFFFF91
:10AFD000FFFFFFFFFFFFFFFFFFFFFFFFFFFFFFFF81
:10AFE000FFFFFFFFFFFFFFFFFFFFFFFFFFFFFFFF71
:10AFF000FFFFFFFFFFFFFFFFFFFFFFFFFFFFFFFF61
:10B0000044000000000000005000000001000000AB
:10B0100001000000D0070A0002000200000000004A
:10B020000000000000000000000000000000000020
:10B030000000000000000000000000000000000010
:10B040000000000000000000000000000000000000
:10B0500000000000000000000000000000000000F0
:10B0600000000000000000000000000000000000E0
:10B0700000000000000000000000000000000000D0
:10B0800000000000000000000000000000000000C0
:10B0900002000000D00700000A00000002000000CB
:10B0A00070170000E8030000F4010000F401000044
:10B0B0000600000064000000FA000000004B804A17
:10B0C000004A804900498048004880470047804640
:10B0D0000046804500458044004480430043804250
:10B0E00000428041004180400040803F003F803E60
:10B0F000003E803D003D803C003C803B003B803A70
:10B10000003A80390039803800388037003780367F
:10B11000003680350035803400348033003380328F
:10B1200000328031003180300030802F002F802E9F
:10B13000002E802D002D802C002C802B002B802AAF
:10B14000002A8029002980280028802700278026BF
:10B1500000268025002580240024802300238022CF
:10B1600000228021002180200020801F001F801EDF
:10B17000001E801D001D801C001C801B001B801AEF
:10B18000001A8019001980180018801700178016FF
:10B19000001680150015801400148013001380120F
:10B1A00000128011001180100010800F000F800E1F
:10B1B000000E800D000D800C000C800B000B800A2F
:10B1C000000A80090009800800088007000780063F
:10B1D000000680050005800400048003000380024F
:10B1E0000002800100018000000080FF00FF80FE5F
:10B1F00000FE80FD00FD80FC00FC80FB00FB80FA6F
:10B2000000FA80F900F980F800F880F700F780F67E
:10B2100000F680F500F580F400F480F300F380F28E
:10B2200000F280F100F180F000F080EF00EF80EE9E
:10B2300000EE80ED00ED80EC00EC00004E0776079C
:10B24000A007CB07F607230851088008B108E208D9
:10B25000160949097F09B509EE09270A630AA00AF8
:10B26000DE0A1E0B610BA30BE70B2D0C750CBF0C3C
:10B270000B0D590DA90DFB0D4F0EA40EFB0E550F16
:10B28000B10F0F107010D3103A11A3110F127A12D0
:10B29000E7125713CA134014B9143615B6153A16E7
:10B2A000C0164B17D8176918F91894192D1AD11A06
:10B2B000731B1F1CCA1C7E1D311EED1EAD1F70208E
:10B2C0003D210C22DF22B62399247A2563265427B8
:10B2D0004B284529462A532B612C792D982EB82FBF
:10B2E000E13014324C338D34D23523377838D839A5
:10B2F0003E3BAB3C223E9F3F2841B5424E44ED458C
:10B3000097474649014BC14C8B4E5B5038521854FD
:10B310000656FA57F659FB5B095E1C6038625964A1
:10B320008366B568EE6A2D6D756FC37116746F769E
:10B33000CB782E7B957D00807382DD845C87CF89FE
:10B34000458CC78E3A91B5932C96A698229B9D9DCD
:10B3500015A092A2FEA46BA7D5A93BAC9AAEF7B0FC
:10B360004FB3A0B5E8B726BA0FBC94BEBAC0D8C2D6
:10B37000EFC4FCC6FEC8FACAEACCCFCEACD079D2B4
:10B380003BD4F3D5A1D744D9DBDA68DCEADD60DF52
:10B39000CCE029E27CE3C4E401E635E75DE87CE942
:10B3A0008FEA9AEB9BEC8EED7AEE5BEF35F005F1D0
:10B3B000CDF18CF245F3F4F39DF40000004B804A8C
:10B3C000004A80490049804800488047004780463D
:10B3D000004680450045804400448043004380424D
:10B3E00000428041004180400040803F003F803E5D
:10B3F000003E803D003D803C003C803B003B803A6D
:10B40000003A80390039803800388037003780367C
:10B41000003680350035803400348033003380328C
:10B4200000328031003180300030802F002F802E9C
:10B43000002E802D002D802C002C802B002B802AAC
:10B44000002A8029002980280028802700278026BC
:10B4500000268025002580240024802300238022CC
:10B4600000228021002180200020801F001F801EDC
:10B47000001E801D001D801C001C801B001B801AEC
:10B48000001A8019001980180018801700178016FC
:10B49000001680150015801400148013001380120C
:10B4A00000128011001180100010800F000F800E1C
:10B4B000000E800D000D800C000C800B000B800A2C
:10B4C000000A80090009800800088007000780063C
:10B4D000000680050005800400048003000380024C
:10B4E0000002800100018000000080FF00FF80FE5C
:10B4F00000FE80FD00FD80FC00FC80FB00FB80FA6C
:10B5000000FA80F900F980F800F880F700F780F67B
:10B5100000F680F500F580F400F480F300F380F28B
:10B5200000F280F100F180F000F080EF00EF80EE9B
:10B5300000EE80ED00ED80EC00EC0000570471049B
:10B540008C04A804C504E204010521054105620537
:10B550008405A705CB05F10517063F066806910689
:10B56000BC06E806160745077507A707DA070E08A1
:10B5700044087C08B508F0082C096A09AA09EB09F7
:10B580002F0A730ABA0A030B4E0B9B0BE90B3A0CFA
:10B590008D0CE20C390D920DEE0D4B0EAB0E0D0F16
:10B5A000710FED0F6D10F010781103129212261327
:10B5B000BE135B14FC14A2154D16FC16B1176A18C5
:10B5C0002A19EE19B81A881B5F1C3B1D1D1E051F8A
:10B5D000F41FEA20E721EA22F52307252126422746
:10B5E0006B289D29D62A182C622DB62E1230773161
:10B5F000E6325E34DF356B370139A13A4B3C003E11
:10B60000C03F8A41604341452D472549274B364D70
:10B61000514F7851AA53E95533588A5AEC5C5B5F15
:10B62000D5615C64EE668C69356CEA6EA9717374E1
:10B630004877267A0F7D0080CC829D856F88448B69
:10B640001A8EF090C59399966A993A9C059FCDA160
:10B650008FA44BA701AAB0AC57AFF5B18AB416B707
:10B6600096B90DBC78BED7C02AC367C598C7BDC9F7
:10B67000D4CBDFCDDDCFCDD1B1D387D550D70CD949
:10B68000BBDA5DDCF2DD7BDFF7E066E2C9E320E5F3
:10B690006AE6A9E7DDE805EA22EB35EC3CED3AEE97
:10B6A0002CEF16F0F5F0CBF198F25CF318F4CBF434
:10B6B00076F519F6B4F648F7D5F79C630200E8036F
:10B6C000B40032001E001400CD0C9A199A9966E657
:10B6D000F222F222F2222B170080008000800080EC
:10B6E00004000000FFFFFFFFFFFFFFFFFFFFFFFF62
:10B6F000FFFFFFFFFFFFFFFFFFFFFFFFFFFFFFFF5A
:10B70000FFFFFFFFFFFFFFFFFFFFFFFFFFFFFFFF49
:10B71000FFFFFFFFFFFFFFFFFFFFFFFFFFFFFFFF39
:10B72000FFFFFFFFFFFFFFFFFFFFFFFFFFFFFFFF29
:10B73000FFFFFFFFFFFFFFFFFFFFFFFFFFFFFFFF19
:10B74000FFFFFFFFFFFFFFFFFFFFFFFFFFFFFFFF09
:10B75000FFFFFFFFFFFFFFFFFFFFFFFFFFFFFFFFF9
:10B76000FFFFFFFFFFFFFFFFFFFFFFFFFFFFFFFFE9
:10B77000FFFFFFFFFFFFFFFFFFFFFFFFFFFFFFFFD9
:10B78000FFFFFFFFFFFFFFFFFFFFFFFFFFFFFFFFC9
:10B79000FFFFFFFFFFFFFFFFFFFFFFFFFFFFFFFFB9
:10B7A000FFFFFFFFFFFFFFFFFFFFFFFFFFFFFFFFA9
:10B7B000FFFFFFFFFFFFFFFFFFFFFFFFFFFFFFFF99
:10B7C000FFFFFFFFFFFFFFFFFFFFFFFFFFFFFFFF89
:10B7D000FFFFFFFFFFFFFFFFFFFFFFFFFFFFFFFF79
:10B7E000FFFFFFFFFFFFFFFFFFFFFFFFFFFFFFFF69
:10B7F000FFFFFFFFFFFFFFFFFFFFFFFFFFFFFFFF59
:10B80000FFFFFFFFFFFFFFFFFFFFFFFFFFFFFFFF48
:10B81000FFFFFFFFFFFFFFFFFFFFFFFFFFFFFFFF38
:10B82000FFFFFFFFFFFFFFFFFFFFFFFFFFFFFFFF28
:10B83000FFFFFFFFFFFFFFFFFFFFFFFFFFFFFFFF18
:10B84000FFFFFFFFFFFFFFFFFFFFFFFFFFFFFFFF08
:10B85000FFFFFFFFFFFFFFFFFFFFFFFFFFFFFFFFF8
:10B86000FFFFFFFFFFFFFFFFFFFFFFFFFFFFFFFFE8
:10B87000FFFFFFFFFFFFFFFFFFFFFFFFFFFFFFFFD8
:10B88000FFFFFFFFFFFFFFFFFFFFFFFFFFFFFFFFC8
:10B89000FFFFFFFFFFFFFFFFFFFFFFFFFFFFFFFFB8
:10B8A000FFFFFFFFFFFFFFFFFFFFFFFFFFFFFFFFA8
:10B8B000FFFFFFFFFFFFFFFFFFFFFFFFFFFFFFFF98
:10B8C000FFFFFFFFFFFFFFFFFFFFFFFFFFFFFFFF88
:10B8D000FFFFFFFFFFFFFFFFFFFFFFFFFFFFFFFF78
:10B8E000FFFFFFFFFFFFFFFFFFFFFFFFFFFFFFFF68
:10B8F000FFFFFFFFFFFFFFFFFFFFFFFFFFFFFFFF58
:10B90000FFFFFFFFFFFFFFFFFFFFFFFFFFFFFFFF47
:10B91000FFFFFFFFFFFFFFFFFFFFFFFFFFFFFFFF37
:10B92000FFFFFFFFFFFFFFFFFFFFFFFFFFFFFFFF27
:10B93000FFFFFFFFFFFFFFFFFFFFFFFFFFFFFFFF17
:10B94000FFFFFFFFFFFFFFFFFFFFFFFFFFFFFFFF07
:10B95000FFFFFFFFFFFFFFFFFFFFFFFFFFFFFFFFF7
:10B96000FFFFFFFFFFFFFFFFFFFFFFFFFFFFFFFFE7
:10B97000FFFFFFFFFFFFFFFFFFFFFFFFFFFFFFFFD7
:10B98000FFFFFFFFFFFFFFFFFFFFFFFFFFFFFFFFC7
:10B99000FFFFFFFFFFFFFFFFFFFFFFFFFFFFFFFFB7
:10B9A000FFFFFFFFFFFFFFFFFFFFFFFFFFFFFFFFA7
:10B9B000FFFFFFFFFFFFFFFFFFFFFFFFFFFFFFFF97
:10B9C000FFFFFFFFFFFFFFFFFFFFFFFFFFFFFFFF87
:10B9D000FFFFFFFFFFFFFFFFFFFFFFFFFFFFFFFF77
:10B9E000FFFFFFFFFFFFFFFFFFFFFFFFFFFFFFFF67
:10B9F000FFFFFFFFFFFFFFFFFFFFFFFFFFFFFFFF57
:10BA0000FFFFFFFFFFFFFFFFFFFFFFFFFFFFFFFF46
:10BA1000FFFFFFFFFFFFFFFFFFFFFFFFFFFFFFFF36
:10BA2000FFFFFFFFFFFFFFFFFFFFFFFFFFFFFFFF26
:10BA3000FFFFFFFFFFFFFFFFFFFFFFFFFFFFFFFF16
:10BA4000FFFFFFFFFFFFFFFFFFFFFFFFFFFFFFFF06
:10BA5000FFFFFFFFFFFFFFFFFFFFFFFFFFFFFFFFF6
:10BA6000FFFFFFFFFFFFFFFFFFFFFFFFFFFFFFFFE6
:10BA7000FFFFFFFFFFFFFFFFFFFFFFFFFFFFFFFFD6
:10BA8000FFFFFFFFFFFFFFFFFFFFFFFFFFFFFFFFC6
:10BA9000FFFFFFFFFFFFFFFFFFFFFFFFFFFFFFFFB6
:10BAA000FFFFFFFFFFFFFFFFFFFFFFFFFFFFFFFFA6
:10BAB000FFFFFFFFFFFFFFFFFFFFFFFFFFFFFFFF96
:10BAC000FFFFFFFFFFFFFFFFFFFFFFFFFFFFFFFF86
:10BAD000FFFFFFFFFFFFFFFFFFFFFFFFFFFFFFFF76
:10BAE000FFFFFFFFFFFFFFFFFFFFFFFFFFFFFFFF66
:10BAF000FFFFFFFFFFFFFFFFFFFFFFFFFFFFFFFF56
:10BB0000FFFFFFFFFFFFFFFFFFFFFFFFFFFFFFFF45
:10BB1000FFFFFFFFFFFFFFFFFFFFFFFFFFFFFFFF35
:10BB2000FFFFFFFFFFFFFFFFFFFFFFFFFFFFFFFF25
:10BB3000FFFFFFFFFFFFFFFFFFFFFFFFFFFFFFFF15
:10BB4000FFFFFFFFFFFFFFFFFFFFFFFFFFFFFFFF05
:10BB5000FFFFFFFFFFFFFFFFFFFFFFFFFFFFFFFFF5
:10BB6000FFFFFFFFFFFFFFFFFFFFFFFFFFFFFFFFE5
:10BB7000FFFFFFFFFFFFFFFFFFFFFFFFFFFFFFFFD5
:10BB8000FFFFFFFFFFFFFFFFFFFFFFFFFFFFFFFFC5
:10BB9000FFFFFFFFFFFFFFFFFFFFFFFFFFFFFFFFB5
:10BBA000FFFFFFFFFFFFFFFFFFFFFFFFFFFFFFFFA5
:10BBB000FFFFFFFFFFFFFFFFFFFFFFFFFFFFFFFF95
:10BBC000FFFFFFFFFFFFFFFFFFFFFFFFFFFFFFFF85
:10BBD000FFFFFFFFFFFFFFFFFFFFFFFFFFFFFFFF75
:10BBE000FFFFFFFFFFFFFFFFFFFFFFFFFFFFFFFF65
:10BBF000FFFFFFFFFFFFFFFFFFFFFFFFFFFFFFFF55
:10BC0000FFFFFFFFFFFFFFFFFFFFFFFFFFFFFFFF44
:10BC1000FFFFFFFFFFFFFFFFFFFFFFFFFFFFFFFF34
:10BC2000FFFFFFFFFFFFFFFFFFFFFFFFFFFFFFFF24
:10BC3000FFFFFFFFFFFFFFFFFFFFFFFFFFFFFFFF14
:10BC4000FFFFFFFFFFFFFFFFFFFFFFFFFFFFFFFF04
:10BC5000FFFFFFFFFFFFFFFFFFFFFFFFFFFFFFFFF4
:10BC6000FFFFFFFFFFFFFFFFFFFFFFFFFFFFFFFFE4
:10BC7000FFFFFFFFFFFFFFFFFFFFFFFFFFFFFFFFD4
:10BC8000FFFFFFFFFFFFFFFFFFFFFFFFFFFFFFFFC4
:10BC9000FFFFFFFFFFFFFFFFFFFFFFFFFFFFFFFFB4
:10BCA000FFFFFFFFFFFFFFFFFFFFFFFFFFFFFFFFA4
:10BCB000FFFFFFFFFFFFFFFFFFFFFFFFFFFFFFFF94
:10BCC000FFFFFFFFFFFFFFFFFFFFFFFFFFFFFFFF84
:10BCD000FFFFFFFFFFFFFFFFFFFFFFFFFFFFFFFF74
:10BCE000FFFFFFFFFFFFFFFFFFFFFFFFFFFFFFFF64
:10BCF000FFFFFFFFFFFFFFFFFFFFFFFFFFFFFFFF54
:10BD0000FFFFFFFFFFFFFFFFFFFFFFFFFFFFFFFF43
:10BD1000FFFFFFFFFFFFFFFFFFFFFFFFFFFFFFFF33
:10BD2000FFFFFFFFFFFFFFFFFFFFFFFFFFFFFFFF23
:10BD3000FFFFFFFFFFFFFFFFFFFFFFFFFFFFFFFF13
:10BD4000FFFFFFFFFFFFFFFFFFFFFFFFFFFFFFFF03
:10BD5000FFFFFFFFFFFFFFFFFFFFFFFFFFFFFFFFF3
:10BD6000FFFFFFFFFFFFFFFFFFFFFFFFFFFFFFFFE3
:10BD7000FFFFFFFFFFFFFFFFFFFFFFFFFFFFFFFFD3
:10BD8000FFFFFFFFFFFFFFFFFFFFFFFFFFFFFFFFC3
:10BD9000FFFFFFFFFFFFFFFFFFFFFFFFFFFFFFFFB3
:10BDA000FFFFFFFFFFFFFFFFFFFFFFFFFFFFFFFFA3
:10BDB000FFFFFFFFFFFFFFFFFFFFFFFFFFFFFFFF93
:10BDC000FFFFFFFFFFFFFFFFFFFFFFFFFFFFFFFF83
:10BDD000FFFFFFFFFFFFFFFFFFFFFFFFFFFFFFFF73
:10BDE000FFFFFFFFFFFFFFFFFFFFFFFFFFFFFFFF63
:10BDF000FFFFFFFFFFFFFFFFFFFFFFFFFFFFFFFF53
:10BE0000FFFFFFFFFFFFFFFFFFFFFFFFFFFFFFFF42
:10BE1000FFFFFFFFFFFFFFFFFFFFFFFFFFFFFFFF32
:10BE2000FFFFFFFFFFFFFFFFFFFFFFFFFFFFFFFF22
:10BE3000FFFFFFFFFFFFFFFFFFFFFFFFFFFFFFFF12
:10BE4000FFFFFFFFFFFFFFFFFFFFFFFFFFFFFFFF02
:10BE5000FFFFFFFFFFFFFFFFFFFFFFFFFFFFFFFFF2
:10BE6000FFFFFFFFFFFFFFFFFFFFFFFFFFFFFFFFE2
:10BE7000FFFFFFFFFFFFFFFFFFFFFFFFFFFFFFFFD2
:10BE8000FFFFFFFFFFFFFFFFFFFFFFFFFFFFFFFFC2
:10BE9000FFFFFFFFFFFFFFFFFFFFFFFFFFFFFFFFB2
:10BEA000FFFFFFFFFFFFFFFFFFFFFFFFFFFFFFFFA2
:10BEB000FFFFFFFFFFFFFFFFFFFFFFFFFFFFFFFF92
:10BEC000FFFFFFFFFFFFFFFFFFFFFFFFFFFFFFFF82
:10BED000FFFFFFFFFFFFFFFFFFFFFFFFFFFFFFFF72
:10BEE000FFFFFFFFFFFFFFFFFFFFFFFFFFFFFFFF62
:10BEF000FFFFFFFFFFFFFFFFFFFFFFFFFFFFFFFF52
:10BF0000FFFFFFFFFFFFFFFFFFFFFFFFFFFFFFFF41
:10BF1000FFFFFFFFFFFFFFFFFFFFFFFFFFFFFFFF31
:10BF2000FFFFFFFFFFFFFFFFFFFFFFFFFFFFFFFF21
:10BF3000FFFFFFFFFFFFFFFFFFFFFFFFFFFFFFFF11
:10BF4000FFFFFFFFFFFFFFFFFFFFFFFFFFFFFFFF01
:10BF5000FFFFFFFFFFFFFFFFFFFFFFFFFFFFFFFFF1
:10BF6000FFFFFFFFFFFFFFFFFFFFFFFFFFFFFFFFE1
:10BF7000FFFFFFFFFFFFFFFFFFFFFFFFFFFFFFFFD1
:10BF8000FFFFFFFFFFFFFFFFFFFFFFFFFFFFFFFFC1
:10BF9000FFFFFFFFFFFFFFFFFFFFFFFFFFFFFFFFB1
:10BFA000FFFFFFFFFFFFFFFFFFFFFFFFFFFFFFFFA1
:10BFB000FFFFFFFFFFFFFFFFFFFFFFFFFFFFFFFF91
:10BFC000FFFFFFFFFFFFFFFFFFFFFFFFFFFFFFFF81
:10BFD000FFFFFFFFFFFFFFFFFFFFFFFFFFFFFFFF71
:10BFE000FFFFFFFFFFFFFFFFFFFFFFFFFFFFFFFF61
:10BFF000FFFFFFFFFFFFFFFFFFFFFFFFFFFFFFFF51
:10C00000FFFFFFFFFFFFFFFFFFFFFFFFFFFFFFFF40
:10C01000FFFFFFFFFFFFFFFFFFFFFFFFFFFFFFFF30
:10C02000FFFFFFFFFFFFFFFFFFFFFFFFFFFFFFFF20
:10C03000FFFFFFFFFFFFFFFFFFFFFFFFFFFFFFFF10
:10C04000FFFFFFFFFFFFFFFFFFFFFFFFFFFFFFFF00
:10C05000FFFFFFFFFFFFFFFFFFFFFFFFFFFFFFFFF0
:10C06000FFFFFFFFFFFFFFFFFFFFFFFFFFFFFFFFE0
:10C07000FFFFFFFFFFFFFFFFFFFFFFFFFFFFFFFFD0
:10C08000FFFFFFFFFFFFFFFFFFFFFFFFFFFFFFFFC0
:10C09000FFFFFFFFFFFFFFFFFFFFFFFFFFFFFFFFB0
:10C0A000FFFFFFFFFFFFFFFFFFFFFFFFFFFFFFFFA0
:10C0B000FFFFFFFFFFFFFFFFFFFFFFFFFFFFFFFF90
:10C0C000FFFFFFFFFFFFFFFFFFFFFFFFFFFFFFFF80
:10C0D000FFFFFFFFFFFFFFFFFFFFFFFFFFFFFFFF70
:10C0E000FFFFFFFFFFFFFFFFFFFFFFFFFFFFFFFF60
:10C0F000FFFFFFFFFFFFFFFFFFFFFFFFFFFFFFFF50
:10C10000FFFFFFFFFFFFFFFFFFFFFFFFFFFFFFFF3F
:10C11000FFFFFFFFFFFFFFFFFFFFFFFFFFFFFFFF2F
:10C12000FFFFFFFFFFFFFFFFFFFFFFFFFFFFFFFF1F
:10C13000FFFFFFFFFFFFFFFFFFFFFFFFFFFFFFFF0F
:10C14000FFFFFFFFFFFFFFFFFFFFFFFFFFFFFFFFFF
:10C15000FFFFFFFFFFFFFFFFFFFFFFFFFFFFFFFFEF
:10C16000FFFFFFFFFFFFFFFFFFFFFFFFFFFFFFFFDF
:10C17000FFFFFFFFFFFFFFFFFFFFFFFFFFFFFFFFCF
:10C18000FFFFFFFFFFFFFFFFFFFFFFFFFFFFFFFFBF
:10C19000FFFFFFFFFFFFFFFFFFFFFFFFFFFFFFFFAF
:10C1A000FFFFFFFFFFFFFFFFFFFFFFFFFFFFFFFF9F
:10C1B000FFFFFFFFFFFFFFFFFFFFFFFFFFFFFFFF8F
:10C1C000FFFFFFFFFFFFFFFFFFFFFFFFFFFFFFFF7F
:10C1D000FFFFFFFFFFFFFFFFFFFFFFFFFFFFFFFF6F
:10C1E000FFFFFFFFFFFFFFFFFFFFFFFFFFFFFFFF5F
:10C1F000FFFFFFFFFFFFFFFFFFFFFFFFFFFFFFFF4F
:10C20000FFFFFFFFFFFFFFFFFFFFFFFFFFFFFFFF3E
:10C21000FFFFFFFFFFFFFFFFFFFFFFFFFFFFFFFF2E
:10C22000FFFFFFFFFFFFFFFFFFFFFFFFFFFFFFFF1E
:10C23000FFFFFFFFFFFFFFFFFFFFFFFFFFFFFFFF0E
:10C24000FFFFFFFFFFFFFFFFFFFFFFFFFFFFFFFFFE
:10C25000FFFFFFFFFFFFFFFFFFFFFFFFFFFFFFFFEE
:10C26000FFFFFFFFFFFFFFFFFFFFFFFFFFFFFFFFDE
:10C27000FFFFFFFFFFFFFFFFFFFFFFFFFFFFFFFFCE
:10C28000FFFFFFFFFFFFFFFFFFFFFFFFFFFFFFFFBE
:10C29000FFFFFFFFFFFFFFFFFFFFFFFFFFFFFFFFAE
:10C2A000FFFFFFFFFFFFFFFFFFFFFFFFFFFFFFFF9E
:10C2B000FFFFFFFFFFFFFFFFFFFFFFFFFFFFFFFF8E
:10C2C000FFFFFFFFFFFFFFFFFFFFFFFFFFFFFFFF7E
:10C2D000FFFFFFFFFFFFFFFFFFFFFFFFFFFFFFFF6E
:10C2E000FFFFFFFFFFFFFFFFFFFFFFFFFFFFFFFF5E
:10C2F000FFFFFFFFFFFFFFFFFFFFFFFFFFFFFFFF4E
:10C30000FFFFFFFFFFFFFFFFFFFFFFFFFFFFFFFF3D
:10C31000FFFFFFFFFFFFFFFFFFFFFFFFFFFFFFFF2D
:10C32000FFFFFFFFFFFFFFFFFFFFFFFFFFFFFFFF1D
:10C33000FFFFFFFFFFFFFFFFFFFFFFFFFFFFFFFF0D
:10C34000FFFFFFFFFFFFFFFFFFFFFFFFFFFFFFFFFD
:10C35000FFFFFFFFFFFFFFFFFFFFFFFFFFFFFFFFED
:10C36000FFFFFFFFFFFFFFFFFFFFFFFFFFFFFFFFDD
:10C37000FFFFFFFFFFFFFFFFFFFFFFFFFFFFFFFFCD
:10C38000FFFFFFFFFFFFFFFFFFFFFFFFFFFFFFFFBD
:10C39000FFFFFFFFFFFFFFFFFFFFFFFFFFFFFFFFAD
:10C3A000FFFFFFFFFFFFFFFFFFFFFFFFFFFFFFFF9D
:10C3B000FFFFFFFFFFFFFFFFFFFFFFFFFFFFFFFF8D
:10C3C000FFFFFFFFFFFFFFFFFFFFFFFFFFFFFFFF7D
:10C3D000FFFFFFFFFFFFFFFFFFFFFFFFFFFFFFFF6D
:10C3E000FFFFFFFFFFFFFFFFFFFFFFFFFFFFFFFF5D
:10C3F000FFFFFFFFFFFFFFFFFFFFFFFFFFFFFFFF4D
:10C40000FFFFFFFFFFFFFFFFFFFFFFFFFFFFFFFF3C
:10C41000FFFFFFFFFFFFFFFFFFFFFFFFFFFFFFFF2C
:10C42000FFFFFFFFFFFFFFFFFFFFFFFFFFFFFFFF1C
:10C43000FFFFFFFFFFFFFFFFFFFFFFFFFFFFFFFF0C
:10C44000FFFFFFFFFFFFFFFFFFFFFFFFFFFFFFFFFC
:10C45000FFFFFFFFFFFFFFFFFFFFFFFFFFFFFFFFEC
:10C46000FFFFFFFFFFFFFFFFFFFFFFFFFFFFFFFFDC
:10C47000FFFFFFFFFFFFFFFFFFFFFFFFFFFFFFFFCC
:10C48000FFFFFFFFFFFFFFFFFFFFFFFFFFFFFFFFBC
:10C49000FFFFFFFFFFFFFFFFFFFFFFFFFFFFFFFFAC
:10C4A000FFFFFFFFFFFFFFFFFFFFFFFFFFFFFFFF9C
:10C4B000FFFFFFFFFFFFFFFFFFFFFFFFFFFFFFFF8C
:10C4C000FFFFFFFFFFFFFFFFFFFFFFFFFFFFFFFF7C
:10C4D000FFFFFFFFFFFFFFFFFFFFFFFFFFFFFFFF6C
:10C4E000FFFFFFFFFFFFFFFFFFFFFFFFFFFFFFFF5C
:10C4F000FFFFFFFFFFFFFFFFFFFFFFFFFFFFFFFF4C
:10C50000FFFFFFFFFFFFFFFFFFFFFFFFFFFFFFFF3B
:10C51000FFFFFFFFFFFFFFFFFFFFFFFFFFFFFFFF2B
:10C52000FFFFFFFFFFFFFFFFFFFFFFFFFFFFFFFF1B
:10C53000FFFFFFFFFFFFFFFFFFFFFFFFFFFFFFFF0B
:10C54000FFFFFFFFFFFFFFFFFFFFFFFFFFFFFFFFFB
:10C55000FFFFFFFFFFFFFFFFFFFFFFFFFFFFFFFFEB
:10C56000FFFFFFFFFFFFFFFFFFFFFFFFFFFFFFFFDB
:10C57000FFFFFFFFFFFFFFFFFFFFFFFFFFFFFFFFCB
:10C58000FFFFFFFFFFFFFFFFFFFFFFFFFFFFFFFFBB
:10C59000FFFFFFFFFFFFFFFFFFFFFFFFFFFFFFFFAB
:10C5A000FFFFFFFFFFFFFFFFFFFFFFFFFFFFFFFF9B
:10C5B000FFFFFFFFFFFFFFFFFFFFFFFFFFFFFFFF8B
:10C5C000FFFFFFFFFFFFFFFFFFFFFFFFFFFFFFFF7B
:10C5D000FFFFFFFFFFFFFFFFFFFFFFFFFFFFFFFF6B
:10C5E000FFFFFFFFFFFFFFFFFFFFFFFFFFFFFFFF5B
:10C5F000FFFFFFFFFFFFFFFFFFFFFFFFFFFFFFFF4B
:10C60000FFFFFFFFFFFFFFFFFFFFFFFFFFFFFFFF3A
:10C61000FFFFFFFFFFFFFFFFFFFFFFFFFFFFFFFF2A
:10C62000FFFFFFFFFFFFFFFFFFFFFFFFFFFFFFFF1A
:10C63000FFFFFFFFFFFFFFFFFFFFFFFFFFFFFFFF0A
:10C64000FFFFFFFFFFFFFFFFFFFFFFFFFFFFFFFFFA
:10C65000FFFFFFFFFFFFFFFFFFFFFFFFFFFFFFFFEA
:10C66000FFFFFFFFFFFFFFFFFFFFFFFFFFFFFFFFDA
:10C67000FFFFFFFFFFFFFFFFFFFFFFFFFFFFFFFFCA
:10C68000FFFFFFFFFFFFFFFFFFFFFFFFFFFFFFFFBA
:10C69000FFFFFFFFFFFFFFFFFFFFFFFFFFFFFFFFAA
:10C6A000FFFFFFFFFFFFFFFFFFFFFFFFFFFFFFFF9A
:10C6B000FFFFFFFFFFFFFFFFFFFFFFFFFFFFFFFF8A
:10C6C000FFFFFFFFFFFFFFFFFFFFFFFFFFFFFFFF7A
:10C6D000FFFFFFFFFFFFFFFFFFFFFFFFFFFFFFFF6A
:10C6E000FFFFFFFFFFFFFFFFFFFFFFFFFFFFFFFF5A
:10C6F000FFFFFFFFFFFFFFFFFFFFFFFFFFFFFFFF4A
:10C70000FFFFFFFFFFFFFFFFFFFFFFFFFFFFFFFF39
:10C71000FFFFFFFFFFFFFFFFFFFFFFFFFFFFFFFF29
:10C72000FFFFFFFFFFFFFFFFFFFFFFFFFFFFFFFF19
:10C73000FFFFFFFFFFFFFFFFFFFFFFFFFFFFFFFF09
:10C74000FFFFFFFFFFFFFFFFFFFFFFFFFFFFFFFFF9
:10C75000FFFFFFFFFFFFFFFFFFFFFFFFFFFFFFFFE9
:10C76000FFFFFFFFFFFFFFFFFFFFFFFFFFFFFFFFD9
:10C77000FFFFFFFFFFFFFFFFFFFFFFFFFFFFFFFFC9
:10C78000FFFFFFFFFFFFFFFFFFFFFFFFFFFFFFFFB9
:10C79000FFFFFFFFFFFFFFFFFFFFFFFFFFFFFFFFA9
:10C7A000FFFFFFFFFFFFFFFFFFFFFFFFFFFFFFFF99
:10C7B000FFFFFFFFFFFFFFFFFFFFFFFFFFFFFFFF89
:10C7C000FFFFFFFFFFFFFFFFFFFFFFFFFFFFFFFF79
:10C7D000FFFFFFFFFFFFFFFFFFFFFFFFFFFFFFFF69
:10C7E000FFFFFFFFFFFFFFFFFFFFFFFFFFFFFFFF59
:10C7F000FFFFFFFFFFFFFFFFFFFFFFFFFFFFFFFF49
:10C80000FFFFFFFFFFFFFFFFFFFFFFFFFFFFFFFF38
:10C81000FFFFFFFFFFFFFFFFFFFFFFFFFFFFFFFF28
:10C82000FFFFFFFFFFFFFFFFFFFFFFFFFFFFFFFF18
:10C83000FFFFFFFFFFFFFFFFFFFFFFFFFFFFFFFF08
:10C84000FFFFFFFFFFFFFFFFFFFFFFFFFFFFFFFFF8
:10C85000FFFFFFFFFFFFFFFFFFFFFFFFFFFFFFFFE8
:10C86000FFFFFFFFFFFFFFFFFFFFFFFFFFFFFFFFD8
:10C87000FFFFFFFFFFFFFFFFFFFFFFFFFFFFFFFFC8
:10C88000FFFFFFFFFFFFFFFFFFFFFFFFFFFFFFFFB8
:10C89000FFFFFFFFFFFFFFFFFFFFFFFFFFFFFFFFA8
:10C8A000FFFFFFFFFFFFFFFFFFFFFFFFFFFFFFFF98
:10C8B000FFFFFFFFFFFFFFFFFFFFFFFFFFFFFFFF88
:10C8C000FFFFFFFFFFFFFFFFFFFFFFFFFFFFFFFF78
:10C8D000FFFFFFFFFFFFFFFFFFFFFFFFFFFFFFFF68
:10C8E000FFFFFFFFFFFFFFFFFFFFFFFFFFFFFFFF58
:10C8F000FFFFFFFFFFFFFFFFFFFFFFFFFFFFFFFF48
:10C90000FFFFFFFFFFFFFFFFFFFFFFFFFFFFFFFF37
:10C91000FFFFFFFFFFFFFFFFFFFFFFFFFFFFFFFF27
:10C92000FFFFFFFFFFFFFFFFFFFFFFFFFFFFFFFF17
:10C93000FFFFFFFFFFFFFFFFFFFFFFFFFFFFFFFF07
:10C94000FFFFFFFFFFFFFFFFFFFFFFFFFFFFFFFFF7
:10C95000FFFFFFFFFFFFFFFFFFFFFFFFFFFFFFFFE7
:10C96000FFFFFFFFFFFFFFFFFFFFFFFFFFFFFFFFD7
:10C97000FFFFFFFFFFFFFFFFFFFFFFFFFFFFFFFFC7
:10C98000FFFFFFFFFFFFFFFFFFFFFFFFFFFFFFFFB7
:10C99000FFFFFFFFFFFFFFFFFFFFFFFFFFFFFFFFA7
:10C9A000FFFFFFFFFFFFFFFFFFFFFFFFFFFFFFFF97
:10C9B000FFFFFFFFFFFFFFFFFFFFFFFFFFFFFFFF87
:10C9C000FFFFFFFFFFFFFFFFFFFFFFFFFFFFFFFF77
:10C9D000FFFFFFFFFFFFFFFFFFFFFFFFFFFFFFFF67
:10C9E000FFFFFFFFFFFFFFFFFFFFFFFFFFFFFFFF57
:10C9F000FFFFFFFFFFFFFFFFFFFFFFFFFFFFFFFF47
:10CA0000FFFFFFFFFFFFFFFFFFFFFFFFFFFFFFFF36
:10CA1000FFFFFFFFFFFFFFFFFFFFFFFFFFFFFFFF26
:10CA2000FFFFFFFFFFFFFFFFFFFFFFFFFFFFFFFF16
:10CA3000FFFFFFFFFFFFFFFFFFFFFFFFFFFFFFFF06
:10CA4000FFFFFFFFFFFFFFFFFFFFFFFFFFFFFFFFF6
:10CA5000FFFFFFFFFFFFFFFFFFFFFFFFFFFFFFFFE6
:10CA6000FFFFFFFFFFFFFFFFFFFFFFFFFFFFFFFFD6
:10CA7000FFFFFFFFFFFFFFFFFFFFFFFFFFFFFFFFC6
:10CA8000FFFFFFFFFFFFFFFFFFFFFFFFFFFFFFFFB6
:10CA9000FFFFFFFFFFFFFFFFFFFFFFFFFFFFFFFFA6
:10CAA000FFFFFFFFFFFFFFFFFFFFFFFFFFFFFFFF96
:10CAB000FFFFFFFFFFFFFFFFFFFFFFFFFFFFFFFF86
:10CAC000FFFFFFFFFFFFFFFFFFFFFFFFFFFFFFFF76
:10CAD000FFFFFFFFFFFFFFFFFFFFFFFFFFFFFFFF66
:10CAE000FFFFFFFFFFFFFFFFFFFFFFFFFFFFFFFF56
:10CAF000FFFFFFFFFFFFFFFFFFFFFFFFFFFFFFFF46
:10CB0000FFFFFFFFFFFFFFFFFFFFFFFFFFFFFFFF35
:10CB1000FFFFFFFFFFFFFFFFFFFFFFFFFFFFFFFF25
:10CB2000FFFFFFFFFFFFFFFFFFFFFFFFFFFFFFFF15
:10CB3000FFFFFFFFFFFFFFFFFFFFFFFFFFFFFFFF05
:10CB4000FFFFFFFFFFFFFFFFFFFFFFFFFFFFFFFFF5
:10CB5000FFFFFFFFFFFFFFFFFFFFFFFFFFFFFFFFE5
:10CB6000FFFFFFFFFFFFFFFFFFFFFFFFFFFFFFFFD5
:10CB7000FFFFFFFFFFFFFFFFFFFFFFFFFFFFFFFFC5
:10CB8000FFFFFFFFFFFFFFFFFFFFFFFFFFFFFFFFB5
:10CB9000FFFFFFFFFFFFFFFFFFFFFFFFFFFFFFFFA5
:10CBA000FFFFFFFFFFFFFFFFFFFFFFFFFFFFFFFF95
:10CBB000FFFFFFFFFFFFFFFFFFFFFFFFFFFFFFFF85
:10CBC000FFFFFFFFFFFFFFFFFFFFFFFFFFFFFFFF75
:10CBD000FFFFFFFFFFFFFFFFFFFFFFFFFFFFFFFF65
:10CBE000FFFFFFFFFFFFFFFFFFFFFFFFFFFFFFFF55
:10CBF000FFFFFFFFFFFFFFFFFFFFFFFFFFFFFFFF45
:10CC0000FFFFFFFFFFFFFFFFFFFFFFFFFFFFFFFF34
:10CC1000FFFFFFFFFFFFFFFFFFFFFFFFFFFFFFFF24
:10CC2000FFFFFFFFFFFFFFFFFFFFFFFFFFFFFFFF14
:10CC3000FFFFFFFFFFFFFFFFFFFFFFFFFFFFFFFF04
:10CC4000FFFFFFFFFFFFFFFFFFFFFFFFFFFFFFFFF4
:10CC5000FFFFFFFFFFFFFFFFFFFFFFFFFFFFFFFFE4
:10CC6000FFFFFFFFFFFFFFFFFFFFFFFFFFFFFFFFD4
:10CC7000FFFFFFFFFFFFFFFFFFFFFFFFFFFFFFFFC4
:10CC8000FFFFFFFFFFFFFFFFFFFFFFFFFFFFFFFFB4
:10CC9000FFFFFFFFFFFFFFFFFFFFFFFFFFFFFFFFA4
:10CCA000FFFFFFFFFFFFFFFFFFFFFFFFFFFFFFFF94
:10CCB000FFFFFFFFFFFFFFFFFFFFFFFFFFFFFFFF84
:10CCC000FFFFFFFFFFFFFFFFFFFFFFFFFFFFFFFF74
:10CCD000FFFFFFFFFFFFFFFFFFFFFFFFFFFFFFFF64
:10CCE000FFFFFFFFFFFFFFFFFFFFFFFFFFFFFFFF54
:10CCF000FFFFFFFFFFFFFFFFFFFFFFFFFFFFFFFF44
:10CD0000FFFFFFFFFFFFFFFFFFFFFFFFFFFFFFFF33
:10CD1000FFFFFFFFFFFFFFFFFFFFFFFFFFFFFFFF23
:10CD2000FFFFFFFFFFFFFFFFFFFFFFFFFFFFFFFF13
:10CD3000FFFFFFFFFFFFFFFFFFFFFFFFFFFFFFFF03
:10CD4000FFFFFFFFFFFFFFFFFFFFFFFFFFFFFFFFF3
:10CD5000FFFFFFFFFFFFFFFFFFFFFFFFFFFFFFFFE3
:10CD6000FFFFFFFFFFFFFFFFFFFFFFFFFFFFFFFFD3
:10CD7000FFFFFFFFFFFFFFFFFFFFFFFFFFFFFFFFC3
:10CD8000FFFFFFFFFFFFFFFFFFFFFFFFFFFFFFFFB3
:10CD9000FFFFFFFFFFFFFFFFFFFFFFFFFFFFFFFFA3
:10CDA000FFFFFFFFFFFFFFFFFFFFFFFFFFFFFFFF93
:10CDB000FFFFFFFFFFFFFFFFFFFFFFFFFFFFFFFF83
:10CDC000FFFFFFFFFFFFFFFFFFFFFFFFFFFFFFFF73
:10CDD000FFFFFFFFFFFFFFFFFFFFFFFFFFFFFFFF63
:10CDE000FFFFFFFFFFFFFFFFFFFFFFFFFFFFFFFF53
:10CDF000FFFFFFFFFFFFFFFFFFFFFFFFFFFFFFFF43
:10CE0000FFFFFFFFFFFFFFFFFFFFFFFFFFFFFFFF32
:10CE1000FFFFFFFFFFFFFFFFFFFFFFFFFFFFFFFF22
:10CE2000FFFFFFFFFFFFFFFFFFFFFFFFFFFFFFFF12
:10CE3000FFFFFFFFFFFFFFFFFFFFFFFFFFFFFFFF02
:10CE4000FFFFFFFFFFFFFFFFFFFFFFFFFFFFFFFFF2
:10CE5000FFFFFFFFFFFFFFFFFFFFFFFFFFFFFFFFE2
:10CE6000FFFFFFFFFFFFFFFFFFFFFFFFFFFFFFFFD2
:10CE7000FFFFFFFFFFFFFFFFFFFFFFFFFFFFFFFFC2
:10CE8000FFFFFFFFFFFFFFFFFFFFFFFFFFFFFFFFB2
:10CE9000FFFFFFFFFFFFFFFFFFFFFFFFFFFFFFFFA2
:10CEA000FFFFFFFFFFFFFFFFFFFFFFFFFFFFFFFF92
:10CEB000FFFFFFFFFFFFFFFFFFFFFFFFFFFFFFFF82
:10CEC000FFFFFFFFFFFFFFFFFFFFFFFFFFFFFFFF72
:10CED000FFFFFFFFFFFFFFFFFFFFFFFFFFFFFFFF62
:10CEE000FFFFFFFFFFFFFFFFFFFFFFFFFFFFFFFF52
:10CEF000FFFFFFFFFFFFFFFFFFFFFFFFFFFFFFFF42
:10CF0000FFFFFFFFFFFFFFFFFFFFFFFFFFFFFFFF31
:10CF1000FFFFFFFFFFFFFFFFFFFFFFFFFFFFFFFF21
:10CF2000FFFFFFFFFFFFFFFFFFFFFFFFFFFFFFFF11
:10CF3000FFFFFFFFFFFFFFFFFFFFFFFFFFFFFFFF01
:10CF4000FFFFFFFFFFFFFFFFFFFFFFFFFFFFFFFFF1
:10CF5000FFFFFFFFFFFFFFFFFFFFFFFFFFFFFFFFE1
:10CF6000FFFFFFFFFFFFFFFFFFFFFFFFFFFFFFFFD1
:10CF7000FFFFFFFFFFFFFFFFFFFFFFFFFFFFFFFFC1
:10CF8000FFFFFFFFFFFFFFFFFFFFFFFFFFFFFFFFB1
:10CF9000FFFFFFFFFFFFFFFFFFFFFFFFFFFFFFFFA1
:10CFA000FFFFFFFFFFFFFFFFFFFFFFFFFFFFFFFF91
:10CFB000FFFFFFFFFFFFFFFFFFFFFFFFFFFFFFFF81
:10CFC000FFFFFFFFFFFFFFFFFFFFFFFFFFFFFFFF71
:10CFD000FFFFFFFFFFFFFFFFFFFFFFFFFFFFFFFF61
:10CFE000FFFFFFFFFFFFFFFFFFFFFFFFFFFFFFFF51
:10CFF000FFFFFFFFFFFFFFFFFFFFFFFFFFFFFFFF41
:10D00000FFFFFFFFFFFFFFFFFFFFFFFFFFFFFFFF30
:10D01000FFFFFFFFFFFFFFFFFFFFFFFFFFFFFFFF20
:10D02000FFFFFFFFFFFFFFFFFFFFFFFFFFFFFFFF10
:10D03000FFFFFFFFFFFFFFFFFFFFFFFFFFFFFFFF00
:10D04000FFFFFFFFFFFFFFFFFFFFFFFFFFFFFFFFF0
:10D05000FFFFFFFFFFFFFFFFFFFFFFFFFFFFFFFFE0
:10D06000FFFFFFFFFFFFFFFFFFFFFFFFFFFFFFFFD0
:10D07000FFFFFFFFFFFFFFFFFFFFFFFFFFFFFFFFC0
:10D08000FFFFFFFFFFFFFFFFFFFFFFFFFFFFFFFFB0
:10D09000FFFFFFFFFFFFFFFFFFFFFFFFFFFFFFFFA0
:10D0A000FFFFFFFFFFFFFFFFFFFFFFFFFFFFFFFF90
:10D0B000FFFFFFFFFFFFFFFFFFFFFFFFFFFFFFFF80
:10D0C000FFFFFFFFFFFFFFFFFFFFFFFFFFFFFFFF70
:10D0D000FFFFFFFFFFFFFFFFFFFFFFFFFFFFFFFF60
:10D0E000FFFFFFFFFFFFFFFFFFFFFFFFFFFFFFFF50
:10D0F000FFFFFFFFFFFFFFFFFFFFFFFFFFFFFFFF40
:10D10000FFFFFFFFFFFFFFFFFFFFFFFFFFFFFFFF2F
:10D11000FFFFFFFFFFFFFFFFFFFFFFFFFFFFFFFF1F
:10D12000FFFFFFFFFFFFFFFFFFFFFFFFFFFFFFFF0F
:10D13000FFFFFFFFFFFFFFFFFFFFFFFFFFFFFFFFFF
:10D14000FFFFFFFFFFFFFFFFFFFFFFFFFFFFFFFFEF
:10D15000FFFFFFFFFFFFFFFFFFFFFFFFFFFFFFFFDF
:10D16000FFFFFFFFFFFFFFFFFFFFFFFFFFFFFFFFCF
:10D17000FFFFFFFFFFFFFFFFFFFFFFFFFFFFFFFFBF
:10D18000FFFFFFFFFFFFFFFFFFFFFFFFFFFFFFFFAF
:10D19000FFFFFFFFFFFFFFFFFFFFFFFFFFFFFFFF9F
:10D1A000FFFFFFFFFFFFFFFFFFFFFFFFFFFFFFFF8F
:10D1B000FFFFFFFFFFFFFFFFFFFFFFFFFFFFFFFF7F
:10D1C000FFFFFFFFFFFFFFFFFFFFFFFFFFFFFFFF6F
:10D1D000FFFFFFFFFFFFFFFFFFFFFFFFFFFFFFFF5F
:10D1E000FFFFFFFFFFFFFFFFFFFFFFFFFFFFFFFF4F
:10D1F000FFFFFFFFFFFFFFFFFFFFFFFFFFFFFFFF3F
:10D20000FFFFFFFFFFFFFFFFFFFFFFFFFFFFFFFF2E
:10D21000FFFFFFFFFFFFFFFFFFFFFFFFFFFFFFFF1E
:10D22000FFFFFFFFFFFFFFFFFFFFFFFFFFFFFFFF0E
:10D23000FFFFFFFFFFFFFFFFFFFFFFFFFFFFFFFFFE
:10D24000FFFFFFFFFFFFFFFFFFFFFFFFFFFFFFFFEE
:10D25000FFFFFFFFFFFFFFFFFFFFFFFFFFFFFFFFDE
:10D26000FFFFFFFFFFFFFFFFFFFFFFFFFFFFFFFFCE
:10D27000FFFFFFFFFFFFFFFFFFFFFFFFFFFFFFFFBE
:10D28000FFFFFFFFFFFFFFFFFFFFFFFFFFFFFFFFAE
:10D29000FFFFFFFFFFFFFFFFFFFFFFFFFFFFFFFF9E
:10D2A000FFFFFFFFFFFFFFFFFFFFFFFFFFFFFFFF8E
:10D2B000FFFFFFFFFFFFFFFFFFFFFFFFFFFFFFFF7E
:10D2C000FFFFFFFFFFFFFFFFFFFFFFFFFFFFFFFF6E
:10D2D000FFFFFFFFFFFFFFFFFFFFFFFFFFFFFFFF5E
:10D2E000FFFFFFFFFFFFFFFFFFFFFFFFFFFFFFFF4E
:10D2F000FFFFFFFFFFFFFFFFFFFFFFFFFFFFFFFF3E
:10D30000FFFFFFFFFFFFFFFFFFFFFFFFFFFFFFFF2D
:10D31000FFFFFFFFFFFFFFFFFFFFFFFFFFFFFFFF1D
:10D32000FFFFFFFFFFFFFFFFFFFFFFFFFFFFFFFF0D
:10D33000FFFFFFFFFFFFFFFFFFFFFFFFFFFFFFFFFD
:10D34000FFFFFFFFFFFFFFFFFFFFFFFFFFFFFFFFED
:10D35000FFFFFFFFFFFFFFFFFFFFFFFFFFFFFFFFDD
:10D36000FFFFFFFFFFFFFFFFFFFFFFFFFFFFFFFFCD
:10D37000FFFFFFFFFFFFFFFFFFFFFFFFFFFFFFFFBD
:10D38000FFFFFFFFFFFFFFFFFFFFFFFFFFFFFFFFAD
:10D39000FFFFFFFFFFFFFFFFFFFFFFFFFFFFFFFF9D
:10D3A000FFFFFFFFFFFFFFFFFFFFFFFFFFFFFFFF8D
:10D3B000FFFFFFFFFFFFFFFFFFFFFFFFFFFFFFFF7D
:10D3C000FFFFFFFFFFFFFFFFFFFFFFFFFFFFFFFF6D
:10D3D000FFFFFFFFFFFFFFFFFFFFFFFFFFFFFFFF5D
:10D3E000FFFFFFFFFFFFFFFFFFFFFFFFFFFFFFFF4D
:10D3F000FFFFFFFFFFFFFFFFFFFFFFFFFFFFFFFF3D
:10D40000FFFFFFFFFFFFFFFFFFFFFFFFFFFFFFFF2C
:10D41000FFFFFFFFFFFFFFFFFFFFFFFFFFFFFFFF1C
:10D42000FFFFFFFFFFFFFFFFFFFFFFFFFFFFFFFF0C
:10D43000FFFFFFFFFFFFFFFFFFFFFFFFFFFFFFFFFC
:10D44000FFFFFFFFFFFFFFFFFFFFFFFFFFFFFFFFEC
:10D45000FFFFFFFFFFFFFFFFFFFFFFFFFFFFFFFFDC
:10D46000FFFFFFFFFFFFFFFFFFFFFFFFFFFFFFFFCC
:10D47000FFFFFFFFFFFFFFFFFFFFFFFFFFFFFFFFBC
:10D48000FFFFFFFFFFFFFFFFFFFFFFFFFFFFFFFFAC
:10D49000FFFFFFFFFFFFFFFFFFFFFFFFFFFFFFFF9C
:10D4A000FFFFFFFFFFFFFFFFFFFFFFFFFFFFFFFF8C
:10D4B000FFFFFFFFFFFFFFFFFFFFFFFFFFFFFFFF7C
:10D4C000FFFFFFFFFFFFFFFFFFFFFFFFFFFFFFFF6C
:10D4D000FFFFFFFFFFFFFFFFFFFFFFFFFFFFFFFF5C
:10D4E000FFFFFFFFFFFFFFFFFFFFFFFFFFFFFFFF4C
:10D4F000FFFFFFFFFFFFFFFFFFFFFFFFFFFFFFFF3C
:10D50000FFFFFFFFFFFFFFFFFFFFFFFFFFFFFFFF2B
:10D51000FFFFFFFFFFFFFFFFFFFFFFFFFFFFFFFF1B
:10D52000FFFFFFFFFFFFFFFFFFFFFFFFFFFFFFFF0B
:10D53000FFFFFFFFFFFFFFFFFFFFFFFFFFFFFFFFFB
:10D54000FFFFFFFFFFFFFFFFFFFFFFFFFFFFFFFFEB
:10D55000FFFFFFFFFFFFFFFFFFFFFFFFFFFFFFFFDB
:10D56000FFFFFFFFFFFFFFFFFFFFFFFFFFFFFFFFCB
:10D57000FFFFFFFFFFFFFFFFFFFFFFFFFFFFFFFFBB
:10D58000FFFFFFFFFFFFFFFFFFFFFFFFFFFFFFFFAB
:10D59000FFFFFFFFFFFFFFFFFFFFFFFFFFFFFFFF9B
:10D5A000FFFFFFFFFFFFFFFFFFFFFFFFFFFFFFFF8B
:10D5B000FFFFFFFFFFFFFFFFFFFFFFFFFFFFFFFF7B
:10D5C000FFFFFFFFFFFFFFFFFFFFFFFFFFFFFFFF6B
:10D5D000FFFFFFFFFFFFFFFFFFFFFFFFFFFFFFFF5B
:10D5E000FFFFFFFFFFFFFFFFFFFFFFFFFFFFFFFF4B
:10D5F000FFFFFFFFFFFFFFFFFFFFFFFFFFFFFFFF3B
:10D60000FFFFFFFFFFFFFFFFFFFFFFFFFFFFFFFF2A
:10D61000FFFFFFFFFFFFFFFFFFFFFFFFFFFFFFFF1A
:10D62000FFFFFFFFFFFFFFFFFFFFFFFFFFFFFFFF0A
:10D63000FFFFFFFFFFFFFFFFFFFFFFFFFFFFFFFFFA
:10D64000FFFFFFFFFFFFFFFFFFFFFFFFFFFFFFFFEA
:10D65000FFFFFFFFFFFFFFFFFFFFFFFFFFFFFFFFDA
:10D66000FFFFFFFFFFFFFFFFFFFFFFFFFFFFFFFFCA
:10D67000FFFFFFFFFFFFFFFFFFFFFFFFFFFFFFFFBA
:10D68000FFFFFFFFFFFFFFFFFFFFFFFFFFFFFFFFAA
:10D69000FFFFFFFFFFFFFFFFFFFFFFFFFFFFFFFF9A
:10D6A000FFFFFFFFFFFFFFFFFFFFFFFFFFFFFFFF8A
:10D6B000FFFFFFFFFFFFFFFFFFFFFFFFFFFFFFFF7A
:10D6C000FFFFFFFFFFFFFFFFFFFFFFFFFFFFFFFF6A
:10D6D000FFFFFFFFFFFFFFFFFFFFFFFFFFFFFFFF5A
:10D6E000FFFFFFFFFFFFFFFFFFFFFFFFFFFFFFFF4A
:10D6F000FFFFFFFFFFFFFFFFFFFFFFFFFFFFFFFF3A
:10D70000FFFFFFFFFFFFFFFFFFFFFFFFFFFFFFFF29
:10D71000FFFFFFFFFFFFFFFFFFFFFFFFFFFFFFFF19
:10D72000FFFFFFFFFFFFFFFFFFFFFFFFFFFFFFFF09
:10D73000FFFFFFFFFFFFFFFFFFFFFFFFFFFFFFFFF9
:10D74000FFFFFFFFFFFFFFFFFFFFFFFFFFFFFFFFE9
:10D75000FFFFFFFFFFFFFFFFFFFFFFFFFFFFFFFFD9
:10D76000FFFFFFFFFFFFFFFFFFFFFFFFFFFFFFFFC9
:10D77000FFFFFFFFFFFFFFFFFFFFFFFFFFFFFFFFB9
:10D78000FFFFFFFFFFFFFFFFFFFFFFFFFFFFFFFFA9
:10D79000FFFFFFFFFFFFFFFFFFFFFFFFFFFFFFFF99
:10D7A000FFFFFFFFFFFFFFFFFFFFFFFFFFFFFFFF89
:10D7B000FFFFFFFFFFFFFFFFFFFFFFFFFFFFFFFF79
:10D7C000FFFFFFFFFFFFFFFFFFFFFFFFFFFFFFFF69
:10D7D000FFFFFFFFFFFFFFFFFFFFFFFFFFFFFFFF59
:10D7E000FFFFFFFFFFFFFFFFFFFFFFFFFFFFFFFF49
:10D7F000FFFFFFFFFFFFFFFFFFFFFFFFFFFFFFFF39
:10D80000FFFFFFFFFFFFFFFFFFFFFFFFFFFFFFFF28
:10D81000FFFFFFFFFFFFFFFFFFFFFFFFFFFFFFFF18
:10D82000FFFFFFFFFFFFFFFFFFFFFFFFFFFFFFFF08
:10D83000FFFFFFFFFFFFFFFFFFFFFFFFFFFFFFFFF8
:10D84000FFFFFFFFFFFFFFFFFFFFFFFFFFFFFFFFE8
:10D85000FFFFFFFFFFFFFFFFFFFFFFFFFFFFFFFFD8
:10D86000FFFFFFFFFFFFFFFFFFFFFFFFFFFFFFFFC8
:10D87000FFFFFFFFFFFFFFFFFFFFFFFFFFFFFFFFB8
:10D88000FFFFFFFFFFFFFFFFFFFFFFFFFFFFFFFFA8
:10D89000FFFFFFFFFFFFFFFFFFFFFFFFFFFFFFFF98
:10D8A000FFFFFFFFFFFFFFFFFFFFFFFFFFFFFFFF88
:10D8B000FFFFFFFFFFFFFFFFFFFFFFFFFFFFFFFF78
:10D8C000FFFFFFFFFFFFFFFFFFFFFFFFFFFFFFFF68
:10D8D000FFFFFFFFFFFFFFFFFFFFFFFFFFFFFFFF58
:10D8E000FFFFFFFFFFFFFFFFFFFFFFFFFFFFFFFF48
:10D8F000FFFFFFFFFFFFFFFFFFFFFFFFFFFFFFFF38
:10D90000FFFFFFFFFFFFFFFFFFFFFFFFFFFFFFFF27
:10D91000FFFFFFFFFFFFFFFFFFFFFFFFFFFFFFFF17
:10D92000FFFFFFFFFFFFFFFFFFFFFFFFFFFFFFFF07
:10D93000FFFFFFFFFFFFFFFFFFFFFFFFFFFFFFFFF7
:10D94000FFFFFFFFFFFFFFFFFFFFFFFFFFFFFFFFE7
:10D95000FFFFFFFFFFFFFFFFFFFFFFFFFFFFFFFFD7
:10D96000FFFFFFFFFFFFFFFFFFFFFFFFFFFFFFFFC7
:10D97000FFFFFFFFFFFFFFFFFFFFFFFFFFFFFFFFB7
:10D98000FFFFFFFFFFFFFFFFFFFFFFFFFFFFFFFFA7
:10D99000FFFFFFFFFFFFFFFFFFFFFFFFFFFFFFFF97
:10D9A000FFFFFFFFFFFFFFFFFFFFFFFFFFFFFFFF87
:10D9B000FFFFFFFFFFFFFFFFFFFFFFFFFFFFFFFF77
:10D9C000FFFFFFFFFFFFFFFFFFFFFFFFFFFFFFFF67
:10D9D000FFFFFFFFFFFFFFFFFFFFFFFFFFFFFFFF57
:10D9E000FFFFFFFFFFFFFFFFFFFFFFFFFFFFFFFF47
:10D9F000FFFFFFFFFFFFFFFFFFFFFFFFFFFFFFFF37
:10DA0000FFFFFFFFFFFFFFFFFFFFFFFFFFFFFFFF26
:10DA1000FFFFFFFFFFFFFFFFFFFFFFFFFFFFFFFF16
:10DA2000FFFFFFFFFFFFFFFFFFFFFFFFFFFFFFFF06
:10DA3000FFFFFFFFFFFFFFFFFFFFFFFFFFFFFFFFF6
:10DA4000FFFFFFFFFFFFFFFFFFFFFFFFFFFFFFFFE6
:10DA5000FFFFFFFFFFFFFFFFFFFFFFFFFFFFFFFFD6
:10DA6000FFFFFFFFFFFFFFFFFFFFFFFFFFFFFFFFC6
:10DA7000FFFFFFFFFFFFFFFFFFFFFFFFFFFFFFFFB6
:10DA8000FFFFFFFFFFFFFFFFFFFFFFFFFFFFFFFFA6
:10DA9000FFFFFFFFFFFFFFFFFFFFFFFFFFFFFFFF96
:10DAA000FFFFFFFFFFFFFFFFFFFFFFFFFFFFFFFF86
:10DAB000FFFFFFFFFFFFFFFFFFFFFFFFFFFFFFFF76
:10DAC000FFFFFFFFFFFFFFFFFFFFFFFFFFFFFFFF66
:10DAD000FFFFFFFFFFFFFFFFFFFFFFFFFFFFFFFF56
:10DAE000FFFFFFFFFFFFFFFFFFFFFFFFFFFFFFFF46
:10DAF000FFFFFFFFFFFFFFFFFFFFFFFFFFFFFFFF36
:10DB0000FFFFFFFFFFFFFFFFFFFFFFFFFFFFFFFF25
:10DB1000FFFFFFFFFFFFFFFFFFFFFFFFFFFFFFFF15
:10DB2000FFFFFFFFFFFFFFFFFFFFFFFFFFFFFFFF05
:10DB3000FFFFFFFFFFFFFFFFFFFFFFFFFFFFFFFFF5
:10DB4000FFFFFFFFFFFFFFFFFFFFFFFFFFFFFFFFE5
:10DB5000FFFFFFFFFFFFFFFFFFFFFFFFFFFFFFFFD5
:10DB6000FFFFFFFFFFFFFFFFFFFFFFFFFFFFFFFFC5
:10DB7000FFFFFFFFFFFFFFFFFFFFFFFFFFFFFFFFB5
:10DB8000FFFFFFFFFFFFFFFFFFFFFFFFFFFFFFFFA5
:10DB9000FFFFFFFFFFFFFFFFFFFFFFFFFFFFFFFF95
:10DBA000FFFFFFFFFFFFFFFFFFFFFFFFFFFFFFFF85
:10DBB000FFFFFFFFFFFFFFFFFFFFFFFFFFFFFFFF75
:10DBC000FFFFFFFFFFFFFFFFFFFFFFFFFFFFFFFF65
:10DBD000FFFFFFFFFFFFFFFFFFFFFFFFFFFFFFFF55
:10DBE000FFFFFFFFFFFFFFFFFFFFFFFFFFFFFFFF45
:10DBF000FFFFFFFFFFFFFFFFFFFFFFFFFFFFFFFF35
:10DC0000FFFFFFFFFFFFFFFFFFFFFFFFFFFFFFFF24
:10DC1000FFFFFFFFFFFFFFFFFFFFFFFFFFFFFFFF14
:10DC2000FFFFFFFFFFFFFFFFFFFFFFFFFFFFFFFF04
:10DC3000FFFFFFFFFFFFFFFFFFFFFFFFFFFFFFFFF4
:10DC4000FFFFFFFFFFFFFFFFFFFFFFFFFFFFFFFFE4
:10DC5000FFFFFFFFFFFFFFFFFFFFFFFFFFFFFFFFD4
:10DC6000FFFFFFFFFFFFFFFFFFFFFFFFFFFFFFFFC4
:10DC7000FFFFFFFFFFFFFFFFFFFFFFFFFFFFFFFFB4
:10DC8000FFFFFFFFFFFFFFFFFFFFFFFFFFFFFFFFA4
:10DC9000FFFFFFFFFFFFFFFFFFFFFFFFFFFFFFFF94
:10DCA000FFFFFFFFFFFFFFFFFFFFFFFFFFFFFFFF84
:10DCB000FFFFFFFFFFFFFFFFFFFFFFFFFFFFFFFF74
:10DCC000FFFFFFFFFFFFFFFFFFFFFFFFFFFFFFFF64
:10DCD000FFFFFFFFFFFFFFFFFFFFFFFFFFFFFFFF54
:10DCE000FFFFFFFFFFFFFFFFFFFFFFFFFFFFFFFF44
:10DCF000FFFFFFFFFFFFFFFFFFFFFFFFFFFFFFFF34
:10DD0000FFFFFFFFFFFFFFFFFFFFFFFFFFFFFFFF23
:10DD1000FFFFFFFFFFFFFFFFFFFFFFFFFFFFFFFF13
:10DD2000FFFFFFFFFFFFFFFFFFFFFFFFFFFFFFFF03
:10DD3000FFFFFFFFFFFFFFFFFFFFFFFFFFFFFFFFF3
:10DD4000FFFFFFFFFFFFFFFFFFFFFFFFFFFFFFFFE3
:10DD5000FFFFFFFFFFFFFFFFFFFFFFFFFFFFFFFFD3
:10DD6000FFFFFFFFFFFFFFFFFFFFFFFFFFFFFFFFC3
:10DD7000FFFFFFFFFFFFFFFFFFFFFFFFFFFFFFFFB3
:10DD8000FFFFFFFFFFFFFFFFFFFFFFFFFFFFFFFFA3
:10DD9000FFFFFFFFFFFFFFFFFFFFFFFFFFFFFFFF93
:10DDA000FFFFFFFFFFFFFFFFFFFFFFFFFFFFFFFF83
:10DDB000FFFFFFFFFFFFFFFFFFFFFFFFFFFFFFFF73
:10DDC000FFFFFFFFFFFFFFFFFFFFFFFFFFFFFFFF63
:10DDD000FFFFFFFFFFFFFFFFFFFFFFFFFFFFFFFF53
:10DDE000FFFFFFFFFFFFFFFFFFFFFFFFFFFFFFFF43
:10DDF000FFFFFFFFFFFFFFFFFFFFFFFFFFFFFFFF33
:10DE0000FFFFFFFFFFFFFFFFFFFFFFFFFFFFFFFF22
:10DE1000FFFFFFFFFFFFFFFFFFFFFFFFFFFFFFFF12
:10DE2000FFFFFFFFFFFFFFFFFFFFFFFFFFFFFFFF02
:10DE3000FFFFFFFFFFFFFFFFFFFFFFFFFFFFFFFFF2
:10DE4000FFFFFFFFFFFFFFFFFFFFFFFFFFFFFFFFE2
:10DE5000FFFFFFFFFFFFFFFFFFFFFFFFFFFFFFFFD2
:10DE6000FFFFFFFFFFFFFFFFFFFFFFFFFFFFFFFFC2
:10DE7000FFFFFFFFFFFFFFFFFFFFFFFFFFFFFFFFB2
:10DE8000FFFFFFFFFFFFFFFFFFFFFFFFFFFFFFFFA2
:10DE9000FFFFFFFFFFFFFFFFFFFFFFFFFFFFFFFF92
:10DEA000FFFFFFFFFFFFFFFFFFFFFFFFFFFFFFFF82
:10DEB000FFFFFFFFFFFFFFFFFFFFFFFFFFFFFFFF72
:10DEC000FFFFFFFFFFFFFFFFFFFFFFFFFFFFFFFF62
:10DED000FFFFFFFFFFFFFFFFFFFFFFFFFFFFFFFF52
:10DEE000FFFFFFFFFFFFFFFFFFFFFFFFFFFFFFFF42
:10DEF000FFFFFFFFFFFFFFFFFFFFFFFFFFFFFFFF32
:10DF0000FFFFFFFFFFFFFFFFFFFFFFFFFFFFFFFF21
:10DF1000FFFFFFFFFFFFFFFFFFFFFFFFFFFFFFFF11
:10DF2000FFFFFFFFFFFFFFFFFFFFFFFFFFFFFFFF01
:10DF3000FFFFFFFFFFFFFFFFFFFFFFFFFFFFFFFFF1
:10DF4000FFFFFFFFFFFFFFFFFFFFFFFFFFFFFFFFE1
:10DF5000FFFFFFFFFFFFFFFFFFFFFFFFFFFFFFFFD1
:10DF6000FFFFFFFFFFFFFFFFFFFFFFFFFFFFFFFFC1
:10DF7000FFFFFFFFFFFFFFFFFFFFFFFFFFFFFFFFB1
:10DF8000FFFFFFFFFFFFFFFFFFFFFFFFFFFFFFFFA1
:10DF9000FFFFFFFFFFFFFFFFFFFFFFFFFFFFFFFF91
:10DFA000FFFFFFFFFFFFFFFFFFFFFFFFFFFFFFFF81
:10DFB000FFFFFFFFFFFFFFFFFFFFFFFFFFFFFFFF71
:10DFC000FFFFFFFFFFFFFFFFFFFFFFFFFFFFFFFF61
:10DFD000FFFFFFFFFFFFFFFFFFFFFFFFFFFFFFFF51
:10DFE000FFFFFFFFFFFFFFFFFFFFFFFFFFFFFFFF41
:10DFF000FFFFFFFFFFFFFFFFFFFFFFFFFFFFFFFF31
:10E00000FFFFFFFFFFFFFFFFFFFFFFFFFFFFFFFF20
:10E01000FFFFFFFFFFFFFFFFFFFFFFFFFFFFFFFF10
:10E02000FFFFFFFFFFFFFFFFFFFFFFFFFFFFFFFF00
:10E03000FFFFFFFFFFFFFFFFFFFFFFFFFFFFFFFFF0
:10E04000FFFFFFFFFFFFFFFFFFFFFFFFFFFFFFFFE0
:10E05000FFFFFFFFFFFFFFFFFFFFFFFFFFFFFFFFD0
:10E06000FFFFFFFFFFFFFFFFFFFFFFFFFFFFFFFFC0
:10E07000FFFFFFFFFFFFFFFFFFFFFFFFFFFFFFFFB0
:10E08000FFFFFFFFFFFFFFFFFFFFFFFFFFFFFFFFA0
:10E09000FFFFFFFFFFFFFFFFFFFFFFFFFFFFFFFF90
:10E0A000FFFFFFFFFFFFFFFFFFFFFFFFFFFFFFFF80
:10E0B000FFFFFFFFFFFFFFFFFFFFFFFFFFFFFFFF70
:10E0C000FFFFFFFFFFFFFFFFFFFFFFFFFFFFFFFF60
:10E0D000FFFFFFFFFFFFFFFFFFFFFFFFFFFFFFFF50
:10E0E000FFFFFFFFFFFFFFFFFFFFFFFFFFFFFFFF40
:10E0F000FFFFFFFFFFFFFFFFFFFFFFFFFFFFFFFF30
:10E10000FFFFFFFFFFFFFFFFFFFFFFFFFFFFFFFF1F
:10E11000FFFFFFFFFFFFFFFFFFFFFFFFFFFFFFFF0F
:10E12000FFFFFFFFFFFFFFFFFFFFFFFFFFFFFFFFFF
:10E13000FFFFFFFFFFFFFFFFFFFFFFFFFFFFFFFFEF
:10E14000FFFFFFFFFFFFFFFFFFFFFFFFFFFFFFFFDF
:10E15000FFFFFFFFFFFFFFFFFFFFFFFFFFFFFFFFCF
:10E16000FFFFFFFFFFFFFFFFFFFFFFFFFFFFFFFFBF
:10E17000FFFFFFFFFFFFFFFFFFFFFFFFFFFFFFFFAF
:10E18000FFFFFFFFFFFFFFFFFFFFFFFFFFFFFFFF9F
:10E19000FFFFFFFFFFFFFFFFFFFFFFFFFFFFFFFF8F
:10E1A000FFFFFFFFFFFFFFFFFFFFFFFFFFFFFFFF7F
:10E1B000FFFFFFFFFFFFFFFFFFFFFFFFFFFFFFFF6F
:10E1C000FFFFFFFFFFFFFFFFFFFFFFFFFFFFFFFF5F
:10E1D000FFFFFFFFFFFFFFFFFFFFFFFFFFFFFFFF4F
:10E1E000FFFFFFFFFFFFFFFFFFFFFFFFFFFFFFFF3F
:10E1F000FFFFFFFFFFFFFFFFFFFFFFFFFFFFFFFF2F
:10E20000FFFFFFFFFFFFFFFFFFFFFFFFFFFFFFFF1E
:10E21000FFFFFFFFFFFFFFFFFFFFFFFFFFFFFFFF0E
:10E22000FFFFFFFFFFFFFFFFFFFFFFFFFFFFFFFFFE
:10E23000FFFFFFFFFFFFFFFFFFFFFFFFFFFFFFFFEE
:10E24000FFFFFFFFFFFFFFFFFFFFFFFFFFFFFFFFDE
:10E25000FFFFFFFFFFFFFFFFFFFFFFFFFFFFFFFFCE
:10E26000FFFFFFFFFFFFFFFFFFFFFFFFFFFFFFFFBE
:10E27000FFFFFFFFFFFFFFFFFFFFFFFFFFFFFFFFAE
:10E28000FFFFFFFFFFFFFFFFFFFFFFFFFFFFFFFF9E
:10E29000FFFFFFFFFFFFFFFFFFFFFFFFFFFFFFFF8E
:10E2A000FFFFFFFFFFFFFFFFFFFFFFFFFFFFFFFF7E
:10E2B000FFFFFFFFFFFFFFFFFFFFFFFFFFFFFFFF6E
:10E2C000FFFFFFFFFFFFFFFFFFFFFFFFFFFFFFFF5E
:10E2D000FFFFFFFFFFFFFFFFFFFFFFFFFFFFFFFF4E
:10E2E000FFFFFFFFFFFFFFFFFFFFFFFFFFFFFFFF3E
:10E2F000FFFFFFFFFFFFFFFFFFFFFFFFFFFFFFFF2E
:10E30000FFFFFFFFFFFFFFFFFFFFFFFFFFFFFFFF1D
:10E31000FFFFFFFFFFFFFFFFFFFFFFFFFFFFFFFF0D
:10E32000FFFFFFFFFFFFFFFFFFFFFFFFFFFFFFFFFD
:10E33000FFFFFFFFFFFFFFFFFFFFFFFFFFFFFFFFED
:10E34000FFFFFFFFFFFFFFFFFFFFFFFFFFFFFFFFDD
:10E35000FFFFFFFFFFFFFFFFFFFFFFFFFFFFFFFFCD
:10E36000FFFFFFFFFFFFFFFFFFFFFFFFFFFFFFFFBD
:10E37000FFFFFFFFFFFFFFFFFFFFFFFFFFFFFFFFAD
:10E38000FFFFFFFFFFFFFFFFFFFFFFFFFFFFFFFF9D
:10E39000FFFFFFFFFFFFFFFFFFFFFFFFFFFFFFFF8D
:10E3A000FFFFFFFFFFFFFFFFFFFFFFFFFFFFFFFF7D
:10E3B000FFFFFFFFFFFFFFFFFFFFFFFFFFFFFFFF6D
:10E3C000FFFFFFFFFFFFFFFFFFFFFFFFFFFFFFFF5D
:10E3D000FFFFFFFFFFFFFFFFFFFFFFFFFFFFFFFF4D
:10E3E000FFFFFFFFFFFFFFFFFFFFFFFFFFFFFFFF3D
:10E3F000FFFFFFFFFFFFFFFFFFFFFFFFFFFFFFFF2D
:10E40000FFFFFFFFFFFFFFFFFFFFFFFFFFFFFFFF1C
:10E41000FFFFFFFFFFFFFFFFFFFFFFFFFFFFFFFF0C
:10E42000FFFFFFFFFFFFFFFFFFFFFFFFFFFFFFFFFC
:10E43000FFFFFFFFFFFFFFFFFFFFFFFFFFFFFFFFEC
:10E44000FFFFFFFFFFFFFFFFFFFFFFFFFFFFFFFFDC
:10E45000FFFFFFFFFFFFFFFFFFFFFFFFFFFFFFFFCC
:10E46000FFFFFFFFFFFFFFFFFFFFFFFFFFFFFFFFBC
:10E47000FFFFFFFFFFFFFFFFFFFFFFFFFFFFFFFFAC
:10E48000FFFFFFFFFFFFFFFFFFFFFFFFFFFFFFFF9C
:10E49000FFFFFFFFFFFFFFFFFFFFFFFFFFFFFFFF8C
:10E4A000FFFFFFFFFFFFFFFFFFFFFFFFFFFFFFFF7C
:10E4B000FFFFFFFFFFFFFFFFFFFFFFFFFFFFFFFF6C
:10E4C000FFFFFFFFFFFFFFFFFFFFFFFFFFFFFFFF5C
:10E4D000FFFFFFFFFFFFFFFFFFFFFFFFFFFFFFFF4C
:10E4E000FFFFFFFFFFFFFFFFFFFFFFFFFFFFFFFF3C
:10E4F000FFFFFFFFFFFFFFFFFFFFFFFFFFFFFFFF2C
:10E50000FFFFFFFFFFFFFFFFFFFFFFFFFFFFFFFF1B
:10E51000FFFFFFFFFFFFFFFFFFFFFFFFFFFFFFFF0B
:10E52000FFFFFFFFFFFFFFFFFFFFFFFFFFFFFFFFFB
:10E53000FFFFFFFFFFFFFFFFFFFFFFFFFFFFFFFFEB
:10E54000FFFFFFFFFFFFFFFFFFFFFFFFFFFFFFFFDB
:10E55000FFFFFFFFFFFFFFFFFFFFFFFFFFFFFFFFCB
:10E56000FFFFFFFFFFFFFFFFFFFFFFFFFFFFFFFFBB
:10E57000FFFFFFFFFFFFFFFFFFFFFFFFFFFFFFFFAB
:10E58000FFFFFFFFFFFFFFFFFFFFFFFFFFFFFFFF9B
:10E59000FFFFFFFFFFFFFFFFFFFFFFFFFFFFFFFF8B
:10E5A000FFFFFFFFFFFFFFFFFFFFFFFFFFFFFFFF7B
:10E5B000FFFFFFFFFFFFFFFFFFFFFFFFFFFFFFFF6B
:10E5C000FFFFFFFFFFFFFFFFFFFFFFFFFFFFFFFF5B
:10E5D000FFFFFFFFFFFFFFFFFFFFFFFFFFFFFFFF4B
:10E5E000FFFFFFFFFFFFFFFFFFFFFFFFFFFFFFFF3B
:10E5F000FFFFFFFFFFFFFFFFFFFFFFFFFFFFFFFF2B
:10E60000FFFFFFFFFFFFFFFFFFFFFFFFFFFFFFFF1A
:10E61000FFFFFFFFFFFFFFFFFFFFFFFFFFFFFFFF0A
:10E62000FFFFFFFFFFFFFFFFFFFFFFFFFFFFFFFFFA
:10E63000FFFFFFFFFFFFFFFFFFFFFFFFFFFFFFFFEA
:10E64000FFFFFFFFFFFFFFFFFFFFFFFFFFFFFFFFDA
:10E65000FFFFFFFFFFFFFFFFFFFFFFFFFFFFFFFFCA
:10E66000FFFFFFFFFFFFFFFFFFFFFFFFFFFFFFFFBA
:10E67000FFFFFFFFFFFFFFFFFFFFFFFFFFFFFFFFAA
:10E68000FFFFFFFFFFFFFFFFFFFFFFFFFFFFFFFF9A
:10E69000FFFFFFFFFFFFFFFFFFFFFFFFFFFFFFFF8A
:10E6A000FFFFFFFFFFFFFFFFFFFFFFFFFFFFFFFF7A
:10E6B000FFFFFFFFFFFFFFFFFFFFFFFFFFFFFFFF6A
:10E6C000FFFFFFFFFFFFFFFFFFFFFFFFFFFFFFFF5A
:10E6D000FFFFFFFFFFFFFFFFFFFFFFFFFFFFFFFF4A
:10E6E000FFFFFFFFFFFFFFFFFFFFFFFFFFFFFFFF3A
:10E6F000FFFFFFFFFFFFFFFFFFFFFFFFFFFFFFFF2A
:10E70000FFFFFFFFFFFFFFFFFFFFFFFFFFFFFFFF19
:10E71000FFFFFFFFFFFFFFFFFFFFFFFFFFFFFFFF09
:10E72000FFFFFFFFFFFFFFFFFFFFFFFFFFFFFFFFF9
:10E73000FFFFFFFFFFFFFFFFFFFFFFFFFFFFFFFFE9
:10E74000FFFFFFFFFFFFFFFFFFFFFFFFFFFFFFFFD9
:10E75000FFFFFFFFFFFFFFFFFFFFFFFFFFFFFFFFC9
:10E76000FFFFFFFFFFFFFFFFFFFFFFFFFFFFFFFFB9
:10E77000FFFFFFFFFFFFFFFFFFFFFFFFFFFFFFFFA9
:10E78000FFFFFFFFFFFFFFFFFFFFFFFFFFFFFFFF99
:10E79000FFFFFFFFFFFFFFFFFFFFFFFFFFFFFFFF89
:10E7A000FFFFFFFFFFFFFFFFFFFFFFFFFFFFFFFF79
:10E7B000FFFFFFFFFFFFFFFFFFFFFFFFFFFFFFFF69
:10E7C000FFFFFFFFFFFFFFFFFFFFFFFFFFFFFFFF59
:10E7D000FFFFFFFFFFFFFFFFFFFFFFFFFFFFFFFF49
:10E7E000FFFFFFFFFFFFFFFFFFFFFFFFFFFFFFFF39
:10E7F000FFFFFFFFFFFFFFFFFFFFFFFFFFFFFFFF29
:10E80000FFFFFFFFFFFFFFFFFFFFFFFFFFFFFFFF18
:10E81000FFFFFFFFFFFFFFFFFFFFFFFFFFFFFFFF08
:10E82000FFFFFFFFFFFFFFFFFFFFFFFFFFFFFFFFF8
:10E83000FFFFFFFFFFFFFFFFFFFFFFFFFFFFFFFFE8
:10E84000FFFFFFFFFFFFFFFFFFFFFFFFFFFFFFFFD8
:10E85000FFFFFFFFFFFFFFFFFFFFFFFFFFFFFFFFC8
:10E86000FFFFFFFFFFFFFFFFFFFFFFFFFFFFFFFFB8
:10E87000FFFFFFFFFFFFFFFFFFFFFFFFFFFFFFFFA8
:10E88000FFFFFFFFFFFFFFFFFFFFFFFFFFFFFFFF98
:10E89000FFFFFFFFFFFFFFFFFFFFFFFFFFFFFFFF88
:10E8A000FFFFFFFFFFFFFFFFFFFFFFFFFFFFFFFF78
:10E8B000FFFFFFFFFFFFFFFFFFFFFFFFFFFFFFFF68
:10E8C000FFFFFFFFFFFFFFFFFFFFFFFFFFFFFFFF58
:10E8D000FFFFFFFFFFFFFFFFFFFFFFFFFFFFFFFF48
:10E8E000FFFFFFFFFFFFFFFFFFFFFFFFFFFFFFFF38
:10E8F000FFFFFFFFFFFFFFFFFFFFFFFFFFFFFFFF28
:10E90000FFFFFFFFFFFFFFFFFFFFFFFFFFFFFFFF17
:10E91000FFFFFFFFFFFFFFFFFFFFFFFFFFFFFFFF07
:10E92000FFFFFFFFFFFFFFFFFFFFFFFFFFFFFFFFF7
:10E93000FFFFFFFFFFFFFFFFFFFFFFFFFFFFFFFFE7
:10E94000FFFFFFFFFFFFFFFFFFFFFFFFFFFFFFFFD7
:10E95000FFFFFFFFFFFFFFFFFFFFFFFFFFFFFFFFC7
:10E96000FFFFFFFFFFFFFFFFFFFFFFFFFFFFFFFFB7
:10E97000FFFFFFFFFFFFFFFFFFFFFFFFFFFFFFFFA7
:10E98000FFFFFFFFFFFFFFFFFFFFFFFFFFFFFFFF97
:10E99000FFFFFFFFFFFFFFFFFFFFFFFFFFFFFFFF87
:10E9A000FFFFFFFFFFFFFFFFFFFFFFFFFFFFFFFF77
:10E9B000FFFFFFFFFFFFFFFFFFFFFFFFFFFFFFFF67
:10E9C000FFFFFFFFFFFFFFFFFFFFFFFFFFFFFFFF57
:10E9D000FFFFFFFFFFFFFFFFFFFFFFFFFFFFFFFF47
:10E9E000FFFFFFFFFFFFFFFFFFFFFFFFFFFFFFFF37
:10E9F000FFFFFFFFFFFFFFFFFFFFFFFFFFFFFFFF27
:10EA0000FFFFFFFFFFFFFFFFFFFFFFFFFFFFFFFF16
:10EA1000FFFFFFFFFFFFFFFFFFFFFFFFFFFFFFFF06
:10EA2000FFFFFFFFFFFFFFFFFFFFFFFFFFFFFFFFF6
:10EA3000FFFFFFFFFFFFFFFFFFFFFFFFFFFFFFFFE6
:10EA4000FFFFFFFFFFFFFFFFFFFFFFFFFFFFFFFFD6
:10EA5000FFFFFFFFFFFFFFFFFFFFFFFFFFFFFFFFC6
:10EA6000FFFFFFFFFFFFFFFFFFFFFFFFFFFFFFFFB6
:10EA7000FFFFFFFFFFFFFFFFFFFFFFFFFFFFFFFFA6
:10EA8000FFFFFFFFFFFFFFFFFFFFFFFFFFFFFFFF96
:10EA9000FFFFFFFFFFFFFFFFFFFFFFFFFFFFFFFF86
:10EAA000FFFFFFFFFFFFFFFFFFFFFFFFFFFFFFFF76
:10EAB000FFFFFFFFFFFFFFFFFFFFFFFFFFFFFFFF66
:10EAC000FFFFFFFFFFFFFFFFFFFFFFFFFFFFFFFF56
:10EAD000FFFFFFFFFFFFFFFFFFFFFFFFFFFFFFFF46
:10EAE000FFFFFFFFFFFFFFFFFFFFFFFFFFFFFFFF36
:10EAF000FFFFFFFFFFFFFFFFFFFFFFFFFFFFFFFF26
:10EB0000FFFFFFFFFFFFFFFFFFFFFFFFFFFFFFFF15
:10EB1000FFFFFFFFFFFFFFFFFFFFFFFFFFFFFFFF05
:10EB2000FFFFFFFFFFFFFFFFFFFFFFFFFFFFFFFFF5
:10EB3000FFFFFFFFFFFFFFFFFFFFFFFFFFFFFFFFE5
:10EB4000FFFFFFFFFFFFFFFFFFFFFFFFFFFFFFFFD5
:10EB5000FFFFFFFFFFFFFFFFFFFFFFFFFFFFFFFFC5
:10EB6000FFFFFFFFFFFFFFFFFFFFFFFFFFFFFFFFB5
:10EB7000FFFFFFFFFFFFFFFFFFFFFFFFFFFFFFFFA5
:10EB8000FFFFFFFFFFFFFFFFFFFFFFFFFFFFFFFF95
:10EB9000FFFFFFFFFFFFFFFFFFFFFFFFFFFFFFFF85
:10EBA000FFFFFFFFFFFFFFFFFFFFFFFFFFFFFFFF75
:10EBB000FFFFFFFFFFFFFFFFFFFFFFFFFFFFFFFF65
:10EBC000FFFFFFFFFFFFFFFFFFFFFFFFFFFFFFFF55
:10EBD000FFFFFFFFFFFFFFFFFFFFFFFFFFFFFFFF45
:10EBE000FFFFFFFFFFFFFFFFFFFFFFFFFFFFFFFF35
:10EBF000FFFFFFFFFFFFFFFFFFFFFFFFFFFFFFFF25
:10EC0000FFFFFFFFFFFFFFFFFFFFFFFFFFFFFFFF14
:10EC1000FFFFFFFFFFFFFFFFFFFFFFFFFFFFFFFF04
:10EC2000FFFFFFFFFFFFFFFFFFFFFFFFFFFFFFFFF4
:10EC3000FFFFFFFFFFFFFFFFFFFFFFFFFFFFFFFFE4
:10EC4000FFFFFFFFFFFFFFFFFFFFFFFFFFFFFFFFD4
:10EC5000FFFFFFFFFFFFFFFFFFFFFFFFFFFFFFFFC4
:10EC6000FFFFFFFFFFFFFFFFFFFFFFFFFFFFFFFFB4
:10EC7000FFFFFFFFFFFFFFFFFFFFFFFFFFFFFFFFA4
:10EC8000FFFFFFFFFFFFFFFFFFFFFFFFFFFFFFFF94
:10EC9000FFFFFFFFFFFFFFFFFFFFFFFFFFFFFFFF84
:10ECA000FFFFFFFFFFFFFFFFFFFFFFFFFFFFFFFF74
:10ECB000FFFFFFFFFFFFFFFFFFFFFFFFFFFFFFFF64
:10ECC000FFFFFFFFFFFFFFFFFFFFFFFFFFFFFFFF54
:10ECD000FFFFFFFFFFFFFFFFFFFFFFFFFFFFFFFF44
:10ECE000FFFFFFFFFFFFFFFFFFFFFFFFFFFFFFFF34
:10ECF000FFFFFFFFFFFFFFFFFFFFFFFFFFFFFFFF24
:10ED0000FFFFFFFFFFFFFFFFFFFFFFFFFFFFFFFF13
:10ED1000FFFFFFFFFFFFFFFFFFFFFFFFFFFFFFFF03
:10ED2000FFFFFFFFFFFFFFFFFFFFFFFFFFFFFFFFF3
:10ED3000FFFFFFFFFFFFFFFFFFFFFFFFFFFFFFFFE3
:10ED4000FFFFFFFFFFFFFFFFFFFFFFFFFFFFFFFFD3
:10ED5000FFFFFFFFFFFFFFFFFFFFFFFFFFFFFFFFC3
:10ED6000FFFFFFFFFFFFFFFFFFFFFFFFFFFFFFFFB3
:10ED7000FFFFFFFFFFFFFFFFFFFFFFFFFFFFFFFFA3
:10ED8000FFFFFFFFFFFFFFFFFFFFFFFFFFFFFFFF93
:10ED9000FFFFFFFFFFFFFFFFFFFFFFFFFFFFFFFF83
:10EDA000FFFFFFFFFFFFFFFFFFFFFFFFFFFFFFFF73
:10EDB000FFFFFFFFFFFFFFFFFFFFFFFFFFFFFFFF63
:10EDC000FFFFFFFFFFFFFFFFFFFFFFFFFFFFFFFF53
:10EDD000FFFFFFFFFFFFFFFFFFFFFFFFFFFFFFFF43
:10EDE000FFFFFFFFFFFFFFFFFFFFFFFFFFFFFFFF33
:10EDF000FFFFFFFFFFFFFFFFFFFFFFFFFFFFFFFF23
:10EE0000FFFFFFFFFFFFFFFFFFFFFFFFFFFFFFFF12
:10EE1000FFFFFFFFFFFFFFFFFFFFFFFFFFFFFFFF02
:10EE2000FFFFFFFFFFFFFFFFFFFFFFFFFFFFFFFFF2
:10EE3000FFFFFFFFFFFFFFFFFFFFFFFFFFFFFFFFE2
:10EE4000FFFFFFFFFFFFFFFFFFFFFFFFFFFFFFFFD2
:10EE5000FFFFFFFFFFFFFFFFFFFFFFFFFFFFFFFFC2
:10EE6000FFFFFFFFFFFFFFFFFFFFFFFFFFFFFFFFB2
:10EE7000FFFFFFFFFFFFFFFFFFFFFFFFFFFFFFFFA2
:10EE8000FFFFFFFFFFFFFFFFFFFFFFFFFFFFFFFF92
:10EE9000FFFFFFFFFFFFFFFFFFFFFFFFFFFFFFFF82
:10EEA000FFFFFFFFFFFFFFFFFFFFFFFFFFFFFFFF72
:10EEB000FFFFFFFFFFFFFFFFFFFFFFFFFFFFFFFF62
:10EEC000FFFFFFFFFFFFFFFFFFFFFFFFFFFFFFFF52
:10EED000FFFFFFFFFFFFFFFFFFFFFFFFFFFFFFFF42
:10EEE000FFFFFFFFFFFFFFFFFFFFFFFFFFFFFFFF32
:10EEF000FFFFFFFFFFFFFFFFFFFFFFFFFFFFFFFF22
:10EF0000FFFFFFFFFFFFFFFFFFFFFFFFFFFFFFFF11
:10EF1000FFFFFFFFFFFFFFFFFFFFFFFFFFFFFFFF01
:10EF2000FFFFFFFFFFFFFFFFFFFFFFFFFFFFFFFFF1
:10EF3000FFFFFFFFFFFFFFFFFFFFFFFFFFFFFFFFE1
:10EF4000FFFFFFFFFFFFFFFFFFFFFFFFFFFFFFFFD1
:10EF5000FFFFFFFFFFFFFFFFFFFFFFFFFFFFFFFFC1
:10EF6000FFFFFFFFFFFFFFFFFFFFFFFFFFFFFFFFB1
:10EF7000FFFFFFFFFFFFFFFFFFFFFFFFFFFFFFFFA1
:10EF8000FFFFFFFFFFFFFFFFFFFFFFFFFFFFFFFF91
:10EF9000FFFFFFFFFFFFFFFFFFFFFFFFFFFFFFFF81
:10EFA000FFFFFFFFFFFFFFFFFFFFFFFFFFFFFFFF71
:10EFB000FFFFFFFFFFFFFFFFFFFFFFFFFFFFFFFF61
:10EFC000FFFFFFFFFFFFFFFFFFFFFFFFFFFFFFFF51
:10EFD000FFFFFFFFFFFFFFFFFFFFFFFFFFFFFFFF41
:10EFE000FFFFFFFFFFFFFFFFFFFFFFFFFFFFFFFF31
:10EFF000FFFFFFFFFFFFFFFFFFFFFFFFFFFFFFFF21
:10F00000FFFFFFFFFFFFFFFFFFFFFFFFFFFFFFFF10
:10F01000FFFFFFFFFFFFFFFFFFFFFFFFFFFFFFFF00
:10F02000FFFFFFFFFFFFFFFFFFFFFFFFFFFFFFFFF0
:10F03000FFFFFFFFFFFFFFFFFFFFFFFFFFFFFFFFE0
:10F04000FFFFFFFFFFFFFFFFFFFFFFFFFFFFFFFFD0
:10F05000FFFFFFFFFFFFFFFFFFFFFFFFFFFFFFFFC0
:10F06000FFFFFFFFFFFFFFFFFFFFFFFFFFFFFFFFB0
:10F07000FFFFFFFFFFFFFFFFFFFFFFFFFFFFFFFFA0
:10F08000FFFFFFFFFFFFFFFFFFFFFFFFFFFFFFFF90
:10F09000FFFFFFFFFFFFFFFFFFFFFFFFFFFFFFFF80
:10F0A000FFFFFFFFFFFFFFFFFFFFFFFFFFFFFFFF70
:10F0B000FFFFFFFFFFFFFFFFFFFFFFFFFFFFFFFF60
:10F0C000FFFFFFFFFFFFFFFFFFFFFFFFFFFFFFFF50
:10F0D000FFFFFFFFFFFFFFFFFFFFFFFFFFFFFFFF40
:10F0E000FFFFFFFFFFFFFFFFFFFFFFFFFFFFFFFF30
:10F0F000FFFFFFFFFFFFFFFFFFFFFFFFFFFFFFFF20
:10F10000FFFFFFFFFFFFFFFFFFFFFFFFFFFFFFFF0F
:10F11000FFFFFFFFFFFFFFFFFFFFFFFFFFFFFFFFFF
:10F12000FFFFFFFFFFFFFFFFFFFFFFFFFFFFFFFFEF
:10F13000FFFFFFFFFFFFFFFFFFFFFFFFFFFFFFFFDF
:10F14000FFFFFFFFFFFFFFFFFFFFFFFFFFFFFFFFCF
:10F15000FFFFFFFFFFFFFFFFFFFFFFFFFFFFFFFFBF
:10F16000FFFFFFFFFFFFFFFFFFFFFFFFFFFFFFFFAF
:10F17000FFFFFFFFFFFFFFFFFFFFFFFFFFFFFFFF9F
:10F18000FFFFFFFFFFFFFFFFFFFFFFFFFFFFFFFF8F
:10F19000FFFFFFFFFFFFFFFFFFFFFFFFFFFFFFFF7F
:10F1A000FFFFFFFFFFFFFFFFFFFFFFFFFFFFFFFF6F
:10F1B000FFFFFFFFFFFFFFFFFFFFFFFFFFFFFFFF5F
:10F1C000FFFFFFFFFFFFFFFFFFFFFFFFFFFFFFFF4F
:10F1D000FFFFFFFFFFFFFFFFFFFFFFFFFFFFFFFF3F
:10F1E000FFFFFFFFFFFFFFFFFFFFFFFFFFFFFFFF2F
:10F1F000FFFFFFFFFFFFFFFFFFFFFFFFFFFFFFFF1F
:10F20000FFFFFFFFFFFFFFFFFFFFFFFFFFFFFFFF0E
:10F21000FFFFFFFFFFFFFFFFFFFFFFFFFFFFFFFFFE
:10F22000FFFFFFFFFFFFFFFFFFFFFFFFFFFFFFFFEE
:10F23000FFFFFFFFFFFFFFFFFFFFFFFFFFFFFFFFDE
:10F24000FFFFFFFFFFFFFFFFFFFFFFFFFFFFFFFFCE
:10F25000FFFFFFFFFFFFFFFFFFFFFFFFFFFFFFFFBE
:10F26000FFFFFFFFFFFFFFFFFFFFFFFFFFFFFFFFAE
:10F27000FFFFFFFFFFFFFFFFFFFFFFFFFFFFFFFF9E
:10F28000FFFFFFFFFFFFFFFFFFFFFFFFFFFFFFFF8E
:10F29000FFFFFFFFFFFFFFFFFFFFFFFFFFFFFFFF7E
:10F2A000FFFFFFFFFFFFFFFFFFFFFFFFFFFFFFFF6E
:10F2B000FFFFFFFFFFFFFFFFFFFFFFFFFFFFFFFF5E
:10F2C000FFFFFFFFFFFFFFFFFFFFFFFFFFFFFFFF4E
:10F2D000FFFFFFFFFFFFFFFFFFFFFFFFFFFFFFFF3E
:10F2E000FFFFFFFFFFFFFFFFFFFFFFFFFFFFFFFF2E
:10F2F000FFFFFFFFFFFFFFFFFFFFFFFFFFFFFFFF1E
:10F30000FFFFFFFFFFFFFFFFFFFFFFFFFFFFFFFF0D
:10F31000FFFFFFFFFFFFFFFFFFFFFFFFFFFFFFFFFD
:10F32000FFFFFFFFFFFFFFFFFFFFFFFFFFFFFFFFED
:10F33000FFFFFFFFFFFFFFFFFFFFFFFFFFFFFFFFDD
:10F34000FFFFFFFFFFFFFFFFFFFFFFFFFFFFFFFFCD
:10F35000FFFFFFFFFFFFFFFFFFFFFFFFFFFFFFFFBD
:10F36000FFFFFFFFFFFFFFFFFFFFFFFFFFFFFFFFAD
:10F37000FFFFFFFFFFFFFFFFFFFFFFFFFFFFFFFF9D
:10F38000FFFFFFFFFFFFFFFFFFFFFFFFFFFFFFFF8D
:10F39000FFFFFFFFFFFFFFFFFFFFFFFFFFFFFFFF7D
:10F3A000FFFFFFFFFFFFFFFFFFFFFFFFFFFFFFFF6D
:10F3B000FFFFFFFFFFFFFFFFFFFFFFFFFFFFFFFF5D
:10F3C000FFFFFFFFFFFFFFFFFFFFFFFFFFFFFFFF4D
:10F3D000FFFFFFFFFFFFFFFFFFFFFFFFFFFFFFFF3D
:10F3E000FFFFFFFFFFFFFFFFFFFFFFFFFFFFFFFF2D
:10F3F000FFFFFFFFFFFFFFFFFFFFFFFFFFFFFFFF1D
:10F40000FFFFFFFFFFFFFFFFFFFFFFFFFFFFFFFF0C
:10F41000FFFFFFFFFFFFFFFFFFFFFFFFFFFFFFFFFC
:10F42000FFFFFFFFFFFFFFFFFFFFFFFFFFFFFFFFEC
:10F43000FFFFFFFFFFFFFFFFFFFFFFFFFFFFFFFFDC
:10F44000FFFFFFFFFFFFFFFFFFFFFFFFFFFFFFFFCC
:10F45000FFFFFFFFFFFFFFFFFFFFFFFFFFFFFFFFBC
:10F46000FFFFFFFFFFFFFFFFFFFFFFFFFFFFFFFFAC
:10F47000FFFFFFFFFFFFFFFFFFFFFFFFFFFFFFFF9C
:10F48000FFFFFFFFFFFFFFFFFFFFFFFFFFFFFFFF8C
:10F49000FFFFFFFFFFFFFFFFFFFFFFFFFFFFFFFF7C
:10F4A000FFFFFFFFFFFFFFFFFFFFFFFFFFFFFFFF6C
:10F4B000FFFFFFFFFFFFFFFFFFFFFFFFFFFFFFFF5C
:10F4C000FFFFFFFFFFFFFFFFFFFFFFFFFFFFFFFF4C
:10F4D000FFFFFFFFFFFFFFFFFFFFFFFFFFFFFFFF3C
:10F4E000FFFFFFFFFFFFFFFFFFFFFFFFFFFFFFFF2C
:10F4F000FFFFFFFFFFFFFFFFFFFFFFFFFFFFFFFF1C
:10F50000FFFFFFFFFFFFFFFFFFFFFFFFFFFFFFFF0B
:10F51000FFFFFFFFFFFFFFFFFFFFFFFFFFFFFFFFFB
:10F52000FFFFFFFFFFFFFFFFFFFFFFFFFFFFFFFFEB
:10F53000FFFFFFFFFFFFFFFFFFFFFFFFFFFFFFFFDB
:10F54000FFFFFFFFFFFFFFFFFFFFFFFFFFFFFFFFCB
:10F55000FFFFFFFFFFFFFFFFFFFFFFFFFFFFFFFFBB
:10F56000FFFFFFFFFFFFFFFFFFFFFFFFFFFFFFFFAB
:10F57000FFFFFFFFFFFFFFFFFFFFFFFFFFFFFFFF9B
:10F58000FFFFFFFFFFFFFFFFFFFFFFFFFFFFFFFF8B
:10F59000FFFFFFFFFFFFFFFFFFFFFFFFFFFFFFFF7B
:10F5A000FFFFFFFFFFFFFFFFFFFFFFFFFFFFFFFF6B
:10F5B000FFFFFFFFFFFFFFFFFFFFFFFFFFFFFFFF5B
:10F5C000FFFFFFFFFFFFFFFFFFFFFFFFFFFFFFFF4B
:10F5D000FFFFFFFFFFFFFFFFFFFFFFFFFFFFFFFF3B
:10F5E000FFFFFFFFFFFFFFFFFFFFFFFFFFFFFFFF2B
:10F5F000FFFFFFFFFFFFFFFFFFFFFFFFFFFFFFFF1B
:10F60000FFFFFFFFFFFFFFFFFFFFFFFFFFFFFFFF0A
:10F61000FFFFFFFFFFFFFFFFFFFFFFFFFFFFFFFFFA
:10F62000FFFFFFFFFFFFFFFFFFFFFFFFFFFFFFFFEA
:10F63000FFFFFFFFFFFFFFFFFFFFFFFFFFFFFFFFDA
:10F64000FFFFFFFFFFFFFFFFFFFFFFFFFFFFFFFFCA
:10F65000FFFFFFFFFFFFFFFFFFFFFFFFFFFFFFFFBA
:10F66000FFFFFFFFFFFFFFFFFFFFFFFFFFFFFFFFAA
:10F67000FFFFFFFFFFFFFFFFFFFFFFFFFFFFFFFF9A
:10F68000FFFFFFFFFFFFFFFFFFFFFFFFFFFFFFFF8A
:10F69000FFFFFFFFFFFFFFFFFFFFFFFFFFFFFFFF7A
:10F6A000FFFFFFFFFFFFFFFFFFFFFFFFFFFFFFFF6A
:10F6B000FFFFFFFFFFFFFFFFFFFFFFFFFFFFFFFF5A
:10F6C000FFFFFFFFFFFFFFFFFFFFFFFFFFFFFFFF4A
:10F6D000FFFFFFFFFFFFFFFFFFFFFFFFFFFFFFFF3A
:10F6E000FFFFFFFFFFFFFFFFFFFFFFFFFFFFFFFF2A
:10F6F000FFFFFFFFFFFFFFFFFFFFFFFFFFFFFFFF1A
:10F70000FFFFFFFFFFFFFFFFFFFFFFFFFFFFFFFF09
:10F71000FFFFFFFFFFFFFFFFFFFFFFFFFFFFFFFFF9
:10F72000FFFFFFFFFFFFFFFFFFFFFFFFFFFFFFFFE9
:10F73000FFFFFFFFFFFFFFFFFFFFFFFFFFFFFFFFD9
:10F74000FFFFFFFFFFFFFFFFFFFFFFFFFFFFFFFFC9
:10F75000FFFFFFFFFFFFFFFFFFFFFFFFFFFFFFFFB9
:10F76000FFFFFFFFFFFFFFFFFFFFFFFFFFFFFFFFA9
:10F77000FFFFFFFFFFFFFFFFFFFFFFFFFFFFFFFF99
:10F78000FFFFFFFFFFFFFFFFFFFFFFFFFFFFFFFF89
:10F79000FFFFFFFFFFFFFFFFFFFFFFFFFFFFFFFF79
:10F7A000FFFFFFFFFFFFFFFFFFFFFFFFFFFFFFFF69
:10F7B000FFFFFFFFFFFFFFFFFFFFFFFFFFFFFFFF59
:10F7C000FFFFFFFFFFFFFFFFFFFFFFFFFFFFFFFF49
:10F7D000FFFFFFFFFFFFFFFFFFFFFFFFFFFFFFFF39
:10F7E000FFFFFFFFFFFFFFFFFFFFFFFFFFFFFFFF29
:10F7F000FFFFFFFFFFFFFFFFFFFFFFFFFFFFFFFF19
:10F80000C80171FD746F33B3400165040D0032000F
:10F81000960671FD030064000A00400000000A0023
:10F8200001000000EC0100000080000080060000E4
:10F830000000F401000000004801D007001464003B
:10F840006400640080000001F401E80301008F02FD
:10F850004801C5008300C0084801C5001E004801DA
:10F860001E000100005FB80B00000000C0178002FE
:10F87000E803E8038016401A0019E803E80380163D
:10F88000401A0019E803E8030014C012E803E80373
:10F89000333333F3CDCCCC0CE803E803001EC01C9B
:10F8A000E803E803C017C012E803E803333333F377
:10F8B000CDCCCC0CE803E80380BB80B6E803E803BA
:10F8C000005F0064E803E80348320002E803983A66
:10F8D00020080008E803E80360048004E803E80364
:10F8E0000300000A6600881388130002D007FFFF98
:10F8F000E803E803333333F3CDCCCC0CE803E8035F
:10F90000333333F3CDCCCC0CE803E803001EC01C2A
:10F91000E803E803333333F3CDCCCC0CE803E8033E
:10F9200080046004E803E803C002E002E803E8039F
:10F93000FFFFFF0000000200640000000000000064
:10F94000000000000000000064006400FFFFFFFFF3
:10F95000FFFFFFFFFFFFFFFFFFFFFFFFFFFFFFFFB7
:10F96000FFFFFFFFFFFFFFFFFFFFFFFFFFFFFFFFA7
:10F97000FFFFFFFFFFFFFFFFFFFFFFFFFFFFFFFF97
:10F98000FFFFFFFFFFFFFFFFFFFFFFFFFFFFFFFF87
:10F99000FFFFFFFFFFFFFFFFFFFFFFFFFFFFFFFF77
:10F9A000FFFFFFFFFFFFFFFFFFFFFFFFFFFFFFFF67
:10F9B000FFFFFFFFFFFFFFFFFFFFFFFFFFFFFFFF57
:10F9C000FFFFFFFFFFFFFFFFFFFFFFFFFFFFFFFF47
:10F9D000FFFFFFFFFFFFFFFFFFFFFFFFFFFFFFFF37
:10F9E000FFFFFFFFFFFFFFFFFFFFFFFFFFFFFFFF27
:10F9F000FFFFFFFFFFFFFFFFFFFFFFFFFFFFFFFF17
:10FA0000FFFFFFFFFFFFFFFFFFFFFFFFFFFFFFFF06
:10FA1000FFFFFFFFFFFFFFFFFFFFFFFFFFFFFFFFF6
:10FA2000FFFFFFFFFFFFFFFFFFFFFFFFFFFFFFFFE6
:10FA3000FFFFFFFFFFFFFFFFFFFFFFFFFFFFFFFFD6
:10FA4000FFFFFFFFFFFFFFFFFFFFFFFFFFFFFFFFC6
:10FA5000FFFFFFFFFFFFFFFFFFFFFFFFFFFFFFFFB6
:10FA6000FFFFFFFFFFFFFFFFFFFFFFFFFFFFFFFFA6
:10FA7000FFFFFFFFFFFFFFFFFFFFFFFFFFFFFFFF96
:10FA8000FFFFFFFFFFFFFFFFFFFFFFFFFFFFFFFF86
:10FA9000FFFFFFFFFFFFFFFFFFFFFFFFFFFFFFFF76
:10FAA000FFFFFFFFFFFFFFFFFFFFFFFFFFFFFFFF66
:10FAB000FFFFFFFFFFFFFFFFFFFFFFFFFFFFFFFF56
:10FAC000FFFFFFFFFFFFFFFFFFFFFFFFFFFFFFFF46
:10FAD000FFFFFFFFFFFFFFFFFFFFFFFFFFFFFFFF36
:10FAE000FFFFFFFFFFFFFFFFFFFFFFFFFFFFFFFF26
:10FAF000FFFFFFFFFFFFFFFFFFFFFFFFFFFFFFFF16
:10FB0000FFFFFFFFFFFFFFFFFFFFFFFFFFFFFFFF05
:10FB1000FFFFFFFFFFFFFFFFFFFFFFFFFFFFFFFFF5
:10FB2000FFFFFFFFFFFFFFFFFFFFFFFFFFFFFFFFE5
:10FB3000FFFFFFFFFFFFFFFFFFFFFFFFFFFFFFFFD5
:10FB4000FFFFFFFFFFFFFFFFFFFFFFFFFFFFFFFFC5
:10FB5000FFFFFFFFFFFFFFFFFFFFFFFFFFFFFFFFB5
:10FB6000FFFFFFFFFFFFFFFFFFFFFFFFFFFFFFFFA5
:10FB7000FFFFFFFFFFFFFFFFFFFFFFFFFFFFFFFF95
:10FB8000FFFFFFFFFFFFFFFFFFFFFFFFFFFFFFFF85
:10FB9000FFFFFFFFFFFFFFFFFFFFFFFFFFFFFFFF75
:10FBA000FFFFFFFFFFFFFFFFFFFFFFFFFFFFFFFF65
:10FBB000FFFFFFFFFFFFFFFFFFFFFFFFFFFFFFFF55
:10FBC000FFFFFFFFFFFFFFFFFFFFFFFFFFFFFFFF45
:10FBD000FFFFFFFFFFFFFFFFFFFFFFFFFFFFFFFF35
:10FBE000FFFFFFFFFFFFFFFFFFFFFFFFFFFFFFFF25
:10FBF000FFFFFFFFFFFFFFFFFFFFFFFFFFFFFFFF15
:10FC0000FFFFFFFFFFFFFFFFFFFFFFFFFFFFFFFF04
:10FC1000FFFFFFFFFFFFFFFFFFFFFFFFFFFFFFFFF4
:10FC2000FFFFFFFFFFFFFFFFFFFFFFFFFFFFFFFFE4
:10FC3000FFFFFFFFFFFFFFFFFFFFFFFFFFFFFFFFD4
:10FC4000FFFFFFFFFFFFFFFFFFFFFFFFFFFFFFFFC4
:10FC5000FFFFFFFFFFFFFFFFFFFFFFFFFFFFFFFFB4
:10FC6000FFFFFFFFFFFFFFFFFFFFFFFFFFFFFFFFA4
:10FC7000FFFFFFFFFFFFFFFFFFFFFFFFFFFFFFFF94
:10FC8000FFFFFFFFFFFFFFFFFFFFFFFFFFFFFFFF84
:10FC9000FFFFFFFFFFFFFFFFFFFFFFFFFFFFFFFF74
:10FCA000FFFFFFFFFFFFFFFFFFFFFFFFFFFFFFFF64
:10FCB000FFFFFFFFFFFFFFFFFFFFFFFFFFFFFFFF54
:10FCC000FFFFFFFFFFFFFFFFFFFFFFFFFFFFFFFF44
:10FCD000FFFFFFFFFFFFFFFFFFFFFFFFFFFFFFFF34
:10FCE000FFFFFFFFFFFFFFFFFFFFFFFFFFFFFFFF24
:10FCF000FFFFFFFFFFFFFFFFFFFFFFFFFFFFFFFF14
:10FD0000FFFFFFFFFFFFFFFFFFFFFFFFFFFFFFFF03
:10FD1000FFFFFFFFFFFFFFFFFFFFFFFFFFFFFFFFF3
:10FD2000FFFFFFFFFFFFFFFFFFFFFFFFFFFFFFFFE3
:10FD3000FFFFFFFFFFFFFFFFFFFFFFFFFFFFFFFFD3
:10FD4000FFFFFFFFFFFFFFFFFFFFFFFFFFFFFFFFC3
:10FD5000FFFFFFFFFFFFFFFFFFFFFFFFFFFFFFFFB3
:10FD6000FFFFFFFFFFFFFFFFFFFFFFFFFFFFFFFFA3
:10FD7000FFFFFFFFFFFFFFFFFFFFFFFFFFFFFFFF93
:10FD8000FFFFFFFFFFFFFFFFFFFFFFFFFFFFFFFF83
:10FD9000FFFFFFFFFFFFFFFFFFFFFFFFFFFFFFFF73
:10FDA000FFFFFFFFFFFFFFFFFFFFFFFFFFFFFFFF63
:10FDB000FFFFFFFFFFFFFFFFFFFFFFFFFFFFFFFF53
:10FDC000FFFFFFFFFFFFFFFFFFFFFFFFFFFFFFFF43
:10FDD000FFFFFFFFFFFFFFFFFFFFFFFFFFFFFFFF33
:10FDE000FFFFFFFFFFFFFFFFFFFFFFFFFFFFFFFF23
:10FDF000FFFFFFFFFFFFFFFFFFFFFFFFFFFFFFFF13
:10FE0000FFFFFFFFFFFFFFFFFFFFFFFFFFFFFFFF02
:10FE1000FFFFFFFFFFFFFFFFFFFFFFFFFFFFFFFFF2
:10FE2000FFFFFFFFFFFFFFFFFFFFFFFFFFFFFFFFE2
:10FE3000FFFFFFFFFFFFFFFFFFFFFFFFFFFFFFFFD2
:10FE4000FFFFFFFFFFFFFFFFFFFFFFFFFFFFFFFFC2
:10FE5000FFFFFFFFFFFFFFFFFFFFFFFFFFFFFFFFB2
:10FE6000FFFFFFFFFFFFFFFFFFFFFFFFFFFFFFFFA2
:10FE7000FFFFFFFFFFFFFFFFFFFFFFFFFFFFFFFF92
:10FE8000FFFFFFFFFFFFFFFFFFFFFFFFFFFFFFFF82
:10FE9000FFFFFFFFFFFFFFFFFFFFFFFFFFFFFFFF72
:10FEA000FFFFFFFFFFFFFFFFFFFFFFFFFFFFFFFF62
:10FEB000FFFFFFFFFFFFFFFFFFFFFFFFFFFFFFFF52
:10FEC000FFFFFFFFFFFFFFFFFFFFFFFFFFFFFFFF42
:10FED000FFFFFFFFFFFFFFFFFFFFFFFFFFFFFFFF32
:10FEE000FFFFFFFFFFFFFFFFFFFFFFFFFFFFFFFF22
:10FEF000FFFFFFFFFFFFFFFFFFFFFFFFFFFFFFFF12
:10FF0000FFFFFFFFFFFFFFFFFFFFFFFFFFFFFFFF01
:10FF1000FFFFFFFFFFFFFFFFFFFFFFFFFFFFFFFFF1
:10FF2000FFFFFFFFFFFFFFFFFFFFFFFFFFFFFFFFE1
:10FF3000FFFFFFFFFFFFFFFFFFFFFFFFFFFFFFFFD1
:10FF4000FFFFFFFFFFFFFFFFFFFFFFFFFFFFFFFFC1
:10FF5000FFFFFFFFFFFFFFFFFFFFFFFFFFFFFFFFB1
:10FF6000FFFFFFFFFFFFFFFFFFFFFFFFFFFFFFFFA1
:10FF7000FFFFFFFFFFFFFFFFFFFFFFFFFFFFFFFF91
:10FF8000FFFFFFFFFFFFFFFFFFFFFFFFFFFFFFFF81
:10FF9000FFFFFFFFFFFFFFFFFFFFFFFFFFFFFFFF71
:10FFA000FFFFFFFFFFFFFFFFFFFFFFFFFFFFFFFF61
:10FFB000FFFFFFFFFFFFFFFFFFFFFFFFFFFFFFFF51
:10FFC000FFFFFFFFFFFFFFFFFFFFFFFFFFFFFFFF41
:10FFD000FFFFFFFFFFFFFFFFFFFFFFFFFFFFFFFF31
:10FFE000FFFFFFFFFFFFFFFFFFFFFFFFFFFFFFFF21
:10FFF000FFFFFFFFFFFFFFFFFFFFFFFFFFFFFFFF11
:00000001FF
