:100000008011FF1F2988000079880000798800008E
:1000100079880000798800007988000000000000DD
:1000200000000000000000000000000079880000CF
:10003000798800000000000079880000B58C00007D
:10004000DD470000ED470000FD4700000D480000BF
:100050001D4800002D4800003D4800004D480000AC
:100060005D4800006D4800007D4800008D4800009C
:100070009D480000AD480000BD480000CD4800008C
:100080000939000019390000293900003939000008
:1000900049390000210F00003D0F0000590F0000FA
:1000A000750F000000000000000000004116000075
:1000B00051160000611600000000000045380000E5
:1000C0000000000011420000D1830000E183000025
:1000D000F1830000018400001184000021840000ED
:1000E0003184000041840000000000000000000096
:1000F0000000000000000000A12A0000B12A00005A
:10010000B1870000C187000019880000FD020000CF
:10011000714100007988000009150000DD1400001D
:1001200079880000C92800002929000089290000D9
:10013000D92800003929000099290000E928000089
:1001400049290000A9290000F928000059290000C8
:10015000B92900000929000069290000C929000007
:100160001929000079290000D929000000000000A9
:10017000000000000000000000000000000000007F
:1001800000000000B5220000952B0000391000008F
:10019000491000005910000069100000814A000059
:1001A000D5400000C9400000E1400000B910000047
:0401B000C910000072
:1001B40080B500AF08F0C4FC0AF062F90AF010FA46
:1001C40008F084FD0AF06EFE08F0E4FCFCE700BFD2
:1001D40080B400AF72B600BFBD465DF8047B7047C3
:1001E40080B400AF62B600BFBD465DF8047B7047C3
:1001F40080B584B000AF78600023FB81FFF7E8FF8F
:100204007B681B78DBB2FF2B07D07B681B78DBB2E3
:100214000133DAB27B681A7001E00123FB81FFF736
:10022400DFFFFB8918461037BD4680BD80B582B01C
:1002340000AF78600B46FB70FFF7CAFF7B68FA7863
:100244001A70FFF7CDFF002318460837BD4680BD5E
:1002540080B483B000AF7860002318460C37BD46E5
:100264005DF8047B704700BF80B483B000AF786052
:100274007B685B6843F040027B685A6000BF0C37C0
:10028400BD465DF8047B704780B483B000AF7860EE
:100294007B68074A9A607B689B687B68054A9A601A
:1002A4007B689B6800BF0C37BD465DF8047B7047D4
:1002B40087D964E078848A8680B584B000AF034629
:1002C400FB710B4BFB60F868FFF7DEFFF868FFF784
:1002D400CBFFFB79074A52F82330002B04D0FB797B
:1002E400044A52F82330984700BF1037BD4680BDFA
:1002F40000B000400C06FF1F80B500AF0020FFF7E0
:10030400DBFF00BF80BD00BF80B483B000AF786066
:100314000B46FB707B681B6923F00102FB78002B02
:1003240001D0012300E000231A437B681A6100BF57
:100334007B681B6903F00103002B14BF0123002316
:10034400DBB21A46FB789A42F2D100BF0C37BD46A5
:100354005DF8047B704700BF80B483B000AF786061
:100364000B46FB707B681B6C23F00202FB78002BAE
:1003740001D0022300E000231A437B681A6400BF03
:100384000C37BD465DF8047B704700BF80B483B072
:1003940000AF78600B46FB707B681B6C23F0010296
:1003A400FB78002B01D0012300E000231A437B6873
:1003B4001A6400BF0C37BD465DF8047B704700BF6C
:1003C40080B483B000AF78600B46FB70FA787B682A
:1003D4001A6000BF0C37BD465DF8047B704700BF50
:1003E40080B483B000AF786039607B681B68DAB290
:1003F4003B681A7000BF0C37BD465DF8047B70473C
:1004040080B483B000AF78600B46FB707B685B6997
:1004140023F00102FB781A437B685A6100BF0C3752
:10042400BD465DF8047B704780B485B000AF78604A
:100434009E23FB607B68FA681A6200BF1437BD46CE
:100444005DF8047B704700BF80B584B000AF78606E
:10045400404A7B6852F82330FB603F4A7B6852F87D
:100464002330BB60786800F061F94FF44031F868DC
:1004740000F05CFC0346002B0AD04FF48031F8688E
:1004840000F0AAFC0346002B02D0786800F074F850
:100494003249F86800F04AFC0346002B09D0304981
:1004A400F86800F099FC0346002B02D0786800F04D
:1004B400AFF82C49F86800F039FC0346002B09D04A
:1004C4002949F86800F088FC0346002B02D07868BC
:1004D40000F002F92549F86800F028FC0346002BD7
:1004E40015D02349F86800F077FC0346002B0ED0A2
:1004F4001F49F86800F0A2FCBB689B69002B06D07A
:10050400BB689B69BA68D2690421B86898471949DD
:10051400F86800F00BFC0346002B17D04FF40031B1
:10052400F86800F059FC0346002B0FD04FF400315B
:10053400F86800F083FCBB689B69002B06D0BB689D
:100544009B69BA68D2690521B868984700BF10371B
:10055400BD4680BDA8AF00001006FF1F01000300C8
:10056400050001000200030006000100020004006F
:10057400080002000400060080B584B000AF786073
:10058400224A7B6852F82330FB60786800F062FAF4
:10059400FB681B7D022B0AD0FB685B685A1CFB6856
:1005A4005A60FB68DB685A1EFB68DA6009E0FB6886
:1005B4005B689A1CFB685A60FB68DB689A1EFB68E0
:1005C400DA60FB68DB68002B0AD1FB689B69002BAF
:1005D40006D0FB689B69FA68D2690021F8689847DD
:1005E400FB68DB68002B0DD1786800F0B1F9FB687B
:1005F4009B69002B06D0FB689B69FA68D2690221CB
:10060400F868984700BF1037BD4680BD1006FF1F2D
:1006140080B584B000AF78602B4A7B6852F82330F1
:10062400FB602A4A7B6852F82330BB60FB689B68F6
:10063400002B45D0786800F0CFF9FB681B7D022BB6
:1006440013D0FB689B68012B04D101222049B868B0
:1006540000F0F4FAFB681B685A1CFB681A60FB681C
:100664009B685A1EFB689A6012E0FB689B68022B29
:1006740004D101221649B86800F0E0FAFB681B684F
:100684009A1CFB681A60FB689B689A1EFB689A6058
:10069400FB689B68002B13D1FB681B6A002B06D0F8
:1006A400FB681B6AFA68526A0121F8689847FB687C
:1006B4009B68002B04D100220649B86800F0BEFAFA
:1006C40000BF1037BD4680BD1006FF1FA8AF000055
:1006D400020003000100030080B584B000AF78601D
:1006E400114A7B6852F82330FB60FB689B68002B3F
:1006F40016D1FB6893F82830012B03D1786800F0F9
:10070400EDF802E0786800F0E1F9FB681B6A002B61
:1007140006D0FB681B6AFA68526A0221F868984797
:1007240000BF1037BD4680BD1006FF1F80B584B0E2
:1007340000AF7860634A7B6852F82330FB60624AFA
:100744007B6852F82330BB604FF00111B86800F0A9
:1007540043FB0346002B1DD0FB6840F201621A865E
:10076400FB6893F82830012B03D1786800F0F0F887
:1007740002E0786800F0E6F9FB689B69002B06D07C
:10078400FB689B69FA68D2690321F8689847B868DE
:10079400FFF74AFE4D49B86800F01EFB0346002BE4
:1007A4001DD0FB6840F204621A86FB6893F8283077
:1007B400012B03D1786800F0CBF802E0786800F0F0
:1007C400C1F9FB689B69002B06D0FB689B69FA683A
:1007D400D2690321F8689847B868FFF725FE3C49B9
:1007E400B86800F0F9FA0346002B1DD0FB6840F20C
:1007F40003621A86FB6893F82830012B03D17868CA
:1008040000F0A6F802E0786800F09CF9FB689B69A8
:10081400002B06D0FB689B69FA68D2690321F8684B
:100824009847B868FFF700FE2A49B86800F0D4FA80
:100834000346002B1DD0FB6840F205621A86FB6854
:1008440093F82830012B03D1786800F081F802E096
:10085400786800F077F9FB689B69002B06D0FB6889
:100864009B69FA68D2690321F8689847B868FFF76A
:10087400DBFD1949B86800F0AFFA0346002B1DD020
:10088400FB6840F206621A86FB6893F82830012B55
:1008940003D1786800F05CF802E0786800F052F95F
:1008A400FB689B69002B06D0FB689B69FA68D269D8
:1008B4000321F8689847B868FFF7B6FD00BF103702
:1008C400BD4680BD1006FF1FA8AF00000200010056
:1008D40003000100040001000700010080B584B09A
:1008E40000AF7860164A7B6852F82330FB60154AE3
:1008F4007B6852F82330BB60BB68DB8D9BB2022B54
:1009040003D1BB680022DA8504E000220E49F868AE
:1009140000F094F900220D49F86800F08FF9BB68E3
:1009240000221A74BB689B7CDBB2002B04D0BB682A
:100934002C331846FFF75CFC00BF1037BD4680BD62
:10094400A8AF00001006FF1F01000300020003000F
:1009540080B586B000AF78600023FB731C4A7B68C7
:1009640052F823307B611B4A7B6852F823303B6189
:1009740000213869FFF7C8FC0021386900F0A4FAA7
:1009840007F10F0319463869FFF72AFD00224FF4D7
:100994004031386900F052F97B69DB7CDBB2002B13
:1009A40007D07B692B331846FFF722FC7B690022B2
:1009B400DA747B6900225A747B691B8E9BB2022B0A
:1009C40002D17B6900221A8600BF1837BD4680BD5C
:1009D4001006FF1FA8AF000080B586B000AF786096
:1009E4001A4A7B6852F823307B61194A7B6852F8B3
:1009F40023303B610023FB817B691B68BB607B69FF
:100A04001B7D002B03D07B691B7D012B06D1BB68AA
:100A14001B7819463869FFF7D3FC12E0BB681B78D2
:100A2400FB81BB680133BB60BB681B789BB21B02B4
:100A34009AB2FB891343FB81FB891946386900F09C
:100A4400D7F800BF1837BD4680BD00BF1006FF1F92
:100A5400A8AF000080B586B000AF7860194A7B6803
:100A640052F823307B61184A7B6852F823303B618B
:100A740000237B817B695B68FB607B691B7D002BAA
:100A840003D07B691B7D012B04D1F9683869FFF71A
:100A9400A7FC12E007F10A031946386900F0BAF816
:100AA4007B89DAB2FB681A70FB680133FB607B89CF
:100AB4001B0A9BB2DAB2FB681A7000BF1837BD4636
:100AC40080BD00BF1006FF1FA8AF000080B584B032
:100AD40000AF7860184A7B6852F82330FB60174AED
:100AE4007B6852F82330BB600021F868FFF734FCC0
:100AF400BB6893F82A30184603F044FE00221049DC
:100B0400F86800F09BF8BB689B7CDBB2002B04D038
:100B1400BB682C331846FFF76BFBBB68DB8D9BB2BD
:100B2400022B02D1BB680022DA85BB6800221A744A
:100B340000BF1037BD4680BDA8AF00001006FF1FE0
:100B44000200030080B586B000AF7860264A7B6857
:100B540052F823307B61254A7B6852F823303B618D
:100B64000023FB7300217869FFF7CEFB002178692D
:100B740000F0AAF900217869FFF708FC00217869E0
:100B8400FFF73EFC07F10F0319467869FFF728FCCD
:100B940007F10F0319467869FFF722FC01217869F0
:100BA400FFF72EFC3B6993F82930184603F0EAFD61
:100BB4003B69DB7CDBB2002B07D03B692B33184647
:100BC400FFF716FB3B690022DA743B691B8E9BB26C
:100BD400022B02D13B6900221A863B6900225A7417
:100BE40000BF1837BD4680BDA8AF00001006FF1F28
:100BF40080B483B000AF78600B467B807B88C3F3FE
:100C040008027B681A6000BF0C37BD465DF8047BA0
:100C1400704700BF80B483B000AF786039607B68F0
:100C24001B689BB2C3F308039AB23B681A8000BFE7
:100C34000C37BD465DF8047B704700BF80B487B0B5
:100C440000AFF860B9601346FB71BB681B0C7B6195
:100C5400BB689BB23B617B69033B032B5ED801A25B
:100C640052F823F0790C0000A30C0000CD0C000016
:100C7400F70C0000FB68DA6901213B6901FA03F310
:100C8400DB431A40FB79002B01D0012100E0002155
:100C94003B6901FA03F31A43FB68DA613FE0FB683E
:100CA4009A6C01213B6901FA03F3DB431A40FB7997
:100CB400002B01D0012100E000213B6901FA03F37C
:100CC4001A43FB689A642AE0FB68DA6D01213B69E8
:100CD40001FA03F3DB431A40FB79002B01D0012115
:100CE40000E000213B6901FA03F31A43FB68DA656B
:100CF40015E0FB689A6D01213B6901FA03F3DB43BC
:100D04001A40FB79002B01D0012100E000213B694E
:100D140001FA03F31A43FB689A6500E000BF00BFC1
:100D24001C37BD465DF8047B704700BF80B485B0B6
:100D340000AF786039603B681B0CBB600023FB7319
:100D4400BB68033B032B3FD801A252F823F000BF3A
:100D5400650D00007F0D0000990D0000B30D00002B
:100D64007B68DB693A6892B2D34003F00103002B3D
:100D740014BF01230023FB7327E07B689B6C3A6854
:100D840092B2D34003F00103002B14BF01230023CC
:100D9400FB731AE07B68DB6D3A6892B2D34003F0D0
:100DA4000103002B14BF01230023FB730DE07B68B8
:100DB4009B6D3A6892B2D34003F00103002B14BF39
:100DC40001230023FB7300E000BFFB7B18461437AC
:100DD400BD465DF8047B704780B485B000AF786091
:100DE40039603B681B0CBB600023FB73BB68012BA1
:100DF40002D0022B0DD019E07B681B6A3A6892B2CC
:100E0400D34003F00103002B14BF01230023FB7321
:100E14000CE07B685B6A3A6892B2D34003F001034A
:100E2400002B14BF01230023FB7300BFFB7B184678
:100E34001437BD465DF8047B704700BF80B485B0AD
:100E440000AF786039600023FB813B681B0CBB60FA
:100E54003B681A4A934206D8194A93420ED2B3F514
:100E6400803F0BD00DE0174A934207D0154A9342B6
:100E740007D3A3F50033053B022B02D80123FB81E2
:100E840014E0BB68012B08D13B689BB21A460123CE
:100E940003FA02F27B681A6207E03B689BB21A46C7
:100EA400012303FA02F27B685A6200BFFB891846E9
:100EB4001437BD465DF8047B704700BF060001008F
:100EC400050001000800010080B582B000AF786021
:100ED4000B46FB70FB781A460D497868FFF7AEFEA7
:100EE400FB781A464FF003117868FFF7A7FEFB78EA
:100EF4001A4608497868FFF7A1FEFB781A460649A6
:100F04007868FFF79BFE00BF0837BD4680BD00BF71
:100F140006000300050003000400030080B500AFD1
:100F2400044B1B68002B03D0024B1B68002098471E
:100F340000BF80BD0000FF1F80B500AF044B5B689D
:100F4400002B03D0024B5B680120984700BF80BD93
:100F54000000FF1F80B500AF044B9B68002B03D03B
:100F6400024B9B680220984700BF80BD0000FF1F12
:100F740080B500AF044BDB68002B03D0024BDB6869
:100F84000320984700BF80BD0000FF1F80B483B0DA
:100F940000AF786039607B685A683B681340184634
:100FA4000C37BD465DF8047B704700BF80B483B046
:100FB40000AF786039607B683A685A6000BF0C37CC
:100FC400BD465DF8047B704780B584B000AF78609F
:100FD4000023FB6001227B6802FA03F319461248DE
:100FE400FFF7D4FFF860FB68002B18D001227B6860
:100FF40002FA03F319460C48FFF7D8FF0B4A7B6843
:1010040052F82330002B0AD0084A7B6852F8233068
:1010140007497A6851F822000022F968984700BF0E
:101024001037BD4680BD00BF001001402006FF1FE1
:101034001000FF1F80B500AF0020FFF7C5FF00BF01
:1010440080BD00BF80B500AF0120FFF7BDFF00BF2A
:1010540080BD00BF80B500AF0220FFF7B5FF00BF21
:1010640080BD00BF80B500AF0320FFF7ADFF00BF18
:1010740080BD00BF80B584B000AF0346FB71002380
:10108400FB60FB79013B094A52F82330002B08D05E
:10109400FB79013B054A52F823300022F9680448E1
:1010A400984700BF1037BD4680BD00BF3006FF1F04
:1010B4000081084080B500AF0120FFF7DBFF00BFCF
:1010C40080BD00BF80B500AF0220FFF7D3FF00BF93
:1010D40080BD00BF80B483B000AF0346FB710A49F2
:1010E400094B1B6823F4E062FB791B0213430B607A
:1010F400054A054B1B6843F00203136000BF0C371D
:10110400BD465DF8047B70470080004080B400AFAA
:10111400054B5B69DBB203F00703DBB21846BD463F
:101124005DF8047B704700BF0080004080B400AFCE
:10113400054B1B6803F4E0631B0ADBB21846BD468B
:101144005DF8047B704700BF0080004080B483B02A
:1011540000AF0346FB710749064B5B6823F48062CA
:10116400FB799B0213434B6000BF0C37BD465DF80F
:10117400047B70470080004080B400AF074B5B687D
:1011840003F000735B0E002B14BF01230023DBB2BA
:101194001846BD465DF8047B704700BF00800040E0
:1011A40080B400AF074B5B6803F080639B0E002B99
:1011B40014BF01230023DBB21846BD465DF8047B4F
:1011C400704700BF0080004080B483B000AF034686
:1011D400FB710749064B5B6823F00062FB79DB0671
:1011E40013434B6000BF0C37BD465DF8047B70476A
:1011F4000080004080B400AF074B5B6803F4000339
:10120400DB0D002B14BF01230023DBB21846BD46BF
:101214005DF8047B704700BF0080004080B483B059
:1012240000AF786039607B681B6823F070723B689C
:101234009B051A437B681A6000BF0C37BD465DF8F6
:10124400047B704780B483B000AF78607B681B6810
:1012540003F480131B0D18460C37BD465DF8047B60
:10126400704700BF80B483B000AF0346FB714FF0FA
:1012740080414FF080431B6823F00042FB79DB0779
:1012840013430B6000BF0C37BD465DF8047B704709
:1012940080B58AB000AF0346FB714FF080439B6971
:1012A4003B6100233B620023FB6100237B83FB79CA
:1012B4001846FFF70FFFFB79042B02D0FB79002BB4
:1012C40005D14FF080423B6923F060039361FB79C1
:1012D400002B02D0FB79012B16D14FF47A737B6279
:1012E400FFF714FF0346FB72FA7AFB799A4205D0A2
:1012F4007B6A013B7B627B6A002BF1D17B6A002B0A
:101304005BD101237B8358E0604B1B68FB605F4A21
:10131400FB6823F001031360FB79042B3DD1FFF735
:1013240069FF0346002B38D04FF08040FFF78AFF57
:101334000346012B31D14FF0804005F06BFC03468E
:10134400032B25D1FFF718FF034683F00103DBB21B
:10135400002B13D00120FFF7F9FE64237B6200BF4A
:10136400FFF70AFF034683F00103DBB2002B05D02D
:101374007B6A013B7B627B6A002BF1D10020FFF783
:1013840071FF00214FF08040FFF748FF0123FB610C
:1013940001233B620020FFF717FF3D4A3C4B1B69CA
:1013A40043F00403136130BF3B6A002B02D00120D9
:1013B400FFF70AFF354AFB681360364B5B6803F09E
:1013C4000053002B11D04CF250337B6200BFFFF767
:1013D400E7FE034683F00103DBB2002B05D07B6AF2
:1013E400013B7B627B6A002BF1D1FB69002B19D096
:1013F40041F288337B6200BFFFF7FCFE034683F0B3
:101404000103DBB2002B05D07B6A013B7B627B6A64
:10141400002BF1D103214FF08040FFF7FFFE0120A4
:10142400FFF720FFFB79042B02D0FB79002B03D1BB
:101434004FF080423B699361FB79012B20D0FFF789
:10144400D9FE0346002B1BD04FF080424FF080435F
:101454001B6B23F03F03136300237B6103E000BF96
:101464007B6901337B617B69632BF8D94FF0804240
:101474004FF080431B6B23F03F0343F001031363DE
:101484007B8B18462837BD4680BD00BF10E000E0C6
:1014940000ED00E00080004080B500AFFFF736FEAD
:1014A4000346184680BD00BF80B500AFFFF73EFE7F
:1014B4000346184680BD00BF80B400AF054A054B03
:1014C4005B6943F01003536100BFBD465DF8047BC4
:1014D400704700BF0080004080B500AFFFF7ECFF0D
:1014E400064B1B68002B06D0044B1B68044AD168CA
:1014F40000220348984700BF80BD00BF3806FF1F85
:101504000080004080B500AF054B1B68002B05D060
:10151400034B1B68002200210248984700BF80BD8E
:101524003C06FF1F0080004080B584B000AF7860A7
:101534000B46FB700023FB81FB78262B61D801A2AC
:1015440052F823F0E5150000E5150000F31500003E
:10155400F3150000EB150000F3150000071600005A
:10156400E5150000E5150000071600000716000049
:1015740007160000071600000716000007160000F3
:1015840007160000071600000716000007160000E3
:1015940007160000071600000716000007160000D3
:1015A40007160000071600000716000007160000C3
:1015B40007160000071600000716000007160000B3
:1015C40007160000071600000716000007160000A3
:1015D400071600000716000007160000FF1500009C
:1015E4000123FB810EE0786800F012F80AE0FB7832
:1015F40001229A407B68DA6004E07B682622DA6084
:1016040000E000BFFB8918461037BD4680BD00BF0F
:1016140080B483B000AF78607B689B6843F01002AD
:101624007B689A607B689B6823F010027B689A60F1
:1016340000BF0C37BD465DF8047B704780B500AF32
:10164400002000F09DFA00BF80BD00BF80B500AF50
:10165400012000F095FA00BF80BD00BF80B500AF47
:10166400022000F08DFA00BF80BD00BF80B483B0BB
:1016740000AF78607B685B6803F480531B0B002B1E
:1016840014BF01230023DBB218460C37BD465DF8B6
:10169400047B704780B483B000AF78607B685B687C
:1016A40003F00073002B07D07B685B6803F0805362
:1016B400002B01D0012300E0002303F00103DBB27F
:1016C40018460C37BD465DF8047B704780B483B080
:1016D40000AF78600B46FB707B68DA68FB7822FA0F
:1016E40003F303F00103002B14BF01230023DBB237
:1016F40018460C37BD465DF8047B704780B483B050
:1017040000AF78600B46FB701346BB70BB78002BB0
:1017140009D07B685A68FB78012101FA03F31A4364
:101724007B685A6009E07B685A68FB78012101FAFA
:1017340003F3DB431A407B685A6000BF0C37BD4695
:101744005DF8047B704700BF80B483B000AF78605D
:101754000B46FB707B685A68FB7822FA03F303F0AC
:101764000103002B14BF01230023DBB218460C37FE
:10177400BD465DF8047B704780B483B000AF7860E9
:101784000B46FB707B685B6823F48042FB789B0309
:101794001A437B685A6000BF0C37BD465DF8047B72
:1017A400704700BF80B483B000AF78600B46FB7015
:1017B4007B685B6823F40042FB78DB031A437B6895
:1017C4005A6000BF0C37BD465DF8047B704700BF0C
:1017D40080B483B000AF78607B689B6843F02002DC
:1017E4007B689A6000BF0C37BD465DF8047B704788
:1017F40080B483B000AF78607B681B6918460C37EF
:10180400BD465DF8047B704780B483B000AF786058
:101814007B685B699B0803F00103002B14BF012361
:101824000023DBB218460C37BD465DF8047B7047D5
:1018340080B483B000AF78607B685B69DB0803F039
:101844000103002B14BF01230023DBB218460C371D
:10185400BD465DF8047B704780B582B000AF786008
:10186400786800F005F8002318460837BD4680BDA7
:1018740080B584B000AF7860294A7B6852F8233081
:10188400FB60284A7B6852F82330BB60FB68002267
:101894001A72FB689B78002B02D0786800F0ECF891
:1018A400FB68DB7E002B12D10021B868FFF77AFFBA
:1018B4000021B868FFF760FFFB685B7E184602F002
:1018C40061FFFB689B7E184602F05CFF09E0002282
:1018D4000921B868FFF712FF00220821B868FFF752
:1018E4000DFF786800F02AFAFB68DB78002B07D03C
:1018F400FB681C331846FEF77BFCFB680022DA7099
:10190400FB681B6A002B06D0FB681B6AFA68526AE4
:101914000021F868984700BF1037BD4680BD00BF5E
:101924004006FF1F2000FF1F80B584B000AF786021
:101934004F4A7B6852F82330FB604E4A7B6852F86A
:101944002330BB600221B868FFF7C0FE0346002BBA
:101954000ED0FB68DB68002B0AD07868FFF77CFFA9
:101964000221B868FFF7E0FDFB6801225A777CE0AA
:101974000321B868FFF7AAFE0346002B0ED0FB68CC
:101984001B69002B0AD07868FFF766FF0321B8684B
:10199400FFF7CAFDFB6802225A7766E00121B868A6
:1019A400FFF794FE0346002B0BD0FB68DB8A9BB247
:1019B400002B03D0786800F065F902E0B868FFF7FF
:1019C40017FF0021B868FFF781FE0346002B07D0FC
:1019D400FB689B8A9BB2002B02D0786800F0ECF87D
:1019E400FB689B8A9BB2002B05D0B868FFF720FFE9
:1019F4000346002B1CD0FB68DB8A9BB2002B05D06E
:101A0400B868FFF701FF0346002B11D00721B8681F
:101A1400FFF75CFE034683F00103DBB2002B07D023
:101A240000220821B868FFF769FE7868FFF720FFF5
:101A34000521B868FFF74AFE0346002B15D01F2185
:101A4400B868FFF781FE0346002B0ED00521B86865
:101A5400FFF76AFDFB681B6A002B06D0FB681B6A54
:101A6400FA68526A0121F86898471037BD4680BD6C
:101A74004006FF1F2000FF1F80B584B000AF7860D0
:101A84004FF47A73FB60134A7B6852F82330BB60CF
:101A9400B868FFF7EBFD0346002B16D0B868FFF7D4
:101AA400F9FD0346002B10D002E0FB68013BFB600C
:101AB4000721B868FFF70AFE0346002B02D0FB6833
:101AC400002BF2D1B868FFF783FE00BF1037BD4684
:101AD40080BD00BF2000FF1F80B483B000AF7860DA
:101AE4007B685B6803F480531B0B002B14BF01233A
:101AF4000023DBB218460C37BD465DF8047B704703
:101B040080B483B000AF78600B46FB701346BB70A3
:101B1400BB78002B09D07B685A68FB78012101FA55
:101B240003F31A437B685A6009E07B685A68FB78C0
:101B3400012101FA03F3DB431A407B685A6000BFBA
:101B44000C37BD465DF8047B704700BF80B483B09A
:101B540000AF786039607B683A681A6100BF0C375F
:101B6400BD465DF8047B704780B483B000AF7860F5
:101B74007B681B6918460C37BD465DF8047B7047CB
:101B840080B584B000AF78600A4A7B6852F823308D
:101B9400FB60F868FFF7A0FF0346002B03D07868CA
:101BA400FFF7C2FE02E0786800F0A0F900BF10372A
:101BB400BD4680BD2000FF1F80B586B000AF7860B1
:101BC4002E4A7B6852F823303B612D4A7B6852F8D9
:101BD4002330FB6000237B613B699B78002B08D09A
:101BE4003B699B8A9BB2012B03D13B6900229A82F9
:101BF40041E03B69DB68002B39D03B691B88082B2B
:101C040010D83B69DB681B787B613B69DB685A1C35
:101C14003B69DA603B699B8A9BB2013B9AB23B69A0
:101C24009A8224E03B691B88102B10D83B69DB683F
:101C34001B887B613B69DB689A1C3B69DA603B6902
:101C44009B8A9BB2023B9AB23B699A820FE03B6942
:101C5400DB681B687B613B69DB681A1D3B69DA60E2
:101C64003B699B8A9BB2043B9AB23B699A8279692D
:101C7400F868FFF76BFF1837BD4680BD4006FF1FAD
:101C84002000FF1F80B586B000AF7860294A7B68CA
:101C940052F823307B61284A7B6852F823303B6139
:101CA4000023FB603869FFF75FFFF8607B691B69FD
:101CB400002B3BD07B691B88082B11D87B691B69DF
:101CC400FA68D2B21A707B691B695A1C7B691A6163
:101CD4007B69DB8A9BB2013B9AB27B69DA8225E09D
:101CE4007B691B88102B11D87B691B69FA6892B237
:101CF4001A807B691B699A1C7B691A617B69DB8A80
:101D04009BB2023B9AB27B69DA820FE07B691B6962
:101D1400FA681A607B691B691A1D7B691A617B6901
:101D2400DB8A9BB2043B9AB27B69DA8200BF183724
:101D3400BD4680BD4006FF1F2000FF1F80B584B054
:101D440000AF78600D4A7B6852F82330FB600022B4
:101D54000A21F868FFF7D4FE00220B21F868FFF788
:101D6400CFFE0221F868FFF7DFFB0321F868FFF7D5
:101D7400DBFB00BF1037BD4680BD00BF2000FF1F46
:101D840080B483B000AF78600B46FB707B68DA6880
:101D9400FB7822FA03F303F00103002B14BF0123A1
:101DA4000023DBB218460C37BD465DF8047B704750
:101DB40080B483B000AF78600B46FB701346BB70F1
:101DC400BB78002B09D07B685A68FB78012101FAA3
:101DD40003F31A437B685A6009E07B685A68FB780E
:101DE400012101FA03F3DB431A407B685A6000BF08
:101DF4000C37BD465DF8047B704700BF80B483B0E8
:101E040000AF78600B46FB707B685A68FB7822FA57
:101E140003F303F00103002B14BF01230023DBB2FF
:101E240018460C37BD465DF8047B704780B483B018
:101E340000AF78600B46FB707B685B6823F48042DC
:101E4400FB789B031A437B685A6000BF0C37BD467E
:101E54005DF8047B704700BF80B483B000AF786046
:101E64000B46FB707B685B6823F40042FB78DB0362
:101E74001A437B685A6000BF0C37BD465DF8047B8B
:101E8400704700BF80B483B000AF78607B681B6983
:101E940018460C37BD465DF8047B704780B483B0A8
:101EA40000AF78607B685B699B0803F00103002B3B
:101EB40014BF01230023DBB218460C37BD465DF87E
:101EC400047B704780B483B000AF78607B685B6943
:101ED400DB0803F00103002B14BF01230023DBB252
:101EE40018460C37BD465DF8047B704780B584B056
:101EF40000AF7860644A7B6852F82330FB60634A21
:101F04007B6852F82330BB600221F868FFF738FF82
:101F14000346002B0AD0BB68DB68002B06D0786828
:101F240000F0B6F8BB6801225A77AAE00321F868EA
:101F3400FFF726FF0346002B0AD0BB681B69002B62
:101F440006D0786800F0A4F8BB6802225A7798E0BB
:101F54000121F868FFF714FF0346002B17D0BB6874
:101F6400DB8A9BB2002B0FD0FFF79EFA0346032BAC
:101F740006D1F868FFF786FF0020FFF789F906E02D
:101F84007868FFF77FFE02E0F868FFF77BFF002127
:101F9400F868FFF7F5FE0346002B07D0BB689B8A61
:101FA4009BB2002B02D07868FFF706FEBB689B8AC1
:101FB4009BB2002B04D100220821F868FFF7F8FE39
:101FC400BB68DB8A9BB2002B04D100220921F8688C
:101FD400FFF7EEFEBB68DB8A9BB2002B05D0F868E6
:101FE400FFF75CFF0346002B2ED0BB689B8A9BB295
:101FF400002B05D0F868FFF765FF0346002B23D0BC
:1020040000220A21F868FFF7D3FE00220B21F868AA
:10201400FFF7CEFEBB681B6A002B06D0BB681B6AA9
:10202400BA68526A0021B8689847BB68DB78002B0D
:1020340007D0BB681C331846FEF7DAF8BB680022E9
:10204400DA70BB6800221A720521F868FFF798FE5F
:102054000346002B15D01F21F868FFF7CFFE034677
:10206400002B0ED00521F868FFF75EFABB681B6AE7
:10207400002B06D0BB681B6ABA68526A0121B86893
:1020840098471037BD4680BD2000FF1F4006FF1F44
:1020940080B584B000AF7860204A7B6852F8233062
:1020A400FB601F4A7B6852F82330BB60BB68DB7E51
:1020B400012B0AD100220821F868FFF779FE0022DB
:1020C4000921F868FFF774FE11E00021F868FFF7B2
:1020D400C3FE0021F868FFF7A9FEBB685B7E1846C3
:1020E40002F050FBBB689B7E184602F04BFB7868FD
:1020F400FFF724FEBB6800221A72BB68DB78002B52
:1021040007D0BB681C331846FEF772F8BB68002280
:10211400DA70002318461037BD4680BD2000FF1F2B
:102124004006FF1F80B483B000AF786039607B68DD
:102134003A685A6000BF0C37BD465DF8047B7047AF
:1021440080B483B000AF78607B689B6818460C3716
:10215400BD465DF8047B704780B483B000AF7860FF
:102164007B685B6903F00803DB08002B14BF0123C1
:102174000023DBB218460C37BD465DF8047B70477C
:1021840080B485B000AF78607B685B69FB60FB68F6
:1021940043F00203FB607B68FA685A6100BF14379E
:1021A400BD465DF8047B704780B586B000AF03463A
:1021B400FB713D4B7B61FA793C4913465B00134448
:1021C4009B000B441B683B61FA79384913465B005A
:1021D40013449B000B4408331B68FB607869FFF7CA
:1021E400CFFF7869FFF7B8FF0346002B4AD03B695D
:1021F400002B54D03B699B68002B03D13B691B7BAC
:10220400002B26D07869FFF79BFFB8603B695A68BA
:10221400BB681344013BBB60B9687869FFF782FF70
:10222400FA79224913465B0013449B000B440433A0
:1022340001221A703B691B7B83F00103DBB2002B84
:1022440003D03B699B68013B00E000233A6993603B
:102254000DE000217869FFF765FFFA791349134609
:102264005B0013449B000B44043300221A703B6947
:102274001B69002B13D03B691B693A6952691046EC
:1022840098470CE0FB68002B09D0FB685B68002BC7
:1022940005D0FB685B68FA6892681046984700BFEF
:1022A4001837BD4680BD00BF009800404C06FF1F94
:1022B40080B500AF0020FFF777FF00BF80BD00BFEF
:1022C40080B483B000AF0346FB714FF080414FF000
:1022D40080435B6923F40002FB79DB0513434B6104
:1022E40000BF0C37BD465DF8047B704780B483B0F3
:1022F40000AF03460A46FB711346BB71FB79092BF9
:1023040000F2848001A252F823F000BF39230000B8
:102314005123000069230000812300009923000059
:10232400B1230000C923000011240000E1230000B0
:10233400F92300004FF080414FF080435B6923F4A0
:102344008062BB799B0213434B6160E04FF0804194
:102354004FF080435B6923F40062BB79DB021343D3
:102364004B6154E04FF080414FF080435B6923F4AC
:102374008052BB791B0313434B6148E04FF080410B
:102384004FF080435B6923F40052BB795B03134332
:102394004B613CE04FF080414FF080435B6923F494
:1023A4000042BB79DB0313434B6130E04FF08041C3
:1023B4004FF080435B6923F48032BB791B041343E1
:1023C4004B6124E04FF080414FF080435B6923F47C
:1023D4000032BB795B0413434B6118E04FF080413A
:1023E4004FF080435B6923F40022BB79DB04134381
:1023F4004B610CE04FF080414FF080435B6923F464
:102404008012BB791B0513434B6100E000BF00BF82
:102414000C37BD465DF8047B704700BF80B483B0C1
:1024240000AF0346FB714FF080414FF080435B697E
:1024340023F44072FB791B0213434B6100BF0C373A
:10244400BD465DF8047B704780B483B000AF03469B
:102454000A46FB711346BB71FB79092B00F28F808E
:1024640001A252F823F000BF95240000AB24000021
:10247400C3240000DB240000F32400000B2500002B
:10248400232500003B250000532500006B25000098
:102494004FF080414FF080439B6923F00102BB79E8
:1024A40013438B616CE04FF080414FF080439B6994
:1024B40023F00202BB795B0013438B6160E04FF0B1
:1024C40080414FF080439B6923F00402BB799B0059
:1024D40013438B6154E04FF080414FF080439B697C
:1024E40023F00802BB79DB0013438B6148E04FF013
:1024F40080414FF080439B6923F02002BB795B014C
:1025040013438B613CE04FF080414FF080439B6963
:1025140023F04002BB799B0113438B6130E04FF001
:1025240080414FF080439B6923F08002BB79DB013B
:1025340013438B6124E04FF080414FF080439B694B
:1025440023F48072BB791B0213438B6118E04FF0B4
:1025540080414FF080439B6923F40072BB795B0296
:1025640013438B610CE04FF080414FF080439B6933
:1025740023F48062BB799B0213438B6100E000BFAC
:1025840000BF0C37BD465DF8047B704780B582B050
:1025940000AF0346FB710B46BB7113467B710120F0
:1025A400FFF78EFEBA79FB7911461846FFF79EFEB7
:1025B4007B791846FFF732FF00BF0837BD4680BD60
:1025C40080B582B000AF03460A46FB711346BB7167
:1025D400BA79FB7911461846FFF736FF00BF083772
:1025E400BD4680BD80B485B000AF0346FB71FB7966
:1025F400064A52F82330FB60FB681B6DDBB21846B9
:102604001437BD465DF8047B704700BFB8AF0000C7
:1026140080B485B000AF03463960FB71FB79084A8A
:1026240052F82330FB60FB681A6D3B68DB431A40A9
:10263400FB681A6500BF1437BD465DF8047B70471C
:10264400B8AF000080B485B000AF0346FB71FB79DE
:10265400064A52F82330FB60FB681B6D03F47F03CA
:1026640018461437BD465DF8047B7047B8AF0000C8
:1026740080B485B000AF0346FB71FB79064A52F87B
:102684002330FB60FB681B6803F080031846143793
:10269400BD465DF8047B7047B8AF000080B485B0D8
:1026A40000AF0346FB71FB79064A52F82330FB6006
:1026B400FB681B6803F0040318461437BD465DF835
:1026C400047B7047B8AF000080B485B000AF034608
:1026D400FB71FB79074A52F82330FB60FB681B68E7
:1026E40023F08002FB681A6000BF1437BD465DF812
:1026F400047B7047B8AF000080B584B000AF0346D8
:10270400FB710023FB600023BB60FB791846FFF7D5
:10271400AFFFF860FB68002B03D0FB791846FFF786
:10272400D3FFFB791846FFF7B9FF0346BB60FB797B
:10273400084A52F82330002B08D0FB79054A52F896
:10274400233007F10802F879F968984700BF103779
:10275400BD4680BD5806FF1F80B584B000AF034658
:10276400FB710023FB600023BB60FB791846FFF775
:1027740039FFF860FB68DBB2002B04D0FB79F96801
:102784001846FFF745FFFB791846FFF75BFF034642
:10279400BB60FB79084A52F82330002B08D0FB7940
:1027A400054A52F8233007F10802F879F968984786
:1027B40000BF1037BD4680BD7006FF1F80B485B0D2
:1027C40000AF03460A46FB711346BB71FB79084A06
:1027D40052F82330FB60FB689A6FBB79012101FA40
:1027E40003F3134018461437BD465DF8047B704765
:1027F400B8AF000080B485B000AF0346FB71FB792D
:10280400064A52F82330FB60FB689B6F03F0800399
:1028140018461437BD465DF8047B7047B8AF000016
:1028240080B584B000AF0346FB710023BB60FB7925
:1028340000211846FFF7C2FF0346002B03D0BB68F4
:1028440043F00103BB60FB7901211846FFF7B6FF93
:102854000346002B03D0BB6843F00203BB60FB7943
:1028640002211846FFF7AAFF0346002B03D0BB68DA
:1028740043F00403BB60FB7903211846FFF79EFF76
:102884000346002B03D0BB6843F00803BB60FB790D
:102894001846FFF7AFFFF860FB79094A52F8233076
:1028A400002B08D0FB79064A52F8233007F10802BE
:1028B400F879F968984700BF1037BD4680BD00BF5E
:1028C4008806FF1F80B500AF0020FFF715FF00BF8B
:1028D40080BD00BF80B500AF0120FFF70DFF00BF32
:1028E40080BD00BF80B500AF0220FFF705FF00BF29
:1028F40080BD00BF80B500AF0320FFF7FDFE00BF21
:1029040080BD00BF80B500AF0420FFF7F5FE00BF17
:1029140080BD00BF80B500AF0520FFF7EDFE00BF0E
:1029240080BD00BF80B500AF0020FFF715FF00BFDA
:1029340080BD00BF80B500AF0120FFF70DFF00BFD1
:1029440080BD00BF80B500AF0220FFF705FF00BFC8
:1029540080BD00BF80B500AF0320FFF7FDFE00BFC0
:1029640080BD00BF80B500AF0420FFF7F5FE00BFB7
:1029740080BD00BF80B500AF0520FFF7EDFE00BFAE
:1029840080BD00BF80B500AF0020FFF749FF00BF46
:1029940080BD00BF80B500AF0120FFF741FF00BF3D
:1029A40080BD00BF80B500AF0220FFF739FF00BF34
:1029B40080BD00BF80B500AF0320FFF731FF00BF2B
:1029C40080BD00BF80B500AF0420FFF729FF00BF22
:1029D40080BD00BF80B500AF0520FFF721FF00BF19
:1029E40080BD00BF80B485B000AF0346FB71FB79A6
:1029F400094A52F82330FB60FB681B6803F48063C8
:102A04009B0A002B14BF01230023DBB218461437A2
:102A1400BD465DF8047B70472C00FF1F80B485B071
:102A240000AF0346FB71FB79074A52F82330FB6081
:102A3400FB681B6823F48062FB681A6000BF1437CC
:102A4400BD465DF8047B70472C00FF1F80B584B041
:102A540000AF0346FB710123FB73FB791846FFF7B4
:102A6400C1FF0346FB73FB7B002B11D0FB79184697
:102A7400FFF7D4FFFB79084A52F82330002B07D024
:102A8400FB79054A52F82330F879F97B00229847FC
:102A940000BF1037BD4680BDA006FF1F80B500AF44
:102AA4000020FFF7D3FF00BF80BD00BF80B500AF9B
:102AB4000120FFF7CBFF00BF80BD00BF80B483B00F
:102AC40000AF78607B681B6803F480731B0A002BDB
:102AD40014BF01230023DBB218460C37BD465DF852
:102AE400047B704780B483B000AF78607B681B6858
:102AF40043F480727B681A6000BF0C37BD465DF8F2
:102B0400047B704780B584B000AF0346FB71064B6D
:102B1400FB60F868FFF7D2FF0346FB72FB7A1846A6
:102B24001037BD4680BD00BF0090014080B584B021
:102B340000AF0346FB71044BFB60F868FFF7D2FF5C
:102B440000BF1037BD4680BD0090014080B582B003
:102B540000AF00237B600020FFF7D4FF03467B60B7
:102B64007B68002B0CD00020FFF7E0FF064B1B68AE
:102B7400002B05D0044B1B68002279680348984752
:102B840000BF0837BD4680BDA806FF1F0090014066
:102B940080B500AFFFF7DAFF00BF80BD80B483B01B
:102BA40000AF78600B46FB707B681B6923F0400222
:102BB400FB789B011A437B681A6100BF0C37BD4642
:102BC4005DF8047B704700BF80B483B000AF7860C9
:102BD4000B46FB707B689B6923F00202FB785B0069
:102BE4001A437B689A6100BF0C37BD465DF8047BCD
:102BF400704700BF80B483B000AF78607B689B6A85
:102C040003F0200318460C37BD465DF8047B70477B
:102C140080B483B000AF78600B46FB707B68DB69DF
:102C240023F00102FB781A437B68DA6100BF0C379A
:102C3400BD465DF8047B704780B483B000AF786014
:102C44000B46FB707B68DB6923F00202FB785B00B8
:102C54001A437B68DA6100BF0C37BD465DF8047B1C
:102C6400704700BF80B483B000AF78607B685B6A54
:102C740003F0040318460C37BD465DF8047B704727
:102C840080B483B000AF78607B685B6A03F00803AC
:102C940018460C37BD465DF8047B704780B483B09A
:102CA40000AF78607B681B6923F010027B681A61AF
:102CB40000BF0C37BD465DF8047B704780B483B019
:102CC40000AF78607B681B6923F008027B681A6197
:102CD40000BF0C37BD465DF8047B704780B483B0F9
:102CE40000AF78607B681B6943F008027B681A6157
:102CF40000BF0C37BD465DF8047B704780B483B0D9
:102D040000AF78600B46FB70FA787B68DA6200BF2C
:102D14000C37BD465DF8047B704700BF80B483B0B8
:102D240000AF78607B68DB6ADBB218460C37BD46BF
:102D34005DF8047B704700BF80B485B000AF786055
:102D44007B68DB6AFB6000BF1437BD465DF8047B1B
:102D5400704700BF80B483B000AF78607B681B6BA2
:102D640043F002027B681A6300BF0C37BD465DF86E
:102D7400047B704780B485B000AF78607B689B6A41
:102D840023F04003FB60FB6843F01003FB607B68A7
:102D9400FA689A6200BF1437BD465DF8047B704739
:102DA40080B485B000AF78607B689B6A23F0100321
:102DB400FB60FB6843F04003FB607B68FA689A623F
:102DC40000BF1437BD465DF8047B704780B483B000
:102DD40000AF78607B681B6903F0100318460C375A
:102DE400BD465DF8047B704780B483B000AF786063
:102DF4007B681B6903F0200318460C37BD465DF859
:102E0400047B704780B483B000AF78607B689B6AB2
:102E140003F0100318460C37BD465DF8047B704779
:102E240080B483B000AF78607B689B6A03F0400392
:102E340018460C37BD465DF8047B704780B483B0F8
:102E440000AF78607B681B6A18460C37BD465DF896
:102E5400047B704780B483B000AF786039607B68CE
:102E64003A681A6200BF0C37BD465DF8047B7047B0
:102E740080B483B000AF786039607B683A685A6286
:102E840000BF0C37BD465DF8047B704780B584B045
:102E940000AFF860B9601346FB710021F868FFF7D2
:102EA4007DFEBB689B7E002B11D1BB681B7E184640
:102EB40001F068FCBB681B68002B04D00021F86893
:102EC400FFF7BAFE03E00021F868FFF7A1FEFB79E3
:102ED400002B02D0F868FFF73DFFBB6800225A615F
:102EE400BB6800225A60BB6800229A60BB6800225B
:102EF4001A61BB6800221A60BB6801229A7700BF7E
:102F04001037BD4680BD00BF80B582B000AF786089
:102F1400396000217868FFF741FE3B685B7D002B38
:102F240011D13B681B7D184601F02CFC3B681B68E3
:102F3400002B04D000217868FFF77EFE03E0002117
:102F44007868FFF765FE3B6800221A763B6800222A
:102F54001A613B6800225A603B680022DA603B68D1
:102F640000221A603B6800229A6000BF0837BD4601
:102F740080BD00BF80B582B000AF786039603B6827
:102F84005B69002B38D03B685B68002B23D13B681E
:102F9400DB7F1A4639687868FFF778FF8021786804
:102FA400FFF758FF3B6893F82230002B04D03B68AE
:102FB40021331846FDF71CF93B6800229A833B68CD
:102FC4005B6A002B18D03B685B6A3A68926A1146C8
:102FD4000520984710E03B685B691B7819467868C0
:102FE400FFF78CFE3B685B695A1C3B685A613B687F
:102FF4005B685A1E3B685A6000BF0837BD4680BDF7
:1030040090B583B000AF786039607868FFF7DEFE72
:103014000346002B3AD03B681B68002B24D13B6845
:10302400DB7F1A4639687868FFF730FF80217868BB
:10303400FFF710FF3B6893F82230002B04D03B6865
:1030440021331846FDF7D4F83B6800229A833B6885
:103054005B6A002B00F0B1803B685B6A3A68926A55
:10306400114605209847A8E07868FFF717FE3B68EB
:103074001B68012B03D17868FFF730FE02E0786803
:10308400FFF71CFE7868FFF757FE96E03B681B6865
:10309400012B2DD17868FFF711FE3B681B69194697
:1030A400786800F0B5FB3B689B685A1C3B689A60E3
:1030B4003B68DB7F1A4639687868FFF7E7FE3B68B0
:1030C40093F82230002B04D03B6821331846FDF7D7
:1030D4008FF83B6800229A833B685B6A002B6CD0B4
:1030E4003B685B6A3A68926A11460520984764E037
:1030F4003B681B689A1E3B689B689A4214D978689F
:10310400FFF7DCFD3B681C697868FFF707FE0346A0
:1031140023703B681B695A1C3B681A613B689B68B7
:103124005A1C3B689A6048E03B681B689A1E3B68DF
:103134009B689A4214D17868FFF7D0FD3B681C69FC
:103144007868FFF7EBFD034623703B681B695A1C44
:103154003B681A613B689B685A1C3B689A602CE088
:103164007868FFF7ABFD3B681B691946786800F087
:103174004FFB3B689B685A1C3B689A603B68DB7F4B
:103184001A4639687868FFF781FE3B6893F8223065
:10319400002B04D03B6821331846FDF729F83B681F
:1031A40000229A833B685B6A002B06D03B685B6A0B
:1031B4003A68926A11460520984700BF0C37BD460D
:1031C40090BD00BF80B584B000AF78603960002343
:1031D400FB607868FFF732FEF86040217868FFF7FB
:1031E40039FEFB6803F00403002B11D03B681B6914
:1031F4001B7819467868FFF781FD3B681B695A1CE8
:103204003B681A613B685B685A1E3B685A600AE077
:103214003B681B68002B03D07868FFF74FFD02E082
:103224007868FFF75BFD3B680222DA8200BF103743
:10323400BD4680BD80B582B000AF786039603B6820
:103244005B68002B0FD180217868FFF703FE3B6891
:103254001B6A002B18D03B681B6A3A68526A1146F5
:103264000120984710E03B681B691B781946786871
:10327400FFF744FD3B681B695A1C3B681A613B68B5
:103284005B685A1E3B685A607868FFF7EBFC03469C
:10329400002B0BD03B6840F20122DA8204217868CB
:1032A400FFF7E6FDFF217868FFF728FD00BF083728
:1032B400BD4680BD90B583B000AF78603960786852
:1032C400FFF7DEFC0346002B09D13B681B68002B8B
:1032D40005D03B689A683B681B689A420BD33B68ED
:1032E40040F20222DA8208217868FFF7C1FD78688B
:1032F400FFF714FD13E07868FFF7E0FC3B68DC6837
:103304007868FFF70BFD034623703B68DB685A1CA3
:103314003B68DA603B689B685A1C3B689A6000BF54
:103324000C37BD4690BD00BF80B582B000AF786059
:1033340039603B685B7D002B08D101217868FFF779
:1033440089FD3B681B7D184601F01CFA3B681B7F16
:1033540083F00103DBB2002B0CD039687868FFF7E7
:10336400D3FD3B689B7E002B04D03B681933184681
:10337400FCF73EFF3B681B6A002B06D03B681B6AC8
:103384003A68526A11460420984700BF0837BD4680
:1033940080BD00BF80B588B002AF0346FB71174BF8
:1033A4007B61FB79164A52F823303B610023FB8191
:1033B40001217869FFF740FC3B69187D7B692C3358
:1033C4001A463B69DB6819463B691B680193002375
:1033D40000930B46002101F0D7F80346FB81FB89DB
:1033E400002B01D0FB8905E03B691B7D184601F0E9
:1033F400B1F9FB8918461837BD4680BD00E000408E
:10340400B006FF1F80B588B002AF0346FB711B4BAB
:103414007B61FB791A4A52F823303B610023FB811C
:1034240001217869FFF716FD01217869FFF7CCFBCC
:1034340001217869FFF7ECFB3B69187D3B691B6947
:103444001A467B692C3319463B695B680193002358
:1034540000930B46012101F097F80346FB81FB8999
:10346400002B01D0FB8905E03B691B7D184601F068
:1034740071F9FB8918461837BD4680BD00E000404D
:10348400B006FF1F80B584B000AF0346FB71FB7923
:103494000A4A52F82330FB60FB685B68002B04D0B7
:1034A400FB791846FFF7AEFF03E0FB791846FFF7F8
:1034B40071FF00BF1037BD4680BD00BFB006FF1FBF
:1034C40080B586B000AF0346FB715C4B7B61FB7932
:1034D4005B4A52F823303B610023FB607869FFF7B5
:1034E400ADFCF8607869FFF78DFC0346002B09D02A
:1034F4007869FFF77FFB0346002B03D07869FFF759
:1035040039FC0EE07869FFF78BFC0346002B08D0EA
:103514007869FFF76FFB0346002B02D07869FFF749
:103524003FFCFB6803F08003002B31D03B699B7E9A
:10353400012B0DD13B695B7E002B04D1396978697D
:10354400FFF718FD24E039697869FFF759FD1FE09A
:1035540080217869FFF77EFC3B69DB7F1A46396975
:103564007869FFF793FC3B6993F82230002B04D071
:103574003B6921331846FCF73BFE3B695B6A002B31
:1035840006D03B695B6A3A69926A114605209847FE
:10359400FB6803F01003002B1CD010217869FFF79F
:1035A40059FC3B6993F82230002B04D03B6921334A
:1035B4001846FCF71DFE3B6940F203229A833B69DF
:1035C4005B6A002B06D03B695B6A3A69926A1146D2
:1035D40005209847FB6803F00103002B29D03B69C1
:1035E4005B7E002B03D13B695B68002B1DD000225E
:1035F40039697869FFF74AFC3B6993F82230002B5C
:1036040004D03B6921331846FCF7F2FD3B694FF4C3
:1036140000729A833B695B6A002B06D03B695B6A44
:103624003A69926A11460520984701217869FFF7A3
:1036340011FC00BF1837BD4680BD00BF00E000404C
:10364400AC06FF1F80B586B000AF0346FB71464B46
:103654007B61FB79454A52F823303B610023FB60D0
:103664007869FFF7EBFBF8607869FFF7CBFB03465B
:10367400002B19D07869FFF7BDFA0346002B13D04D
:103684007869FFF777FB3B691B7F002B28D03B69E8
:103694005B7D002B24D101217869FFF7DBFBFB79EB
:1036A4001846FFF7EFFE1BE07869FFF7B9FB034606
:1036B400002B16D07869FFF79DFA0346002B10D033
:1036C4007869FFF76DFB3B69DB8A9BB2022B02D161
:1036D4003B690022DA8239697869FFF725FE00E048
:1036E40000BF3B695B7D012B1FD1FB6803F04003E6
:1036F400002B03D039697869FFF764FDFB6803F098
:103704008003002B2CD07869FFF798FB034603F065
:103714000403002B04D039697869FFF78BFD1FE09F
:1037240039697869FFF7C6FD1AE0FB6803F04003C6
:10373400002B03D040217869FFF78CFBFB6803F072
:103744000103002B03D000217869FFF73DFAFB68E1
:1037540003F08003002B03D080217869FFF77AFB04
:1037640000BF1837BD4680BD00E00040B006FF1F13
:1037740080B584B000AF0346FB710E4BFB60F86864
:10378400FFF732FB0346002B07D1F868FFF756FB1F
:10379400034603F01003002B04D0FB791846FFF70F
:1037A4008FFE03E0FB791846FFF74CFF00BF10378C
:1037B400BD4680BD00E0004080B483B000AF7860B7
:1037C4007B681B6943F010027B681A6100BF0C37E9
:1037D400BD465DF8047B704780B483B000AF786069
:1037E4007B68DB6ADBB218460C37BD465DF8047BA8
:1037F400704700BF80B483B000AF786039607B68E5
:103804003A681A6200BF0C37BD465DF8047B704706
:1038140080B582B000AF786039607868FFF7CCFF7C
:103824007868FFF7D9FF03461A463B681A7080216F
:103834007868FFF7DFFF00BF0837BD4680BD00BFD3
:1038440080B500AF0020FFF793FF00BF80BD00BF2D
:1038540080B485B000AF78607B68D3F8A030FB609B
:10386400FB6818461437BD465DF8047B704700BFFB
:1038740080B483B000AF78607B684FF0FF32C3F848
:10388400A02000BF0C37BD465DF8047B704700BF25
:1038940080B584B000AFF860B9601346FB71FB7962
:1038A4001A46B968F86800F055F800BF1037BD46ED
:1038B40080BD00BF80B586B000AF78600F4A7B68DA
:1038C40052F823307B617B68DB000D4A13443B6173
:1038D4007869FFF7BDFFF8607869FFF7C9FF3B69B6
:1038E4001B68002B06D03B691B683A695268F9686B
:1038F4007868984700BF1837BD4680BDD0AF000038
:10390400B406FF1F80B500AF0020FFF7D3FF00BF50
:1039140080BD00BF80B500AF0120FFF7CBFF00BF23
:1039240080BD00BF80B500AF0220FFF7C3FF00BF1A
:1039340080BD00BF80B500AF0320FFF7BBFF00BF11
:1039440080BD00BF80B500AF0420FFF7B3FF00BF08
:1039540080BD00BF80B487B000AFF860B960134683
:10396400FB71FB68BA6853F822307B61FB79FB7406
:103974007B6923F4E0637B61FB7C1B027A6913435C
:103984007B61FB68BA68796943F8221000BF1C3771
:10399400BD465DF8047B704780B483B000AF7860A7
:1039A400044A7B68D36000BF0C37BD465DF8047BD6
:1039B400704700BF0020004080B400AF054B1B6877
:1039C40003F480439B0BDBB21846BD465DF8047BD1
:1039D400704700BF0020004080B400AF054B1B6857
:1039E40003F400535B0BDBB21846BD465DF8047B61
:1039F400704700BF0020004080B483B000AF03468E
:103A0400FB710749064B1B6923F02002FB795B011C
:103A140013430B6100BF0C37BD465DF8047B704750
:103A24000020004080B483B000AF0346FB71044A19
:103A3400FB79536100BF0C37BD465DF8047B7047CA
:103A44000020004080B483B000AF7860044A7B68F3
:103A5400D36100BF0C37BD465DF8047B704700BFDF
:103A64000020004080B483B000AF7860044A7B68D3
:103A7400136200BF0C37BD465DF8047B704700BF7E
:103A84000020004080B483B000AF7860044A7B68B3
:103A9400936100BF0C37BD465DF8047B704700BFDF
:103AA4000020004080B400AF034B01221A6300BF22
:103AB400BD465DF8047B70470020004080B400AF31
:103AC400054B1B6BDBB203F00103DBB21846BD46AA
:103AD4005DF8047B704700BF0020004080B400AF55
:103AE400044B1B6803F4FE531846BD465DF8047B83
:103AF400704700BF0020004080B400AF054B9B6CB2
:103B0400DBB203F00F03DBB21846BD465DF8047B5D
:103B1400704700BF0020004080B400AF054B1B6815
:103B240003F480731B0ADBB21846BD465DF8047BC0
:103B3400704700BF0020004080B400AF054A054B29
:103B44001B6843F48073136000BFBD465DF8047BBB
:103B5400704700BF0020004080B400AF054B1B68D5
:103B640003F480531B0BDBB21846BD465DF8047B9F
:103B7400704700BF0020004080B400AF054A054BE9
:103B84001B6843F48053136000BFBD465DF8047B9B
:103B9400704700BF0020004080B582B000AF002312
:103BA400FB80FFF709FF03467B7100233B6012E0B3
:103BB4000D48FFF7F1FE0D48FFF7EEFE3B68642B5E
:103BC40002D90323FB8009E0FFF7F6FE03467B716D
:103BD4003B6801333B607B79012BE9D0FB881846B5
:103BE4000837BD4680BD00BF4078AC00674523015F
:103BF40080B500AF0348FFF7CFFE0348FFF7CCFEC4
:103C040000BF80BDBF8753FF98BADCFE80B483B089
:103C140000AF78600B46FB70FB78082B0AD8FB7862
:103C240003F00103DBB2002B04D1FB785A037B6859
:103C3400DA6003E07B684FF40032DA6000BF0C37CF
:103C4400BD465DF8047B704780B584B000AF7860F2
:103C540039600023FB73FFF7AFFE0346012B05D148
:103C64001B48FFF799FE1B48FFF796FE0120FFF75C
:103C7400C3FE7B681A683B681A607B685A683B68B5
:103C84005A607B689A683B689A607B68DA683B682C
:103C94001A617B681A693B689A61FFF72DFF034636
:103CA400FB73FB7B19463868FFF7B0FF3B68DB68A2
:103CB400B3F5003F04D23B684FF480525A6102E0EE
:103CC4003B6800225A6100BF1037BD4680BD00BF6B
:103CD4004078AC006745230180B584B000AF7860BC
:103CE4000023FB810223BB601A4A1A4BD3F80C341D
:103CF40043F00103C2F80C34FFF7D4FE00BFFFF712
:103D0400DDFE0346002B0CD0BB685A1EBA60002BA4
:103D1400F5D106E07B689B69002B02D07B689B6928
:103D24009847FFF759FE0346002BF3D0094A094B85
:103D3400D3F80C3423F00103C2F80C34FFF7CEFEA1
:103D44000346002B01D00123FB81FB891846103761
:103D5400BD4680BD0C0008E080B588B000AFF860B7
:103D6400B9607A600023FB830023BB6100233B61BD
:103D74007B687B61FB689B683B61BA683B699A42DC
:103D84000AD3FB68DA683B691A44BB689A4203D9D0
:103D94004FF40063BB6117E0FB681B683B61BA68C2
:103DA4003B699A420AD3FB685A683B691A44BB6868
:103DB4009A4203D94FF40063BB6105E00123FB83FE
:103DC40000237B610023BB61BB695A1E7B691340DE
:103DD400002B23D00423FB8320E0FFF7FDFD0346E3
:103DE400002B02D10223FB8318E0124A114B1B68FB
:103DF40043F4FE5313600120FFF714FEB868FFF785
:103E040041FEF868FFF768FF0346FB837A69BB69E4
:103E1400D31A7B61BA68BB691344BB607B69002B0E
:103E240002D0FB8B002BD8D0FB8B18462037BD4625
:103E340080BD00BF0020004080B586B000AFF860B0
:103E4400B9607A603B600023FB827B6803F0070360
:103E5400002B02D00423FB826AE0FB681A68FB682B
:103E64005B681A44BB689A425CD8FB689A68BB6872
:103E74009A4207D8FB689A68FB68DB681A44BB68F7
:103E84009A424FD80123FB824CE0FFF7A5FD03467D
:103E9400002B02D10223FB8244E0284A274B1B68F3
:103EA40043F4FE5313601020FFF7BCFDB868FFF71E
:103EB400E9FD3B681B781A463B6801331B781B02FB
:103EC4001A433B6802331B781B041A433B680333D1
:103ED4001B781B0613431846FFF7B4FD3B680433F5
:103EE4001B781A463B6805331B781B021A433B6850
:103EF40006331B781B041A433B6807331B781B06E5
:103F040013431846FFF7AEFDF868FFF7E5FE0346D6
:103F1400FB82BB680833BB607B68083B7B603B6803
:103F240008333B607B68002B02D0FB8A002BACD0AB
:103F3400FB8A18461837BD4680BD00BF00200040EC
:103F440080B584B000AF786039600023FB817B6862
:103F54001A687B685B681A443B689A420ED87B688F
:103F64009A683B689A4207D87B689A687B68DB68E2
:103F74001A443B689A4201D80123FB81FB89002B38
:103F840018D1FFF729FD0346002B02D10223FB8140
:103F940010E00B4A0A4B1B6843F4FE5313600220E3
:103FA400FFF740FD3868FFF76DFD7868FFF794FE72
:103FB4000346FB81FB8918461037BD4680BD00BF10
:103FC4000020004080B584B000AF786039600023E1
:103FD400FB817B681A687B685B681A443B689A4279
:103FE4000ED87B689A683B689A4207D87B689A68BF
:103FF4007B68DB681A443B689A4201D80123FB8141
:10400400FB89002B18D1FFF7E7FC0346002B02D1F4
:104014000223FB8110E00B4A0A4B1B6843F4FE5356
:1040240013602120FFF7FEFC3868FFF72BFD78684A
:10403400FFF752FE0346FB81FB8918461037BD4645
:1040440080BD00BF0020004080B500AF044B1B685A
:10405400002B02D0024B1B68984700BF80BD00BFF5
:10406400DC06FF1F80B500AFFFF756FD03461A4676
:10407400064B1A70FFF760FD054B1B68002B02D03E
:10408400034B1B68984700BF80BD00BFE806FF1FB5
:10409400E006FF1F80B500AFFFF75EFD03461A463A
:1040A400064B1A70FFF768FD054B1B68002B02D006
:1040B400034B1B68984700BF80BD00BFE906FF1F84
:1040C400E406FF1F80B500AFFFF7BEFF00BF80BD51
:1040D40080B500AFFFF7C6FF00BF80BD80B500AF5D
:1040E400FFF7D8FF00BF80BD80B483B000AF786015
:1040F4000B46FB70FA787B681A6000BF0C37BD462C
:104104005DF8047B704700BF80B483B000AF786073
:104114007B681B68DBB218460C37BD465DF8047B30
:10412400704700BF80B584B000AF78600D4BFB6072
:10413400F868FFF7E9FF034623F00803DBB21946EA
:10414400F868FFF7D1FF084A7B6852F82330002B48
:1041540004D0054A7B6852F82330984700BF1037D3
:10416400BD4680BD00B40040EC06FF1F80B500AF23
:104174000020FFF7D7FF00BF80BD00BF80B483B02D
:1041840000AF78607B689B6818460C37BD465DF8C5
:10419400047B704780B483B000AF78607B68DB68D1
:1041A40018460C37BD465DF8047B704780B483B075
:1041B40000AF78607B681B6918460C37BD465DF814
:1041C400047B704780B483B000AF78607B685B6920
:1041D40018460C37BD465DF8047B704780B483B045
:1041E40000AF78607B689B6918460C37BD465DF864
:1041F400047B704780B483B000AF78607B68DB6970
:1042040018460C37BD465DF8047B704780B58AB00C
:1042140000AF00233B62304BFB61F869FFF7D2FF2C
:10422400B861F869FFF7AAFF0246BB6913407B61D6
:10423400F869FFF7D3FFB861F869FFF7ABFF0246EF
:10424400BB6913403B61F869FFF7D4FFB861F869B3
:10425400FFF7ACFF0246BB691340FB601F4A3B6A91
:1042640052F823300433BB600023FB842CE0FB8C26
:104274009B00BA6813441B687B607B68002B20D0CA
:104284007B681B68002B1CD07B681B7A1A460123B1
:104294009340013B7A68527A93403B607A693B6869
:1042A4001340002B09D13A693B681340002B04D119
:1042B400FA683B681340002B03D07B681B6878685E
:1042C4009847FB8C0133FB84FB8C032BCFD900BFB5
:1042D4002837BD4680BD00BF00A00040F006FF1F88
:1042E40080B483B000AF78600B46FB707B685B6A78
:1042F40023F00102FB781A437B685A6200BF0C3733
:10430400BD465DF8047B704780B483B000AF78602D
:104314007B689B6843F002027B689A607B689B68B9
:1043240023F002027B689A6000BF0C37BD465DF83B
:10433400047B704780B483B000AF786039607B68D9
:104344003A689A6100BF0C37BD465DF8047B70473C
:1043540080B483B000AF786039607B683A68DA6112
:1043640000BF0C37BD465DF8047B704780B483B052
:1043740000AF786039607B683A681A6200BF0C3716
:10438400BD465DF8047B704780B483B000AF7860AD
:1043940039607B683A681A6300BF0C37BD465DF824
:1043A400047B704780B483B000AF78600B46FB7029
:1043B4007B681B6923F00C02FB789B001A437B6823
:1043C4001A6100BF0C37BD465DF8047B704700BF1F
:1043D40080B483B000AF78600B46FB707B681B69C8
:1043E40023F03002FB781B011A437B681A6100BF7B
:1043F4000C37BD465DF8047B704700BF80B483B0C2
:1044040000AF78600B467B807B685B6B1B0C1B04E6
:104414007A881A437B685A6300BF0C37BD465DF83F
:10442400047B704780B483B000AF78600B467B8018
:104434007B685B6B9AB27B881B041A437B685A6364
:1044440000BF0C37BD465DF8047B704780B483B071
:1044540000AF78600B467B807B685B691B0C1B0498
:104464007A881A437B685A6100BF0C37BD465DF8F1
:10447400047B704780B483B000AF78600B46FB7058
:104484007B681B6923F08002FB78DB011A437B689D
:104494001A6100BF0C37BD465DF8047B704700BF4E
:1044A40080B483B000AF78600B46FB707B685B68B8
:1044B40023F00102FB781A437B685A6000BF0C3773
:1044C400BD465DF8047B704780B586B000AF0346F7
:1044D400FB71FB79FB7500233B61FB7D064A52F8B7
:1044E4002330FB60F86800F065F938613B691846D1
:1044F4001837BD4680BD00BFE4AF000080B586B06C
:1045040000AF0346FB7100237B611D4B1B68FA79E6
:1045140053F822303B61FB79FB73FB7B194A52F859
:104524002330BB60FB791846FFF7CEFF78617B69C7
:1045340003F0FC03002B0FD07B6903F00803002B6E
:1045440004D17B6903F00403002B02D0B868FFF7A1
:10455400DBFE3B6901221A733B69002B0CD03B69DB
:104564005B68002B08D03B695B683A6990683A69DC
:10457400127BD2B21146984700BF1837BD4680BDA2
:10458400F406FF1FE4AF000080B58AB000AFBA6044
:104594007B600346FB730B46BB73FB7B87F82530BC
:1045A40097F82530684A52F823303B620023FB61B8
:1045B4000023BB610023FB8497F83030012202FA08
:1045C40003F3FB82FA8A7B6BB3FBF2F102FB01F289
:1045D4009B1A002B01D00123FB84BB7B002B0AD147
:1045E4007B68B3F1005F29D27B68584A934225D98E
:1045F4000423FB8422E0BB7B012B0AD1BB68B3F10B
:10460400005F1BD2BB68514A934217D90423FB8431
:1046140014E0BB7B022B11D1BB68B3F1005F03D262
:10462400BB684A4A934207D87B68B3F1005F05D25E
:104634007B68464A934201D90423FB84FB8C002BFC
:104644007CD1BA687B6B1344FB617A687B6B13443F
:10465400BB61B968386AFFF76DFEF969386AFFF71C
:1046640077FE7968386AFFF781FEB969386AFFF71F
:104674008BFE97F830301946386AFFF793FE97F8A7
:1046840030301946386AFFF7A3FEBB7B032B43D8AF
:1046940001A252F823F000BFAD460000C946000055
:1046A400E5460000034700000021386AFFF7A6FE34
:1046B400FB8A1946386AFFF7B5FE0021386AFFF70E
:1046C400D9FE2AE0FB8A1946386AFFF797FE0021D3
:1046D400386AFFF7A7FE0021386AFFF7CBFE1CE01B
:1046E400FB8A1946386AFFF789FEFB8A1946386A3D
:1046F400FFF798FE0121386AFFF7BCFE0DE00021A8
:10470400386AFFF77BFE0021386AFFF78BFE002131
:10471400386AFFF7AFFE00E000BF7B6B9BB219461F
:10472400386AFFF793FE0121386AFFF7B9FE084B98
:104734001B68FA7B53F8223000221A73FB8C18464C
:104744002837BD4680BD00BFE4AF0000FFFFFE1F59
:10475400F406FF1F80B584B000AF0346FB71FB79FC
:10476400FB73FB7B064A52F82330BB600121B86817
:10477400FFF7B6FD002318461037BD4680BD00BFC5
:10478400E4AF000080B584B000AF0346FB71FB7951
:10479400FB73FB7B064A52F82330BB600021B868E8
:1047A400FFF79EFD002318461037BD4680BD00BFAD
:1047B400E4AF000080B485B000AF78607B681B680C
:1047C400FB60FB68DA437B681A60FB6818461437A1
:1047D400BD465DF8047B704780B500AF0020FFF74D
:1047E4008DFE00BF80BD00BF80B500AF0120FFF784
:1047F40085FE00BF80BD00BF80B500AF0220FFF77B
:104804007DFE00BF80BD00BF80B500AF0320FFF771
:1048140075FE00BF80BD00BF80B500AF0420FFF768
:104824006DFE00BF80BD00BF80B500AF0520FFF75F
:1048340065FE00BF80BD00BF80B500AF0620FFF756
:104844005DFE00BF80BD00BF80B500AF0720FFF74D
:1048540055FE00BF80BD00BF80B500AF0820FFF744
:104864004DFE00BF80BD00BF80B500AF0920FFF73B
:1048740045FE00BF80BD00BF80B500AF0A20FFF732
:104884003DFE00BF80BD00BF80B500AF0B20FFF729
:1048940035FE00BF80BD00BF80B500AF0C20FFF720
:1048A4002DFE00BF80BD00BF80B500AF0D20FFF717
:1048B40025FE00BF80BD00BF80B500AF0E20FFF70E
:1048C4001DFE00BF80BD00BF80B500AF0F20FFF705
:1048D40015FE00BF80BD00BF80B483B000AF0346A7
:1048E400FB710749064B1B6923F00802FB79DB00C7
:1048F40013430B6100BF0C37BD465DF8047B704762
:104904000020004090B482B000AF0446084611462F
:104914001A462346FB710346BB710B467B71134653
:104924003B710A493B791A067B791B0403F47F0324
:104934001A43BB791B029BB21A43FB7913430B60E6
:1049440000BF0837BD4690BC704700BF001000147C
:1049540080B582B000AF042000F0B8FC0346BB80F1
:104964000123FB80BB88202B35D0202B0DDC022BB0
:1049740021D0022B02DC002B45DB19E0082B22D0CE
:10498400102B24D0042B1AD03DE0802B2BD0802B6D
:1049940004DC212B0CD0402B21D034E0B3F5007F74
:1049A40029D0B3F5806F2AD0B3F5807F1FD02AE0D9
:1049B4000023FB802AE040F20243FB8026E040F221
:1049C4000343FB8022E040F20443FB801EE040F2FC
:1049D4000543FB801AE040F20643FB8016E040F2F8
:1049E4000743FB8012E04FF48163FB800EE040F24A
:1049F4000943FB800AE040F20A43FB8006E040F2F0
:104A04000C43FB8002E00123FB8000BFFB881846B7
:104A14000837BD4680BD00BF80B400AF054B9B681E
:104A240003F480731B0ADBB21846BD465DF8047BB1
:104A3400704700BF0020004080B400AF054A054B1A
:104A44009B6843F48073936000BFBD465DF8047BAC
:104A5400704700BF0020004080B483B000AF78608E
:104A640039603A687B6813445A1E3B685B421340C2
:104A740018460C37BD465DF8047B704780B582B09C
:104A840000AFFFF7C9FF0346FB71FFF7D5FFFB79C2
:104A9400002B42D0234B1B681B78002B3DD0214BAD
:104AA4001B685B78013B052B1AD801A252F823F04E
:104AB400CD4A0000D34A0000CD4A0000D34A00008A
:104AC400D94A0000DF4A000000F084F909E000F050
:104AD400BFF906E000F016FA03E000F055FA00E032
:104AE40000BF104B1B681B7883F00103DBB2002B63
:104AF40013D00020FFF7F0FE0A4B1B689B6B002BC2
:104B04000BD0084B1B689B6B064A12685278104600
:104B1400044A1268D26B1146984700BF0837BD4655
:104B240080BD00BFF806FF1F80B582B000AF1D4BEB
:104B34001B681A691B4B1B68DB68D31A1B097B6053
:104B44007B68072B02D87B689BB200E007237B803D
:104B54007B88DBB21B017B70124B1B685A68114BBC
:104B64001B68DB6813447A781946102000F062FA57
:104B74007B8819460E2000F0ADFA0A4B1B687A7840
:104B84005A61084B1B685878064B1B6893F8202021
:104B9400044B1B681B7E0021FFF7B4FE00BF0837DF
:104BA400BD4680BDF806FF1F80B584B000AF334B0F
:104BB4001B681A69314B1B68DB68D31A1B09BB607D
:104BC400BB68072B02D8BB689BB200E00723FB80BD
:104BD400FB88DBB21B01FB73284B1B6893F8203066
:104BE400002B20D1BB68062B02D8BB689BB200E027
:104BF4000623FB80FB88DBB21B01FB731F4B1B6886
:104C0400DB6910221946102000F014FA1B4B1B68B4
:104C14005A681A4B1B68DB681344FA7B1946202038
:104C240000F008FA0BE0154B1B685A68134B1B681D
:104C3400DB681344FA7B1946102000F0FBF90F4B94
:104C44001B681B691B099BB219460E2000F042FA2F
:104C54000A4B1B68FA7B5A61084B1B685878074B50
:104C64001B6893F82020054B1B681B7E0021FFF76F
:104C740049FE00BF1037BD4680BD00BFF806FF1FC8
:104C840080B582B000AF1F4B1B681A691D4B1B68AF
:104C9400DB68D31A702B0AD81A4B1B681B69DAB26B
:104CA400184B1B68DB68DBB2D31ADBB200E070235D
:104CB400FB71144B1B685A68124B1B68DB68134466
:104CC400FA791946102000F0B5F90E4B1B6824330D
:104CD400012219460C2000F07BFA0A4B1B68FA7972
:104CE4005A61084B1B685878064B1B6893F82020C0
:104CF400044B1B681B7E0021FFF704FE00BF08372E
:104D0400BD4680BDF806FF1F80B582B000AF304BB2
:104D14001B681A692E4B1B68DB68D31A702B0AD8E0
:104D24002B4B1B681B69DAB2294B1B68DB68DBB2AF
:104D3400D31ADBB200E07023FB71FB791021184613
:104D4400FFF78AFE0346BB71214B1B685A68204B50
:104D54001B68DB681344FA791946102000F06AF9DD
:104D64001B4B1B682433012219460C2000F030FA37
:104D7400174B1B685B6B9BB21946082000F0AAF91D
:104D8400BB7910336F2B0ED8BB791033D8B2104BCC
:104D94001B681B6B1022194600F04CF90C4B1B6866
:104DA400012283F82C200A4B1B68FA795A61084BBC
:104DB4001B685878064B1B6893F82020044B1B682B
:104DC4001B7E0021FFF79EFD00BF0837BD4680BD56
:104DD400F806FF1F98B500AF1C4B1C68FFF7B8FD21
:104DE40003466383194B1B685B8B002B04D0174B62
:104DF4001B6800221A7028E0144B1B689A68134B36
:104E04001B68DB68D118114B1B685B69DBB21A465F
:104E1400102000F005FA0D4B1B680C4A1268D2688A
:104E24000A4909684969C9B20A44DA60074B1B6830
:104E3400DA68064B1B681B699A4204D3034B1B6850
:104E440000221A7001E0FFF76FFE98BDF806FF1FFD
:104E540098B500AF2A4B1C68FFF77AFD03466383BD
:104E6400274B1B685B8B002B04D0254B1B6800224F
:104E74001A7043E0224B1B6893F82030002B14D1A6
:104E84001F4B1B689A681E4B1B68DB68D1181C4BB0
:104E94001B685B69DBB21A46202000F0C1F9184B8D
:104EA4001B68012283F820200EE0154B1B689A68CA
:104EB400134B1B68DB68D118114B1B685B69DBB2B1
:104EC4001A46102000F0ACF90D4B1B680C4A12680E
:104ED400D2680B4909684969C9B20A44DA60084BC7
:104EE4001B68DA68064B1B681B699A4204D3044B9F
:104EF4001B6800221A7001E0FFF756FE98BD00BF40
:104F0400F806FF1F98B500AF1E4B1C68FFF720FD85
:104F1400034663831B4B1B685B8B002B04D0194B2C
:104F24001B6800221A702CE0164B1B6893F8203083
:104F3400002B04D1134B1B68012283F82020114B52
:104F44001B68104A1268D2680E4909684969C9B2D7
:104F54000A44DA600B4B1B68DA680A4B1B681B694E
:104F64009A420CD3074B1B6800221A70054B1B682E
:104F74009B6810221946202000F052F901E0FFF747
:104F84007FFE98BDF806FF1F98B500AF284B1C683C
:104F9400FFF7DEFC03466383254B1B685B8B002B0A
:104FA40004D0234B1B6800221A703FE0204B1B687F
:104FB40093F82030002B04D11D4B1B68012283F889
:104FC40020201B4B1B681A4A1268D26818490968CA
:104FD4004969C9B20A44DA60154B1B68144A12685D
:104FE40092F82C20002A14BF01220022D2B282F0AF
:104FF4000102D2B202F00102D2B21A700C4B1B6849
:105004001B7883F00103DBB2002B0DD0084B1B6827
:105014009C6A142000F05AF90346002B0CBF0123AC
:105024000023DBB2237001E0FFF76EFE98BD00BFE2
:10503400F806FF1F90B585B000AF03463960FB71D9
:105044001346BB710023FB7325E0214CFA79FB7BEB
:1050540013449B10FA7B033239680A441278110610
:10506400FA7B0232386802441278120402F47F0296
:105074001143FA7B0132386802441278120292B268
:105084000A43F97B3868014409780A4344F8232029
:10509400FB7B0433FB73FB7BDA1CBB799A42D4D3CE
:1050A4000DE0FA79FB7B1344D8B2FB7B3A681344D6
:1050B4001B78194600F046F8FB7B0133FB73FA7B3F
:1050C400BB799A42EDD300BF1437BD4690BD00BFF3
:1050D4000010001480B485B000AF03460A46FB718B
:1050E4001346BB800023FB60154AFB799B08DBB2A7
:1050F40052F82330FB60FB7903F00203002B08D045
:10510400FB681B0C1B04FB60BB88FA681343FB6041
:1051140007E0FB689BB2FB60BB881B04FA6813437F
:10512400FB60074AFB799B08DBB21946FB6842F82F
:10513400213000BF1437BD465DF8047B704700BFC3
:105144000010001480B483B000AF03460A46FB711C
:105154001346BB71FB7903F00303032B2ED801A282
:1051640052F823F0795100008B5100009D5100004A
:10517400AF510000154AFB799B08DBB29B00134436
:10518400BA79DA701BE0114AFB799B08DBB29B0009
:105194001344BA799A7012E00C4AFB799B08DBB28B
:1051A4009B001344BA795A7009E0084AFB799B08BA
:1051B400DBB21946BB7902F8213000E000BF00BF22
:1051C4000C37BD465DF8047B704700BF0010001427
:1051D40080B485B000AF03463960FB711346BB71E0
:1051E4000023FB73FB799B08BB730DE00B48BA7B70
:1051F400FB7B1344FA7B920039680A44126840F836
:105204002320FB7B0133FB73FA7BBB799A42EDD3FA
:1052140000BF1437BD465DF8047B704700100014CE
:1052240090B585B000AF03463960FB711346BB717E
:105234000023FB730023BB6028E02349FA79FB7B3E
:1052440013449B1051F82330BB60FB7B03333A6853
:105254001344BA68120ED2B21A70FB7B02333A6856
:105264001344BA68120CD2B21A70FB7B01333A6849
:105274001344BA68120AD2B21A70FB7B3A68134418
:10528400BA68D2B21A70FB7B0433FB73FB7BDA1C63
:10529400BB799A42D1D30EE0FB7B3A68D418FA79F1
:1052A400FB7B1344DBB2184600F038F80346237046
:1052B400FB7B0133FB73FA7BBB799A42ECD300BFCF
:1052C4001437BD4690BD00BF0010001480B485B0F3
:1052D40000AF0346FB710023FB81FB7903F002035B
:1052E400002B0AD00C4AFB799B08DBB252F823301E
:1052F4001B0C1B041B0CFB8106E0074AFB799B0873
:10530400DBB252F82330FB81FB8918461437BD46C3
:105314005DF8047B704700BF0010001480B485B0B2
:1053240000AF0346FB710023FB73FB7903F0030317
:10533400032B2ED801A252F823F000BF51530000D2
:10534400635300007553000087530000154AFB792E
:105354009B08DBB29B001344DB78FB731AE0114A11
:10536400FB799B08DBB29B0013449B78FB7311E031
:105374000C4AFB799B08DBB29B0013445B78FB73FC
:1053840008E0084AFB799B08DBB212F82330FB7370
:1053940000E000BFFB7B18461437BD465DF8047B74
:1053A400704700BF0010001480B483B000AF034600
:1053B400FB7197F90730002B0BDB094997F907308C
:1053C4005B09FA7902F01F02012000FA02F241F8A7
:1053D400232000BF0C37BD465DF8047B704700BF37
:1053E40000E100E080B485B000AFF860B9607A6095
:1053F4003B60FB681B6823F07072BB689B051A4313
:10540400FB681A60FB681B6823F470227B681B042A
:105414001A43FB681A60FB681B6823F0F0023B68C0
:105424001B011A43FB681A6000BF1437BD465DF8C0
:10543400047B704780B485B000AFF860B9607A60CF
:105444003B60FB681B6823F07052BB689B061A43E1
:10545400FB681A60FB681B6823F470427B681B03BB
:105464001A43FB681A60FB681B6823F00F023B6851
:105474001A43FB681A6000BF1437BD465DF8047B0D
:10548400704700BF80B485B000AFF860B9607A603F
:10549400FB68DB6A23F47C62BB689B011A43FB68EC
:1054A400DA62FB681B6B23F47C627B689B011A4302
:1054B400FB681A6300BF1437BD465DF8047B704770
:1054C40080B485B000AFF860B9607A60FB68DB6ACD
:1054D40023F47C32BB681B031A43FB68DA62FB6863
:1054E4001B6B23F47C327B681B031A43FB681A632F
:1054F40000BF1437BD465DF8047B704780B483B0A9
:1055040000AF78600B46FB707B681B6823F40012C5
:10551400FB785B051A437B681A6000BF0C37BD46F5
:105524005DF8047B704700BF80B485B000AFF860BD
:10553400B9607A60FB68DB6A23F47C02BB689B0475
:105544001A43FB68DA62FB681B6B23F47C027B68FA
:105554009B041A43FB681A6300BF1437BD465DF809
:10556400047B704780B485B000AFF860B9607A609E
:10557400FB68DB6A23F03F02BB681A43FB68DA620C
:10558400FB681B6B23F03F027B681A43FB681A63BA
:1055940000BF1437BD465DF8047B704780B483B008
:1055A40000AF786039607B681B6823F480123B6825
:1055B4001B051A437B681A6000BF0C37BD465DF8B3
:1055C400047B704780B483B000AF78607B681B684D
:1055D40003F480131B0D18460C37BD465DF8047B9D
:1055E400704700BF80B483B000AF0346FB714FF037
:1055F40080414FF080431B6823F00042FB79DB07B6
:1056040013430B6000BF0C37BD465DF8047B704745
:1056140080B483B000AF7860084611461A4603464A
:10562400FB700B46BB7013467B707B68D3F8C030AD
:1056340023F07852FB785B061A437B68C3F8C020DA
:105644007B68D3F8C03023F4FF02BB78DB031A4332
:105654007B68C3F8C0207B68D3F8C03023F0404295
:105664007B789B071A437B68C3F8C0200B4A0B4B1B
:10567400D3F8C43043F4E073C2F8C430074A074B8C
:10568400D3F8C43023F00E0343F00603C2F8C43049
:1056940000BF0C37BD465DF8047B704700880040AE
:1056A40080B485B000AFF860B9607A603B60FB6895
:1056B400D3F8C03003F078535B0EDAB2BB681A70CB
:1056C400FB68D3F8C03003F4FF03DB0BDAB27B686A
:1056D4001A70FB68D3F8C03003F040439B0FDAB272
:1056E4003B681A7000BF1437BD465DF8047B7047F1
:1056F40080B483B000AF786039607B689B6C23F41E
:10570400E0623B681B021A437B689A6400BF0C3753
:10571400BD465DF8047B704780B483B000AF786009
:105724000B46FB707B689B6C23F40062FB78DB0206
:105734001A437B689A6400BF0C37BD465DF8047B4E
:10574400704700BF80B483B000AF0346FB710749C4
:10575400064B5B6823F08052FB791B0713434B60B5
:1057640000BF0C37BD465DF8047B704700800040E5
:1057740080B483B000AF0346FB710749064B5B68F6
:1057840023F40072FB795B0213434B6000BF0C37B8
:10579400BD465DF8047B70470080004080B483B050
:1057A40000AF0346FB710749064B5B6823F4807224
:1057B400FB791B0213434B6000BF0C37BD465DF8F9
:1057C400047B70470080004080B400AF074B5B68E7
:1057D40003F080731B0E002B14BF01230023DBB2E4
:1057E4001846BD465DF8047B704700BF008000404A
:1057F40080B483B000AF0346FB710749064B5B6876
:1058040023F48062FB799B0213434B6000BF0C3787
:10581400BD465DF8047B70470080004080B400AF53
:10582400074B5B6803F000735B0E002B14BF01236E
:105834000023DBB21846BD465DF8047B704700BF09
:105844000080004080B483B000AF0346FB71074979
:10585400064B5B6823F00052FB795B0713434B60F4
:1058640000BF0C37BD465DF8047B704700800040E4
:1058740080B400AF074B5B6803F080639B0E002B82
:1058840014BF01230023DBB21846BD465DF8047B38
:10589400704700BF0080004080B483B000AF03466F
:1058A400FB710749064B5B6823F00062FB79DB065A
:1058B40013434B6000BF0C37BD465DF8047B704753
:1058C4000080004080B400AF074B5B6803F4000322
:1058D400DB0D002B14BF01230023DBB21846BD46A9
:1058E4005DF8047B704700BF0080004080B485B041
:1058F40000AF03460A46FB711346BB71FB79FB609C
:10590400FB681F2B1BD8BB79002B0BD04FF08041B9
:105914004FF080439A680120FB6800FA03F31343B5
:105924008B604FE04FF080414FF080439A68012034
:10593400FB6800FA03F3DB4313408B6042E0FB682F
:105944003F2B1ED8FB68203BFB60BB79002B0BD0A0
:105954004FF080414FF08043DA680120FB6800FA81
:1059640003F31343CB602DE04FF080414FF08043AD
:10597400DA680120FB6800FA03F3DB431340CB60D1
:1059840020E0FB68532B1DD8FB68403BFB60BB79D0
:10599400002B0BD04FF080414FF080431A69012057
:1059A400FB6800FA03F313430B610BE04FF08041F3
:1059B4004FF080431A690120FB6800FA03F3DB43CC
:1059C40013400B6100BF1437BD465DF8047B70477C
:1059D40080B485B000AF03460A46FB711346BB7121
:1059E400FB79FB60FB681F2B1BD8BB79002B0BD00A
:1059F4004FF080414FF080431A6A0120FB6800FA9F
:105A040003F313430B624FE04FF080414FF08043A8
:105A14001A6A0120FB6800FA03F3DB4313400B62AC
:105A240042E0FB683F2B1ED8FB68203BFB60BB7940
:105A3400002B0BD04FF080414FF080435A6A012075
:105A4400FB6800FA03F313434B622DE04FF08041EF
:105A54004FF080435A6A0120FB6800FA03F3DB43EA
:105A640013404B6220E0FB684E2B1DD8FB68403B83
:105A7400FB60BB79002B0BD04FF080414FF080438B
:105A84009A6A0120FB6800FA03F313438B620BE06C
:105A94004FF080414FF080439A6A0120FB6800FA7E
:105AA40003F3DB4313408B6200BF1437BD465DF83C
:105AB400047B704780B586B000AF64233B6100F07F
:105AC40003FF03465B08FB606C4B01221A604FF036
:105AD40080431B6BBB604FF080424FF080431B6BD5
:105AE40023F03F0343F0010313634FF080424FF070
:105AF40080431B6B23F47C3313634FF08043DB6BD5
:105B04007B604FF080424FF08043DB6B23F0FF0358
:105B140043F05703D3634FF080439B683B604FF0DF
:105B240080424FF080439B6843F0030393604FF03F
:105B340080424FF080431B6A23F0030313624FF04B
:105B440080424FF080431B6A43F00303136200BF9B
:105B54004B4AFB685B0A4B49A1FB0313DB08136048
:105B6400494AFB685B094949A1FB0313DB0903F0BC
:105B74000F035B001360464B01221A60454B012260
:105B84001A60454B03221A60444B05221A60444BA9
:105B940001221A60434B01221A60434B03221A600C
:105BA40000BF00BF414B1B6803F02003002B05D14D
:105BB4003B69013B3B613B69002BF3D13C4BAA227F
:105BC4001A6041F288333B6100BF3A4B1B6803F013
:105BD4000103002B05D13B69013B3B613B69002B71
:105BE400F3D1354B1B68DBB2AA2B07D03349334BB7
:105BF4001B6803F4E062324B13430B604FF08042A6
:105C04004FF080431B6A23F0030313624FF080427A
:105C14004FF080431B6A43F0030313624FF080424A
:105C24003B6893604FF080427B68D3634FF08042BF
:105C3400BB681363114B00221A604FF080424FF08F
:105C440080431B6B23F03F03136300237B6103E05A
:105C540000BF7B6901337B617B69632BF8D94FF00B
:105C640080424FF080431B6B23F03F0343F001035A
:105C7400136300BF1837BD4680BD00BF48510840BC
:105C840004800140ADC5A70044800140C55A7C0A88
:105C94000C800140148001401080014004820140C6
:105CA4000C82014014820140108201402082014094
:105CB4000082014020800140008001400CED00E0A2
:105CC4000400FA0580B598B000AF78607B68FB6586
:105CD4007B68002B07D107F10803184600F0FAF897
:105CE40007F10803FB65FB6D184600F01FF8034637
:105CF400A7F85A30B7F85A30002B10D1FFF7E2FD5D
:105D04000346002B01D0FFF7D5FEFB6D2C3318465C
:105D140000F090F8FB6D4833184600F04BF8B7F8E4
:105D24005A3018466037BD4680BD00BF80B584B088
:105D340000AF78600023FB817B68002B32D000F039
:105D4400A3FB0346FB81FB89002B04D1786800F098
:105D5400CBFB0346FB81FB89002B23D1144B002290
:105D64001A607B6893F82030002B03D07B68DB69D2
:105D74000F4A13607B6893F82A30002B12D07B689B
:105D840024331946012000F0ADFC0346FB81FB8956
:105D9400002B07D17B6827331946022000F0A2FCB0
:105DA4000346FB81FB8918461037BD4680BD00BF02
:105DB400EC08FF1F80B584B000AF78607B68002BCF
:105DC40033D07B685B68002B2FD00023FB6027E077
:105DD4007B685968FA6813465B0013445B000B4404
:105DE4005B883B817B685968FA6813465B001344FF
:105DF4005B000B441B790133DBB2BB727B685968CF
:105E0400FA6813465B0013445B000B441B8807F1DC
:105E140008021146184600F097FDFB680133FB6049
:105E24007B681A68FB689A42D2D800BF1037BD4617
:105E340080BD00BF80B584B000AF78607B681B78FC
:105E4400002B14D07B689B7819464FF0804000F0FB
:105E5400B3FE7B68DB7819464FF08040FFF748FCBF
:105E64007B685B7819464FF08040FFF755FC7B68F0
:105E74001B79002B07D07B685A797B689B7919467C
:105E8400104600F0BBFF7B681B7A002B12D0002366
:105E9400FB730CE0FA7BFB7B796802339B000B44B9
:105EA4005B680B4941F82230FB7B0133FB73FB7BBE
:105EB400022BEFD97B681B7E002B04D07B685B7EB2
:105EC400184601F01DF800BF1037BD4680BD00BF65
:105ED400F008FF1F80B483B000AF78607B680122B4
:105EE4009A707B680122DA707B6800221A707B68E2
:105EF40000225A707B6801229A717B6800221A7111
:105F04007B6800225A717B68012283F820207B6819
:105F14000022DA617B6801221A747B683C4A9A6029
:105F24007B6800225A737B6800229A737B68002284
:105F3400DA737B680122DA767B6800221A757B6843
:105F440060225A757B6808229A757B680022DA758C
:105F54007B6801225A767B6801229A767B6801224B
:105F640083F82A207B68002283F826207B6800229D
:105F740083F825207B68012283F824207B68022291
:105F840083F829207B68002283F828207B6801227B
:105F940083F827207B681F4ADA647B680D229A64A1
:105FA4007B68012283F82C207B68002283F82D2053
:105FB4007B68022283F82E207B68002283F82F203E
:105FC4007B68012283F830207B68002283F832202A
:105FD4007B68022283F831207B68012283F8342015
:105FE4007B6800229A637B680022DA637B68002264
:105FF4001A647B68012283F844207B68002283F8BA
:10600400452000BF0C37BD465DF8047B704700BFD8
:1060140000127A003800FF1F80B582B000AFFBF792
:106024003BFA0346002B02D0012B03D005E00123E9
:10603400FB7105E00223FB7102E00323FB7100BF47
:10604400FB7918460837BD4680BD00BF80B586B0D1
:1060540000AF78600023FB82FFF7DEFF0346FB738B
:10606400FB7B7968184600F03DFB0346FB82FB8A04
:10607400002B15D164233B613B69013B3B614FF02D
:10608400804000F0C7FD02467B689B789A4202D0AC
:106094003B69002BF0D13B69002B01D10323FB8228
:1060A400FB8A18461837BD4680BD00BF80B586B050
:1060B40000AF03463960FB710023FB823B68002B71
:1060C40009D100233B7200237B720123FB7207F189
:1060D40008033B6101E03B683B614FF0804000F006
:1060E40099FD0346022B02D10223FB8228E0FB79AF
:1060F400002B25D03B691B7819463B695B781A460F
:106104004FF08040FFF7DCF9FB791846FFF730FBCE
:106114003B69DB781846FFF741FB6423FB6002E030
:10612400FB68013BFB6000F0A7FB0346002B02D198
:10613400FB68002BF4D1FB68002B01D10323FB8205
:10614400FB8A18461837BD4680BD00BF80B586B0AF
:1061540000AF03463960FB710023FB823B68002BD0
:1061640007D100233B7200237B7207F108033B61D4
:1061740001E03B683B614FF0804000F04BFD03467B
:10618400002B02D10223FB8227E0FB79002B21D0D4
:106194003B691B7819463B695B781A464FF080408F
:1061A400FFF770F9FB791846FFF722FB6423FB60C5
:1061B40002E0FB68013BFB6000F072FB0346002B2E
:1061C40002D1FB68002BF4D1FB68002B05D103231B
:1061D400FB8202E00020FFF70BFBFB8A184618370E
:1061E400BD4680BD80B588B000AF03463960FB7101
:1061F4000023FB833B68002B0BD10023BB730023DC
:10620400FB7300237B73464BBB6007F10803BB6140
:1062140001E03B68BB614FF0804000F0FBFC0346AB
:10622400012B02D10223FB8374E0FB79002B6BD09A
:106234000020FFF7D7F9BB699B791946BB69DB7965
:106244001A464FF08040FFF76FF9BB695B79002B6A
:1062540014BF01230023DBB21846FFF773FAFB795E
:106264001846FFF7EFFABB691B682E4A13602E4BE2
:106274007B6102E07B69013B7B6100F0E9FA034644
:10628400002B02D17B69002BF4D17B69002B02D156
:106294000323FB833EE0BB691B79012B13D0022B44
:1062A40023D0002B00D035E000214FF08040FFF7D1
:1062B40025F900210420FCF783F9002200210420A1
:1062C400FCF764F926E001214FF08040FFF716F94E
:1062D40000210420FCF774F9002201210420FCF7BA
:1062E40055F93820FFF760F814E001214FF08040A1
:1062F400FFF704F901210420FCF762F900220021D0
:106304000420FCF743F905E00020FFF79BFA054B56
:1063140000221A60FB8B18462037BD4680BD00BFA3
:1063240000127A003400FF1FA086010080B588B0F7
:1063340000AF03463960FB710023FB833B68002BED
:106344000FD101237B730123BB7300233B726023B2
:106354007B720823BB720023FB7207F10803BB6145
:1063640001E03B68BB614FF0804000F053FC034602
:10637400032B02D10223FB8302E00020FFF78CFAF7
:10638400FB79002B78D0FB8B002B75D10020FFF715
:1063940029F9BB69DB78002B03D100F06DFA786131
:1063A40002E000F055FA7861BB691B7801337A6921
:1063B400B2FBF3F37B61BB695B781A467B6902FB32
:1063C40003F37B61BB695B79012219464FF080407E
:1063D400FFF7C8F8BB69DB7819464FF08040FFF738
:1063E400DDF8BB699978BB695A78BB691B78254885
:1063F400FFF70EF9FB791846FFF74EFABB691B79D4
:10640400012B0ED0022B19D0002B00D020E000214C
:106414000520FCF7D5F8002200210520FCF7B6F88A
:1064240016E000210520FCF7CBF80022012105200D
:10643400FCF7ACF83820FEF7B7FF09E0012105208E
:10644400FCF7BEF8002200210520FCF79FF800BFEE
:1064540042F210733B6102E03B69013B3B6100F097
:1064640033FA0346002B02D13B69002BF4D13B697C
:10647400002B01D10323FB83FB8B18462037BD4639
:1064840080BD00BF0088004080B582B000AF00230B
:10649400FB804FF0804000F0BDFB0346002B1BD077
:1064A40000F0FEF90346002B05D100210120FFF77F
:1064B4004DFE0346FB80FB88002B0DD10023BB70EF
:1064C400084B9B787B70074BDB783B703B46184648
:1064D400FFF7BCFD0346FB80FB8818460837BD4622
:1064E40080BD00BF24B0000080B586B000AF7860E6
:1064F4000023FB827B689B787A6811461846FFF775
:10650400D5FD0346FB82FB8A002B16D17B681A7CDF
:106514007B68083319461046FFF764FE0346FB8286
:10652400FB8A002B09D17B68DA7E7B681433194619
:106534001046FFF7FBFE0346FB82FFF76DFD0346A3
:10654400012B02D0022B04D007E07B6824333B618B
:1065540006E07B6827333B6102E000233B6100BF18
:10656400FB8A002B40F08A803B69002B00F0868078
:106574003B699B78002B64D10123FB827B68DB7E23
:10658400002B11D0FB8A012B0ED10323BB733E4B8E
:106594009B797B733C4BDB793B7307F10C03184607
:1065A400FFF754FD0346FB827B681B7C002B11D054
:1065B400FB8A012B0ED10123BB73334B1B797B73F5
:1065C400314B5B793B7307F10C031846FFF73EFD33
:1065D4000346FB827B689B78002B11D0FB8A012B3E
:1065E4000ED10223BB73284B1B787B73264B5B783D
:1065F4003B7307F10C031846FFF728FD0346FB82A3
:10660400FB8A002B3AD17B689A797B68043319465C
:106614001046FFF79BFD0346FB82FB8A002B2DD11E
:106624003B699B78BB733B695B787B733B691B78E5
:106634003B7307F10C031846FFF708FD0346FB8282
:106644001CE03B699B78BB733B695B787B733B695C
:106654001B783B7307F10C031846FFF7F7FC03465E
:10666400FB82FB8A002B09D17B689A797B6804330F
:1066740019461046FFF76AFD0346FB82FB8A18465B
:106684001837BD4680BD00BF2CB0000080B584B073
:1066940000AF0346FB71FB79032B1BD801A252F810
:1066A40023F000BFC9660000B9660000C16600009F
:1066B400D166000000F0CCF8F8600EE000F0DCF8E1
:1066C400F8600AE000F0ECF8F86006E000F0FCF88E
:1066D400F86002E00023FB6000BFFB681846103737
:1066E400BD4680BD80B588B000AF03463960FB71FC
:1066F4000023FB833B689B781846FFF7C7FFB8610C
:106704003B685B780133BA69B2FBF3F37B613B68A6
:106714001B7801337A69B2FBF3F33B61FB79012BFC
:1067240002D0022B5CD07DE03B689B781A46404B3C
:1067340053F832207B699A4208D33B689B783C4AE1
:10674400DB0013445A683B699A4202D20123FB835B
:1067540068E00020FEF746FF364B374ADA60354BD7
:10676400364ADA607B69364AA2FB03239B0CFB6042
:10677400304B1B6903F47F431A0AFB689A4208D220
:106784002C492C4B1B6923F47F42FB681B021343E7
:106794000B613B689B7819463B685B781A463B68FB
:1067A4001B784FF08040FEF71DFE224B1B6903F45B
:1067B4007F431A0AFB689A4208D91E491D4B1B697C
:1067C40023F47F42FB681B0213430B610120FEF795
:1067D40009FF184B1B4ADA60164B1B4ADA6021E0AA
:1067E4001A4B1A687B699A4208D3184B5A683B695A
:1067F4009A4203D33B689B78022B02D00123FB838C
:106804000FE00020FEF7EEFE3B685B781A463B681B
:106814001B7802214FF08040FEF70CFE0120FEF7AA
:10682400E1FE00BFFB8B18462037BD4680BD00BF8C
:1068340034B00000002000404078AC0067452301DC
:1068440083DE1B43BF8753FF98BADCFE54B00000BD
:1068540080B582B000AF00237B60FFF709F80346E0
:10686400002B02D0034B1B687B607B6818460837FB
:10687400BD4680BD3400FF1F80B582B000AF002349
:106884007B60FEF7A1FF0346002B01D0034B7B6026
:106894007B6818460837BD4680BD00BF00127A00E9
:1068A40080B582B000AF00237B60FEF7B7FF0346DC
:1068B400002B01D0034B7B607B6818460837BD462C
:1068C40080BD00BF006CDC0280B582B000AF002345
:1068D4007B600023FB700023BB7000237B70FEF7FA
:1068E400F1FF0346002B28D04FF08040FEF76AFEEC
:1068F4000346002B03D1FFF7BFFF786002E0FFF7E8
:10690400A7FF78607B68002B17D0FB1CBA1C791C8E
:106914000C48FEF7C5FEFB7801337A68B2FBF3F34B
:106924007B60BB781A467B6802FB03F37B607B7851
:106934005B007A68B2FBF3F37B607B681846083728
:10694400BD4680BD0088004080B584B000AF0346DA
:106954003960FB803B68002B40D0FB88FF2B2AD991
:10696400FB88B3F58C7F26D2FB88B3F5847F1AD3DA
:10697400FB88B3F5877F16D2FB88A3F58473FB608D
:10698400FB68DAB23B681B881946104600F05EF9D2
:10699400FB68DAB23B689B78013BDBB219461046D0
:1069A40000F092F91AE03B681A88FB8811461846F1
:1069B40000F0BCFA12E0FB88B3F58C7F0ED3FB88A1
:1069C400B3F58F7F0AD2FB88A3F58C73FB603B6819
:1069D4001B881946F86800F02DFAFFE700BF10374E
:1069E400BD4680BD80B485B000AFF8607A601A46B9
:1069F4000B46FB721346BB720A4AFB681360094AD2
:106A0400FB7A1371074A7B689360064ABB7A137357
:106A1400044ABB7A5373002318461437BD465DF805
:106A2400047B7047FC06FF1F80B586B000AF0346A9
:106A34000A46FB711346BB710023BB82FB793B738F
:106A4400BB797B7372B6534B1A7B524B5A73012337
:106A5400BB730023FB7525E04E4B9A68FB7D9B00BE
:106A640013441B683B613B69002B18D03B691B79BD
:106A7400022B14D03B691B683A69916807F10C0238
:106A8400104698470346002B09D0424AFB7D5373B6
:106A9400BB79002B03D140F20313BB8207E0FB7DDB
:106AA4000133FB753B4B1B7BFA7D9A42D4D3BB8AE3
:106AB400002B02D0BB79012B14D1364B1A68FB7919
:106AC4009B0013441B681846FFF7FCF80346BB827F
:106AD400BB8A002B0CBF01230023BB752D4AFB7915
:106AE400537101E00023BB75BB7D002B30D0022322
:106AF400BB730023FB7525E0264B9A68FB7D9B0046
:106B040013441B683B613B69002B18D03B691B791C
:106B1400012B14D03B691B683A69916807F10C0298
:106B2400104698470346002B09D01A4AFB7D53733D
:106B3400BB79002B03D14FF48273BB8224E0FB7D2D
:106B44000133FB75134B1B7BFA7D9A42D4D31BE0B4
:106B54000023BB730F4B9A68FB7D9B0013441B6897
:106B64003B613B69002B07D03B691B683A6991681C
:106B740007F10C0210469847FB7D002B03D0FB7DE8
:106B8400013BFB75E6E700BF62B6BB8A18461837BF
:106B9400BD4680BDFC06FF1F80B400AF054B5B699A
:106BA400DBB203F00703DBB21846BD465DF8047B95
:106BB400704700BF0080004080B483B000AF7860AD
:106BC40039607B689B6C23F400627B689A643B6841
:106BD400072B0ED87B689B6C23F007023B681A4393
:106BE4007B689A647B689B6C23F0F0027B689A64F0
:106BF40009E07B689B6C23F0F0023B68083B1B01B7
:106C04001A437B689A6400BF0C37BD465DF8047B69
:106C1400704700BF80B584B000AF7860FFF7BCFF59
:106C24000346002B06D17B681B6803F070739B0D31
:106C3400FB6005E07B681B6803F070539B0EFB60F0
:106C4400FB6818461037BD4680BD00BF80B487B0CE
:106C540000AF03460A46FB711346BB8000237B61E9
:106C640003233B610023FB60BB880D2B04D0102B56
:106C740008D0002B03D008E001237B6108E0022345
:106C84007B6105E003237B6102E000237B6100BF9D
:106C9400FB795B00FB603A69FB6802FA03F33B6132
:106CA4004FF080404FF080439A6B3B69DB431A40BE
:106CB4007969FB6801FA03F31343836300BF1C374C
:106CC400BD465DF8047B704780B483B000AF0346D3
:106CD4000A46FB711346BB71FB79032B39D801A219
:106CE40052F823F0F96C00000F6D0000276D0000CE
:106CF4003F6D00004FF080414FF08043DB6C23F088
:106D04000102BB791343CB6424E04FF080414FF080
:106D14008043DB6C23F00202BB795B001343CB643A
:106D240018E04FF080414FF08043DB6C23F0040205
:106D3400BB799B001343CB640CE04FF080414FF0D0
:106D44008043DB6C23F00802BB79DB001343CB6484
:106D540000E000BF00BF0C37BD465DF8047B704700
:106D640080B483B000AF03460A46FB711346BB717F
:106D7400FB79032B3AD801A252F823F0916D00005D
:106D8400A96D0000C16D0000D96D00004FF0804175
:106D94004FF08043DB6C23F4E072BB799B01134317
:106DA400CB6424E04FF080414FF08043DB6C23F44C
:106DB4006062BB795B021343CB6418E04FF08041FF
:106DC4004FF08043DB6C23F4E042BB791B03134395
:106DD400CB640CE04FF080414FF08043DB6C23F434
:106DE4006032BB79DB031343CB6400E000BF00BF18
:106DF4000C37BD465DF8047B704700BF80B483B098
:106E040000AF03460A46FB711346BB714FF0804046
:106E14004FF080435B6823F00F02FB799900BB7944
:106E24000B431343436000BF0C37BD465DF8047B3E
:106E3400704700BF80B489B000AF78600B467B8098
:106E44000023FB7600237B610023FB614FF080432A
:106E54001B6C3B611F23FB600523BB607B88082BF5
:106E64000FD97B880B2B0CD80023FB767B88093B3E
:106E74007B61FB7E1B011A467B699B001343FB610C
:106E84001CE07B88112B0ED97B88152B0BD8012392
:106E9400FB767B88123B7B61FB7E1B011A467B6978
:106EA4001343FB610AE00023FB7600237B61FB7E36
:106EB4001B011A467B699B001343FB61BB687A681C
:106EC40002FB03F3FA6902FA03F3FB61BB687A6815
:106ED40002FB03F3FA6802FA03F3DB433A69134053
:106EE4003B613A69FB6913433B614FF080423B6964
:106EF400136400BF2437BD465DF8047B704700BFB0
:106F040080B483B000AF78604FF080414FF080438D
:106F1400DB6C23F070427B681B071343CB6400BF18
:106F24000C37BD465DF8047B704700BF80B487B062
:106F340000AF03460A46FB801346BB80FB88A3F5DB
:106F440080733B6100237B610023FB60BB8840F2BC
:106F5400FF12934202D100237B6102E0BB88093B0C
:106F64007B613B69072B16D83B6903F007039B0041
:106F7400FB604FF080404FF080435A6B0F21FB6859
:106F840001FA03F3DB431A407969FB6801FA03F35E
:106F94001343436333E03B690F2B17D83B69033B2F
:106FA40003F007039B00FB604FF080404FF08043E9
:106FB4009A6B0F21FB6801FA03F3DB431A407969EA
:106FC400FB6801FA03F31343836318E03B691F2B47
:106FD40015D83B6903F007039B00FB604FF080402A
:106FE4004FF08043DA6B0F21FB6801FA03F3DB43B4
:106FF4001A407969FB6801FA03F31343C36300BFC2
:107004001C37BD465DF8047B704700BF80B483B075
:1070140000AF0346FB7197F90730002B0BDB0949DE
:1070240097F907305B09FA7902F01F02012000FA90
:1070340002F241F8232000BF0C37BD465DF8047B03
:10704400704700BF00E100E080B483B000AF0346A6
:10705400FB7197F90730002B10DB0B4997F90730C8
:107064005B09FA7902F01F02012000FA02F22033D0
:1070740041F82320BFF34F8FBFF36F8F00BF0C374E
:10708400BD465DF8047B704700E100E080B483B046
:1070940000AF0346FB7197F90730002B0CDB09495D
:1070A40097F907305B09FA7902F01F02012000FA10
:1070B40002F2603341F8232000BF0C37BD465DF86F
:1070C400047B704700E100E080B483B000AF7860D7
:1070D4000B46FB70FB78002B0BD17B68D3F8A030F8
:1070E40003F480531B0B002B14BF01230023DBB2DA
:1070F4000AE07B68D3F8A03003F440331B0C032B65
:107104000CBF01230023DBB218460C37BD465DF8E3
:10711400047B704780B483B000AF78600B46FB708B
:10712400FB78002B0BD17B68D3F8A03003F4805399
:107134001B0B002B14BF01230023DBB209E07B6887
:10714400D3F8A03003F4C063002B14BF0123002341
:10715400DBB218460C37BD465DF8047B704700BFB0
:1071640080B483B000AF786039607B683A681A6590
:1071740000BF0C37BD465DF8047B704780B483B014
:1071840000AF786039607B683A685A6500BF0C3795
:10719400BD465DF8047B704780B483B000AF78606F
:1071A4000B46FB707B68D3F8A03023F00802FB7811
:1071B400DB001A437B68C3F8A02000BF0C37BD4630
:1071C4005DF8047B704700BF80B483B000AF786083
:1071D4000B46FB707B68D3F8A03023F01002FB78D9
:1071E4001B011A437B68C3F8A02000BF0C37BD46BF
:1071F4005DF8047B704700BF80B483B000AF786053
:107204000B46FB707B68D3F8A03023F02002FB7898
:107214005B011A437B68C3F8A02000BF0C37BD464E
:107224005DF8047B704700BF80B483B000AF786022
:107234000B46FB707B68D3F8A03023F04002FB7848
:107244009B011A437B68C3F8A02000BF0C37BD46DE
:107254005DF8047B704700BF80B483B000AF7860F2
:107264000B46FB707B68D3F8A03023F08002FB78D8
:10727400DB011A437B68C3F8A02000BF0C37BD466E
:107284005DF8047B704700BF80B483B000AF7860C2
:107294007B68D3F8A03003F08003DB09002B14BF14
:1072A40001230023DBB218460C37BD465DF8047B8E
:1072B400704700BF80B483B000AF78607B68D3F8B8
:1072C400A03003F400535B0B002B14BF01230023F5
:1072D400DBB218460C37BD465DF8047B704700BF2F
:1072E40080B483B000AF78600B46FB707B68D3F842
:1072F400A03023F48042FB789B031A437B68C3F8D5
:10730400A02000BF0C37BD465DF8047B704700BF6A
:1073140080B483B000AF78600B46FB707B68D3F811
:10732400A03023F40042FB78DB031A437B68C3F8E4
:10733400A02000BF0C37BD465DF8047B704700BF3A
:1073440080B483B000AF78600B46FB707B68D3F8E1
:10735400A03023F40022FB78DB041A437B68C3F8D3
:10736400A02000BF0C37BD465DF8047B704700BF0A
:1073740080B483B000AF78600B46FB707B68D3F8B1
:10738400A03023F40012FB785B051A437B68C3F832
:10739400A02000BF0C37BD465DF8047B704700BFDA
:1073A40080B483B000AF78607B68D3F8A03043F436
:1073B40080027B68C3F8A02000BF0C37BD465DF88F
:1073C400047B704780B483B000AF78600B46FB70D9
:1073D4007B68D3F8A03023F40002FB78DB051A4362
:1073E4007B68C3F8A02000BF0C37BD465DF8047B62
:1073F400704700BF80B483B000AF78607B68D3F877
:10740400A03003F040731B0EDBB218460C37BD46A8
:107414005DF8047B704700BF80B483B000AF786030
:107424000B46FB707B68D3F8A03023F08062FB78B6
:107434009B061A437B68C3F8A02000BF0C37BD46E7
:107444005DF8047B704700BF80B483B000AF786000
:107454007B68D3F8A03043F080527B68C3F8A02047
:1074640000BF0C37BD465DF8047B704780B483B021
:1074740000AF78600B46FB707B68D3F8A03023F034
:107484008042FB789B071A437B68C3F8A02000BFA7
:107494000C37BD465DF8047B704700BF80B483B0F1
:1074A40000AF78600B46FB707B68D3F8A03023F004
:1074B4000042FB78DB071A437B68C3F8A02000BFB7
:1074C4000C37BD465DF8047B704700BF80B483B0C1
:1074D40000AF786039607B683A68C3F8A42000BFC5
:1074E4000C37BD465DF8047B704700BF80B483B0A1
:1074F40000AF78607B68D3F8A43018460C37BD46DB
:107504005DF8047B704700BF80B483B000AF78603F
:1075140039607B68D3F8A43023F4281323F0FE03E6
:107524003A681A437B68C3F8A42000BF0C37BD46F1
:107534005DF8047B704700BF80B483B000AF78600F
:107544000B46FB707B68D3F8A43023F07062FB78A1
:107554001B061A437B68C3F8A42000BF0C37BD4642
:107564005DF8047B704700BF80B483B000AF7860DF
:107574000B46FB707B68D3F8A43023F07042FB7891
:107584001B071A437B68C3F8A42000BF0C37BD4611
:107594005DF8047B704700BF80B483B000AF7860AF
:1075A40039603B681A687B68C3F8A82000BF0C37B1
:1075B400BD465DF8047B704780B483B000AF78604B
:1075C40039603B681A687B68C3F8AC2000BF0C378D
:1075D400BD465DF8047B704780B483B000AF78602B
:1075E4007B68D3F8B03003F0E0035B09DBB21846E4
:1075F4000C37BD465DF8047B704700BF80B483B090
:1076040000AF78600B46FB707B68D3F8B03023F48E
:10761400FE42FB781B021A437B68C3F8B02000BF0C
:107624000C37BD465DF8047B704700BF80B483B05F
:1076340000AF78600B46FB707B68D3F8B03023F45E
:107644000042FB78DB031A437B68C3F8B02000BF19
:107654000C37BD465DF8047B704700BF80B483B02F
:1076640000AF78600B46FB707B68D3F8B43023F42A
:107674008072FB781B021A437B68C3F8B42000BFF6
:107684000C37BD465DF8047B704700BF80B483B0FF
:1076940000AF78600B46FB707B68D3F8B43023F4FA
:1076A4000072FB785B021A437B68C3F8B42000BF06
:1076B4000C37BD465DF8047B704700BF80B483B0CF
:1076C40000AF78600B46FB707B68D3F8B43023F4CA
:1076D4008062FB789B021A437B68C3F8B42000BF26
:1076E4000C37BD465DF8047B704700BF80B483B09F
:1076F40000AF78600B46FB707B68D3F8B43023F49A
:107704000062FB78DB021A437B68C3F8B42000BF35
:107714000C37BD465DF8047B704700BF80B483B06E
:1077240000AF78600B46FB707B68D3F8B43023F06D
:107734003F02FB781A437B68C3F8B42000BF0C37C0
:10774400BD465DF8047B704780B483B000AF7860B9
:1077540039607B68D3F8B43023F040027B68C3F807
:10776400B4203B6823F060427B68C3F8C02000BFAC
:107774000C37BD465DF8047B704700BF80B483B00E
:1077840000AF786039607B68D3F8B43043F04002CE
:107794007B68C3F8B4203B6823F000427B68C3F8DD
:1077A400C02000BF0C37BD465DF8047B704700BFA6
:1077B40080B483B000AF786039607B683A68C3F8FE
:1077C400C42000BF0C37BD465DF8047B704700BF82
:1077D40080B483B000AF78607B68D3F8C4301846B7
:1077E4000C37BD465DF8047B704700BF80B483B09E
:1077F40000AF78600B46FB707B68D3F8C43023F489
:107804008032FB781B041A437B68C3F8C42000BF92
:107814000C37BD465DF8047B704700BF80B483B06D
:1078240000AF786039607B68D3F8C43023F4202239
:107834003B681A437B68C3F8C42000BF0C37BD46BD
:107844005DF8047B704700BF80B483B000AF7860FC
:107854007B68D3F8C43003F40003DB0D002B14BFA2
:1078640001230023DBB218460C37BD465DF8047BC8
:10787400704700BF80B483B000AF78600B46FB70E4
:107884007B68D3F8CC3023F00102FB781A437B6881
:10789400C3F8CC2000BF0C37BD465DF8047B7047AD
:1078A40080B483B000AF78600B46FB707B68D3F87C
:1078B400CC3023F00202FB785B001A437B68C3F8E8
:1078C400CC2000BF0C37BD465DF8047B704700BF79
:1078D400B0B586B000AF0346FB71FB792C4A52F871
:1078E40023307B61FA7913469B0013449B00294A99
:1078F40013443B617869FFF7F9FDF860F96878692A
:10790400FFF7E4FDFA68244B13403A6913603B69BE
:107914001B7A002B10D07869FFF75AFFF860F968DA
:107924007869FFF745FF3B691A68FB681B0203F09F
:10793400A0531A433B691A603B691B6803F4406314
:10794400002B05D03B6909331846F8F751FC0AE0CF
:107954003B691B6803F40043002B04D03B690A33E2
:107964001846F8F745FC3B69DB68002B0CD03B69F3
:10797400DC683B691D687869FFF72EFE03461A46EA
:10798400FB7929461846A04700BF1837BD46B0BD4D
:107994005CB000000C07FF1F01FFD50080B584B068
:1079A40000AF0346FB71FA7913469B0013449B0016
:1079B400084A1344FB60FB681B69002B06D0FB6874
:1079C4001B69F87900224FF08041984700BF1037B7
:1079D400BD4680BD0C07FF1F80B586B000AF3B607D
:1079E4000346FB710B46BB7113467B71FB79274A37
:1079F40052F823303B613869FFF746FC0346FB73BA
:107A0400FB7B83F00103DBB2002B03D00121386937
:107A1400FFF722FC7A79BB791946386900F066FCD5
:107A24007B79002B24D0BB7919463869FFF776FEA1
:107A34003B681B6819463869FFF786FE3B685B683C
:107A440023F060437B613B681B7A002B04D17B6984
:107A540043F080437B6107E03B681B7A012B03D131
:107A64007B6943F0C0437B6179693869FFF786FE1F
:107A7400FB7B83F00103DBB2002B03D000213869C8
:107A8400FFF7EAFB00BF1837BD4680BD5CB00000BD
:107A940080B483B000AF03463960FB71FA790749BB
:107AA40013469B0013449B000B440C333A681A6042
:107AB40000BF0C37BD465DF8047B70470C07FF1F01
:107AC40080B483B000AF03463960FB71FA7907498B
:107AD40013469B0013449B000B4410333A681A600E
:107AE40000BF0C37BD465DF8047B70470C07FF1FD1
:107AF40080B582B000AF03460A46FB711346BB71E2
:107B0400BB79002B06D0FB790F4AD3561846FFF7F2
:107B14007DFA0BE0FB790C4AD3561846FFF794FA2A
:107B2400FB79094AD3561846FFF7B0FAFA790749A0
:107B340013469B0013449B000B440533BA791A7017
:107B440000BF0837BD4680BD8800FF1F0C07FF1F1C
:107B540080B582B000AF03460A46FB711346BB7181
:107B6400BB79002B06D0FB790A4AD3561846FFF797
:107B74004DFA0BE0FB79074AD3561846FFF764FA2F
:107B8400FB79044AD3561846FFF780FA00BF08373A
:107B9400BD4680BD8C00FF1F80B586B000AF034694
:107BA4003960FB710023BB82FB79974A52F823307A
:107BB4003B61FA7913469B0013449B00934A134498
:107BC400FB600023FB75FB6800221A60FB79904A76
:107BD400D35C01211846FDF789FEFB798D4AD35CFD
:107BE40001211846FDF7F4FE01213869FFF734FB43
:107BF4003B68DB7C19463869FFF7F8FD3B68DA7CA3
:107C0400FB681A723B68203319463869FFF7C4FCD5
:107C14003B689B7A002B17D03B68DB7A194638699E
:107C2400FFF7D0FB3B68243319463869FFF7C4FCDF
:107C34003B681B7B19463869FFF7F8FC3B685B7BA4
:107C440019463869FFF7DAFC3B68DB7C002B11D05E
:107C540007E0FB7D0133FB75FB7DC82B01D90123B4
:107C640012E13869FFF7F0FD034683F00103DBB24C
:107C7400002BEED13B689B6A002B17D00023FB75C9
:107C84000FE03B68996AFA7D13465B0013449B003E
:107C94000B44F97DF8790122FFF79EFEFB7D013349
:107CA400FB753B681B78FA7D9A42EAD33B689B7C60
:107CB40019463869FFF7B0FB3B689A7CFB68DA71B8
:107CC40000213869FFF7C8FA3B685B78012B04D1BF
:107CD40001213869FFF704FB1BE03B685B78022B4A
:107CE40004D101213869FFF787FA12E03B685B7819
:107CF400032B0AD101213869FFF796FA3B681B7AF6
:107D040019463869FFF7CAFB03E000213869FFF719
:107D1400E7FA3B685B7A19463869FFF70DFC3B6864
:107D24005B7919463869FFF74FFA3B689B79194626
:107D34003869FFF731FA0C213869FFF715FC3B6805
:107D4400DB7819463869FFF713FB3B68DB79194682
:107D54003869FFF78BFB3B689B7D19463869FFF751
:107D6400EFFA00213869FFF779FC3B689B7B002B15
:107D74001AD03B681A7CFB7911461846FEF7F0FFCF
:107D84003B68DB7B19463869FFF7B0FC3B685B7CDA
:107D940019463869FFF77AFC01213869FFF75EFC60
:107DA40001213869FFF78AFC3B681A79FB68DA72AB
:107DB4003B689A7BFB689A71FB680933002118467B
:107DC400F8F734FA0346002B01D001235CE0FB688A
:107DD4000A3300211846F8F729FA0346002B06D087
:107DE400FB6809331846F8F733FA01234CE03B6883
:107DF4009B7C002B10D03B689B6923F080031946C1
:107E04003869FFF781FB0DE05CB000000C07FF1F31
:107E14009000FF1F9400FF1F3B689B691946386957
:107E2400FFF772FB3B68DB6919463869FFF7F6FC1C
:107E34003B685B7D19463869FFF71CFD3B681B7D79
:107E440019463869FFF72CFD3B68DA6AFB7911465D
:107E54001846FFF71DFE3B689A78FB7911461846D1
:107E6400FFF746FE3B681A6BFB7911461846FFF78D
:107E740027FE3B681A7DFB7911461846FFF768FE1A
:107E8400FB6801221A71BB8A18461837BD4680BDAB
:107E940080B586B000AF03463960FB711346BB71F1
:107EA400FB79394A52F82330FB60BB791946F868EC
:107EB400FFF72EFA3B681B6823F060437B61FA7975
:107EC400324913469B0013449B000B4406331B7832
:107ED400002B03D07B6943F080437B613B681B7AB2
:107EE400002B03D07B6943F000437B617969F86818
:107EF400FFF736F93B685B7A03F00F033B613B689D
:107F0400DB7A002B0CD03B6943F020033B613B68D8
:107F14009B7A002B0CD03B6943F010033B6107E0D4
:107F24003B681B7B002B03D03B6943F040033B6160
:107F34003B685B7B002B03D03B6943F080033B61D0
:107F44003969F868FFF71AF93B681B7B002B11D1DC
:107F54003B685B7A002B0DD03B685B7A184600F0D7
:107F640057F90346FB723B681B69FA7A1946F868AD
:107F740000F02CF9BB79012B02D1F868FFF710FA55
:107F840000BF1837BD4680BD5CB000000C07FF1F62
:107F940080B582B000AF03460A46FB711346BB713D
:107FA400FB79064A52F82330BA7911461846FFF78E
:107FB4008BF8034618460837BD4680BD5CB0000008
:107FC40080B586B000AF03463960FB711346BB71C0
:107FD4000023FB82FB79254A52F823303B61FA796E
:107FE40013469B0013449B00214A1344FB603869E9
:107FF400FFF74AF90346002B05D13869FFF75AF910
:108004000346002B01D001232CE0BB79012B0ED1B8
:10801400FB68DB7A002B0AD1BB7919463869FFF774
:1080240053F80346002B0CD00223FB8209E0BB79F2
:1080340019463869FFF76EF80346002B01D0022376
:10804400FB82FB8A002B0CD1BA79FB79396818467C
:10805400FFF71EFFFB68DA7ABB791946386900F02E
:1080640017F9FB8A18461837BD4680BD5CB000007E
:108074000C07FF1F80B582B000AF0346FB71FB798C
:10808400054A52F823301846FFF7B4F90346184658
:108094000837BD4680BD00BF5CB0000080B586B027
:1080A40000AF786039603B6808337B613B681B68CC
:1080B40023F060427B681A603B681B68DB0FDAB20E
:1080C4007B681A723B685B68FB60FB681B09DBB268
:1080D40003F00103DAB27B689A72FB685B09DBB2D6
:1080E40003F00103DAB27B68DA72FB689B09DBB246
:1080F40003F00103DAB27B681A73FB68DB09DBB2B5
:1081040003F00103DAB27B685A73FB68DBB203F055
:108114000F03DAB27B685A727B681B7B002B26D173
:108124007B685B7A002B22D07B685B7A184600F070
:108134006FF80346FB747B68DB7A002B04D1FB7C6D
:10814400082B01D90823FB740023BB740BE07B6864
:108154001A69BB7C1A447B69191D79611B68136019
:10816400BB7C0433BB74BA7CFB7C9A42EFD33B6880
:108174009A6C7B685A6000BF1837BD4680BD00BF4B
:1081840080B584B000AF03463960FB710023FB81E6
:10819400FB790D4A52F82330BB60B868FFF72AF91F
:1081A4000346002B02D10123FB8107E0BB6819467B
:1081B4003868FFF773FFB868FFF746F9FB8918467C
:1081C4001037BD4680BD00BF5CB0000080B487B0EE
:1081D40000AFF860B9601346FB71FB6858333B612C
:1081E4000023FB750AE03B691A1D3A61FA7DB96800
:1081F4000A4412681A60FB7D0433FB75FA7DFB792F
:108204009A42F0D300BF1C37BD465DF8047B70472B
:1082140080B485B000AF0346FB710023FB73FB7988
:10822400082B02D8FB79FB732AE0FB79093B062B68
:1082340025D801A252F823F0598200005F82000081
:10824400658200006B82000071820000778200006A
:108254007D8200000C23FB7312E01023FB730FE0FC
:108264001423FB730CE01823FB7309E02023FB7336
:1082740006E03023FB7303E04023FB7300E000BF00
:10828400FB7B18461437BD465DF8047B704700BF7E
:1082940080B483B000AF78600B46FB701346BB70AC
:1082A400FB78002B08D17B68D3F8A03043F48052CC
:1082B4007B68C3F8A02013E0BB78002B08D17B684F
:1082C400D3F8A03043F400727B68C3F8A02007E021
:1082D4007B68D3F8A03043F480627B68C3F8A020A5
:1082E40000BF0C37BD465DF8047B704780B483B093
:1082F40000AF78600B46FB701346BB70FB780F2B06
:108304001DD8BB78002B0CD07B68D3F8B420FB7845
:10831400012101FA03F31B041A437B68C3F8B42058
:108324004EE07B68D3F8B420FB78012101FA03F313
:108334001B04DB431A407B68C3F8B42040E0FB789D
:108344002F2B1DD8BB78002B0CD07B68D3F8B8201A
:10835400FB78103B012101FA03F31A437B68C3F84D
:10836400B8202DE07B68D3F8B820FB78103B0121BE
:1083740001FA03F3DB431A407B68C3F8B8201FE01B
:10838400FB783B2B1CD8BB78002B0CD07B68D3F834
:10839400BC20FB78303B012101FA03F31A437B68CC
:1083A400C3F8BC200CE07B68D3F8BC20FB78303BDE
:1083B400012101FA03F3DB431A407B68C3F8BC20B4
:1083C40000BF0C37BD465DF8047B704780B500AF35
:1083D4000020FFF77DFA00BF80BD00BF80B500AF6D
:1083E4000020FFF7DBFA00BF80BD00BF80B500AFFF
:1083F4000120FFF76DFA00BF80BD00BF80B500AF5C
:108404000120FFF7CBFA00BF80BD00BF80B500AFED
:108414000220FFF75DFA00BF80BD00BF80B500AF4A
:108424000220FFF7BBFA00BF80BD00BF80B500AFDC
:108434000320FFF74DFA00BF80BD00BF80B500AF39
:108444000320FFF7ABFA00BF80BD00BF80B483B048
:1084540000AF78607B68D3F8C430DBB203F03F032D
:10846400DBB20133DBB218460C37BD465DF8047B42
:10847400704700BF80B483B000AF78607B68D3F8E6
:10848400C43003F440731B0ADBB20133DBB2184679
:108494000C37BD465DF8047B704700BF80B485B0DF
:1084A40000AF78600B46FB70FB787A680C339B0056
:1084B40013445B6803F040039B09FB60FB68002BDB
:1084C40014BF01230023DBB218461437BD465DF800
:1084D400047B704780B485B000AF78600B46FB70B6
:1084E400FB787A680C339B0013445B6803F08003C9
:1084F400DB09FB60FB68002B14BF01230023DBB204
:1085040018461437BD465DF8047B704780B483B0C9
:1085140000AF78600B46FB70F878FB787A680C3310
:108524009B0013445B6843F08002796800F10C03FC
:108534009B000B445A6000BF0C37BD465DF8047BBA
:10854400704700BF80B485B000AF78600B46FB7005
:10855400FB78203B7A682C339B0013445B6803F060
:1085640040039B09FB60FB68002B14BF012300231D
:10857400DBB218461437BD465DF8047B704700BF74
:1085840080B485B000AF78600B46FB70FB78203B6D
:108594007A682C339B0013445B6803F08003DB0987
:1085A400FB60FB68002B14BF01230023DBB21846D9
:1085B4001437BD465DF8047B704700BF80B483B0B8
:1085C40000AF78600B46FB70FB78A3F12000FB78CA
:1085D400203B7A682C339B0013445B6843F0800291
:1085E400796800F12C039B000B445A6000BF0C37E0
:1085F400BD465DF8047B704780B58CB000AF7860F1
:10860400684A7B6852F823303B6207F10C0300226E
:108614001A605A609A600023FB626123FB61386A26
:10862400FFF714FF03467B85386AFFF723FF0346F1
:108634007B8300237B6200237B767B8D182B01D9FF
:1086440018237B853B6A1B68FB62FA6AFB6913404B
:10865400FB62FB69DA433B6A1A607B68FB60FB6A76
:10866400002B14D0504A7B6852F83330002B0ED0C4
:10867400FB6A3B614C4A7B6852F833204A497B6869
:10868400DB000B44596807F10C031846904700239C
:10869400FB6200237B6221E07B6ADBB220337B76C2
:1086A4007B7E1946386AFFF74DFF0346002B12D034
:1086B4007B7E1946386AFFF763FF0346002B0AD016
:1086C4007B7E1946386AFFF779FF7B7E3B754FF452
:1086D4008063FB6206E07B6A01337B627A8B7B6A90
:1086E4009A42D9DCFB6AB3F5806F14D12E4A7B68B9
:1086F40052F83330002B0ED0FB6A3B612A4A7B6868
:1087040052F8332028497B68DB000B44596807F191
:108714000C03184690470023FB6200237B621FE092
:108724007B6A7B767B7E1946386AFFF7B7FE034681
:10873400002B12D07B7E1946386AFFF7CBFE034626
:10874400002B0AD07B7E1946386AFFF7DFFE7B7E5A
:108754003B754FF48063FB6206E07B6A01337B6206
:108764007A8D7B6A9A42DBDCFB6AB3F5806F14D1A5
:108774000D4A7B6852F83330002B0ED0FB6A3B6104
:10878400094A7B6852F8332007497B68DB000B44B5
:10879400596807F10C031846904700BF3037BD46AF
:1087A40080BD00BF6CB000005C07FF1F80B500AF48
:1087B4000020FFF721FF00BF80BD00BF80B500AFE0
:1087C4000120FFF719FF00BF80BD00BF80B584B052
:1087D40000AF78600D4BFB600023BB60FB689B69B6
:1087E400BB60FB68BA689A61094A7B6852F8233017
:1087F400002B06D0064A7B6852F82330B9687868A3
:10880400984700BF1037BD4680BD00BF00500040F0
:108814006C07FF1F80B500AF0020FFF7D7FF00BF34
:1088240080BD00BFDFF834D003E00D4B5B584350EC
:1088340004310C480C4B42189A42F6D30B4A02E01E
:10884400002342F8043B0A4B9A42F9D300F066F83D
:1088540000F012F8F7F7ACFC704700008011FF1F1E
:10886400C4B200000000FF1F0C06FF1F0C06FF1F10
:108874008009FF1FFEE7000080B489B000AF1F4BE2
:10888400FB611F4B3B611F4BBB601F4BBB611F4B0D
:10889400FB601F4B7B601F4B7B611F4B3B6009E000
:1088A4003B691A78FB691A70FB690133FB613B6908
:1088B40001333B61BA683B699A42F1D109E0FB6834
:1088C4001A78BB691A70BB690133BB61FB68013359
:1088D400FB607A68FB689A42F1D105E07B6900226B
:1088E4001A707B6901337B613A687B699A42F5D1DE
:1088F40000BF2437BD465DF8047B70470000FF1FAE
:10890400C4B20000D0B800000C06FF1FD0B80000AD
:10891400D0B800000C06FF1F8009FF1F80B400AF11
:10892400144A144BD3F8F43343F00A03C2F8F43373
:108934004FF080424FF080439B6923F4806393613E
:108944000D4A0D4BD3F8883043F47003C2F88830D5
:108954000A4B0B4A9A60094B0A4A9A60074A074B2A
:108964001B6823F08003136000BFBD465DF8047BE1
:10897400704700BF0C0008E000ED00E000B00040CC
:1089840087D964E078848A8680B489B000AF384B94
:108994005B6903F007037B617B69012B09D14FF00D
:1089A40080431B6803F470431B0BFB61314BBB61B9
:1089B40051E04FF080431B6803F470231B0CFB61F0
:1089C4004FF080431B6803F070739B0D3B613B6960
:1089D400022B06D0032B07D0012B38D1254BBB61CA
:1089E40039E0244BBB6136E0234BD3F8C03003F0AD
:1089F40040439B0FFB60204BD3F8C03003F4FF03CC
:108A0400DB0BBB601C4BD3F8C03003F078535B0E18
:108A14007B604FF080431B6803F480131B0D002B15
:108A240002D1144BBB6101E0124BBB617B68002B8C
:108A340010D0FB680133BA69B2FBF3F3BA6802FBE6
:108A440003F27B685B00B2FBF3F3BB6102E00B4B08
:108A5400BB6100E000BFFB690133BA69B2FBF3F309
:108A6400074A136000BF2437BD465DF8047B704796
:108A74000080004000127A0000880040006CDC0294
:108A84009800FF1F80B483B000AF03463960FB71C8
:108A940097F90730002B0ADB0D4997F907303A683C
:108AA400D2B21201D2B20B4483F800230AE009497E
:108AB400FB7903F00F03043B3A68D2B21201D2B23D
:108AC4000B441A7600BF0C37BD465DF8047B704733
:108AD40000E100E000ED00E080B582B000AF786016
:108AE4007B68013BB3F1807F01D301230FE00A4A85
:108AF4007B68013B53600F214FF0FF30FFF7C2FF4B
:108B0400054B00229A60044B07221A600023184682
:108B14000837BD4680BD00BF10E000E080B500AF5F
:108B24000023054A01210548FDF75CFF00210020D0
:108B3400FDF77AFF00BF80BD7007FF1F7801FF1F9C
:108B440080B500AF0448FFF7C7FFFFF71DFFFFF72D
:108B5400E5FF00BF80BD00BFC0D4010080B485B074
:108B640000AF0346FB800CE00023FB7303E000BF6F
:108B7400FB7B0133FB73FB7B2F2BF8D9FB88013B79
:108B8400FB80FB88002BEFD100BF1437BD465DF896
:108B9400047B704780B582B000AF0023FB710023D3
:108BA400FB711FE0FA79134913465B0013449B00E1
:108BB4000B441B78002B12D0FA790E4913465B0044
:108BC40013449B000B4400221A70FA790949134696
:108BD4005B0013449B000B4408331B689847FB79E4
:108BE4000133FB71FB79012BDCD900BF0837BD468B
:108BF40080BD00BF7C01FF1F80B483B000AF0023A1
:108C0400FB710023FB7148E0FA79284913465B00A5
:108C140013449B000B4402331B88002B3AD0FA798F
:108C2400224913465B0013449B000B4402331B8808
:108C3400013B98B21D4913465B0013449B000B444F
:108C4400023302461A80FA79184913465B0013442A
:108C54009B000B4402331B88002B1BD1FA79134968
:108C640013465B0013449B000B4401221A70FA79EB
:108C7400F9790E480B465B000B449B000344043314
:108C840018880A4913465B0013449B000B440233C3
:108C940002461A80FB790133FB71FB79012BB3D9AE
:108CA40000BF0C37BD465DF8047B70477C01FF1F95
:108CB40080B500AF044B1B680133034A1360FFF710
:108CC4009BFF00BF80BD00BFFC08FF1F80B500AF45
:108CD40002490348FAF7B8FF00BF80BD6009FF1FCF
:108CE40074B0000080B582B000AF0023FB80FAF7B7
:108CF40053FF0346FB80FB8818460837BD4680BDFA
:108D040080B500AFFAF774FF00BF80BD80B400AF38
:108D14004FF080731B68DBB21846BD465DF8047BD8
:108D2400704700BF80B400AF4FF080731B681B0A0C
:108D3400DBB21846BD465DF8047B704780B400AFD3
:108D4400034B1B681846BD465DF8047B704700BFA3
:108D54000800000180B588B000AF78600023FB8371
:108D640001233B613B6983F31088FAF715FF03463F
:108D7400002B2FD107F1080308220021184602F026
:108D8400A3F807F108037B617B68DAB27B691A7088
:108D94007B6901337A68120AD2B21A707B69023392
:108DA4007A68120CD2B21A707B6903337A68120E95
:108DB400D2B21A707B6908220B490C48FBF73CF8C5
:108DC4000346002B02D10023FB8301E00123FB8334
:108DD400FFF796FF0023BB61BB6983F31088FB8B0D
:108DE40018462037BD4680BD080000016009FF1FFA
:108DF40090B589B000AF03460A46FB711346BB71B8
:108E04000023FB8301237B617B6983F31088FAF7DA
:108E1400C3FE0346002B29D107F10C0308220021CD
:108E2400184602F051F8FC79FFF770FF03461A4622
:108E340007F12003234403F8142CFB7907F12002E3
:108E44001344BA7903F8142C07F10C0308224FF0E9
:108E540080710B48FAF7F0FF0346002B02D1002380
:108E6400FB8301E00123FB83FAF7C2FE0023BB610D
:108E7400BB6983F31088FB8B18462437BD4690BD2D
:108E84006009FF1F80B584B000AF00237B734FF0EF
:108E94008073BB600023FB8101233B603B6883F349
:108EA4001088FFF71FFF0346002B18D1B96812483A
:108EB400FBF746F80346002B0CD1B9680E48FBF7C4
:108EC40081F80346002B02D10023FB8104E0012337
:108ED400FB8101E00123FB81FFF712FF01E0012385
:108EE400FB8100237B607B6883F31088FB89184631
:108EF4001037BD4680BD00BF6009FF1F80B586B036
:108F040000AF00233B614FF48033FB600023FB82FE
:108F140001237B607B6883F31088FFF7E3FE03463D
:108F2400002B1BD14FF4F0733B610023BB820EE096
:108F3400BB8ADA02FB6813444FF4006219460D48F9
:108F4400FAF70AFF0346FB82BB8A0133BB82BA8A63
:108F54003B699A42ECD3FFF7D3FE01E00123FB8285
:108F64000023BB60BB6883F31088FB8A184618375C
:108F7400BD4680BD6009FF1F80B588B000AFF860B2
:108F8400B9603B601346FB710023FB8301237B61C3
:108F94007B6983F31088FAF7FFFD0346002B14D195
:108FA4003B68BA68F9680E48FAF746FF0346FB8344
:108FB400FB8B002B02D10023FB8301E00123FB8305
:108FC400FB79012B01D1FFF79BFE0023BB61BB6939
:108FD40083F31088FB8B18462037BD4680BD00BF45
:108FE4006009FF1F80B400AFBFF34F8F0549054BE5
:108FF400DB6803F4E062044B1343CB60BFF34F8F91
:1090040000BFFDE700ED00E00400FA0580B582B082
:1090140000AF01F029FB7860574B1B78012B7DD101
:10902400564B1B78DBB2012B78D17B685B681B78CD
:10903400103B272B6AD801A252F823F0E1900000DC
:10904400E7900000119100001191000011910000BF
:109054001191000011910000119100001191000084
:109064001191000011910000119100001191000074
:109074001191000011910000119100001191000064
:109084001191000011910000119100001191000054
:109094001191000011910000ED900000F390000088
:1090A4001191000011910000119100001191000034
:1090B4001191000011910000119100001191000024
:1090C400F99000001191000011910000FF90000040
:1090D40011910000059100000B91000000F0F6FAD8
:1090E40015E000F059FB12E000F0D6FB0FE000F0B1
:1090F4006DFC0CE000F020FD09E000F0E3FD06E06B
:1091040000F02AFF03E001F069F800E000BF1B4B08
:1091140000221A70184B00221A7029E0FFF702FE91
:109124000346BB2B19D1164B03221A70154B01228F
:109134001A70FFF7A7FE0346002B03D1102000F09E
:1091440083F803E02221102000F094F90B4B002255
:109154001A70094B00221A700AE0FFF7EFFD02466D
:10916400094B1B689A4203D1034B00221A7000BFBB
:109174000837BD4680BD00BF0C09FF1F3C09FF1F17
:109184007407FF1F7C09FF1F1009FF1F80B582B001
:1091940000AF01237B607B6883F31088FFF722FF15
:1091A40000BF0837BD4680BD80B584B000AF03461C
:1091B400FB7101F063FAF860FB6800221A81FB6816
:1091C4005A68FB681B89591C88B2F96808811344E2
:1091D400FA794032D2B21A7001F002FD00BF1037A2
:1091E400BD4680BD80B584B000AF0346FB7101F07D
:1091F4003BFAF86001F042FAB860BB6800221A81B9
:10920400BB685A68BB681B89591C88B2B968088155
:109214001344FA794032D2B21A70BB685A68BB68F8
:109224001B89591C88B2B96808811344FA685268CA
:109234000132127802F07F02D2B21A7001F0D0FC2F
:1092440000BF1037BD4680BD80B584B000AF034673
:10925400FB7101F009FAF86001F010FAB860BB681C
:1092640000221A81BB685A68BB681B89591C88B2E2
:10927400B9680881134450221A70BB685A68BB68E5
:109284001B89591C88B2B96808811344FA6852686A
:109294000132127802F07F02D2B21A70BB685A68A7
:1092A400BB681B89591C88B2B96808811344002221
:1092B4001A70BB685A68BB681B89591C88B2B968A4
:1092C4000881134432221A70BB685A68BB681B8930
:1092D400591C88B2B9680881134401221A70BB680A
:1092E4005A68BB681B89591C88B2B9680881134441
:1092F400F4221A7001F074FC00BF1037BD4680BD23
:1093040080B584B000AF0346FB7101F0ADF9F8609D
:1093140001F0B4F9B860BB6800221A81BB685A68CE
:10932400BB681B89591C88B2B96808811344FA794F
:109334004032D2B21A70BB685A68BB681B89591C88
:1093440088B2B9680881134410221A70BB685A683D
:10935400BB681B89591C88B2B968088113448022F0
:109364001A7001F03DFC00BF1037BD4680BD00BF40
:1093740080B586B000AF03460A46FB711346BB7145
:109384000023FB7501F070F9386101F077F9F8609A
:10939400FB6800221A81FB685A68FB681B89591C08
:1093A40088B2F96808811344FA794032D2B21A704B
:1093B400FB685A68FB681B89591C88B2F9680881E4
:1093C40013443A6952680132127802F07F02D2B231
:1093D4001A700023FB7512E0FB685A68FB681B894E
:1093E400591C88B2F968088113443A695168FA7DB6
:1093F40002320A4412781A70FB7D0133FB75FA7D40
:10940400BB79013B9A42E7DB01F0EAFB00BF183766
:10941400BD4680BD80B586B000AF0346FB71002316
:10942400FB7501F021F9386101F028F9F860FB6857
:1094340000221A81FB685A68FB681B89591C88B290
:10944400F96808811344FA794032D2B21A70FB6881
:109454005A68FB681B89591C88B2F968088113444F
:109464003A69526852781A7001F0BAFB00BF183793
:10947400BD4680BD80B584B000AF03460A46FB718B
:109484001346BB7101F0FAF8F860FB6800221A81F8
:10949400FB685A68FB681B89591C88B2F968088103
:1094A40013447F221A70FB685A68FB681B89591C95
:1094B40088B2F96808811344FA791A70FB685A680B
:1094C400FB681B89591C88B2F96808811344BA796E
:1094D4001A7001F085FB00BF1037BD4680BD00BF88
:1094E40090B587B000AF0346FB710023FB7501F014
:1094F400BBF8386101F0C2F8F8600023FB750CE09A
:10950400FC7D01F02FFD0346DAB207F11803234472
:1095140003F8102CFB7D0133FB75FB7D032BEFD986
:10952400FB6800221A81FB685A68FB681B89591C76
:1095340088B2F96808811344FA794032D2B21A70B9
:10954400FB685A68FB681B89591C88B2F968088152
:1095540013443A6952680132127802F07F02D2B29F
:109564001A70FB685A68FB681B89591C88B2F96831
:10957400088113443A7A1A70FB685A68FB681B899D
:10958400591C88B2F968088113447A7A1A70FB6806
:109594005A68FB681B89591C88B2F968088113440E
:1095A400BA7A1A70FB685A68FB681B89591C88B21E
:1095B400F96808811344FA7A1A7001F011FB00BFAC
:1095C4001C37BD4690BD00BF80B588B000AF0346D0
:1095D400FB7101F049F8F86101F050F8B861FB69DA
:1095E4005B6802331B781A06FB695B6803331B78DC
:1095F4001B041A44FB695B6804331B781B02134485
:10960400FA6952680532127813447B61BB695B685E
:1096140002331B781A06BB695B6803331B781B048F
:109624001A44BB695B6804331B781B021344BA6990
:1096340052680532127813443B613B69DA093B698D
:109644001B041343FB60FB685B00FB60FA681B4B65
:109654005340FB60FB685A01FB681B0B1343FB6020
:109664007A69FB689A4203D1154B05221A7020E0EF
:10967400144B1B78032B13D9114B07221A70124B6E
:109684001B884EF65F22934206D80F4B1B8801338A
:109694009AB20D4B1A800CE0094B08221A7008E0AC
:1096A400084B1B780133DAB2064B1A70044B0622BE
:1096B4001A7000BF2037BD4680BD00BF82FD3E7DCD
:1096C4007607FF1F7807FF1F7A07FF1F80B582B058
:1096D40000AF00F0C9FF786000F0D0FF38602D4B78
:1096E40002221A707B681B89022B03D0294B0122AA
:1096F4001A7022E07B685B6801331B78013B032B03
:109704001AD801A252F823F01D97000025970000F3
:109714002D970000359700001E4B02221A700CE0B2
:109724001C4B03221A7008E01A4B04221A7004E03E
:10973400184B05221A7000E000BF164B1B78013B42
:10974400042B22D801A252F823F000BF6597000031
:109754006F970000779700007F97000087970000BD
:1097640013211020FFF786FE10E01020FFF76CFD98
:109774000CE01020FFF768FD08E01020FFF764FDFF
:1097840004E01020FFF760FD00E000BF00BF0837D1
:10979400BD4680BD7407FF1F80B582B000AF00F0E6
:1097A40063FF786000F06AFF38607B681B89022BD6
:1097B40004D013211120FFF75DFE66E07B685B682F
:1097C40001331B78013B042B59D801A252F823F032
:1097D400E9970000F79700000598000067980000DB
:1097E400759800002A4B01221A702A4B02221A7023
:1097F4004AE0274B02221A70264B02221A7043E0D9
:10980400234B03221A70234B02221A703B68002256
:109814001A813B685A683B681B89591C88B23968AD
:109824000881134451221A703B685A683B681B89AB
:10983400591C88B23968088113447A685268013225
:10984400127802F07F02D2B21A7001F0C9F942F222
:109854001070FFF783F90F4B02221A70FFF796FC82
:1098640012E00B4B04221A700A4B02221A700BE00E
:10987400074B05221A70074B02221A7004E01221CA
:109884001020FFF7F7FD00BF00BF0837BD4680BDBD
:109894007507FF1F7407FF1F80B582B000AF00F08B
:1098A400E3FE786000F0EAFE38607B681B89022BD7
:1098B4000BD07B681B89042B07D07B681B89062B84
:1098C40003D03F4B0C221A702AE07B685B6801339B
:1098D4001B78012B02D0022B0FD01DE0394B1B78D3
:1098E400032B06D1384B01221A70354B01221A7012
:1098F40016E0334B0A221A7012E0334B1B78002B0C
:1099040003D12F4B09221A700AE02D4B02221A7040
:109914002720FFF759FE03E0294B0B221A7000BFE2
:10992400274B1B78013B0B2B45D801A252F823F09F
:109934006D990000BB990000BB990000BB99000021
:1099440065990000899900007F99000093990000AF
:109954009D990000A799000075990000B199000035
:109964002720FFF73FFC27E02720FFF7B9FD23E07E
:1099740012212720FFF77EFD1EE036212720FFF766
:1099840079FD19E035212720FFF774FD14E0372114
:109994002720FFF76FFD0FE024212720FFF76AFD42
:1099A4000AE022212720FFF765FD05E01321272087
:1099B400FFF760FD00E000BF00BF0837BD4680BD73
:1099C4007607FF1F7407FF1F7C07FF1F80B582B057
:1099D40000AF00F049FE786000F050FE3860554B4F
:1099E40001221A707B681B89022B03D8514B032276
:1099F4001A7051E07B685B6801331B78032B47D8EE
:109A040001A252F823F000BF1D9A00003B9A000007
:109A1400599A0000779A00007B685B6802331B78D0
:109A2400012B03D1434B05221A7003E0414B022260
:109A34001A7000BF30E07B685B6802331B78012B2F
:109A440003D13C4B06221A7003E03A4B02221A70EF
:109A540000BF21E07B685B6802331B78012B03D1D4
:109A6400344B07221A7003E0324B02221A7000BFF3
:109A740012E07B685B6802331B78012B03D12D4B0A
:109A840008221A7003E02B4B02221A7000BF03E075
:109A9400284B04221A7000BF264B1B78023B062B6E
:109AA40043D801A252F823F0DD9A0000C99A0000BD
:109AB400D39A0000E79A0000FB9A00000B9B000079
:109AC4001F9B000013212820FFF7D4FC2EE0122155
:109AD4002820FFF7CFFC29E031212820FFF7CAFC1A
:109AE40024E02820FFF77EFB00F0DAFC00F032FDD2
:109AF40000F0EEFC1AE02820FFF774FB00F02AFDCA
:109B040000F0DAFC12E02820FFF76CFB00F0ECFC1C
:109B140000F0DEFC00F0C4FC08E02820FFF762FB44
:109B240000F0E2FC00F0C8FC00E000BF00BF083712
:109B3400BD4680BD7707FF1F80B586B000AF00F03B
:109B440093FD786100F09AFD38617B695B680233AC
:109B54001B789BB21B029AB27B695B6803331B7848
:109B64009BB21344FB817B691B89032B03D8544BA1
:109B740005221A7074E07B695B6801331B78022B41
:109B84006BD0032B6BD0012B62D1FB894FF644724F
:109B9400934203D04A4B06221A7061E0FB89B3F565
:109BA4007F4F53D04FF64472934200D04FE07B690D
:109BB4005B6804331B781B061A467B695B680533B4
:109BC4001B781B0413447A69526806321278120215
:109BD40013447A695268073212781344BB607B6974
:109BE4005B6808331B781B061A467B695B6809337C
:109BF4001B781B0413447A6952680A3212781202E1
:109C040013447A6952680B32127813447B607B6880
:109C1400B3F5702F03D8BB68B3F5803F03D0284B4E
:109C240007221A7011E0FFF769F90346002B08D1E7
:109C3400FFF728F90346002B03D1214B01221A70A8
:109C440003E01F4B07221A7001E000E000BF07E0A9
:109C540012213120FFF70EFC02E000BF00E000BF3C
:109C6400174B1B78013B062B24D801A252F823F092
:109C7400919C0000B99C0000B99C0000B99C0000B4
:109C8400AF9C0000A59C00009B9C00000321312098
:109C9400FFF76EFB0FE072213120FFF7EBFB0AE0C8
:109CA40031213120FFF7E6FB05E013213120FFF7D6
:109CB400E1FB00E000BF00BF1837BD4680BD00BF18
:109CC4007D07FF1F80B584B000AF0023BB73002362
:109CD4007B7300233B730023FB7300F0C5FCB86067
:109CE40000F0CCFC7860944B01221A70BB681B898D
:109CF400032B03D8904B02221A7019E1BB685B68EE
:109D04005B78BB73BB7B002B02D0012B5DD0BDE025
:109D1400BB685B6802331B7803F00F037B73BB687B
:109D24005B6802331B781B093B730023FB7313E04E
:109D3400824B1B681B02814A1360BB685A68FB7B19
:109D4400033313441B781A467C4B1B6813447B4A29
:109D54001360FB7B0133FB73FA7B7B7B9A42E7D373
:109D64000023FB7315E0764B1B681B02744A1360D7
:109D7400BB685A68F97B7B7B0B44033313441B7821
:109D84001A466F4B1B6813446D4A1360FB7B013307
:109D9400FB73FA7B3B7B9A42E5D3684B1B68B3F5B4
:109DA400803F0AD1664B1B68B3F5702F05D87B7BC7
:109DB400042B02D13B7B042B03D05F4B04221A708B
:109DC40064E05D4B08221A7060E0BB685B68023394
:109DD4001B7803F00F037B73BB685B6802331B784B
:109DE4001B093B730023FB7313E0564B1B681B02D8
:109DF400544A1360BB685A68FB7B033313441B78D3
:109E04001A46504B1B6813444E4A1360FB7B0133C4
:109E1400FB73FA7B7B7B9A42E7D30023FB7315E049
:109E2400494B1B681B02484A1360BB685A68F97B9C
:109E34007B7B0B44033313441B781A46424B1B6849
:109E44001344414A1360FB7B0133FB73FA7B3B7B76
:109E54009A42E5D33B4B1B68B3F5803F0ED3394B95
:109E64001B68B3F5801F09D8374B1B68802B05D8B6
:109E74007B7B042B02D13B7B042B03D02E4B04228F
:109E84001A7002E02C4B08221A7000BF2A4B1B7870
:109E9400023B062B4BD801A252F823F0BD9E0000D2
:109EA400339F0000D19E0000339F0000C79E000036
:109EB400339F0000DB9E000013213420FFF7DAFA01
:109EC40036E033213420FFF7D5FA31E03121342054
:109ED400FFF7D0FA2CE03420FFF712FABB685B6876
:109EE40001331B78002B1ED1154B1968174BA3FBAC
:109EF4000123DA0913461B011344DB00CA1A002AA2
:109F04000BD00F4B1B68DB099BB201339AB2104B89
:109F14001A80104B01221A7005E0094B1B68DB09FB
:109F24009AB20B4B1A80044B09221A7000E000BF4E
:109F340000BF1037BD4680BD7E07FF1F3809FF1FD5
:109F44000409FF1F1009FF1F3409FF1FF1F0F0F08F
:109F54008207FF1F8607FF1F80B586B000AF00F0A1
:109F640083FB386100F08AFBF8603B695B6802336D
:109F7400BB603B691B89012B03D88F4B01221A70EC
:109F8400D4E08E4B1B78012B03D18B4B02221A7029
:109F9400CCE03B691B89822B03D9874B03221A70BF
:109FA400C4E0874B1A88874B1B889A4203D1824BA3
:109FB40004221A70BAE0824B1B881A46814B1B8814
:109FC400013B9A423FDA804B1868804B1968BB68A2
:109FD4000022FEF7D1FF0346002B30D1784B1B88BB
:109FE40001339AB2764B1A80794B1B781A46744B1C
:109FF4001B88FF2B05D9724B1B88DBB20133DBB204
:10A0040002E06F4B1B88DBB29A4202D06A4B0722F4
:10A014001A706F4B1B780133DAB26D4B1A706A4BAE
:10A024001B681846FEF796FE0346002B03D1624BCD
:10A0340008221A707AE0604B06221A7076E05E4BB2
:10A0440006221A7072E0634B1B78002B60D03B69C8
:10A054001B891A465D4B1B68B2FBF3F103FB01F34A
:10A06400D31AFB71FB79002B1CD1574B1868574B43
:10A074001968BB680122FEF77FFF0346002B55D108
:10A08400AA210020FEF7B4FE0346002B06D10020CF
:10A09400FEF760FE484B05221A7047E0464B062245
:10A0A4001A7043E00023FB750EE03B695B683A6974
:10A0B40052891146FA79891AFA7D0A441344FF2217
:10A0C4001A70FB7D0133FB75FA7DFB799A42ECD360
:10A0D4003D4B1868FA793D4B1B68D1183B695B68A6
:10A0E4000122FEF749FF0346002B1FD1AA210020BD
:10A0F400FEF77EFE0346002B06D10020FEF72AFE63
:10A104002D4B05221A7011E02B4B06221A700DE01C
:10A11400AA210020FEF76CFE0346002B03D1264B38
:10A1240005221A7002E0244B06221A70224B1B7877
:10A13400013B072B38D801A252F823F061A100009B
:10A144006BA1000075A1000093A100009DA1000077
:10A154007FA1000089A10000A5A1000013213620E1
:10A16400FFF788F921E024213620FFF783F91CE06A
:10A1740031213620FFF77EF917E072213620FFF7F0
:10A1840079F912E073213620FFF774F90DE071219B
:10A194003620FFF76FF908E03620FFF73BF904E0BB
:10A1A4003620FFF737F900E000BF0B4B02221A708C
:10A1B40000BF1837BD4680BD8007FF1F7E07FF1F05
:10A1C4008407FF1F8207FF1F1009FF1F3409FF1FA9
:10A1D4009401FF1F8607FF1F7407FF1F80B582B01D
:10A1E40000AF00F041FA786000F048FA38607B680C
:10A1F4001B89012B03D9184B01221A700EE0174B4F
:10A204001B78012B03D0154B1B78082B03D1124B61
:10A2140002221A7002E0104B03221A700E4B1B78B4
:10A22400022B09D0032B0CD0012B00D00DE01321FD
:10A234003720FFF71FF908E024213720FFF71AF928
:10A2440003E03720FEF7B0FF00BF054B02221A706F
:10A2540000BF0837BD4680BD7F07FF1F7E07FF1F75
:10A264007407FF1F80B584B000AF0346B9607A60FD
:10A27400FB73BB6803F40043002B24D01CE0144B95
:10A28400144A1A61FB7B12491846FDF779FF03460D
:10A29400002B11D10E4B1B68B3F5FC6F05D00C4B92
:10A2A4001B6840F2DF72934203D10B4B01221A70F8
:10A2B40002E0094B00221A70FB7B1846FDF7DAFE18
:10A2C4000346002BDBD100BF1037BD4680BD00BF65
:10A2D4001409FF1F2809FF1F3C09FF1F80B485B024
:10A2E40000AF0346FB710023BB60FB79062B04D847
:10A2F400FB790C4A52F82330BB60BB68FB60002337
:10A304003A7B62F307037A7B62F30F23BA7B62F32F
:10A314001743FA7B62F31F6318461437BD465DF892
:10A32400047B7047A0B0000090B583B000AF002359
:10A33400FB710223BB7101237B711D4B00221A7038
:10A344001B4B00225A701A4B01229A70184B0022A0
:10A35400DA70174B01221A71154B0022DA71144B73
:10A364000B225A72124B00229A74114B0022DA7497
:10A374000F4B00221A750E4B00229A750C4B0D4A96
:10A384009A610B4CBB791846FFF7A8FF034623627A
:10A39400074B094A9A62064B084ADA62084B094A93
:10A3A4001A61094B094A1A6100BF0C37BD4690BDBA
:10A3B4008807FF1FFE002A0088B0000069A2000081
:10A3C4004409FF1F5809FF1F1409FF1F2809FF1F15
:10A3D40080B582B000AF0346FB71FB79002B0FD12F
:10A3E400052204212448F9F753FA052205212248BD
:10A3F400F9F74EFA05220A211F48F9F749FA37E01E
:10A40400FB79012B0FD1032206211C48F9F740FAEE
:10A41400032207211948F9F73BFA052206211648B9
:10A42400F9F736FA24E0FB79022B0FD1032210212D
:10A434001248F9F72DFA032211211048F9F728FAE6
:10A4440005220F210D48F9F723FA11E0FB79032BBC
:10A454000ED105220C210948F9F71AFA05220D211B
:10A464000648F9F715FA05220B210448F9F710FA02
:10A4740000BF0837BD4680BD005608400054084060
:10A4840080B500AF0020FFF7A3FFFFF74DFF03499E
:10A494000020FDF781FB00BF80BD00BF8807FF1FC0
:10A4A40080B400AF034B01221A7000BFBD465DF8B3
:10A4B400047B70479501FF1F80B400AF034B00225B
:10A4C4001A7000BFBD465DF8047B70479501FF1FFD
:10A4D40080B400AF034B00221A7000BFBD465DF884
:10A4E400047B70479601FF1F80B582B000AF002344
:10A4F400FB7100233B60164B3B600023FB7120E0A3
:10A50400FB79002B0DD1FA7913465B0013449B00B1
:10A514001A463B681344F97900220020FDF75CFADF
:10A524000CE0FA7913465B0013449B001A463B681F
:10A534001344F97901220020FDF74EFAFB79013327
:10A54400FB71FB79022BDBD900BF0837BD4680BD08
:10A554009801FF1F80B582B000AF0023FB71002378
:10A564003B60164B3B600023FB7120E0FB79002B22
:10A574000DD1FA7913465B0013449B001A463B68DD
:10A584001344F97901220020FDF726FA0CE0FA7948
:10A5940013465B0013449B001A463B681344F97945
:10A5A40000220020FDF718FAFB790133FB71FB79D7
:10A5B400022BDBD900BF0837BD4680BDBC01FF1F9D
:10A5C40080B483B000AF0346FB71044AFB79137077
:10A5D40000BF0C37BD465DF8047B70470C09FF1FB4
:10A5E40080B483B000AF0023FB800AE0FB88174AE5
:10A5F4000021D154FB88164A0021D154FB88013331
:10A60400FB80FB88872BF1D9124B104A5A60114BFF
:10A6140000221A810F4B00225A810F4B0C4A5A60B8
:10A624000D4B00221A810C4B00225A810B4B002245
:10A634001A600B4B00221A600A4B01221A7000BFE9
:10A644000C37BD465DF8047B704700BFDC07FF1F75
:10A654006408FF1FCC07FF1FBC07FF1F0809FF1F6B
:10A664000009FF1F3009FF1F80B400AF024B1846DA
:10A67400BD465DF8047B7047CC07FF1F80B400AF74
:10A68400024B1846BD465DF8047B7047BC07FF1FAC
:10A6940080B485B000AF7860FF23FB73FF23BB73E6
:10A6A4000023FB7200237B7302233B7302233B735F
:10A6B40014E07B685A683B7B13441A78FB7B534055
:10A6C400FB72FB7A134AD25CBB7B5340FB73FB7A6D
:10A6D400114AD35CBB733B7B01333B733B7B9AB224
:10A6E4007B681B899A42E4D37B689B891946FB7B70
:10A6F4001A02BB7B1343994202D101237B7301E00D
:10A7040009237B737B7B18461437BD465DF8047BB5
:10A71400704700BFBCB00000BCB1000080B487B07B
:10A7240000AF786007F10C0300221A605A6000231E
:10A73400FB750DE0FB7D7A681169FA7D0A44127895
:10A7440007F118010B4403F80C2CFB7D0133FB7556
:10A754007B685B7AFA7D9A42ECD308E0FB7D5A1C55
:10A76400FA7507F118021344FF2203F80C2CFB7D41
:10A77400072BF3D90023FB750023FB750DE07B68E1
:10A784001A69FB7D1344FA7D07F118010A4412F893
:10A794000C2C1A70FB7D0133FB75FB7D072BEED966
:10A7A40000BF1C37BD465DF8047B704780B582B09E
:10A7B40000AFFFF759FF03463B60244B1B78DBB225
:10A7C400012B3ED1224B1B691B781B09FB71FB79C2
:10A7D400032B33D801A252F823F000BFF1A70000E5
:10A7E40007A8000021A8000041A80000194B01227D
:10A7F4001A703B46184600F0B9F80120FFF7E0FE56
:10A804001FE0144B03221A703B46184600F0EEF882
:10A8140000F018FA0D4B00221A7012E00D4B0122C1
:10A824001A703B46184600F02FF90346012B07D156
:10A8340000F012F80120FFF7C3FE01E000BF00E0C2
:10A8440000BF00BF0837BD4680BD00BF3C09FF1FE5
:10A854001409FF1F7C09FF1F90B589B000AF0A23BC
:10A864007B7784237B833F4B1B691B781B09DBB2FB
:10A87400012B1CD13B4B1B691B7803F00F03394A96
:10A884001269013212781A447B8B9A4202DD322318
:10A89400FB7764E001210020FDF77AFB0346002BDF
:10A8A40002D03123FB775AE03023FB770BE0012100
:10A8B4000020FDF76DFB0346002B02D03123FB770C
:10A8C4004DE03023FB777B8B063B9AB2264BA2FBF1
:10A8D4000334111B49080B1999080B46DB005B1A5A
:10A8E400D31A9BB2002B0CD17B8BDBB2063BDAB2C2
:10A8F4001D4BA3FB0213D21A520813449B08BB77C7
:10A904000DE07B8BDBB2063BDAB2174BA3FB0213E1
:10A91400D21A520813449B08DBB20133BB777B691C
:10A92400FA7F1A707B690133BA7F1A707B6902332C
:10A934007A7F1A7003237B7300237B740023FB73D9
:10A944004FF4FD637B603B1D1846FFF7E7FE0823C9
:10A954007B733B1D012219460020FDF731FB243790
:10A96400BD4690BD1409FF1F2549922480B485B0CB
:10A9740000AF78600023FB731B4B1B691B7803F04B
:10A984000F03002B29D0184B1B691B7803F00F030E
:10A99400072B22DC7B681B68134A1269127892B277
:10A9A40002F00F0292B21A810023FB730EE07B685F
:10A9B4001B685A68FB7B13440B4A1169FA7B01320A
:10A9C4000A4412781A70FB7B0133FB73064B1B6934
:10A9D4001B78FA7B9A42EAD300E000BF1437BD46E5
:10A9E4005DF8047B704700BF1409FF1F80B485B075
:10A9F40000AF78600023FB73214B1B691B781B029B
:10AA040003F470631E4A1269013212781344072B4F
:10AA14002FDD7B681B681A4A12691278120292B2FF
:10AA240002F4706291B2164A12690132127892B23B
:10AA34000A4492B21A817B681B68124A136002238B
:10AA4400FB730EE07B681B685A68FB7B023B134474
:10AA54000B4A1169FA7B0A4412781A70FB7B0133A2
:10AA6400FB73FB7B072BEDD97B681B6806225A819D
:10AA740000E000BF1437BD465DF8047B704700BF9B
:10AA84001409FF1F0009FF1F80B584B000AF786070
:10AA94000023FB730023BB7309237B737B681B6850
:10AAA4004C4A13604B4B1B685B681B78362B02D1F6
:10AAB4000223BB7301E00023BB73474B1B691B7864
:10AAC40003F00F033B73397B424B1B685A89434B9A
:10AAD400A3FB0203D21A520813449B089BB201330E
:10AAE40003F00F0399426ED10123FB7315E0394B38
:10AAF4001B685B68374A126852891344364A1169E5
:10AB0400FA7B0A4412781A70324B1B685A89013254
:10AB140092B25A81FB7B0133FB73FB7B072B0CD86E
:10AB24002D4B5B7AFA7B9A4207D22A4B1B685A89CF
:10AB3400284B1B681B899A42D9D3BB7B022B32D189
:10AB4400244B1B685B891A46224B1B681B891946D8
:10AB5400BB7BCB1A9A4238DB1E4B1A681E4B196911
:10AB6400FB7B581CF8730B441B789BB21B0299B2F5
:10AB7400194B1869FB7B03441B789BB20B449BB2B3
:10AB84009381FFF771FD03461846FFF781FD0346E5
:10AB9400012B02D101237B7301E009237B73012084
:10ABA400FFF70EFD11E00B4B1B685B891A46094B3E
:10ABB4001B681B891946BB7BCB1A9A4205DB012013
:10ABC400FFF7FEFC01E009237B737B7B18461037FB
:10ABD400BD4680BD0009FF1F1409FF1F25499224AB
:10ABE40080B582B000AF00237B60FFF747FD78603B
:10ABF400124B1B78DBB2012B16D1114B1B78002BA7
:10AC040012D07B681B89072B03D8786800F046F8BC
:10AC14000AE07B685B89002B03D1786800F094F824
:10AC240002E0786800F0C6F8054B00221A70034B66
:10AC340000221A7000BF0837BD4680BD3C09FF1FC3
:10AC44007C09FF1F80B500AF134B4FF4FD621A60FF
:10AC5400114B00225A73104B03225A720E4B0022DE
:10AC64001A730D4B1B6930221A700B4B1B6901338D
:10AC740024221A70084B1B69023300221A700648FA
:10AC8400FFF74CFD044B08225A72012202490020AE
:10AC9400FDF796F900BF80BD4409FF1F80B584B05D
:10ACA40000AF78600023FB73154B1B697A68128927
:10ACB400D2B21A700023FB730DE0114B1A69FB7BAF
:10ACC400013313447A685168FA7B0A4412781A7083
:10ACD400FB7B0133FB73FB7B9AB27B681B899A4233
:10ACE400EBD97B681B89DBB20133DAB2044B5A72AD
:10ACF400034800F007F800BF1037BD4680BD00BF11
:10AD04004409FF1F80B584B000AF78600023FB7353
:10AD14000C4B4FF4FD621A600A4B00225A73094B24
:10AD240000221A730748FFF7F9FC064B08225A72EF
:10AD3400012204490020FDF743F900BF1037BD4646
:10AD440080BD00BF4409FF1F80B588B000AF7860A4
:10AD54000023FB77BB6910221A70BB6901337A6840
:10AD64001289D2B21A700023FB770CE0BA69FB7F18
:10AD7400023313447A685168FA7F0A4412781A70CD
:10AD8400FB7F0133FB77FB7F052BEFD97B68062222
:10AD94005A8108237B7407F10803184600F064F80D
:10ADA400034A7B68136000BF2037BD4680BD00BFE7
:10ADB4000809FF1F80B588B000AF78600023FB77D7
:10ADC400274B1B687B607B68002B45D0B9697B6887
:10ADD4005A89244BA3FB0203D21A520813449B083A
:10ADE4009BB2DBB20133DBB203F00F03DBB22033DF
:10ADF400DBB20B700023FB7713E0BA69FB7F0133EE
:10AE040013447A685268796849890A4412781A7036
:10AE14007B685B8901339AB27B685A81FB7F01337B
:10AE2400FB77FB7F052B05D87B685A897B681B89D8
:10AE34009A42E2D3FB7F0133DBB27B7407F1080350
:10AE4400184600F011F87B685A897B681B899A427E
:10AE540002D3034B00221A6000BF2037BD4680BDD9
:10AE64000809FF1F2549922480B582B000AF78609D
:10AE74000B4B7B607B684FF4FD621A607B68002299
:10AE84005A737B6800221A737868FFF747FC012223
:10AE940079680020FDF794F800BF0837BD4680BDEF
:10AEA4004409FF1F80B500AFFDF73CFF0346BB2BF1
:10AEB40004D0FDF72BFF0346AA2B02D0FEF7A6F819
:10AEC40000E000BF80BD00BF70B4840746D0541EAC
:10AED400002A41D0CDB2034602E0621EE4B3144618
:10AEE40003F8015B9A07F8D1032C2ED9CDB245EAB9
:10AEF40005250F2C45EA054519D903F1100226460C
:10AF0400103E0F2E42F8105C42F80C5C42F8085CCC
:10AF140042F8045C02F11002F2D8A4F1100222F00B
:10AF24000F0204F00F041032032C13440DD91E46F3
:10AF34002246043A032A46F8045BFAD8221F22F078
:10AF440003020432134404F003042CB1C9B21C44B8
:10AF540003F8011BA342FBD170BC7047144603469F
:10AF6400C2E700BF10B40C4B0C4C19680C4AD1F862
:10AF7400A830D1F8AC0004FB03F402FB0040A3FBAF
:10AF840002230344013243F10003C1E92A2323F0DD
:10AF940000405DF8044B70470806FF1F2DF451581C
:10AFA4002D7F954C008001400082014000840140C7
:10AFB40000860140000008400008084000100840D6
:10AFC40000180840002008400028084000520840AB
:10AFD40000530840005408400055084000560840FB
:10AFE4004020014080200140C02001400021014058
:10AFF4004021014080210140C02101400022014044
:10B004004022014080220140C0220140002301402F
:10B014004023014080230140C0230140002401401B
:10B024000000000100010101000000010001010114
:10B03400006CDC02006CDC0280C3C90180C3C9015E
:10B0440000127A0000127A00000E2707008793038B
:10B0540000127A0000127A00007000400072004072
:10B064000074004000760040003000400040004082
:10B074000000010000000F000000000100000014A7
:10B084000000000000000000FF06000000000000B7
:10B0940000070000FF070000000000000D04040288
:10B0A400120404021C0909021C0909051C09090BE4
:10B0B4001C09090E1C09091D00C1814001C0804101
:10B0C40001C0804100C1814001C0804100C1814074
:10B0D40000C1814001C0804101C0804100C1814064
:10B0E40000C1814001C0804100C1814001C0804154
:10B0F40001C0804100C1814001C0804100C1814044
:10B1040000C1814001C0804100C1814001C0804133
:10B1140001C0804100C1814000C1814001C0804123
:10B1240001C0804100C1814001C0804100C1814013
:10B1340000C1814001C0804101C0804100C1814003
:10B1440000C1814001C0804100C1814001C08041F3
:10B1540001C0804100C1814000C1814001C08041E3
:10B1640001C0804100C1814001C0804100C18140D3
:10B1740000C1814001C0804100C1814001C08041C3
:10B1840001C0804100C1814001C0804100C18140B3
:10B1940000C1814001C0804101C0804100C18140A3
:10B1A40000C1814001C0804100C1814001C0804193
:10B1B40001C0804100C1814000C0C101C30302C27B
:10B1C400C60607C705C5C404CC0C0DCD0FCFCE0EE3
:10B1D4000ACACB0BC90908C8D81819D91BDBDA1A53
:10B1E4001EDEDF1FDD1D1CDC14D4D515D71716D6C3
:10B1F400D21213D311D1D010F03031F133F3F23233
:10B2040036F6F737F53534F43CFCFD3DFF3F3EFEA2
:10B21400FA3A3BFB39F9F83828E8E929EB2B2AEA12
:10B22400EE2E2FEF2DEDEC2CE42425E527E7E62682
:10B2340022E2E323E12120E0A06061A163A3A262F2
:10B2440066A6A767A56564A46CACAD6DAF6F6EAE62
:10B25400AA6A6BAB69A9A86878B8B979BB7B7ABAD2
:10B26400BE7E7FBF7DBDBC7CB47475B577B7B67642
:10B2740072B2B373B17170B05090915193535292B2
:10B2840096565797559594549C5C5D9D5F9F9E5E22
:10B294005A9A9B5B99595898884849894B8B8A4A92
:10B2A4004E8E8F4F8D4D4C8C448485458747468602
:10B2B4008242438341818040F8B500BFF8B500BFA6
:10B2C4004D0400004D0400004D0400004D04000036
:10B2D4001010014020100140301001404010014086
:10B2E40000C0004000C8004000D00040006008409A
:10B2F4000068084000127A0000010E0000000201FC
:10B304000E00000003010E00000004010E00000006
:10B3140005010E00000006010E00000007010E00EA
:10B3240000000E010E0000000F010E0000001001CD
:10B334000E00000011010E00000012010E000000BA
:10B3440013010E00000000002224262823252729AB
:10B35400292A2B2C292A2B2C006CDC0200010E003C
:10B36400000002010E00000003010E0000000401B1
:10B374000E00000005010E00000006010E00000092
:10B3840007010E000000080100000100090100008F
:10B3940001000A01000001000B01000001000E0180
:10B3A4000E0000000F010E00000010010E0000004E
:10B3B40011010E00000012010E00000013010E0026
:10B3C400000018010A00000019010A0000001A0117
:10B3D4000A0000001B010A0000001C010A00000012
:10B3E4001D010A000000000000000101000001002E
:10B3F40000127A000000000001000000007804013F
:10B40400000101010000000001000000010003012F
:10B414000002010001000001010100000100000020
:10B424000000000000000000000000000100000017
:10B43400170000009C00FF1F2801FF1F00000A00E6
:10B444000A000000B1A7000000000A000A00000082
:10B45400119000000101010000000000FF0600003F
:10B4640000000000E00700000000000000000000F1
:10B47400E8070000000000000000000000000000D9
:10B48400FF06000000000000E007000000000000CC
:10B4940000000000E80700000000000000000000B9
:10B4A40000000000CC04FF1F3405FF1F9C05FF1F94
:10B4B4000000000000000000000000000000000088
:10B4C4000000000000000000000000000000000078
:10B4D4000000000000000000000000000000000068
:10B4E4000000000000000000000000000000000058
:10B4F4000000000000000000000000000000000048
:10B504000000000000000000000000000000000037
:10B514000000000000000000000000000000000027
:10B524000000000000000000000000000000000017
:10B534000000000000000000000000000000000007
:10B5440000000000000000000100000000000000F6
:10B554000E33CDAB34126DE6ECDE05000B000000BB
:10B5640000000000000000000000000000000000D7
:10B5740000000000000000000000000000000000C7
:10B5840000000000000000000000000000000000B7
:10B5940000000000000000000000000000000000A7
:10B5A4000000000000000000000000000000000097
:10B5B4000000000000000000000000000000000087
:10B5C4000000000000000000000000000000000077
:10B5D4000000000000000000000000000000000067
:10B5E4000000000000000000000000000000000057
:10B5F4000000000000000000000000000000000047
:10B604000000000000000000000000000000000036
:10B614000000000000000000000000000000000026
:10B624000000000000000000000000000000000016
:10B634000000000000000000000000000000000006
:10B6440000000000000000000000000000000000F6
:10B6540000000000000000000000000000000000E6
:10B6640000000000000000000000000000000000D6
:10B6740000000000000000000000000000000000C6
:10B6840000000000000000000000000000000000B6
:10B6940000000000000000000000000000000000A6
:10B6A4000000000000000000000000000000000096
:10B6B4000000000000000000000000000000000086
:10B6C4000000000000000000000000000000000076
:10B6D4000000000000000000000000000000000066
:10B6E4000000000000000000000000000000000056
:10B6F4000000000000000000000000000000000046
:10B704000000000000000000000000000000000035
:10B714000000000000000000000000000000000025
:10B724000000000000000000000000000000000015
:10B734000000000000000000000000000000000005
:10B7440000000000000000000000000000000000F5
:10B7540000000000000000000000000000000000E5
:10B7640000000000000000000000000000000000D5
:10B7740000000000000000000000000000000000C5
:10B7840000000000000000000000000000000000B5
:10B7940000000000000000000000000000000000A5
:10B7A4000000000000000000000000000000000095
:10B7B4000000000000000000000000000000000085
:10B7C4000000000000000000000000000000000075
:10B7D4000000000000000000000000000000000065
:10B7E4000000000000000000000000000000000055
:10B7F4000000000000000000000000000000000045
:10B804000000000000000000000000000000000034
:10B814000000000000000000000000000000000024
:10B824000000000000000000000000000000000014
:10B834000000000000000000000000000000000004
:10B8440000000000000000000000000000000000F4
:10B8540000000000000000000000000000000000E4
:10B8640000000000000000000000000000000000D4
:10B8740000000000000000000000000000000000C4
:10B8840000000000000000000000000000000000B4
:10B8940000000000000000000000000000000000A4
:10B8A4000000000000000000000000000000000094
:10B8B4000000000000000000000000000000000084
:0CB8C4000000000000000000E001FF1F79
:040000030000882948
:00000001FF
