:020000040800F2
:10900000504B002071DE000885440108DDDE0008B9
:109010000000000000000000000000000000000050
:10902000000000000000000000000000DDDE00087D
:10903000000000000000000041CF000885CF0008BC
:10904000B1380108C1380108E53F0108F53F0108C2
:1090500019220108D9480108E9480108F94801081E
:1090600009490108E142010809430108E5370108FF
:1090700011380108DD2E0108012F0108252F0108F4
:10908000492F0108F5450108054601081546010864
:109090002546010805400108594401082D440108EE
:1090A000E5240108792401086D2F0108CD3201085B
:1090B000F53201081D3301084533010899330108D1
:1090C000002243088B4274D303098B425FD3030A07
:1090D0008B4244D3030B8B4228D3030C8B420DD31A
:1090E000FF22090212BA030C8B4202D312120902A8
:1090F00065D0030B8B4219D300E0090AC30B8B42E6
:1091000001D3CB03C01A5241830B8B4201D38B0393
:10911000C01A5241430B8B4201D34B03C01A524138
:10912000030B8B4201D30B03C01A5241C30A8B427B
:1091300001D3CB02C01A5241830A8B4201D38B0266
:10914000C01A5241430A8B4201D34B02C01A52410A
:10915000030A8B4201D30B02C01A5241CDD2C3097C
:109160008B4201D3CB01C01A524183098B4201D3F8
:109170008B01C01A524143098B4201D34B01C01AE3
:10918000524103098B4201D30B01C01A5241C3085B
:109190008B4201D3CB00C01A524183088B4201D3CA
:1091A0008B00C01A524143088B4201D34B00C01AB6
:1091B0005241411A00D20146524110467047FFE722
:1091C00001B5002000F0F0F802BDC0460029F7D03C
:1091D00076E7704703460B437FD4002243088B4257
:1091E00074D303098B425FD3030A8B4244D3030B2E
:1091F0008B4228D3030C8B420DD3FF22090212BAF3
:10920000030C8B4202D31212090265D0030B8B426E
:1092100019D300E0090AC30B8B4201D3CB03C01A58
:109220005241830B8B4201D38B03C01A5241430B33
:109230008B4201D34B03C01A5241030B8B4201D323
:109240000B03C01A5241C30A8B4201D3CB02C01A8E
:109250005241830A8B4201D38B02C01A5241430A06
:109260008B4201D34B02C01A5241030A8B4201D3F5
:109270000B02C01A5241CDD2C3098B4201D3CB019C
:10928000C01A524183098B4201D38B01C01A52414B
:1092900043098B4201D34B01C01A524103098B424F
:1092A00001D30B01C01A5241C3088B4201D3CB003A
:1092B000C01A524183088B4201D38B00C01A52411D
:1092C00043088B4201D34B00C01A5241411A00D2CD
:1092D00001465241104670475DE0CA0F00D0494236
:1092E000031000D34042534000229C4603098B42A6
:1092F0002DD3030A8B4212D3FC22890112BA030A2E
:109300008B420CD3890192118B4208D389019211AF
:109310008B4204D389013AD0921100E08909C30934
:109320008B4201D3CB01C01A524183098B4201D336
:109330008B01C01A524143098B4201D34B01C01A21
:10934000524103098B4201D30B01C01A5241C30899
:109350008B4201D3CB00C01A524183088B4201D308
:109360008B00C01A5241D9D243088B4201D34B0023
:10937000C01A5241411A00D20146634652415B1065
:10938000104601D34042002B00D549427047634646
:109390005B1000D3404201B5002000F005F802BD8B
:1093A0000029F8D016E770477047C0468446101C65
:1093B00062468C46191C634600E0C0461FB500F0AB
:1093C0009FFE002801D40021C8421FBD10B500F047
:1093D000F3FD4042013010BD10B500F091FE0028B1
:1093E00001DB002010BD012010BDC04610B500F00B
:1093F00087FE002801DD002010BD012010BDC04601
:1094000010B500F019FE002801DC002010BD01207D
:1094100010BDC04610B500F00FFE002801DA002094
:1094200010BD012010BDC0468446081C6146FFE700
:109430001FB500F03BFA002801D40021C8421FBD2F
:1094400010B500F0C7F94042013010BD10B500F072
:109450002DFA002801DB002010BD012010BDC04600
:1094600010B500F023FA002801DD002010BD012016
:1094700010BDC04610B500F0D5F9002801DC002071
:1094800010BD012010BDC04610B500F0CBF900287A
:1094900001DA002010BD012010BDC046F0B54F46D6
:1094A0004646C0B41604360C9946330005042C0C0D
:1094B000070C150C63437E436F4365431C0CAD19C9
:1094C00064199C46A64203D980235B029846474410
:1094D0006346250CEF191D044B464A4343432D0CAC
:1094E000240464199918C91920000CBC90469946A7
:1094F000F0BDC0469E2110B5C905041CFFF7C4FF8E
:10950000002803D1201C00F0AFFC10BD9E21201CC0
:10951000C90500F023FB00F0A7FC80231B069C4636
:109520006044F2E770B500220C4B04000D00FFF719
:1095300071FF002804D12000290001F019FC70BD42
:10954000064B00222000290001F0BEF801F010FCBB
:1095500080231B069C466044F1E7C0460000E041C2
:1095600070B501F073FC00220B4B0D00040000F0FD
:1095700031FEFFF7D7FF060001F030FC0022074B59
:1095800000F028FE02000B002000290001F09CF8EA
:10959000FFF7C8FF310070BD0000F03D0000F04152
:1095A000F0B5564644465F464D46F0B44402460088
:1095B000C70F83B08846650A360EBA463DD0FF2EE7
:1095C00022D00023EC00802599469B46ED042543DC
:1095D0007F3E43465C025800DB0F640A000E98464B
:1095E00036D0FF2830D080230021E400DB041C4368
:1095F0007F38301A0190484642460843724E800038
:1096000030587A4013008746002D44D108239946EC
:10961000063B9B46DDE70122FF2000241A4064023E
:10962000C305640AD2071C431443200003B03CBCAA
:1096300090469946A246AB46F0BD002D20D10423AA
:109640009946033B9B46C4E7002C17D1022102E058
:10965000002C0AD10121321A01924A4643460A439C
:109660005A48920082587B409746200001F042FC05
:10967000431F76309C4040420021BAE70321B8E7FF
:10968000280001F037FC431F9D40002376304642FE
:1096900099469B469DE70C239946093B9B4698E7D4
:1096A00080240022E403FF20B9E70024C2468B4651
:1096B0005A465346022AAED0032A7DD0012A31D120
:1096C000012200201A400024A9E70122101A1B28B9
:1096D00056DD1A4000200024A1E78023DB031D4251
:1096E0004BD18023DB032B435C02640A3A00FF204A
:1096F00095E76D016001854230D2019A0024013A5C
:1097000001921B220127290064006D00002901DB62
:10971000A84201D82D1A3C43013A002AF3D16A1E0F
:1097200095412C4301987F300028CEDD620704D09C
:109730000F222240042A00D00434220103D5244AF7
:10974000019814408030FE2800DD64E70122A40166
:10975000640AC0B21A4062E72C00A9E72D1A1A2247
:109760000124CFE76B02BCD500248023DB031C431C
:109770006402640A4246FF2051E71C42B3D1F4E779
:1097800021002022C140101A8440621E94410C43E3
:10979000620704D00F222240042A00D00434620160
:1097A00004D5012201201A40002438E70122A40137
:1097B000640A1A40002032E78023DB031C43640262
:1097C000640A5246FF202AE73C8B01087C8B010883
:1097D000FFFFFFF7430270B542004C005D0AC30F64
:1097E0004802120E460A240EC90FFF2A0FD0FF2C82
:1097F00011D00120A24200D070BDB542FCD18B42F5
:109800000DD0002AF8D12800431E9841F4E701202A
:10981000002DF1D1EBE70120002EEDD1E9E700208A
:10982000EAE7C0464302F0B542005D0AC30F4802B2
:10983000440A4800120E000EC90FFF2A1FD0FF284D
:1098400022D0002A09D16E426E4100280FD1002C8F
:109850000DD10020002D09D005E0002801D1002CF9
:1098600001D08B4213D0584201231843F0BD002E83
:10987000F7D048424141012049420843F6E7002D14
:10988000DDD002204042F1E7002CDAD0F9E7824235
:10989000E9DC04DBA542E6D80020A542E6D2584226
:1098A000434101205B421843E0E7C0464302F0B564
:1098B00042004C005E0AC30F4802120E450A240EF5
:1098C000C90FFF2A17D0FF2C19D0002A0BD17042E4
:1098D0007041002C17D0002807D048424141012098
:1098E00049420843F0BD002C13D08B4214D058429B
:1098F00001231843F6E70220002EF3D1E3E702200C
:10990000002DEFD1E1E7002DE5D10020002EE9D0B8
:10991000EDE7002DE9D1EAE7A242E8DC04DBAE4244
:10992000E5D80020AE42DDD25842434101205B42DF
:109930001843D7E7F0B557464E4645464300E0B4D6
:1099400046028846760A1F0EC40F002F47D0FF2F0D
:1099500025D0002380259A469946F600ED042E4333
:109960007F3F434642465D02D20F5B006D0A1B0EED
:10997000904640D0FF2B39D080220020ED00D20449
:1099800015437F3BFB1842465746591C62408C46A4
:1099900007430F2F5CD86F49BF00C9598F46002E6F
:1099A00045D108239A46063B9946DAE74246022803
:1099B0002DD0032800D1C3E0012800D0A2E000256B
:1099C00000260240D4B27602ED05760A2E43E40763
:1099D000264330001CBC90469946A246F0BD002E9E
:1099E0001AD104239A46033B9946BAE72A00511E2E
:1099F0008A41901CC6E70120002DC3D0280001F049
:109A000079FA431F76309D4043420020BAE7012493
:109A1000FF2514400026D6E7300001F06BFA431F03
:109A20009E400023763047429A46994699E70C2398
:109A30009A46093B994694E780260024F603FF25C1
:109A4000C1E735004846B2E7350022004846AEE798
:109A50002904090C0800370C3604360C2C0C794309
:109A6000704367437443060C64183619B14203D936
:109A700080214902884647440004000C310409183B
:109A80008D01681E8541890E2943350CED19AD0104
:109A90000D43290104D5012369081D4063460D4388
:109AA00019007F31002925DD680704D00F202840E8
:109AB000042800D00435280103D5274980330D4000
:109AC0001900FE29A3DC0124AD016E0A1440CDB2B9
:109AD00079E78020C003064207D0054205D128431C
:109AE0004602760A4446FF256DE706437602760A6B
:109AF000FF2568E70124611A1B2905DD14400025B4
:109B0000002660E76346CBE72E002023CE40591A9B
:109B10008D406B1E9D412E43730704D00F233340AD
:109B2000042B00D00436730104D501240125144010
:109B3000002648E70124B601760A1440002542E7D2
:109B400080260124F6032E437602760A1440FF2570
:109B500039E7C046BC8B0108FFFFFFF7F8B54A02A2
:109B60004E0043024400240EC50F9B09360EC90F58
:109B70009209FF2E00D183E001204140A01BA942A1
:109B80005CD0002800DC95E0002E1CD1002A00D01B
:109B900081E05A0704D00F221A40042A00D004336F
:109BA0005A013BD50134FF2C00D191E001209B01EB
:109BB0005B0AE4B205405B02E4055B0AED07234360
:109BC0002B431800F8BDFF2CE3D08021C9040A43C1
:109BD0001B2800DD90E016002021C640081A8240B4
:109BE000511E8A4132439B1A5A0115D59B019E0989
:109BF000300001F07FF90538864084426CDC041B9C
:109C0000330020200134E340041BA640721E96411D
:109C100000243343BDE70D005A07BCD1DF08012300
:109C20001D40FF2C33D1002F00D190E08022D203C1
:109C300013003B435B025B0AFF24BCE700284FDDB7
:109C4000002E2ED0FF2CA4D08025ED042A431B2803
:109C500000DD97E016002025C640281A8240501EDD
:109C6000824132439B185A01D5D50134FF2C6DD067
:109C700001227B481A405B08034013430D0088E72C
:109C8000002A00D07AE777E7031EC5D100257B02C2
:109C90005B0AE4B28FE701380028A4D0FF2C97D1EB
:109CA00077E7002A00D174E701380028DAD0FF2CCA
:109CB000CDD16EE7002821D1601CC0B2012858DD4B
:109CC00080279E1AFF0437402FD0D61A0D008FE749
:109CD00001231D4000236EE7624B241A334058E7EE
:109CE000002851D1601CC6B2012E33DDFF282DD0D3
:109CF0009B185B0804004CE7012274E7002C1AD083
:109D0000FF2E1FD08024E404404223431B2800DDA3
:109D100096E01D002024C540201A8340581E834130
:109D20002B43D31A34000D005EE7002E00D05FE70E
:109D300000250024ABE7002B44D0C0430028F0D01E
:109D4000FF2EE3D11300FF240D0022E70D00FF24B6
:109D5000002330E7002C5DD1002B7DD0002A00D1FC
:109D600017E79B185A0100D456E73E4A04001340F7
:109D70000FE7002C1ED1002B2FD1002A65D0130035
:109D80000D0006E701226DE7002C1FD1002B59D0F2
:109D9000C04300280BD0FF2E4FD01B285EDC1D00D7
:109DA0002024C540201A8340581E83412B439B1812
:109DB000340058E7002B1CD1002A49D013000D00B5
:109DC000FF24E6E6130034000D00E2E6FF2E34D057
:109DD0008024E40440422343DFE7002A00D1D8E690
:109DE0008027981AFF04074000D14DE7D31A0D00D1
:109DF000CFE6FF24002A00D1CBE68020DB08C00399
:109E0000034204D0D208024201D113000D00DB004E
:109E1000FF24BEE6002B10D0FF24002A00D1B8E6B4
:109E20008020DB08C003034203D0D208024200D1E5
:109E30001300DB000D00FF24ABE61300FF24A8E6AF
:109E400001236EE713003400A3E6002700251EE778
:109E500080270025FF03E9E613009AE60123A6E721
:109E6000FFFFFF7DFFFFFFFB4302590A4300C20FC4
:109E70001B0E00207E2B0EDD9D2B0DDC80200004B0
:109E80000143952B0BDC9620C31AD9400B00584296
:109E9000002A00D118007047034BD018FBE7963B0F
:109EA00099400B00F3E7C046FFFFFF7F70B5002825
:109EB00030D0C317C5185D40C40F280001F01AF850
:109EC0009E231B1A962B0DDC9622D21A95406A020D
:109ED000520AD8B25202C005520AE4070243224392
:109EE000100070BD992B19DC9922D21A9540124AA4
:109EF0002A40690704D00F210D40042D00D0043200
:109F0000510103D50C4B1A409F231B1A9201520A90
:109F1000D8B2DFE7002400200022DBE705222E0074
:109F2000121AB921D6402A00C91A8A40551EAA41E0
:109F300035001543DBE7C046FFFFFFFB70B5041E8D
:109F400028D000F0D7FF9E231B1A962B0ADC9622FE
:109F5000D21A94406202520AD8B25202520AC00582
:109F6000104370BD992B18DC9922D21A9440114AE3
:109F70002240610704D00F210C40042C00D0043291
:109F8000510103D50B4B1A409F231B1A9201520A11
:109F9000D8B2E2E700200022DFE705222500121AEE
:109FA000B921D5402200C91A8A40541EA2412C0072
:109FB0001443DCE7FFFFFFFBF0B55F4656464D4616
:109FC0004446F0B41F035C00DB0F9A46194B0E03A6
:109FD0004D00C90F8046360B6D0D8B4691463F0BE9
:109FE000640D9D4219D0134B9C421BD00123A54206
:109FF00006D018003CBC90469946A246AB46F0BD40
:10A00000BE42F6D1C845F4D1D34510D0002DF0D1D1
:10A01000304303005A1E9341EBE731000123014313
:10A02000E7D1E0E73A430123002AE2D1DEE700234B
:10A03000DFE7C046FF070000F0B55F4644465646DE
:10A040004D46F0B41F033C0B2C4F0E034D00A346AE
:10A050005C008446360B6D0DC90F9046640DDB0F16
:10A06000BD422BD0254FBC422ED0002D0ED1304307
:10A070000700814678427841002C17D15F463A4369
:10A0800014D14B460020002B0AD006E0002C02D150
:10A090005846024301D099421AD00123484218433E
:10A0A0003CBC90469946A246AB46F0BD0028F2D093
:10A0B00058425841012240421043F1E7370007431C
:10A0C000D0D002204042EBE75F461743CDD0F8E7FF
:10A0D000A542E2DC05DB5E45DFD808D000205E4506
:10A0E000DED248424841012340421843D8E7C445E4
:10A0F000D3D80020C445F4D3D2E7C046FF07000000
:10A10000F0B55F464D4644465646F0B41C03240B5A
:10A11000A4462F4C0F034D005E00C90F80463F0B35
:10A120006D0D8B469146760DDB0FA54220D0284C55
:10A13000A64222D0002D12D1384344424441002E81
:10A1400020D0002C0DD05C42634101245B421C43B3
:10A1500020003CBC90469946A246AB46F0BD002E7E
:10A1600017D05B4519D05B465C4201231C43EFE7E7
:10A17000390002240143EBD1D9E76146022411439F
:10A18000E6D1D7E761460A43DBD100240028DFD0BF
:10A19000E9E761460A43E4D1E5E7B54203DD012280
:10A1A0005C421443D4E7B542CDDB6745DBD809D028
:10A1B00000246745CCD259464C42614101244942B2
:10A1C0000C43C5E7C845CED80024C845F3D3BFE744
:10A1D000FF070000F0B55F4656464D464446F0B4D2
:10A1E0000D0399464E002B0B87B007009246804620
:10A1F0009B46760DCC0F002E69D06D4B9E4235D01C
:10A200005B468022DD001204430F13432B439B4621
:10A21000C3009846674B00279C4600236644019381
:10A220004A4615035000D20F53462D0B400D914660
:10A2300000D176E05E4A90426CD080225B0F12041F
:10A2400013435C4AED0094461D4353460022DB0055
:10A25000604449463618701C6140029017430F2F26
:10A2600000D9AFE05448BF00C759BF465B461F4303
:10A2700000D088E000239B469846023308270193CC
:10A28000CEE74946022A6AD0032A00D109E2012A10
:10A2900000D0BBE111400022002300259046CCB243
:10A2A00000212D030A0D12052D0B1543434A1B05F2
:10A2B00015401D436D00E4076D0825434046290005
:10A2C00007B03CBC90469946A246AB46F0BD03435E
:10A2D00052D05B46002B00D18AE1584600F00AFEBE
:10A2E00003000B3B1C2B00DD7BE11D22D31A3A003F
:10A2F00001005D46DA4008398D4013008F402B4342
:10A300009B46B8462E4B00279C460023604446429D
:10A31000019385E752462A432CD1002500230222CF
:10A3200097E752462A4321D0002D00D154E128005E
:10A3300000F0E0FD03000B3B1C2B00DD46E11D217E
:10A34000CB1A51460200D9405346083A95409340F3
:10A350000D431B4A944660444042002279E70124A1
:10A3600000220C40124B0025904699E7002500235F
:10A3700001226EE703226CE700239B4698460133D7
:10A38000042701934CE703230C27019348E700239C
:10A390008025984600242D03054B81E75D46434602
:10A3A000019A6FE75D4643462100019A6AE7C0467D
:10A3B000FF07000001FCFFFFFC8B0108FFFF0F807F
:10A3C000F30300004246120C91461A0C9446424692
:10A3D00017044A461B041B0C5A43604690464A46E3
:10A3E00042431000039262461C003F0C7A437C43B8
:10A3F00042440192220C9246019A5244904506D959
:10A400008246802040028046C24450460390100C91
:10A41000049048462404240C1204121905922A0CB4
:10A420002D042D0C68432C00824648467C43504343
:10A430008146200C8046574357444744BA4503D9C8
:10A44000802040028046C144380C3F04B84648444E
:10A450002404240C01900498A044404404905846DD
:10A46000000C814658460404200C824607004846EA
:10A470005F434C46434360466043644683465046D0
:10A480004443380C8446E4186444A34203D980232F
:10A490005B029C46E34448463F04230C3F0C2404E3
:10A4A000E419574668436F4384464D46504655432A
:10A4B0004243380C814662444A445B44944503D984
:10A4C000802040028446654403983F0483460498F4
:10A4D0003F0C8446E344C345804140428246100419
:10A4E00084460198674484466744A344BC46A34518
:10A4F000A4419946D44464428742BF41D445804137
:10A50000E144A04699459B417F424042C8440743ED
:10A51000120CBA18A045A4415F423B006442234399
:10A52000D71843467D19DB0D6D021D435B465A0269
:10A53000059B1A43531E9A415B46DB0D1A43434663
:10A540005B021343EA0107D501225C081340234351
:10A55000EA07029E13436D08574AB218002A4BDDE2
:10A56000580709D00F201840042805D0181D98421C
:10A570009B415B42ED180300E80104D54F4A1540AA
:10A580008022D200B2184E48824200DDE7E6012464
:10A59000DB08680718436D02530580462D0B5B0DE1
:10A5A0000C407DE6802259461203114208D0154224
:10A5B00006D115432D0398462D0B4C46414B6FE6B3
:10A5C0005D4615432D032D0B3E4B69E603005546B2
:10A5D000283B9D400023BCE6504600F08BFC203019
:10A5E000A8E60300283B9F400023BB46984689E627
:10A5F00000F080FC203073E60124A61A382E07DD17
:10A6000000220C4000230025904649E6029EA3E765
:10A610001F2E20DC20222C001800921BF0409440BA
:10A6200093400443581E83411C43F540630709D0FF
:10A630000F232340042B05D023001C1D9C42924174
:10A640005242AD182B021FD5012400220C400123D9
:10A650000025904624E61F202C004042821AD44058
:10A66000202E1CD04022961BB5402B43581E834100
:10A670000720234318400025002809D00F22002579
:10A680001A401C00042AD8D1230068076D022D0B44
:10A690000124DB08034398460C40002300E6002514
:10A6A000E3E780220124120315432D0398462D0B66
:10A6B0000C40044BF4E5C046FF030000FFFFFFFE23
:10A6C000FE070000FF070000F0B557464E4645461E
:10A6D000E0B40E001100F20F9246C500420F1803BD
:10A6E00037037400400A4E0F7F0A3043CF4E1743A2
:10A6F0005A00640D520DDB0FC900B24200D1E5E0F3
:10A7000001267340A61AB446534500D1AFE0002E8F
:10A7100000DC0DE1002A3AD103000B4300D0E4E055
:10A720006B0709D00F232B40042B05D02B1DAB4208
:10A73000AD416D427F191D003B0200D488E0BB4B48
:10A7400001349C4200D110E13A00B94B51461A4005
:10A7500001235007ED08520264050543120B640DF6
:10A760000B400021280012030D0D120B64052D056E
:10A7700015436208AF4CDB072C40144364006408A7
:10A780001C4321001CBC90469946A246F0BDA74B35
:10A790009C42C5D080231B0418436346382B00DD40
:10A7A000FDE01F2B00DD30E1624620239B1A0200F2
:10A7B0009A40664690460A009940F24046464B1E33
:10A7C00099413243114363460200DA40691A8D42CF
:10A7D0009B410D00BA1A5B42D71A3B0235D57A026B
:10A7E000530A98464346002B00D1C4E0404600F08F
:10A7F00081FB0300083B1F2B00DDC5E02022290060
:10A80000D21A4746D1409F400A009D403A439C429D
:10A8100000DDC0E01C1B631C1F2B00DDE4E02021D9
:10A8200014002800C91AD8408C408D400443DA40F7
:10A83000681E854117002543002471E742466346A0
:10A840001A4300D14CE2674645466B0700D069E7E2
:10A85000012351467807ED08FA080B400543734978
:10A860008C4238D012036405120B640D79E7002E78
:10A8700000DC9AE0002A47D06C4A944200D14FE7AE
:10A880008022120410436246382A00DC08E10143AA
:10A89000481E81410022C9B24919D219A942BF41BB
:10A8A0000D007F42BF183A0200D442E15F4A0134F2
:10A8B000944200D14EE101205D4A69083A402840A7
:10A8C0000843D507054357089A4629E706000E4373
:10A8D00000D017E714E72900114300D1F9E18021E6
:10A8E00009030A431203120B3BE701235B4298461C
:10A8F000C4446346002B72D1691A8D429B413F1AB2
:10A900005B42FF1A0D0068E702000A4300D107E727
:10A91000012252429046C4446246002A00D0E6E03A
:10A920006918A942B6413F187642F7190D00BAE7F7
:10A93000002E00D080E0621C5205520D012A00DC7E
:10A94000F9E06A1A91464D45B6413A1A7642921B91
:10A950009046120200D499E04D1BA9428941C71BC1
:10A9600049427A1A90469A463CE75246012300250E
:10A9700013400022F5E6280000F0BCFA2030030066
:10A98000083B1F2B00DC39E72A00283882400025CD
:10A990009C4200DC3EE7264FE41A1740C0E6014324
:10A9A000481E81410022C9B210E7002E00D0F1E01C
:10A9B000621C94465205520D012A00DCA0E01B4A9D
:10A9C000944500D1C5E06918A94292413F1852420E
:10A9D000D2194908D5070D4357086446A0E6134B22
:10A9E0009C4200D0D9E69BE611001F3CE1400C00E0
:10A9F000202B00D180E04021CB1A9A4015436A1EDB
:10AA000095410027254300241FE763460200203BB1
:10AA1000DA406346202B71D0402366469B1B98404A
:10AA20000143481E814111430022CFE6FF07000089
:10AA3000FFFF7FFFFFFF0F80002C48D0CA4CA242CF
:10AA400000D1A2E07442A1468024240427434C464E
:10AA5000382C00DDDBE01F2C00DD44E14E462024D5
:10AA6000A41B3E00A640A246B0464C462E00E6403F
:10AA7000B4464646644626435446A5406C1EA5414E
:10AA800034002C434D46EF400D1B28E04A46434618
:10AA90004D461A4300D0A5E6002300240025DEE63B
:10AAA0001F2A5ADC66462022921B060096409146D9
:10AAB000B04662460E00D640424616434A46914092
:10AAC0004A1E9141020060463143C240E4E63C0028
:10AAD0002C435AD0F443A146002C52D14D1BA9421D
:10AAE0008941C71B49427F1A14009A4675E69E4A5F
:10AAF000944200D0C7E613E600227FE700208FE7EC
:10AB0000002C00D0C8E03B002B4300D10FE1030034
:10AB10000B4300D104E66918A9429B413F185B42F0
:10AB2000DF193B0200D41AE1904B0D001F40644630
:10AB3000F6E59A4689E63A002A43002C5CD1002AC1
:10AB400075D102000A4300D1CAE007000D009A4601
:10AB5000E6E564460022002581E662460600203ACA
:10AB6000D6406246B046202A00D1B7E04022664671
:10AB7000921B904001434246481E814111430022EE
:10AB80008AE6794CA24200D061E707000D0014006C
:10AB90009A46C5E5002C41D13C002C4378D0F443C3
:10ABA000A146002C20D0704CA24271D04C46382CCB
:10ABB00000DDB2E01F2C00DDBCE02026341BA246E5
:10ABC0003C005646B4404E46A0462C00F440A446F5
:10ABD000444666463443A4465446A54064466E1E29
:10ABE000B54125434C46E7406D188D4289413F18D9
:10ABF0004942CF19140056E6002A2FD102000A4319
:10AC000000D184E007000D009A46574C88E53D438B
:10AC10006F1EBD41ECB200270D1B60E7524CA242F3
:10AC200036D0744280263604A1463743BEE7020080
:10AC30000A4300D174E56A1A90464545B6413A1A6E
:10AC40007642921B9446120200D4F7E54D1BA942AE
:10AC50008941C71B49427F1A9A4661E502000A43AF
:10AC60003AD0ED087C072C438025FA082D032A42B0
:10AC700008D0C7082F4205D145072C003A009A4654
:10AC8000C9080C43670FD200E5001743364C47E56F
:10AC900007000D00140043E53A002A4343D00200A8
:10ACA0000A4319D0ED087C072C438025FA082D03B0
:10ACB0002A4207D0C6082E4204D147073C00320082
:10ACC000C9080C43D700620FE50017439A46264C8B
:10ACD00026E50022002544E5234C21E5002049E734
:10ACE00000230025BBE54C463E00203CE6404C4698
:10ACF000B446202C31D040244E46A61BB7403D43DD
:10AD00006C1EA54164462C4300270D1BE7E68022FC
:10AD100000231203144C0025A1E53D436F1EBD41E5
:10AD20000027EDB260E707000D000F4CF8E40700C4
:10AD30000D00F5E44E463C00203EF440A0464C4653
:10AD4000202C0ED040244E46A41BA7403D436F1E2E
:10AD5000BD4144460027254346E70027CFE70D00C5
:10AD600073E50027F2E7C046FF070000FFFF7FFF03
:10AD70000B0330B5134D1A0B4B005B0DC90F0024AC
:10AD8000AB4211DD104CA34210DC8024640322434B
:10AD90000E4CE41A1F2C0CDD0D48C31ADA401300C8
:10ADA0005C42002900D11C00200030BD094BCC18AA
:10ADB000FAE7E040084CA44663449A40130003437A
:10ADC000EEE7C046FE0300001D040000330400004F
:10ADD00013040000FFFFFF7FEDFBFFFF70B5051EB2
:10ADE00028D000F087F8154B154A1B1AD21A1F2AD3
:10ADF00016DD2C00134A0025D21A94405A0524036C
:10AE0000240B520D002124030B0D240B1B0523439F
:10AE10000D4C1205234013435B002800590870BDF8
:10AE20000B212C00081AC440954024035A05240B1A
:10AE3000520DE7E700220024E4E7C0461E040000AC
:10AE40003304000013040000FFFF0F804200120EC5
:10AE5000511C4302C9B270B55D0AC40F012915DD4A
:10AE6000E02189008C466D071B0B624400212800FD
:10AE70000D0D2D052B431C4D52052B40520813433D
:10AE80005B00E4075B082343190070BD002A15D15D
:10AE9000002D1FD0280000F02DF80A281DDC0B2300
:10AEA0002A001B1ADA4013000200153295400F4A9F
:10AEB0001B03121A52051B0B520DD7E7002D06D0AB
:10AEC00080221B0B120313436D07094ACEE7084A81
:10AED0000023CBE700220023C8E703000B3B9D4083
:10AEE0002B000025E3E7C046FFFF0F808903000029
:10AEF000FF0700001C2101231B04984201D3000C12
:10AF000010391B0A984201D3000A08391B099842DC
:10AF100001D30009043902A2105C40187047C046F2
:10AF20000403020201010101000000000000000012
:10AF3000F8B54A02430244004E00C50F240E280013
:10AF40009B09360EC90F92098D4259D0A01B0028CB
:10AF500000DC8DE0002E1AD1002A00D079E05A07DB
:10AF600004D00F221A40042A00D004335A0138D5E5
:10AF70000134FF2C00D189E028009B015B0AE4B278
:10AF80005B02E4055B0A2343C0071843F8BDFF2CAE
:10AF9000E5D08021C9040A431B2800DD89E01600A2
:10AFA0002021C640081A8240511E8A4132439B1A12
:10AFB0005A0114D59B019E093000FFF79BFF05380D
:10AFC0008640844265DC041B330020200134E340CA
:10AFD000041BA640721E964100243343BFE75A0764
:10AFE000BFD1DF082800FF2C2FD1002F00D187E030
:10AFF0008022D20313003B435B025B0AFF24BFE7BE
:10B00000A11B002949DD002E29D0FF2CA7D08026C6
:10B01000F60432431B2900DD8DE017002026CF40C7
:10B02000711A8A40511E8A413A439B185A01D6D55B
:10B030000134FF2C64D0012276491A405B080B4092
:10B0400013438CE7031ECAD100207B025B0AE4B2E3
:10B0500096E701380028AAD0FF2C9DD17FE7002A6F
:10B0600000D17CE701390029DFD0FF2CD2D176E76F
:10B07000002820D1601CC0B2012853DD80279E1A11
:10B08000FF0437402FD0D61A0D0095E72800002383
:10B0900076E7614B241A334061E700294DD1611CEA
:10B0A000CEB2012E2FDDFF292AD09B185B080C00A1
:10B0B00055E701227BE7002C1BD1002B5BD0C0435E
:10B0C00000280CD0FF2E7ED01B2800DD92E01D0052
:10B0D0002024C540201A8340581E83412B43D31A95
:10B0E00034000D0064E7002E00D065E70020002446
:10B0F000ABE7FF2E67D08024E40440422343E3E71C
:10B10000FF2400233CE7002C61D1002B7ED0002AD5
:10B1100000D124E79B185A0100D460E73E4A0C0096
:10B1200013401CE7002C1ED1002B2FD1002A66D023
:10B1300013000D0013E7012277E7002C1FD1002B2D
:10B140005AD0C94300290BD0FF2E50D01B295FDCF9
:10B150001F002024CF40611A8B40591E8B413B4376
:10B160009B18340062E7002B1CD1002A4AD0130040
:10B170000D00FF24F3E6130034000D00EFE6FF2E70
:10B1800035D08024E40449422343DFE7002A00D17C
:10B19000E5E68027981AFF04074000D152E7D31A4A
:10B1A0000D00DCE6FF24002A00D1D8E68020DB0871
:10B1B000C003034204D0D208024201D113000D00A3
:10B1C000DB00FF24CBE61300FF240D00C7E6002BB5
:10B1D0000DD0FF24002A00D1C1E68021DB08C9037D
:10B1E0000B42EDD0D2080A42EAD11300E8E713007F
:10B1F000FF24B4E6012372E713003400AFE6002712
:10B20000002022E780270020FF03F1E61300A6E6D6
:10B210000123A5E7FFFFFF7DFFFFFFFB43025A0A63
:10B2200040004B024900000E5B0A090EFF2803D0C4
:10B230000020FF2906D07047FE38002AFBD10020ED
:10B24000FF29F8D11800431E9841F4E7F0B556469F
:10B250004D4644465F46F0B41D000E034C00CB0F34
:10B2600087B0070092468146360B640D98466AD037
:10B270006D4B9C4235D08022430F12041343F600DD
:10B280001E43C3009946694B00279C460023644433
:10B2900002932B0368001B0BED0F51469B46400D9C
:10B2A000009500D178E0604B98426CD05B46DA00A4
:10B2B0004B0F802109040B4313439B465346D9008F
:10B2C0005A4B9C46002360444246201A6A409246EC
:10B2D00001901F430F2F00D9B0E05548BF00C0595F
:10B2E0008746374300D088E0002399460233082779
:10B2F00000260293CDE74346B34649460093029B9E
:10B30000009A9246022B00D0BFE100215346012251
:10B31000002689461A40444B002136030C0D2405B3
:10B32000360B2643434C1B0526401E437600D207AE
:10B33000760816434846310007B03CBC9046994613
:10B34000A246AB46F0BD330003434FD0002E00D1E0
:10B35000BCE13000FFF7CEFD03000B3B1C2B00DDF2
:10B36000ADE11D220100D31A08393A008F408E400A
:10B37000DA40B9461643304B00279C460023604410
:10B380004442029385E753465A4613432CD1002387
:10B3900000219B46023397E70B4320D05B46002BEE
:10B3A00000D19EE15846FFF7A5FD03000B3B1C2B87
:10B3B00000DD8FE102005946083A91408B461D217D
:10B3C000CB1A5146D9400B0059460B4351469B4678
:10B3D0009140194B9C4660444042002374E700238F
:10B3E00000219B4601336FE703236DE70023994655
:10B3F00001330427002602934BE703230C27029313
:10B4000047E70122D51A382D00DCB0E153461A4037
:10B4100000210023002689467EE7002380269946E6
:10B4200000223603004B77E7FF07000001FCFFFF17
:10B430003C8C0108FFFF0F80F30300005E4500D93C
:10B4400072E100D16DE1019B4D46013B0193002368
:10B45000340002935B461E020B0E1E430B02039345
:10B46000330C994633041B0C494620000093FDF72A
:10B4700027FE009B370043430600494620009846BC
:10B48000FDF7A4FE2C0C09040C43A04509D9E419CE
:10B49000731EA74200D95CE1A04500D859E1023EE5
:10B4A000E4194346E41A49462000FDF709FE03006B
:10B4B000009A80465343494620009B46FDF786FE8E
:10B4C0002A040904120C0A4393450DD94346D219A4
:10B4D000013B974200D93AE1934500D837E1022376
:10B4E0005B429C46D219E0445B46D21A434636047E
:10B4F00033439B460399180C0B0C1D00059309045C
:10B500005B46090C0C001B041B0C4443049159437B
:10B510006B4368431B190D0CEB189C4203D9802424
:10B520006402A44660441C0C09041B04090C201886
:10B530005D18824200D2DEE000D1D7E0161A029BED
:10B540009C465D1BAC459B415B42F61AB74200D15D
:10B5500006E149463000FDF7B3FD009B040043437C
:10B56000494630009846FDF731FE2E0C09040E4383
:10B57000B04509D9F619631EB74200D9F3E0B045CA
:10B5800000D8F0E0023CF6194346F31A4946180089
:10B590000293FDF795FD009B060043434946029840
:10B5A0009846FDF713FE2D0409042D0C0D43A84504
:10B5B00009D9ED19731EAF4200D9D6E0A84500D8CD
:10B5C000D3E0023EED192404210043463143049E9A
:10B5D000059A3000ED1A0B040C0C1B0C5843664303
:10B5E000534354439A19030C9B189E4203D980225B
:10B5F0005202944664441A0C00041B04000C1419F3
:10B600001B18A54250D34DD001231943964A019BE4
:10B6100094466344002B00DCF3E64A0709D00F226E
:10B620000A40042A05D00A1D8A42894149428B44B6
:10B6300011005A46D20108D55A468C4B1A409346FF
:10B640008022D2009446019B6344894A934200DDE4
:10B650005BE65A46C9085007084356025146012284
:10B660005B058146360B5B0D0A4055E680231B03C4
:10B670001E4211D05A461A420ED15E461E43360370
:10B68000360B2A0089467B4B46E6032B00D1E1E0CE
:10B69000012BBBD11A40BBE61E433603360B424694
:10B6A000744B39E6002BB1D07D194A1EAF4252D9F6
:10B6B0001100A542A8D1039A9A42A5D1A6E703009A
:10B6C0003E00283B9E400023994654E6FFF712FCBB
:10B6D000203041E603005246283B9A400021934621
:10B6E00077E65046FFF706FC20305EE6029B002618
:10B6F000AB4200D323E7039E0299B44661448846D7
:10B70000B045B6415B467642F619B218013B02914C
:10B71000974213D290424FD800D18EE0161A9B4622
:10B720000DE7894500D28EE674084B46F6073500D2
:10B730005B081D434B46DB0702938BE69742EDD136
:10B740000399029CA142E5D93E1A9B46F7E698462A
:10B75000CAE61E00A5E6AC423ED874D0110053E7FD
:10B760000121494252E71C000EE71E002BE71F2D66
:10B770003CDC20230A0058465B1B9840EA40994075
:10B780000243481E81415E461143EE404B0709D0FB
:10B790000F230B40042B05D00B00191D99429B4130
:10B7A0005B42F61833023CD55346012200211A4071
:10B7B000002601238946AFE502235B429C46039C99
:10B7C000E344A446029B63449846A045B6417642B2
:10B7D000F6190293B218B1E603988A1E410081421D
:10B7E000B6417642F619AD19039161E71F22524224
:10B7F000D31A5A46DA401300202D29D04022584649
:10B80000551BA8400143481E814107200B431840A7
:10B810000026002809D00F2200261A401900042A09
:10B82000BBD10B0070077602360BDB080343994649
:10B83000012253461A4000236EE502998D42BBD87F
:10B840009B4600267BE603989842C5D3110032E759
:10B850000020D7E780265B4636031E433603360BAF
:10B86000009A8946034B57E5FF030000FFFFFFFEE8
:10B87000FE070000FF0700004B0070B55E0D0C03D3
:10B88000751C640A420F6D052243C90FC4006D0D7B
:10B89000012D2ADD3B4BF318FE2B1ADC002B42DD79
:10B8A0008001451EA841D2001043620F0243500799
:10B8B00004D00F201040042800D004328020C0049F
:10B8C000104021D00133FF2B03D09201520ADBB28A
:10B8D00001E0FF2300225202520ADB0513435B0002
:10B8E000C9075B080B43180070BD002E07D0144336
:10B8F000EFD08020D20080040243FF23D7E7224309
:10B900000023002A03D00522D208FF2B03D05202C5
:10B91000520ADBB2DFE7002A32D08020C0030243A4
:10B920005202520AD7E71800173014DB80200004B7
:10B9300002431E20C01A1F280FDC2500124BF318EB
:10B940009D406E1EB5419A402B0013432200C24019
:10B950001A430023ABE70023D5E702256D42EB1A1B
:10B960001500DD40202809D0084BF3189A401443F5
:10B97000621E9441220000232A4398E70022F6E742
:10B980000022A8E780FCFFFF82FCFFFFA2FCFFFF74
:10B9900010B54B0709D5054AD16B054B1960116CE1
:10B9A0005960526C9A6000F007FC10BD00300040F6
:10B9B0007805002000B589B02022002168460CF0EF
:10B9C00039FF0D4B0093343301930C4B0293012349
:10B9D0006A46D37603226946CA754B754B740222B8
:10B9E000CA730B740B338B8102338B73044807F0DB
:10B9F000BDF909B000BDC046840500204C300040B0
:10BA00004020014010B588B0554C02220B21200087
:10BA100007F036FB02220A21200007F031FB514CCF
:10BA200002220421200007F02BFB02220521200026
:10BA300007F026FB01A900230B7001224A708A70CF
:10BA4000CB700B714B718B71CB710B724A728A7216
:10BA5000CA720B734B73042088730138C8730B745C
:10BA60000A76414B4B61414C200006F0E5FB002378
:10BA700006220021200006F0AFFC0123062200214F
:10BA8000200006F0A9FC022306220021200006F077
:10BA9000A3FC032306220121200006F09DFC0423C1
:10BAA00006220121200006F097FC05230622012131
:10BAB000200006F091FC062306220721200006F054
:10BAC0008BFC072306220721200006F085FC0823B3
:10BAD00006220721200006F07FFC09230622082108
:10BAE000200006F079FC0A2306220821200006F037
:10BAF00073FC0B2306220821200006F06DFC0023B6
:10BB000001220921200006F095FC012301220A21CF
:10BB1000200006F08FFC022301220B21200006F0FA
:10BB200089FC6268124B13408022920313436360C6
:10BB30006268104B13408022920213436360626874
:10BB40000D4B13406360FFF735FFA26802231343D8
:10BB5000A3606368802212061343636008B010BDBF
:10BB6000000008203000082091B900080030004093
:10BB7000FFFFDFFFFFFFFDFFFFFFEFFF70B543009B
:10BB8000181880000A4B1B1800200022094C1900CD
:10BB90001D68A54200D91C60096840180132D2B264
:10BBA0000433032AF3D10321FDF78AFA70BDC0469E
:10BBB00084050020FF0F00008100064B064A8A58CA
:10BBC0009A4203D90B000349034A99508000024B63
:10BBD000C0587047FF0F00007805002010B584B0F2
:10BBE00007F0BAF801AC0C22002120000CF022FE74
:10BBF00001232372200007F037F804B010BDC046BF
:10BC000010B501220E210E4807F02AFA0D4B196ECD
:10BC100001220A431A66196E02220A431A66196E35
:10BC200004220A431A66196E08220A431A66196E1C
:10BC300010220A431A66196E20220A431A6610BDA2
:10BC4000300008200030014010B5194C00220821B6
:10BC5000200007F015FA00220821200007F076FAEC
:10BC600000220E21200007F00BFA01220E212000F5
:10BC700007F06CFA00220E21200007F0F1F90022F3
:10BC80000821200007F06CFA0A49082007F010FB91
:10BC900000220C21200007F0F3F901220C212000E2
:10BCA00007F054FA01220C21200007F0D9F910BD49
:10BCB0003000082001BC000810B5FFF7A3FE00F01B
:10BCC000EBF8FFF7C1FFFFF789FF10BD10B50821A2
:10BCD000034807F0CFF9431E9841C0B210BDC046DB
:10BCE0003000082070B590B01E4C012201212000C8
:10BCF00007F0C6F901220021200007F0C1F90BACC2
:10BD00001422002120000CF095FD07AD1022002127
:10BD100028000CF08FFD01AE1822002130000CF03D
:10BD200089FD0323A371023BE3712372E372237342
:10BD3000E3732374AB70AC6002226A7310322A730F
:10BD4000AB73EB7375603372074B198889B2074880
:10BD5000FDF7B6F90138F0813100054807F0D8FD4C
:10BD600010B070BD000008207CB0010800366E01E4
:10BD70000030014070B590B01E4C0122052120001A
:10BD800007F07EF901220421200007F079F90BACBD
:10BD90001422002120000CF04DFD07AD10220021DF
:10BDA00028000CF047FD01AE1822002130000CF0F5
:10BDB00041FD022222700123E3712372E372237397
:10BDC000E3732374AB70AC606A7310322A73AB7385
:10BDD000EB7375603372084B198889B20748FDF719
:10BDE0006FF90138F0813100054807F091FD10B07E
:10BDF00070BDC046000008207CB0010800366E010E
:10BE00000030014070B590B01F4C0122032120008A
:10BE100007F036F901220221200007F031F90BACBE
:10BE20001422002120000CF005FD07AD1022002196
:10BE300028000CF0FFFC01AE1822002130000CF0AD
:10BE4000F9FC04232370013BA371023BE3712372CD
:10BE5000E3722373E3732374AB70AC6002226A73E2
:10BE600010322A73AB73EB7375603372074B19880A
:10BE700089B20748FDF724F90138F08131000548FF
:10BE800007F046FD10B070BD000008207CB001082E
:10BE900000366E010030014010B5FFF723FFFFF7B9
:10BEA00069FFFFF7AFFF10BDC000034B9C46604425
:10BEB000002303618161704700300140012819D1DE
:10BEC000194B1A6E01218A431A661A6E01318A4390
:10BED0001A661A6E02318A431A661A6E04318A4350
:10BEE0001A661A6E08318A431A661A6E10318A432E
:10BEF0001A6618E00C4B196E01220A431A66196E75
:10BF000002220A431A66196E04220A431A66196E3F
:10BF100008220A431A66196E10220A431A66196E1D
:10BF200020220A431A66704700300140C000034BCC
:10BF30009C466044806880B27047C046083001402B
:10BF400010B502F063F8024A024B9A6062B610BD67
:10BF50000090000800ED00E010B5FFF7F1FF01F0E0
:10BF60009FFD04F06BFF05F081F902F0DDFD06F0A6
:10BF700027F800F019FE02F071FA02F01BFCFFF73F
:10BF80009BFE08F0A7FD00F001F9FEE710B582B0B6
:10BF900000F0ACFF2B4B1B68012B24D12A4B0193E3
:10BFA00001240094002380222849294801F064F9E3
:10BFB000284B01930094002330222749274801F0A1
:10BFC0005BF9274B01930094002330222549264832
:10BFD00001F052F9254B01930094002330222449AB
:10BFE000244801F049F9244B0193012400940023D3
:10BFF00040222249224801F03FF9224B019300944C
:10C00000002340222049214801F036F9204B0193BA
:10C01000022300930023A02292001E491E4801F033
:10C020002BF91E4B01930094002340221C491D480C
:10C0300001F022F9002001F015FA00F063FF02B0D0
:10C0400010BDC04600B00108C00500207C8C01086E
:10C05000A9C00008C80500208C8C0108C1C00008D8
:10C06000D00500209C8C0108DDC00008B40500202C
:10C07000AC8C0108F9C00008B8050020BC8C010890
:10C080003DC10008BC050020DC8C010855C100083A
:10C09000CC050020F48C010815C10008C40500205F
:10C0A000088D01086DC1000800B583B001F06AFA7F
:10C0B000019000F085FD012101A801F0F5FBF8E7F2
:10C0C00000B583B001F05EFA0190002000F084F921
:10C0D000052101A801F0E8FBF7E7C04600B583B0F1
:10C0E00001F050FA0190012000F076F90A2101A830
:10C0F00001F0DAFBF7E7C04600B583B001F042FA81
:10C100000190022000F068F9322101A801F0CCFB77
:10C11000F7E7C04600B583B001F034FA019008F0AB
:10C12000C5FC08F0C7FC08F0D1FC08F0C7FC08F01B
:10C13000C9FC012101A801F0B7FBF0E700B583B00D
:10C1400001F020FA019005F01DFA0A2101A801F082
:10C15000ABFBF8E700B583B001F014FA019004F0EE
:10C1600067FD0A2101A801F09FFBF8E700B583B045
:10C1700001F008FA019002F019FA02F045FB04F010
:10C1800013FC0A2101A801F08FFBF4E700B583B08E
:10C190000023019301330093002330220449054812
:10C1A00001F06AF8012801D101F0B2F9FEE7C046BA
:10C1B000248D01088DBF000810B508F067FC08F059
:10C1C00071FC08F067FC08F069FC10BD082200282B
:10C1D00009D10AE0C046013BDBB2002BFAD101389D
:10C1E00080B2002801D01300F4E77047F8B50028AA
:10C1F0006EDD4400220C374B9A4207D806251A0000
:10C20000A400013D230C9342FAD900E00625630EF9
:10C21000203BDBB29B00304A9E58360422000023AC
:10C2200030000021FDF73AF94900C00F0843320001
:10C2300000230021FDF732F94900C00F0843C02751
:10C240003F06381A320000230021FDF727F9490084
:10C25000C60F0E432200002330000021FDF71EF917
:10C260004900C00F0843320000230021FDF716F9F2
:10C270004900C00F0843381A320000230021FDF79F
:10C280000DF94900C70F0F432E000C3E002033006C
:10C290001F331EDB2200002338000021FDF7FEF8CB
:10C2A0004900C00F084333000F3301DA000C2E1D84
:10C2B000F31D01DA000A0836731C04DA400801365F
:10C2C000731CFBD101E0002E03D00130400800E0D8
:10C2D0000020F8BDFF3F00003C8D010810B5C004F0
:10C2E000FFF784FF10BDC046022819D80D4A8D23E0
:10C2F000DB00584310180C4B9C466044002303702D
:10C300006346D35CDB070BD4084BD35CDB0707D455
:10C31000074BD35CDB0703D4137A7F210B401372E6
:10C320007047C046D035002062060000CA0A0000EF
:10C33000320F0000064B002206495A5406495A544F
:10C3400006495A541A7A7F210A401A727047C04629
:10C35000D035002062060000CA0A0000320F00003B
:10C3600010B500F0CBFB094B5B7A70221A4204D067
:10C3700001221343054A537205E004481022134377
:10C38000437200F0BFFB00F0BBFB10BDD0350020B6
:10C39000024B00221A755A757047C046D0350020EE
:10C3A00070B504000B4B1D7D00203B2D10D81E00E6
:10C3B000587D40193C21FCF7F3FF881CC000301861
:10C3C0000630082221000CF0F7F9013535750120FF
:10C3D00070BDC046D0350020F0B557464E464546A4
:10C3E000E0B484B00190484B1B7A7F2B00D884E0E6
:10C3F000464E0023984600254246B146B379DB07F6
:10C400006FD5337901998B426BD17388013B9BB215
:10C410007380002B65D13388738000248D23DB006B
:10C4200053431F00B2462B1902AA137000F066FB9B
:10C43000E000001BC000C019F930FF30324B9C46B1
:10C440006044031D443083422ED2E200121BD2000E
:10C45000D2196244FD32FF321168002924D002AAA9
:10C4600001321E79042E0AD10E7816700E68360A33
:10C4700056704E889670C978D17004320BE0022E47
:10C4800006D10E8816700988090A5170023202E03E
:10C49000097811700132083304A98A4204D2984203
:10C4A00002D019680029DCD1174B5B7A70221A423E
:10C4B00007D002A8FFF774FF002809D100F020FB85
:10C4C00008E020221343104A537202A800F01AFB1E
:10C4D00000F016FB0134E4B253465B79A342A2D2CA
:10C4E0004E461435EDB201239C46E0448D23DB001B
:10C4F0009C4666443C2D00D07EE704B01CBC9046B0
:10C500009946A246F0BDC046D03500202C3C002004
:10C5100010B500F053FB154B154AD35A0020002BE1
:10C5200022D0FF2B05D8DBB2104A1149885210499E
:10C5300006E0013BFF3B0D4A0D498B520023F6E715
:10C540000A69147888882018888001320A61013BC2
:10C55000DBB2002BF4D1054B054AD35A0120002B46
:10C5600002D1FFF7FDFE002010BDC046360F0000CF
:10C57000D0350020F8B504000378012B00D15CE22F
:10C58000052B28D154E2D54B1B7ADB0604D4FFF7E8
:10C59000D1FE0022D14B5A72D0490B7A102293431C
:10C5A000202213430B72CD4BFF221A7000225A70C7
:10C5B00061789970FE21D9709A80DA8035E2C74B94
:10C5C0001B7A9A0600D43DE22022934310221343A3
:10C5D000C24A137236E2C14B1A7A930600D431E292
:10C5E000BE4BFF2119700021597041789970057870
:10C5F000232D00D916E2AB00B949CB589F46B94B61
:10C600001A780023002A0FD114E020239A43B34B59
:10C610001A728378002B04D110231A43AF4B1A727D
:10C6200003E2FFF787FE00E2AE490133DBB2CA5CEA
:10C63000002AFAD1A94AD3700023137193714333AE
:10C6400053714B33D371A74BD360EEE18378002B4A
:10C6500006D14168C07800F095FAA04BD860E4E1BB
:10C6600032229E4B5A70E0E18178C31C4A1ED2B23E
:10C67000002900D1D9E10432841898491A78C86891
:10C680000270CA680132CA600133A342F6D1CCE11C
:10C69000831C083491491A78C8680270CA6801324C
:10C6A000CA6001339C42F6D1BFE18278531EDBB2EF
:10C6B000002A00D1B9E1181D884BC01803338749FF
:10C6C000CA6812781A700133CA680132CA60984287
:10C6D000F6D1AAE1C078616800F054FA7F4B186186
:10C6E000A278531EDBB2002A00D19EE1181D7B4BBD
:10C6F000C018033379490A6912781A7001330A693C
:10C7000001320A618342F6D18FE18078FFF7ECFDB8
:10C71000A278022A19D88D23DB005A43F932FF325E
:10C720006E4BD218131D70498C466244934204D25A
:10C730000021197001339342FBD1684A117A022318
:10C740000B431372FFF724FE00E00025634AD57007
:10C75000A37814214B43137167E18378022B05D82A
:10C76000C178132902D80279072A07D95B4B3122F5
:10C770005A700021C832FF32995056E1574CC80018
:10C78000411A8D204343CB189B183F33DB001B1904
:10C790000433FC225200A35047E183785A1E012A39
:10C7A00001D9042B05D1FC235B004C4AD558002D40
:10C7B00003D13122494B5A7037E1E1790906A37957
:10C7C0001B04C91863791B02CB1821795918E0782A
:10C7D00000F0D8F92860FC235B00404AD358A278C7
:10C7E0001A7122E1930703D422223C4B5A701CE1B8
:10C7F0008378012B08D0002B02D0022B41D07DE0A2
:10C80000C078FFF771FD10E1C678022E00D90CE167
:10C8100005794379C17909028079411889B28D205F
:10C82000C00070432D4F3818CC27FF00BC46604431
:10C830000370002900D101318D23DB0073432748A9
:10C84000C3182A481818018029495918012008805E
:10C85000284959180D7028498C46634404211970E1
:10C86000E078022800D9E0E01C498D23DB00434337
:10C87000CB1863440120187080235B421A430A726C
:10C88000D3E0C578022D00D9CFE000796379E27951
:10C890001202A1798A1892B28D21C90069430F4C06
:10C8A0006118CC24E400A44661440B70002A00D136
:10C8B00001328D23DB006B430849CB180B49591813
:10C8C0000A800B4A9A18012111800A4A9A1810709E
:10C8D000094A9446634404221A70A6E0D035002029
:10C8E000BC8E0108000000206C0400005C06000003
:10C8F0005E06000061060000620600003122524B15
:10C900005A7092E0930703D422224F4B5A708CE066
:10C910008378002B02D0012B03D019E0FFF70AFD2A
:10C9200083E00023484D0126484C494959184919CC
:10C930000878042800D10E708D21C9008C4663440C
:10C94000A342F2D180235B421A433F4B1A726CE040
:10C9500031223D4B5A7068E03B4B0222DA700022D4
:10C960005A60DA681A6183881B0442881A43002BD4
:10C9700002D03221344B5970334B36495A525B78CE
:10C98000002B52D15EE04379190603791B04CB18C2
:10C99000C27812029B18817859182B4BD86800F086
:10C9A000FFF842E08278284D0330E96800F0FAF899
:10C9B000A378EA6894466344EB60022835D141E0ED
:10C9C000214D02300622E96800F0ECF8EB680633EE
:10C9D000EB60022829D135E01B4BD86800F0DAF86B
:10C9E00023E0194C0023E37000F0CEF860601CE0F7
:10C9F00044239A4314490A728378442003401A431B
:10CA00000A72A278144BCA540FE00F4B124A9A5C78
:10CA1000DA7000221A7108E00B4B0222DA70013A38
:10CA20001A7102E03022084B5A70FFF799FC09E0B6
:10CA30004388002B00D1B6E5C1E54388002B00D028
:10CA4000BDE5A0E5F8BDC046D0350020380D00009A
:10CA500062060000360F0000340F000010B51F4AB8
:10CA6000537A702118008843507201241C4007D06B
:10CA700071229343194A5372FFF772FC01242AE092
:10CA8000164B1B7A7F2B26D900F038F8134B1C7DF0
:10CA9000002C1ED01C005A7A202313436372607D41
:10CAA0000230C0000019063000F02CF8637D01331D
:10CAB000DBB23B2B02D8094A537502E00022074B38
:10CAC0005A75064A137D013B137500F019F80124CD
:10CAD00001E000F015F8200010BDC046D035002060
:10CAE000044B054A991800221A7001338B42FBD17E
:10CAF0007047C046D0350020380F000072B670472E
:10CB000062B6704710B5184B08225A7200225A7349
:10CB100000231549C25C0C69E2540133082BF9D19A
:10CB2000114B1B691B78132B03D8104A0E4B1A604C
:10CB300011E01A00143A132A03D80D4A0A4B1A605E
:10CB400009E0283B132B03D80A4A074B1A6002E07E
:10CB5000094A054B1A6001220349084804F050FBBA
:10CB60000122074B1A7010BDCC340020D107000001
:10CB7000D2070000D3070000D4070000007800406F
:10CB8000D505002008007047014B18787047C04653
:10CB9000D6050020014B18707047C046D60500200E
:10CBA0007047C0460020704710B5FFF799FF00227C
:10CBB000014B1A7010BDC046D60500207047C04614
:10CBC00010B50C4B1B78012B06D10022094B1A70B3
:10CBD000094B1869FFF7CEFC72B6A023074AD2585A
:10CBE000C0239B021A4201D1FFF738FF62B6FFF75C
:10CBF0008FFC10BDD4050020803300200078004059
:10CC000010B5124B00E013001A688242FBD359683A
:10CC10005C18A04203D1406841185960180044686C
:10CC200001198A420CD10A4A1268914206D04A6818
:10CC3000141944601A681268026002E0016000E0A2
:10CC40000260984200D0186010BDC046E405002084
:10CC5000E005002070B5040000F08CFC3C4B1B6824
:10CC6000002B20D13B4A530708D0D11D07239943FD
:10CC7000A0239B01D3185B1A0A0001E0A0239B01AB
:10CC80003548026000214160D318083B07208343E8
:10CC90002F48036059601960991A516013602F4B37
:10CCA00019602F4B1960002C4CD0072323401A0029
:10CCB00010239B1ADA43944244D8E318002B3DDD3D
:10CCC000274A1668B34239D8234A146801E0220083
:10CCD0000C0061688B4202D921680029F7D11C49F8
:10CCE00009688C422AD01568216811606268D21ADE
:10CCF000102A08D9E018410701D072B6FEE7426059
:10CD00006360FFF77DFF6268B31A15490B60134932
:10CD100009688B4201D211490B60083580231B063C
:10CD20001A436260002323600E4A136801331360C4
:10CD300000F01CFD6B0708D072B6FEE700F016FD90
:10CD4000002502E000F012FD0025280070BDC0465D
:10CD5000E0050020F0050020E4050020F02D002073
:10CD6000DC050020D805002010B5002823D00300E2
:10CD7000083B5B68002B01DB72B6FEE70200083A55
:10CD80001268002A01D072B6FEE7083804005B0082
:10CD90005B08436000F0EEFB074A636811688C464D
:10CDA000634413602000FFF72BFF044A136801332C
:10CDB000136000F0DBFC10BDDC050020EC0500205A
:10CDC000030008334360012252428260C360036162
:10CDD000002303607047C046002303617047C046CC
:10CDE00043684B609A688A609A68516099600861EC
:10CDF000036801330360704730B50C6802000832E5
:10CE0000631C02D1026904E01A0053681D68AC4239
:10CE1000FAD253684B6099608A6051600861036878
:10CE20000133036030BDC046036942688168916088
:10CE30008268416851605A68904201D182685A60A4
:10CE4000002202611A68013A1A6018687047C046E9
:10CE500082B000230193064B1B68013301D072B6E8
:10CE6000FEE772B6019B002BFCD002B07047C046B3
:10CE70001000002000000000000000000000000082
:10CE80000B4A13681868203080F30988022080F369
:10CE90001488BFF36F8F3FBCAE4608BC04BC62B6BB
:10CEA0001847C046C046C046C046C046C046C046F9
:10CEB000A42E002010B5031F802464041C60043BD2
:10CEC0001960043B02491960143B1A60403810BDD8
:10CED00051CE000880225205034B1A60BFF34F8FDA
:10CEE000BFF36F8F7047C04604ED00E072B6044A8E
:10CEF000136801331360BFF34F8FBFF36F8F704719
:10CF000010000020064B1B68002B01D172B6FEE713
:10CF1000013B034A1360002B00D162B67047C04644
:10CF200010000020EFF3108072B6704780F3108875
:10CF30007047C04600000000000000000000000034
:10CF4000EFF309800E4B1A6820381060F0C0444699
:10CF50004D4656465F46F0C008B572B600F030FD4B
:10CF600062B60CBC116808681030F0C8A046A9462B
:10CF7000B246BB4680F309882038F0C81847C0463F
:10CF8000A42E002010B5FFF7CDFF040000F032FB07
:10CF9000002803D080225205024B1A602000FFF7C0
:10CFA000C5FF10BD04ED00E070B5144D2C68FA21EA
:10CFB00089002000FCF784F80100114B186011482B
:10CFC000FCF77EF8104B186021002000FCF778F881
:10CFD00001005E20FCF774F80C4B18600C4C002329
:10CFE00023600C4A13602868FA218900FCF768F86E
:10CFF0000138094B18600723236070BD2000002012
:10D00000F42D0020FFFFFF00FC2D0020F82D002054
:10D0100010E000E018E000E014E000E010B50C4B78
:10D020001A68FF2109040A431A601A68FF210906D9
:10D030000A431A60FFF7B8FF0022064B1A60FFF799
:10D040001FFF00F0BDFCFFF703FF002010BDC0462E
:10D0500020ED00E01000002070B504003F4B1D687B
:10D0600072B6BFF34F8FBFF36F8F00F0F7FC00284D
:10D0700001D162B670E00622394B1A60394B19684B
:10D08000002901D1384B19682B00A54200D9230093
:10D09000581E354A126842435218344909684901FA
:10D0A00006D58024A40431490C602F490968521A1E
:10D0B0002F4909688A4200D9521A2E490A60002471
:10D0C00028490C60264C2568012129432160002B4A
:10D0D00004D0BFF34F8F30BFBFF36F8F62B6BFF383
:10D0E0004F8FBFF36F8F72B6BFF34F8FBFF36F8F4A
:10D0F0001B4906240C600968C90310D51A4B19682E
:10D10000184B1B68CB18013B9A1A194B1B689A42A3
:10D1100001D9914200D24A1E164B1A600EE0114A04
:10D120001468114A15686B431C1B29002000FBF78B
:10D13000C7FF431C5D432C1B0E4B1C600022094B98
:10D140001A600732064B1A60074B1B68013B094AFD
:10D15000136000F01DFA62B670BDC046FC2D0020C1
:10D1600010E000E018E000E0F42D002004ED00E005
:10D17000F82D002014E000E0094B1A68094B1B68E9
:10D18000DB6A0020002B0AD1074B1B68012B06D855
:10D19000002A04D1054B1B68054A1068181A70470D
:10D1A000FC2E0020A42E0020282E0020A82E0020D7
:10D1B000B02E0020084B1B681B68002B04D10122F5
:10D1C0005242064B1A6005E0034B1B68DB681A6885
:10D1D000024B1A607047C046042E0020A82E002083
:10D1E00070B504000D001E4B1E681E4B18680430FD
:10D1F000FFF71AFE631C16D1002D14D01A4A51688D
:10D20000184B1868816018688C68C4608C6818684E
:10D21000043060601868043088601B685A611368C5
:10D22000013313601AE034190E4B1B685C60A64290
:10D2300007D90E4B18680B4B19680431FFF7DCFD5A
:10D240000CE00B4B1868074B19680431FFF7D4FD4D
:10D25000084B1B689C4201D2064B1C6070BDC04647
:10D26000B02E0020A42E0020E82E0020B42E002096
:10D27000042E0020A82E0020F0B5474680B482B0CE
:10D2800000900E00019395002800FFF7E3FC041EB8
:10D2900000D1C7E05820FFF7DDFC071E0ED0582252
:10D2A00000210BF0C7FA3C632A00A52120000BF0F7
:10D2B000C1FA3B6B9846002E04D11EE02000FFF718
:10D2C00053FDAFE00022B2563423FA540023F35644
:10D2D000002B0FD0731C3A00353239003E3100204C
:10D2E0001856107000201856002803D00133013260
:10D2F0008A42F4D100223D23FA54089B042B01D921
:10D3000072B6FEE7089E042E00D90426FE62BE64B3
:10D310003C1D2000FFF760FD38001830FFF75CFD72
:10D320003F6105239B1BBB617F62281F404407238D
:10D330009843019A0099FFF7BDFD3860099B002BC7
:10D3400000D01F60FFF7D2FD394A13680133136024
:10D35000384B1B68002B23D1364B1F601368012B01
:10D360002AD1354D2E0064362800FFF729FD1435EB
:10D37000AE42F9D1314E3000FFF722FD304D28008A
:10D38000FFF71EFD2F48FFF71BFD2F48FFF718FD85
:10D390002E48FFF715FD2E4B1E602E4B1D600BE037
:10D3A0002D4B1B68002B07D1224B1B68DB6AFA6AE6
:10D3B000934201D81F4B1F60284A13680133136042
:10D3C0003B64FB6A264A1268934201D9244A1360DF
:10D3D00019499A00D3189B00CB185B68BB609A6808
:10D3E000FA609A6854609C60FB6A9800C2189200C8
:10D3F0008A187A61C218920052580132C3189B00F1
:10D400005A50FFF77FFD144B1B680120002B0BD0F7
:10D41000084B1B68DA6AFB6A9A4205D2FFF75AFD8D
:10D42000012001E00120404202B004BC9046F0BD62
:10D43000D02E0020A42E0020282E0020102E002008
:10D44000D42E0020B82E00208C2E0020E82E0020A4
:10D45000042E0020B42E0020082E0020CC2E002008
:10D46000FC2E002070B50400FFF740FD002C01D118
:10D47000204B1C68251D2800FFF7D6FCA36A002B53
:10D4800003D020001830FFF7CFFC1B4A136801338C
:10D490001360184B1B689C4208D129001748FFF7FE
:10D4A0009FFC174A13680133136005E0154A13689F
:10D4B000013B1360FFF77EFEFFF724FD0D4B1B6859
:10D4C0009C4205D0206BFFF74FFC2000FFF74CFC7F
:10D4D0000D4B1B68002B0BD0064B1B689C4207D1E1
:10D4E0000A4B1B68002B01D072B6FEE7FFF7F2FC77
:10D4F00070BDC046A42E0020CC2E00208C2E002013
:10D50000A02E0020D02E0020082E00200C2E00205F
:10D5100000B583B0104B0193002300938022D2000A
:10D520000E490F48FFF7A8FE01280DD172B601225F
:10D5300052420C4B1A6002320B4B1A6000220B4B0A
:10D540001A60FFF76BFD03E0431C01D172B6FEE7E2
:10D55000074B1B6803B000BDAC2E00204C8F0108A8
:10D5600025D90008A82E0020082E0020B02E00206B
:10D5700014000020024A1368013313607047C0464C
:10D580000C2E0020014B18687047C046B02E0020BA
:10D5900010B50400134B1B68134A12681B18934202
:10D5A00001D972B6FEE70F4B1B680F4A1268C31809
:10D5B000934212D10D4B1B68002B01D172B6FEE7CE
:10D5C000002801D172B6FEE7FFF790FC084A136805
:10D5D00001331360FFF796FC013C024A1368E4181C
:10D5E000146010BDB02E0020A82E00200C2E0020AC
:10D5F000242E0020F0B5474680B4514B1B68002B09
:10D6000000D094E04F4B1C6801341C60002C12D1F8
:10D610004D4B1B681B68002B01D072B6FEE74A4ACF
:10D6200011684A4B186810601960494A1368013341
:10D630001360FFF7BFFD474B1B6800209C4265D37A
:10D640000020414B9846002643461B681B68002B70
:10D6500004D1012252423F4B1A6057E03A4B1B68FB
:10D66000DB68DB685A68944202D23A4B1A604DE09C
:10D670005A699968DF688F60D9689F684F60191D83
:10D6800057688F4201D1DF6857605E611768013FBC
:10D6900017609A6A002A10D0DF691D6ABD601F6A90
:10D6A000DD697D601F0018375568BD4201D11D6AD4
:10D6B00055609E621768013F1760DA6A264D2F6831
:10D6C000BA4200D92A609700BA189200234DAC469E
:10D6D000624452689A609568DD60976879609160ED
:10D6E000DA6A9700B9188900654661445961B9182A
:10D6F000890049590131BA1892005151184A1168EC
:10D70000DA6ACB6A9A429FD901209DE7144B1B68C5
:10D71000DB6A9A00D3189B00104A9B58012B00D952
:10D720000120104B1B68002B06D0012004E00E4A9C
:10D73000136801331360002004BC9046F0BDC0465E
:10D740000C2E0020B02E0020042E0020B42E00202D
:10D75000002E0020A82E0020FC2E0020282E0020C5
:10D76000A42E0020002F0020242E0020F8B5464BC8
:10D770001B68002B01D172B6FEE7FFF7B7FB424BE7
:10D780001A68013A1A601B680024002B77D13F4BBE
:10D790001A680023002A4ED171E0F368DB689C6AA6
:10D7A000DA691D6A95601A6ADD6955601A001832D7
:10D7B0006568954201D11A6A626098622268013AEE
:10D7C00022605D699A68DC689460DA689C685460DD
:10D7D0001C1D6A68A24201D1DA686A6058612A6831
:10D7E000013A2A60DA6A2A4D2D68AA4201D9284DE9
:10D7F0002A609500AA1892008A1852689A60956863
:10D80000DD6095686C609460DA6A9500AC18A400DD
:10D810000C195C61AC18A40064580134AA18920079
:10D8200054501C4A1268D26ADC6A944207D301221F
:10D83000194C226003E0194F3E00002018493A6855
:10D84000002AAAD1002B01D0FFF7B4FC154B1C68AD
:10D85000002C0CD0104E0125FFF7CCFE002800D084
:10D860003560013C002CF7D100220E4B1A600A4BA8
:10D870001B680024002B02D0FFF72CFB0134FFF7BC
:10D8800041FB2000F8BDC0460C2E0020D02E002009
:10D89000FC2E0020A42E0020002F0020B82E0020F7
:10D8A000282E0020242E002070B505000C00002832
:10D8B00001D172B6FEE7002901D172B6FEE7174B1F
:10D8C0001B68002B01D072B6FEE7FFF753FE144B26
:10D8D00018682A68A318904208D29A4219D9984227
:10D8E000A44164422B60984209D204E09A420DD8C8
:10D8F00098420BD30DE0181A0021FFF771FCFFF7D7
:10D9000035FF002808D1FFF7E5FA05E02B60012478
:10D91000F1E72B600024F2E7200070BD0C2E002000
:10D92000B02E0020F0B5474680B41F4B98461F4FDD
:10D930001F4E43461B68002B18D01B4DFFF7D6FA2D
:10D94000FB68DC68201DFFF76FFA3368013B33602A
:10D950002B68013B2B60FFF7D5FA206BFFF704FA29
:10D960002000FFF701FA2B68002BE7D1114B1B6851
:10D97000012B01D9FFF7AEFAFFF7FEFB0128D8D93A
:10D98000FFF7F8FD0C4B1A680C4B1B689A4201D24A
:10D9900072B6FEE7FFF7F0FB012801D9FFF75CFB49
:10D9A000FFF7E4FEC5E7C046A02E00208C2E002025
:10D9B000D02E0020282E0020A82E0020B02E0020DF
:10D9C00010B5214B1B68002B03D001221F4B1A609E
:10D9D00038E000221D4B1A601D4B1B689A00D218BC
:10D9E00092001C495258002A0DD1002B02D003E0AE
:10D9F000002B01D172B6FEE7013B9A00D2189200CB
:10DA00005258002AF4D0134C9A00D118890061189A
:10DA1000486840684860D21892000832A2189042C4
:10DA200005D141689A00D2189200A21851609A005C
:10DA3000D218920007498A185268D168064A1160C4
:10DA4000034A136010BDC0460C2E0020002F00209A
:10DA5000FC2E0020282E0020A42E00200B4B1B683B
:10DA60000020002B11D10A4B1B68002B0DD1094B54
:10DA70001B68002B09D1084B1B68084A1068013845
:10DA8000181A431E98410223181A7047B82E002016
:10DA9000002F0020242E0020E82E0020D02E002071
:10DAA00010B5084C00220821200005F0E9FA0022F8
:10DAB0000721200005F0E4FA01220721200005F0EB
:10DAC00045FB10BD3000082010B5124C0122082182
:10DAD000200005F03BFB01220821200005F0C0FAE0
:10DAE00001220721200005F0BBFA0420FEF76EFB9F
:10DAF00000220821200005F0B3FA0420FEF766FB9F
:10DB000000220721200005F0ABFA0420FEF75EFB9F
:10DB100010BDC0463000082010B50E4C012208216F
:10DB2000200005F013FB00220821200005F098FAE0
:10DB30000420FEF74BFB01220721200005F090FA9C
:10DB40000420FEF743FB01220821200005F088FA9B
:10DB500010BDC04630000820F8B50500012208219C
:10DB6000164805F0F3FA08248027144E2F4205D0FA
:10DB700001220821300005F073FA04E00022082198
:10DB8000300005F06DFA6D00ADB20420FEF71EFB0B
:10DB900001220721300005F063FA0420FEF716FB8E
:10DBA00000220721300005F05BFA0420FEF70EFB8F
:10DBB000013CE4B2002CD9D1F8BDC04630000820A9
:10DBC00070B5184C00220821200005F0BFFA012290
:10DBD0000821200005F044FA0420FEF7F7FA01229C
:10DBE0000721200005F03CFA0420FEF7EFFAFB24A1
:10DBF0000C4D06E0013CE4B2002C02D1FFF78CFF93
:10DC00000EE00821280005F035FA0028F2D10022A4
:10DC10000721044805F024FA0420FEF7D7FA01246E
:10DC2000200070BD3000082010B5124C01220821E0
:10DC3000200005F08BFA00220821200005F010FAE0
:10DC40000420FEF7C3FA01220721200005F008FA9C
:10DC50000420FEF7BBFA00220721200005F000FA9D
:10DC60000420FEF7B3FA01220821200005F0F8F99C
:10DC700010BDC0463000082010B50F4C012208210D
:10DC8000200005F063FA01220821200005F0E8F9E0
:10DC90000420FEF79BFA01220721200005F0E0F99D
:10DCA0000420FEF793FA00220721200005F0D8F99E
:10DCB0000420FEF78BFA10BD30000820F8B50700ED
:10DCC0001A4C00220821200005F040FA0122082108
:10DCD000200005F0C5F908260024144D0122072173
:10DCE000280005F0BDF90420FEF770FA6400E4B2E4
:10DCF0000821280005F0BEF9002801D00134E4B263
:10DD000000220721280005F0ABF90420FEF75EFA97
:10DD1000013EF6B2002EE1D1002F02D1FFF7ACFF99
:10DD200001E0FFF781FF2000F8BDC0463000082069
:10DD300070B504000D001600821880235B000020DF
:10DD40009A4238DC002935D0FFF7BEFEA020FFF74D
:10DD500003FFFFF735FF002828D0A0B2FFF7FCFE35
:10DD6000FFF72EFF002821D0FFF7AEFEA120FFF71E
:10DD7000F3FEFFF725FF002818D0B31E9BB2012E3B
:10DD80000AD02C000133ED182E000120FFF796FF7A
:10DD900020700134B442F8D10020FFF78FFF2870C3
:10DDA000FFF76AFFFFF7B8FE012004E0FFF7B4FEBB
:10DDB000002000E0002070BDF0B557464E464546B5
:10DDC000E0B492468418802252000023944249DC39
:10DDD000002946D083B299465346002B35D00F0018
:10DDE0000025FF2398464B465E19B6B2002D01D0A0
:10DDF00073071ED1FFF790FEFA208000FEF7E6F9C8
:10DE00000024FFF761FEA020FFF7A6FEFFF7D8FE73
:10DE1000002804D10134A4B2642CF2D11DE0642C9A
:10DE20001BD040463040FFF797FEFFF7C9FE0028A1
:10DE300013D03878FFF790FEFFF7C2FE00280CD011
:10DE40000135ADB20137AA45CDD1FFF765FEFA2005
:10DE50008000FEF7BBF9012304E0FFF75DFE01231C
:10DE600000E0002318001CBC90469946A246F0BD75
:10DE7000002103E00F4B5B58435004310E480F4B19
:10DE800042189A42F6D30E4A03E00023136004239B
:10DE90001A440C4B9A42F8D300F048F90A480B494F
:10DEA00001800B48094901800A480B490180FEF7AF
:10DEB00053F87047589501080000002078050020AD
:10DEC000780500205047002014000820FFFF0000C4
:10DED0004400082074000820FF030000FEE7000053
:10DEE00082B00022019201380A4B58609A600532D4
:10DEF0001A601900802252020B680193019B1342A1
:10DF0000FAD0044B1A6801218A431A6000229A60F1
:10DF100002B0704710E000E000B583B000226B460D
:10DF2000DA71002006F004FA012006F00DFA01284B
:10DF300005D104F049FE01226B46DA7105E00020AC
:10DF400004F042FE00226B46DA71002004F026FE47
:10DF5000012006F02BFA01280CD1002004F040FE2D
:10DF6000082004F049FE602004F056FE012004F071
:10DF70000DFE0BE06B4607331B78012B03D102200B
:10DF800004F004FE02E0002004F000FE03B000BD37
:10DF90000B4B0C4A1A600C4A1A600C4B0C4A1A6064
:10DFA000802189020B4A11608022520019680A43BD
:10DFB0001A60094A80231B0611680B4313607047DF
:10DFC000002000401178AC00674523011420004078
:10DFD000312000004020004004200040F8B50A4BEA
:10DFE0001B6843431F001D0E08D0002480267604C2
:10DFF0003000FFF775FF0134A542F9D13802000A5D
:10E00000FFF76EFFF8BDC046042F002010B584B0A6
:10E010000F226A44002313700E2169440B700D21F6
:10E0200069440B7003A90B700B2169440B700A2122
:10E0300069440B70092169440B7001938020C0056D
:10E04000036803242340137003689B059B0F01336F
:10E050000B701378DBB2012B08D0002B02D0022BFF
:10E060004AD04CE02C4A2D4B1A6048E08021C9056B
:10E070000B68DB02DB0F0B226A4413700B689B06F4
:10E080009B0F013303A8037025480B589B0F254CA9
:10E09000E35CDBB20A246C4423700B589B00DB0E5C
:10E0A0005B000E246C4423700B58DB0BDBB20D219C
:10E0B00069440B701378002B03D0174A174B1A6072
:10E0C00002E0154A154B1A600D236B4418780A2399
:10E0D0006B441978C9B2114C23685843FAF7F0FF22
:10E0E000019001980E236B44197803AB1B785943B8
:10E0F000FAF7E6FF206002E0074A084B1A6009239E
:10E100006B441978C9B2054B1868FAF7D9FF064B6A
:10E11000186004B010BDC04600127A002000002034
:10E12000908800001C0000202400002010B5074B40
:10E13000074A9A60074A084B1A60FFF729FFFFF762
:10E14000EBFE012004F034FD10BDC04600ED00E000
:10E1500000900008006CDC022000002003789A0781
:10E16000D20F50005A07D20F92008218D807C00F62
:10E1700010181A07D20FD2008018DA06D20F120137
:10E1800080189A06D20F520180185A06D20F9201B7
:10E190008018DB09DB01C018C0B27047F0B54746F4
:10E1A00080B407000D001400132200210AF042FB86
:10E1B0000022194B1A70012C02D0022C14D027E037
:10E1C000164C26001236144B98462000FFF7C6FF67
:10E1D0002840854204D143461B78013342461370E0
:10E1E0000134B442F1D113E00C4E01240A4B98469D
:10E1F0003000FFF7B3FF284205D043461B785A1C76
:10E2000041460A70FC540134E4B20136132CEFD1BC
:10E21000380004BC9046F0BD6833002075340020FF
:10E22000F8B5040000220F4B1A70133200210AF0D7
:10E2300001FB0123002000270B4E0125D9B29A00D3
:10E24000B218D278D20703D57A1CE155D7B228008C
:10E250000133132BF2D1002801D0024B1F70200094
:10E26000F8BDC0467034002004B001088000034BA4
:10E270001818C078C007C00FC0B2704704B00108BA
:10E28000C007C00FC0B2704770B5122800D9B7E000
:10E290005C4A821883005C4CE318DB78DB0760D5AE
:10E2A0005A4B1B78012B5CD1012900D098E01178E2
:10E2B0001943C9B202230B43D9B220230B43EF21E8
:10E2C0000B40AF398B4308210B431370504B1E7822
:10E2D000B0421ED01C0031000025002303E00834AA
:10E2E0002178884215D0002900D01D000133DBB20F
:10E2F000042BF4D171E0002D04D1002E02D1444B47
:10E30000187003E00135ED00414BE8540121414B09
:10E310001970414B187080003B4B1818C3789B074D
:10E32000DB0F012B6AD142E001243C4B1C70354BC2
:10E330001B5CDB070DD5374B1C700023344D0026CA
:10E34000EC5C844202D1324C1C1926700833202B1D
:10E35000F6D12C4C235C0825AB43073DAB4323543B
:10E3600017E02A4B1B78002B13D101242B4B1C7078
:10E37000244D2B5C0826B343A3431F34A3431E3C08
:10E38000A34310242343DBB2402423437F242340B0
:10E390002B5480001C4B1818C3789B07DB0F012BF4
:10E3A00010D11A4B1B78012B2AD1012923D11378C4
:10E3B000802149420B43137022E013787F210B40E8
:10E3C00013701DE0002B1BD1104B1B78012B17D1B4
:10E3D00013787F210B40137012E0022D8BD998E740
:10E3E0000029A1D08000084B1818C3789B07DB0FC9
:10E3F000012BE7D1D9E7002902D1DEE7002BE7D0D6
:10E4000070BDC0467434002004B0010854330020AD
:10E410005C320020243500204C330020463300209D
:10E42000037801229343013293437D3213400370FA
:10E430007047C046037808229343043A9343033A53
:10E4400093431F3293431E3A934310221343DBB28C
:10E45000402213437F2213400370704770B5154C60
:10E46000250012352000FFF7E5FF0134AC42F9D159
:10E47000AB22114B1A700023104A1370104A13700C
:10E48000104A1370104A002050709070D3700F4AD9
:10E49000137001220E490430FFF74AFC20220D4977
:10E4A0000720FFF745FC04220B492720FFF740FC1B
:10E4B00070BDC0467534002047330020683300200B
:10E4C00024350020463300204C3300201033002038
:10E4D000543300205C3200205432002010B5040078
:10E4E00003280ED8C000074941180730C0B20822DF
:10E4F000FFF762FC044961182734E0B20122FFF7FC
:10E500005BFC10BD5C32002054320020F0B5474661
:10E5100080B4204E0024B04600251F4FE200424444
:10E5200055709570F5703570137908218B43043957
:10E530008B4303398B431F318B431E398B4310218F
:10E540000B43DBB240210B437F210B401371E319D6
:10E550001D70E0B2FFF7C2FF01340836042CDDD194
:10E560000E4A0023002050709070D3700C4A137034
:10E570000C490B7001222B30FFF71EFC0A4C2500C2
:10E5800012352000FFF756FF0134AC42F9D104BC2C
:10E590009046F0BD5C320020543200204C33002005
:10E5A000103300209533002075340020F8B55F4605
:10E5B00056464D464446F0B4744B1B78012B7BD134
:10E5C000734B1B78012B00D090E000226F4B1A7028
:10E5D000704C012399460026F5B2370020002178BF
:10E5E00000291AD06C4A8B00985CD3185A7892464E
:10E5F000684AF700BC4662445070504690709A7862
:10E60000E270664A9155DB789B0702D50122644B84
:10E610001A702800FFF762FF41E04B46032B00D938
:10E620008BE0237A002B00D08AE04B46594A04E065
:10E63000D900895C002900D083E00133DBB2042BD0
:10E64000F6D17AE0534F0024544EEA00BB185C70B8
:10E650009C70DC70D45574552800FFF73FFF6B1C8D
:10E66000DDB2042DF1D122E001224D4B1A70494B4D
:10E6700098466346D80043461A18531C9A4600230E
:10E680000027BB465770574659467970D3704246AB
:10E690008354424A614653542800FFF71FFF013656
:10E6A0004F4601370834FBB29946042E94D101221B
:10E6B0003B492B20FFF780FB3A4B1B78002B15D0F2
:10E6C000334A1278012A11D133499A00545C8A18CE
:10E6D000507834494C7088709078C87032490B700B
:10E6E000D3789B0702D501222D4B1A702F4B1B7834
:10E6F000012B45D100222D4B1A7001210123264800
:10E700002B4C8A008218D278D20702D5625CD207DD
:10E7100005D40133DBB20131132BF2D101E0132B0D
:10E720002ED1204A00231370002050709070D370B7
:10E730001D4A13701A4A137022E0032D82D9B6E7DE
:10E740004B469C46DB00134A995C01708B00124AD1
:10E750009A5C9346104A924653445A789246FA007D
:10E760000C4FB84642445F465770574697709A78A8
:10E77000C2700A4A9155DB789B0700D574E776E7AB
:10E780003CBC90469946A246AB46F8BD24350020D5
:10E79000543300205C32002004B0010854320020C1
:10E7A000953300204C3300201033002046330020E6
:10E7B00074340020094A002313701371537053718D
:10E7C00093709371D370064A1380064A1380064AE9
:10E7D0001380064A1380064A1360704714330020E2
:10E7E000C83500205832002044330020E034002097
:10E7F0000C3300200349A0228B58802083438B5088
:10E800007047C04600780040F8B55F4656464D4612
:10E810004446F0B4A14B1B88A14A126893423AD2F5
:10E82000A04AD279D20736D50A339C4A13809E4B30
:10E830001B79002B13D19C4B5B78002B0FD19A4B8B
:10E840005B79002B0BD1984B9B78002B07D1964B13
:10E850009B79002B03D1944BDB78002B10D0934A8B
:10E8600013880A339BB21380914A1268934215D3DE
:10E8700000228E4B1A8001210120FFF705FD0DE0DB
:10E8800000228A4B1A808B48FFF7CAFD0021012025
:10E89000FFF7FAFC02E00022804B1A80814BDB7A02
:10E8A000DB0752D5844A13680A331360834A1288FF
:10E8B000834909688A4203D30021804A118002E01B
:10E8C0000A327E490A80784A1278022A0CD17D4A9F
:10E8D0001268934241D90023774A13607A4A138021
:10E8E000714B00221A70C7E0012A36D1774A1268AC
:10E8F000934211D3744A1288754909688A420BD22F
:10E9000000216D4B196001326F4B1A800222664B59
:10E910001A70FFF76FFFAFE06E4A1268934200D2A1
:10E92000AAE06B4B1B68684A12889A4200D2A3E0A7
:10E930000022614B1A6002325B4B1A70FFF75AFFDC
:10E9400001210220FFF7A0FC96E000235B4A138020
:10E950005D4A1380584A13608EE0524BDB7BDB0725
:10E9600000D495E05C4B1B78002B0BD05A4B1B7AE4
:10E97000002B05D0584B1D7C6B1E9D41023502E0DB
:10E98000012500E00025ED00534B5D196B79002B4C
:10E9900065D00024514B9946514B9846514B9B46AC
:10E9A000C24601239C462B681A0A2B791B06134387
:10E9B000A2001219520012199B189979DA791202E1
:10E9C0000A430A3291B299710A0ADA711A795879AE
:10E9D000000210434A461268424392B246463668E5
:10E9E000B24203D25246126892B206E05E463668E0
:10E9F000B24202D93B4A126892B291420AD39A714A
:10EA0000120ADA7162469A72EB886246A240934318
:10EA1000EB801FE09A7A012A37D100221A725A72CB
:10EA200002329A7216E0197A5A7A12020A430A32AC
:10EA300092B21A72110A59722B49096848438242EC
:10EA400008D300221A725A729A72EA886346A34067
:10EA50001343EB800134E4B26B79A342A3D8EB8873
:10EA6000002B04D101210320FFF70EFC10E0002150
:10EA70000320FFF709FC0BE00A4BDB7BDB0700D52B
:10EA800070E705E0002AE0D0E4E7022AFAD1CAE7FD
:10EA90003CBC90469946A246AB46F8BDC83500201E
:10EAA00078B0010804B00108143300205832002067
:10EAB00074B00108753400200C330020443300206A
:10EAC0006CB0010860B00108E034002068B00108B3
:10EAD00070B0010864B00108580000205CB0010863
:10EAE00058B0010854B0010850B0010810B502F048
:10EAF00091FF10BD00B585B010220021684609F0D5
:10EB000099FE064B009301236A465371044B02930E
:10EB10006946044805F014FD05B000BD7FA9030057
:10EB2000EDEA00080011014070B582B001266B4685
:10EB3000DE716B469D1D00249C71002002F08AFB53
:10EB4000002002F08DFB1E4B1C701E4B1C701E4BD8
:10EB50001C70FFF7CFFF03221C4B1A701C4B1E705A
:10EB600001321C4B1A701C4B1C701C4B1C70673202
:10EB70001B493020FFF7DCF801221A490320FFF778
:10EB8000D7F8012218490120FFF7D2F801221749CE
:10EB90000220FFF7CDF8012229000420FFF7C8F872
:10EBA00001280AD16B4606331B78012B05D00122C0
:10EBB0006B46D91D0330FFF7FFF802B070BDC046A9
:10EBC000334500203C450020244500200945002015
:10EBD0003445002015450020122F0020104500204C
:10EBE000142F002014450020084500201245002065
:10EBF00000B585B010220021684609F01BFE074BC6
:10EC0000009301236A4653711373054B02936946BF
:10EC1000044805F095FC05B000BDC0467FA903007F
:10EC2000EDEA00080011014000B585B01022002176
:10EC3000684609F0FFFD064B009301236A465371B5
:10EC4000044B02936946044805F07AFC05B000BD08
:10EC50007FA90300EDEA00080011014072B6BFF37E
:10EC60004F8F034A034BDA60BFF34F8FC046FDE777
:10EC70000400FA0500ED00E070B506003E284DD115
:10EC800002F052FB040002F053FB057842781202B6
:10EC90002A4383781B0413431A00C3781B061343CB
:10ECA00001220271002242717E321A700578427888
:10ECB00012022A4383781B0413431A00C3781B06ED
:10ECC00013430279467936021643721C92B20271DE
:10ECD000120A42712578617809022943A278120448
:10ECE0000A431100E27812060A4352787F210A4053
:10ECF0009A552078627812020243A3781B041343CA
:10ED00001A00E3781B0613435B787F2B02D8FFF7CA
:10ED10006FFF50E00022284B1A704CE002F0FCFA22
:10ED2000040002F0FDFA0578427812022A43837843
:10ED30001B0413431A00C3781B06134301220271FC
:10ED40000022427140361E700578427812022A4332
:10ED500083781B0413431A00C3781B0613430279FC
:10ED6000467936021643721C92B20271120A42713F
:10ED70002578617809022943A27812040A43110018
:10ED8000E27812060A4352787F210A409A55207889
:10ED9000627812020243A3781B0413431A00E3783B
:10EDA0001B0613435B787F2B02D8FFF721FF02E09D
:10EDB0000022014B1A7070BD1145002070B506008D
:10EDC0000D003E2842D102F0AFFA02F0B1FA047809
:10EDD00042781202224383781B0413431A00C3783B
:10EDE0001B06134301220271002242717F321A7006
:10EDF000047842781202224383781B0413431A00DA
:10EE0000C3781B06134302794179090211434A1C56
:10EE100092B20271120A42713E225A540478427828
:10EE20001202224383781B0413431A00C3781B0683
:10EE3000134302794179090211434A1C92B20271CB
:10EE4000120A42715D54FFF7D3FE3EE002F068FA09
:10EE5000047842781202224383781B0413431A0079
:10EE6000C3781B06134301220271002242717F32D4
:10EE70001A70047842781202224383781B041343E9
:10EE80001A00C3781B061343027941790902114322
:10EE90004A1C92B20271120A42715E54047842789E
:10EEA0001202224383781B0413431A00C3781B0603
:10EEB000134302794179090211434A1C92B202714B
:10EEC000120A42715D54FFF793FE70BDF8B502F06F
:10EED00023FA040002F024FA0578427812022A4349
:10EEE00083781B0413431A00C3781B0613430122C3
:10EEF00002710022427150321A7005784278120273
:10EF00002A4383781B0413431A00C3781B06134358
:10EF1000027947793F0217437A1C92B20271120AB2
:10EF200042712678617809023143A27812040A43BB
:10EF30001100E27812060A4352787F210A40DA551E
:10EF40000578427812022A4383781B0413431A007F
:10EF5000C3781B06134302794179090211434A1C05
:10EF600092B20271120A427100225A540578427814
:10EF700012022A4383781B0413431A00C3781B062A
:10EF8000134302794179090211434A1C92B202717A
:10EF9000120A427132225A540578427812022A43E8
:10EFA00083781B0413431A00C3781B0613430279AA
:10EFB0004179090211434A1C92B20271120A42714C
:10EFC00002225A540578427812022A4383781B049D
:10EFD00013431A00C3781B061343027941790902CF
:10EFE00011434A1C92B20271120A4271BC225A5455
:10EFF0002078627812020243A3781B0413431A009C
:10F00000E3781B0613435B787F2B02D8FFF7F0FDF4
:10F0100002E00022014B1A70F8BDC04611450020E5
:10F02000F8B505000E0017001C0002F075F902F09B
:10F0300077F90378427812021A4383781B0413434A
:10F040001A00C3781B061343012202710022427189
:10F0500040351D700578427812022A4383781B04DC
:10F0600013431A00C3781B0613430279417909023E
:10F0700011434A1C92B20271120A4271320A5A5466
:10F080000578427812022A4383781B0413431A003E
:10F09000C3781B06134302794179090211434A1CC4
:10F0A00092B20271120A42715E541A235F43134BEB
:10F0B000DF19FB7C002B1DD02600013BDBB20133A6
:10F0C000E3180578417809022943827812040A433B
:10F0D0001100C27812060A430179447924020C43D4
:10F0E000611C89B20171090A4171317811550136EB
:10F0F0009E42E6D1FFF77CFDF8BDC046B48F010803
:10F10000F8B5060002F008F9040002F009F90578E4
:10F11000427812022A4383781B0413431A00C378EF
:10F120001B061343012202710022427140361E70F9
:10F130000578427812022A4383781B0413431A008D
:10F14000C3781B061343027947793F0217437A1CA1
:10F1500092B20271120A4271267861780902314333
:10F16000A27812040A431100E27812060A43527888
:10F17000DA550578427812022A4383781B04134338
:10F180001A00C3781B0613430279467936021643E8
:10F19000721C92B20271120A4271257861780902DA
:10F1A0002943A27812040A431100E27812060A43A6
:10F1B00092789A55FFF71CFDF8BDC046F8B50500DA
:10F1C00002F0AAF8060002F0ABF8047842781202C6
:10F1D000224383781B0413431A00C3781B0613438E
:10F1E000012202710022427140351D70047842787C
:10F1F0001202224383781B0413431A00C3781B06B0
:10F200001343027947793F0217437A1C92B2027185
:10F21000120A42713578717809022943B2781204D2
:10F220000A431100F27812060A4352787F210A40FD
:10F23000DA559E4B1B78012B58D104784278120284
:10F24000224383781B0413431A00C3781B0613431D
:10F2500002794179090211434A1C92B20271120AE1
:10F2600042712D225A540478427812022243837844
:10F270001B0413431A00C3781B0613430279417918
:10F28000090211434A1C92B20271120A4271CF2242
:10F290005A54047842781202224383781B041343A1
:10F2A0001A00C3781B0613430279417909021143FE
:10F2B0004A1C92B20271120A427146225A540478D0
:10F2C00042781202224383781B0413431A00C37846
:10F2D0001B06134302794179090211434A1C92B279
:10F2E0000271120A427129225A54DCE0704B1B78D9
:10F2F000012B0ED13478727812022243B3781B04AA
:10F3000013431A00F3781B0613439B78012B66D135
:10F310000FE0032B63D13478727812022243B37862
:10F320001B0413431A00F3781B0613439B78032B2B
:10F3300055D1047842781202224383781B04134388
:10F340001A00C3781B06134302794179090211435D
:10F350004A1C92B200250271120A42715D5404786F
:10F3600042781202224383781B0413431A00C378A5
:10F370001B06134302794179090211434A1C92B2D8
:10F380000271120A42715D540478427812022243DB
:10F3900083781B0413431A00C3781B0613430279B6
:10F3A0004179090211434A1C92B20271120A427158
:10F3B0005D54047842781202224383781B0413437D
:10F3C0001A00C3781B0613430279417909021143DD
:10F3D0004A1C92B20271120A42715D5463E00478D1
:10F3E00042781202224383781B0413431A00C37825
:10F3F0001B06134302794179090211434A1C92B258
:10F400000271120A42712B4D1C2252422C6862403A
:10F410005A54047842781202224383781B0413431F
:10F420001A00C3781B06134302794179090211437C
:10F430004A1C92B20271120A4271732252422C6823
:10F4400062405A54047842781202224383781B04A3
:10F4500013431A00C3781B0613430279417909024A
:10F4600011434A1C92B20271120A427119222C688D
:10F4700062405A54047842781202224383781B0473
:10F4800013431A00C3781B0613430279417909021A
:10F4900011434A1C92B20271120A42712A681E205C
:10F4A000404242405A54FFF7A3FBF8BD1800002029
:10F4B00015450020E434002070B501F02DFF050053
:10F4C00001F02EFF29786B781B020B431A00AC78F1
:10F4D000240423001343EC7824061C430578437866
:10F4E0001B022B431A00817809040B001343C178D7
:10F4F000090619438A781206CB781B04D2184B7977
:10F50000D218097909025218D30912041A43520079
:10F51000264B534058011B0BA2781106E2781204C7
:10F520008A186179521821790902521803439A42C4
:10F5300006D109221E4B1A7000221E4B1A7034E0AD
:10F540001D4B1B78022B27D91A4B1B78002B09D196
:10F550000B22174B1A700A3A164B1A700332174BCC
:10F560001A7022E0164B1B88002B0ED10022124B82
:10F570001A7001320F4B1A70124A114B1A80042371
:10F580000B4A13700D4A13700FE00C22084B1A70CF
:10F59000083A0A4B1A7008E00133074A13700A222E
:10F5A000034B1A70063A054B1A7070BD82FD3E7D02
:10F5B000092F0020104500200B2F002015450020AA
:10F5C0009200002060EAFFFFF0B583B001F0A4FED6
:10F5D000040001F0A5FE6D4A6D4B1A80BB226B46FC
:10F5E000DA71227963791B021343022B07D00522BB
:10F5F000684B1A7013211020FFF7E0FBC3E0257859
:10F60000627812022A43A3781B0413431A00E3789A
:10F610001B0613435B787F221340022B19D0DAB20A
:10F62000022A02D8012B05D044E0032B28D0042B5A
:10F6300033D03FE00123574A1370574A1370042216
:10F64000564B1A700022564B1A701020FFF73EFCE2
:10F6500099E0504B1B78032B05D1013B4D4A1370A9
:10F660004D4A137033E0022B31D00722494B1A70F8
:10F67000063A494B1A7022211020FFF79FFB82E0C7
:10F680000323444A1370444A1370464B1A78444B80
:10F690001A701020FFF71AFC75E004233D4A13701E
:10F6A0003D4A13703F4B1A783D4B1A701020FFF7FC
:10F6B0000DFC68E00622374B1A70053A364B1A707B
:10F6C00012211020FFF77AFB5DE0FFF7C7FA354BF8
:10F6D0001A78334B1A700122334B1A70057842782E
:10F6E00012022A4383781B0413431A00C3781B06B3
:10F6F000134301220271002242717F321A70057891
:10F70000427812022A4383781B0413431A00C378F9
:10F710001B061343027947793F0217437A1C92B2C2
:10F720000271120A42712678617809023143A27887
:10F7300012040A431100E27812060A431278DA55DD
:10F74000047842781202224383781B0413431A0080
:10F75000C3781B06134302794179090211434A1CFD
:10F7600092B20271120A427178225A5402F052F98E
:10F770000E48FCF72BFD01226B46D91D0320FEF736
:10F780001BFB0128A1D003B0F0BDC046102700002C
:10F790000C2F0020082F00203445002015450020A4
:10F7A0003245002013450020244500204C1D000058
:10F7B000F8B501F0B1FD040001F0B2FD6F4B1B88FC
:10F7C000002B09D06E4A6D4B1A80227963791B0297
:10F7D0001343022B13D00DE001236A4A1370042156
:10F7E000694A1170694A1370227963791B021343C5
:10F7F000022B09D013211120FFF7E0FABCE0614B86
:10F800001B78023B012B04D97E211120FFF7D6FA89
:10F81000B2E05D4B1B7802229343012B04D03321CD
:10F820001120FFF7CBFAA7E02578627812022A436D
:10F83000A3781B0413431A00E3781B0613435B7879
:10F840007F221340DAB2052A00D991E09B00504A8A
:10F85000D3589F464B4D01262E70077842781202EE
:10F860003A4383781B0413431A00C3781B061343DF
:10F87000012202710022427151321A7007784278D7
:10F8800012023A4383781B0413431A00C3781B0601
:10F8900013430179427912020A439446013292B22B
:10F8A0000271120A42712778617809023943A278FD
:10F8B00012040A431100E27812060A4352787F21AB
:10F8C0000A4061465A54FFF793F92D48FCF77EFC35
:10F8D0002E70FFF7C3F901222A4B1A704CE0294D14
:10F8E00001262E700778427812023A4383781B046F
:10F8F00013431A00C3781B0613430122027100222E
:10F90000427151321A700778427812023A43837872
:10F910001B0413431A00C3781B0613430179427971
:10F9200012020A439446013292B20271120A4271E3
:10F930002778617809023943A27812040A4311003A
:10F94000E27812060A4352787F210A4061465A54EF
:10F95000FFF74EF90A48FCF739FC2E70FFF77EF9E5
:10F960000122084B1A7007E00122064B1A7003E0CF
:10F9700012211120FFF722FAF8BDC0460C2F0020FB
:10F9800010270000082F00201545002034450020D6
:10F99000548F010870B501F0BFFC040001F0C0FCF9
:10F9A00005002F4B1B88002B09D02E4A2C4B1A80A8
:10F9B000227963791B021343042B13D00DE001233A
:10F9C000294A13700421294A1170294A1370227997
:10F9D00063791B021343042B0FD013211420FFF76C
:10F9E000EDF93CE0204B1B7802229343012B04D01D
:10F9F00022211420FFF7E2F931E020786278120228
:10FA00000243A3781B0413431A00E3781B06134335
:10FA10005A7811049A7812028A18DB78D218154B9A
:10FA20009A4218D1FEF772FD0122134B1A70287802
:10FA30006A7812020243AB781B0413431A00EB7876
:10FA40001B06134301222A7100226A7154321A7074
:10FA5000FFF7CEF803E031211420FFF7AFF970BDB6
:10FA60000C2F002010270000082F00201545002033
:10FA700034450020FFFFFF00122F0020F0B55F4645
:10FA800056464D464446F0B48DB001F045FC0500A5
:10FA900001F046FC0400D24B1B88002B03D0D14A56
:10FAA000CF4B1A8007E00123CF4A13700421CF4ABD
:10FAB0001170CF4A13702A796B791B021343023BF2
:10FAC0009BB2012B04D913211920FFF777F965E2C6
:10FAD00028786A7812020243AB781B0413431A0099
:10FAE000EB781B06134399785B78022B00D194E0E6
:10FAF0000A2B00D188E1012B00D04BE2012268469D
:10FB0000FEF74CFB2078627812020243A3781B04B4
:10FB100013431A00E3781B061343012222710022CB
:10FB2000627159321A702078627812020243A37807
:10FB30001B0413431A00E3781B06134322796779E9
:10FB40003F0217437A1C92B22271120A62712E7818
:10FB5000697809023143AA7812040A431100EA784D
:10FB600012060A435278DA5520786278120202436C
:10FB7000A3781B0413431A00E3781B06134322796E
:10FB80006179090211434A1C92B22271120A627110
:10FB9000984A12785A542078627812020243A37865
:10FBA0001B0413431A00E3781B061343227961797F
:10FBB000090211434A1C92B22271120A6271012297
:10FBC0005A542078627812020243A3781B0413432C
:10FBD0001A00E3781B061343227961790902114365
:10FBE0004A1C92B22271120A6271834A12785A54E4
:10FBF00028786A7812020243AB781B0413431A0078
:10FC0000EB781B0613435B787F2B02D8FEF7F0FFDF
:10FC1000C4E10022794B1A70C0E1022207A8FEF766
:10FC2000BDFA2078627812020243A3781B041343C2
:10FC30001A00E3781B06134301222271002262712D
:10FC400059321A702078627812020243A3781B049A
:10FC500013431A00E3781B061343227967793F02A6
:10FC600017437A1C92B22271120A62712E78697857
:10FC700009023143AA7812040A431100EA781206F5
:10FC80000A435278DA552078627812020243A37848
:10FC90001B0413431A00E3781B061343227961798E
:10FCA000090211434A1C92B22271120A6271514A2E
:10FCB00012785A54504B1B78002B7BD00026504FA3
:10FCC000504B99464C4B984620786278120202437A
:10FCD000A3781B0413431A00E3781B06134321790E
:10FCE000627912020A439246013292B22271120ADA
:10FCF000627107AA925D934692009446D25D624675
:10FD0000B9184A7850461A542378627812021A4376
:10FD1000A3781B041A43E3781B0613432279924607
:10FD2000627912025046104382460200013292B2BA
:10FD30002271120A62716246D25D487850461A54A6
:10FD40002378627812021A43A3781B041A43E378DB
:10FD50001B061343227994466279120260461043CF
:10FD60000200013292B22271120A62718A781A5428
:10FD70002378627812021A43A3781B0413431A00F3
:10FD8000E3781B06134322796179090211434A1C67
:10FD900092B22271120A62719A468A4458464844C5
:10FDA000FEF7DCF9534618700136F6B243461B786D
:10FDB000B34289D828786A7812020243AB781B04D0
:10FDC00013431A00EB781B0613435B787F2B02D892
:10FDD000FEF70EFFE2E00022084B1A70DEE0C0469C
:10FDE0000C2F002010270000082F002015450020B0
:10FDF000344500204733002068330020114500209F
:10FE000004B001087434002007A8FEF709FA20782E
:10FE1000627812020243A3781B0413431A00E378AA
:10FE20001B061343012222710022627159321A709B
:10FE30002078627812020243A3781B0413431A004D
:10FE4000E3781B061343227967793F0217437A1C34
:10FE500092B22271120A62712E78697809023143D6
:10FE6000AA7812040A431100EA7812060A4352786B
:10FE7000DA552078627812020243A3781B041343F8
:10FE80001A00E3781B0613432279617909021143B2
:10FE90004A1C92B22271120A6271444A12785A5470
:10FEA000434B1B78002B72D00025424E424B9846A4
:10FEB0003F4B9A462078627812020243A3781B04D3
:10FEC00013431A00E3781B06134321796279120267
:10FED0000A431700013292B22271120A627107AA14
:10FEE000505D82009446925D6246B1184A78DA55B8
:10FEF0002378627812021A43A3781B041A43E3782A
:10FF00001B061343994627796279120217437A1C1C
:10FF100092B22271120A62716246925D4B784B4630
:10FF2000DA552378627812021A43A3781B041A4325
:10FF3000E3781B061343227967793F0217437A1C43
:10FF400092B22271120A62718A78DA552378627845
:10FF500012021A43A3781B0413431A00E3781B060A
:10FF6000134322796179090211434A1C92B222712A
:10FF7000120A6271994689444044FEF7EFF84B46F5
:10FF800018700135EDB253461B78AB4292D8FEF79C
:10FF90002FFE03E012211920FEF710FF0DB03CBC2C
:10FFA00090469946A246AB46F0BDC0464733002076
:10FFB0007034002004B0010874340020F8B501F05A
:10FFC000ABF9040001F0ACF90122884B1A70884BA0
:10FFD0001B88002B03D0874A854B1A8007E001233A
:10FFE000854A13700421854A1170854A137022795D
:10FFF00063791B021343032B04D013212220FEF745
:020000040801F1
:10000000DDFEF1E02078627812020243A3781B043F
:1000100013431A00E3781B061343597809029B78AF
:10002000591889B2774B1F78002F2AD0764B1A784F
:100030005B781B021343994200D1C6E00120724D48
:100040001A239C4618E006000130634673435C5D4A
:10005000EB185B781B02234399420DD11A235E43B0
:10006000694B9E19B378002B09D0022B07D03121A0
:100070002220FEF7A3FEB7E0C2B2BA42E3D3BA42EF
:1000800005D131212220FEF799FEADE000221600B5
:100090001A2757435C4BDF19FD783B791B022B4332
:1000A00018007C79240423000343BC7924061C43F4
:1000B00017D02378002B0FD051480578AB4209D0D8
:1000C000002301E0A84205D00133DBB2E05C002848
:1000D000F8D101E0002D04D131212220FEF76EFE7F
:1000E00082E01A277743484BDF19FD793B7A1B02E0
:1000F0002B4318007C7A240423000343BC7A240693
:100100001C4317D02378002B0FD03C480578AB4216
:1001100009D0002301E0A84205D00133DBB2E05C46
:100120000028F8D101E0002D04D133212220FEF770
:1001300045FE59E0354B994223D11A237343324887
:10014000C3189B78002B0ED11A335E438619B57DF8
:10015000F07D00022843337E1B0403431800737EA6
:100160001B06034309E01A20464327488619347DBD
:10017000737D1B02234326481B1808241B48047068
:1001800029E01A2373432048C3189B78002B0ED113
:100190001A335E438619B57DF07D00022843337E15
:1001A0001B0403431800737E1B06034309E01A2057
:1001B000464315488619347D737D1B02234314483A
:1001C0001B1808240948047005E00F4B9B78002B8E
:1001D00000D15BE703E02220FEF722FF04E00022CB
:1001E000022B00D153E742E7F8BDC0460A2F00209A
:1001F0000C2F002010270000082F0020154500209C
:1002000034450020DF000020B48F010887F1000092
:10021000142F002010B501F07FF8040001F080F8E1
:10022000614B1B88002B09D0604A5F4B1A802279F2
:1002300063791B021343022B10D118E001235C4A9F
:10024000137004215B4A11705B4A13702279637941
:100250001B021343022B00D0A0E00DE0062B06D0BA
:100260001122564B1A700D3A524B1A7091E0504BB6
:100270001B78023B012B06D90E22504B1A700A3A0A
:100280004C4B1A7062E02078627812020243A37825
:100290001B0413431A00E3781B0613435B787F2289
:1002A0001340012B02D0022B1DD040E0444B1B78A1
:1002B000012B0ED1434B1B78022B0AD9424B1B88D2
:1002C000002B06D00B223D4B1A70073A394B1A709F
:1002D00046E001223D4B1A700132384B1A7002324F
:1002E000344B1A702EE0394B1B78002B06D10D22AF
:1002F000324B1A70093A2F4B1A7040E02F4C0623EC
:1003000023702720FFF7D8F82378092B06D1012284
:10031000284B1A7000222D4B1A700FE000212B4A37
:100320001170112B3ED89B00294AD3589F461022AA
:10033000224B1A700C3A1F4B1A700CE02720FEF764
:100340009BFC2FE02720FEF739FF2BE07F212720A1
:10035000FEF734FD26E012212720FEF72FFD21E0D5
:1003600036212720FEF72AFD1CE035212720FEF745
:1003700025FD17E037212720FEF720FD12E024217C
:100380002720FEF71BFD0DE022212720FEF716FD9A
:1003900008E013212720FEF711FD03E0062B00D013
:1003A0005EE769E710BDC0460C2F00201027000053
:1003B000082F00201545002034450020092F00207B
:1003C000104500200B2F0020920000200F2F00204E
:1003D0006C8F010810B582B000F09EFF040000F0A1
:1003E0009FFF00226B46DA7101236A469371614ACE
:1003F0001370614B1B88002B09D0604A5E4B1A803A
:10040000227963791B021343022B0ED915E00123D5
:100410005B4A137004215B4A11705B4A13702279A6
:1004200063791B021343022B0BD80322514B1A7022
:1004300013212820FEF7C2FC9AE0514B1B78032BB6
:1004400007D004224B4B1A707E212820FEF7B6FC01
:100450008EE02078627812020243A3781B041343D3
:100460001A00E3781B0613435A787F210A40012AB9
:100470001DD0002A04D0022A30D0032A45D05BE0E8
:100480009B78012B0FD106223A4B1A7000F070FDB9
:1004900000F092FD01226B46991D0520FDF78CFCB2
:1004A000012865D150E00222324B1A705CE09B7843
:1004B000012B0FD107222F4B1A7000F07DFD00F0A9
:1004C0005DFD01226B46D91D0520FDF775FC012855
:1004D0004ED13DE00222274B1A7045E09B78012B5C
:1004E0000FD10822234B1A7000F04EFD00F040FDA2
:1004F00001226B46991D0520FDF75EFC012837D1CE
:100500002AE002221B4B1A702EE09B78012B0FD1A0
:100510000922184B1A7000F037FD00F02FFD012260
:100520006B46D91D0520FDF747FC012820D117E0B7
:100530000222104B1A7017E005220E4B1A7012217E
:100540002820FEF73BFC13E02820FEF795FB0FE088
:100550002820FEF791FB0BE02820FEF78DFB07E03B
:100560002820FEF789FB03E031212820FEF726FC36
:1005700002B010BD102F00200C2F0020102700000B
:10058000082F00201545002034450020F0B54F46C7
:100590004646C0B483B000F0BFFE040000F0C0FEC9
:1005A0002078627812020243A3781B0413431A00D6
:1005B000E3781B061343587800029B78181880B222
:1005C00000282ED100226B465A716B46991DFF23DD
:1005D0000B706A46D37101220130FDF7EDFB012853
:1005E00000D06BE101226B46D91D0130FDF7E4FB21
:1005F000012800D062E101226B46591D0330FDF74E
:10060000DBFB012800D059E101226B46591D043063
:10061000FDF7D2FB002800D150E12E20FEF770FD3F
:100620004CE101282ED101226B465A716B46991D6F
:10063000AA230B70CB326B46DA71CB3AFDF7BCFBC9
:10064000012800D03AE101226B46D91D0130FDF7A7
:10065000B3FB012800D031E101226B46591D033064
:10066000FDF7AAFB012800D028E101226B46591DA5
:100670000430FDF7A1FB012800D01FE12D30FEF76B
:100680003FFD1BE103282ED100226B465A716B46B9
:10069000991DFF230B706A46D37101220238FDF7C2
:1006A0008BFB012800D009E101226B46D91D0130E6
:1006B000FDF782FB012800D000E101226B46591DA5
:1006C0000330FDF779FB012800D0F7E001226B46EB
:1006D000591D0430FDF770FB002800D1EEE02E20FC
:1006E000FEF70EFDEAE0784B1B88002B03D0774A1B
:1006F000754B1A8007E00123754A13700421754A6F
:100700001170754A1370227963791B02134399465D
:10071000032B11D9714B1B789C46002B2ED0704BAC
:100720001A785B781B021343984200D1BEE0012285
:100730006B4E1A2398461CE013212E20FEF73EFB39
:10074000BCE01700013243467B43995DF3185B78A8
:100750001B020B4398420CD11A235F43604BDF19F5
:10076000BB78013B012B07D931212E20FEF726FB58
:10077000A4E0D5B26545E4D3654504D131212E20EE
:10078000FEF71CFB9AE02F001A236B43544AD31840
:10079000DA7CD31C994504D013212E20FEF70EFBE2
:1007A0008CE01A235D434E4B5D19EE7A2B7B1B02C6
:1007B00033431900687B000403000B43A87B000649
:1007C000184318D00378002B10D043490D78AB4262
:1007D00009D0002301E0A94206D00133DBB2C15C9D
:1007E0000029F8D102E00023002D05D131212E206F
:1007F000FEF7E4FA62E000231A257D4338494D19DB
:10080000EE7B297C090231430800697C0835090424
:100810000143AD7A2D060D4317D0297800290FD05A
:100820002C480678B14209D0002101E0B04205D041
:100830000131C9B2685C0028F8D101E0002E04D172
:1008400033212E20FEF7BAFA38E01A214B4324490F
:10085000CB18187D10335B791B02034321499C465A
:100860008C44002A13D0002126786078000230439F
:10087000A3781B0403431800E3781B060343CB183B
:10088000DB78604643540131CBB29A42ECD892B245
:100890001A235F43124BDF19387D3030C0B26146F6
:1008A000FDF78AFA2E20FEF72BFC07E00C4B9B7815
:1008B000013B0025012B00D865E755E703B00CBCD0
:1008C00090469946F0BDC0460C2F0020102700002E
:1008D000082F00201545002034450020DF000020AF
:1008E000B48F0108142F002010B500F01DFD040086
:1008F00000F01EFD264B1B88002B09D0254A244BF7
:100900001A80227963791B021343022B0ED115E062
:100910000123214A13700421204A1170204A1370C8
:10092000227963791B021343022B0BD002221D4B49
:100930001A7013213E20FEF741FA27E0164B1B7870
:10094000012B07D10622174B1A707F213E20FEF79C
:1009500035FA1BE02078627812020243A3781B0468
:1009600013431A00E3781B0613435B785B0607D03A
:1009700003220C4B1A7012213E20FEF71FFA05E0ED
:100980000422084B1A703E20FEF776F910BDC046CF
:100990000C2F002010270000082F002015450020F4
:1009A000344500200E2F002010B500F0BDFC124B86
:1009B0001B78012B1FD1114B1B78012B03D0104B3F
:1009C0001B78012B17D104784278120222438378D6
:1009D0001B0413431A00C3781B0613431B783E2BDA
:1009E00001D1FFF781FF002000F03AFC0023034A09
:1009F0001370034A137010BD3D45002038350020A8
:100A0000C934002070B582B000F086FC040000F00C
:100A100087FC050001226B46DA7100226B469A7151
:100A20007C4B1B88002B09D07B4A7A4B1A80227999
:100A300063791B021343022B0ED112E00123774A84
:100A400013700421764A1170764A13702279637903
:100A50001B021343022B09D013218520FEF7AEF9A8
:100A6000D6E06E4B1B78023B012B04D92221852056
:100A7000FEF7A4F9CCE02078627812020243A37852
:100A80001B0413431A00E3781B0613435B787F2291
:100A90001340012B02D0022B5BD0B5E001226B4644
:100AA000D91D0420FDF788F901284DD101225E49A6
:100AB0000330FDF73DF928786A7812020243AB78DB
:100AC0001B0413431A00EB781B06134301222A71FF
:100AD00000226A71C5321A7028786A7812020243BD
:100AE000AB781B0413431A00EB781B0613432A79D7
:100AF0006E7936021643721C92B22A71120A6A711A
:100B00002578617809022943A27812040A4311006A
:100B1000E27812060A4352787F210A409A552078DB
:100B2000627812020243A3781B0413431A00E3788D
:100B30001B0613435B787F2B02D8FEF759F867E05A
:100B400000223A4B1A7063E022218520FEF736F925
:100B50005EE001226B46991D0420FDF72DF9012866
:100B60004DD1012230490330FDF7E2F828786A7848
:100B700012020243AB781B0413431A00EB781B06E6
:100B8000134301222A7100226A71C5321A70287833
:100B90006A7812020243AB781B0413431A00EB7805
:100BA0001B0613432A796E7936021643721C92B2E1
:100BB0002A71120A6A712578617809022943A2789C
:100BC00012040A431100E27812060A4352787F2188
:100BD0000A409A552078627812020243A3781B04D7
:100BE00013431A00E3781B0613435B787F2B02D86C
:100BF000FDF7FEFF0CE000220C4B1A7008E02221EA
:100C00008520FEF7DBF803E012218520FEF7D6F8F9
:100C100002B070BD0C2F002010270000082F00200C
:100C20001545002034450020543300201145002094
:100C300010B582B000F070FB040001226B46DA713F
:100C400000226B469A71714B1B78012B0DD1704BB2
:100C50001B780A33DBB2312B02D86D4A137004E0E3
:100C600000236B4A1370694A13706A4B1B78022B7E
:100C70000DD9694B1B88002B06D10022664B1A80C8
:100C80000332644B1A7002E00A3B634A1380634BE1
:100C90001B78012B22D1624B1B88002B1BD1013307
:100CA000604A1370604A13700422604B1A70033A52
:100CB0006B46991D0420FDF73BF801280ED16B46C9
:100CC00006331B78012B09D001226B46D91D033056
:100CD000FDF772F802E00A3B514A1380544B1B782F
:100CE000012B00D08FE0534B1B78012B4ED1207885
:100CF000627812020243A3781B0413431A00E378BC
:100D00001B0613431878222824D00AD8112818D09B
:100D100002D8102812D02FE0142815D0192816D088
:100D20002AE02E281FD004D8272816D0282817D02C
:100D300022E03E281AD085281BD01DE0FEF744FC97
:100D40001DE0FEF735FD1AE0FEF724FE17E0FEF782
:100D500095FE14E0FFF732F911E0FFF75BFA0EE0C1
:100D6000FFF738FB0BE0FFF711FC08E0FFF7BCFDD5
:100D700005E0FFF747FE02E01121FEF71FF8002013
:100D800000F068FA00222B4B1A703CE02A4B1B78CB
:100D9000012B38D12078627812020243A3781B0419
:100DA00013431A00E3781B0613431B78192B1AD040
:100DB000DAB2192A06D8112B0FD0142B10D0102B11
:100DC0001CD107E0282B14D0DAB2852A14D0222BAC
:100DD00014D10BE0FEF7F8FB10E0FEF7E9FC0DE0A4
:100DE000FEF7D8FD0AE0FEF749FE07E0FFF7E6F858
:100DF00004E0FFF7EFFA01E0FFF704FE00230C4ADE
:100E000013700D4A137002B010BDC046122F00209F
:100E1000112F00200B2F00209200002032450020CF
:100E20000C2F0020082F00203445002015450020FD
:100E300013450020E234002071340020F0B58DB05D
:100E400002AC28220021200007F0F4FC01AE0025AE
:100E50000195304F01220021380002F011F90122E2
:100E60000121380002F00CF92B4F00220821380034
:100E700002F006F901220821380002F067F9002289
:100E80000821380002F0ECF8052333700633737044
:100E9000093BB370F370013BA371204A6261A570F6
:100EA000E570042222701E4A22621E4A6262A66116
:100EB0006371E3711C4A1D4B1A611D4A1D4B1A6177
:100EC0001D4A1E4B1A611E4A1E4B1A6121001E4804
:100ED00001F0C0FC1D4B1D701D4B1D701D4B1D7086
:100EE0001D4B1D701D4B1D701D4B1D7001221D499A
:100EF0000520FCF71DFF1C4C10220021200007F0EC
:100F000099FC08238C221949200000F0CFFD0DB078
:100F1000F0BDC0463000082060000820FE002A0016
:100F2000E4000020FD0F01087C320020CC340020BA
:100F30009833002080330020CC3200200035002080
:100F400088340020EC3400200078004094330020E6
:100F5000E23400207134002038350020C9340020EC
:100F6000CA3500202535002058330020C831002024
:100F70000122014B1A707047253500200022014BD9
:100F80001A7070472535002070B582B0084C2600D5
:100F90003036084DA3686268217860780090280098
:100FA00001F028FC0C34B442F4D102B070BDC0464C
:100FB000140100200078004070B582B0084C260073
:100FC0003036084DA3686268217860780090280068
:100FD00001F010FC0C34B442F4D102B070BDC04634
:100FE000E4000020007800400349A02288588023B4
:100FF00003438B507047C04600780040F0B5574619
:101000004E464546E0B40600884692460B009B05D6
:1010100008D5A023C358DB0704D5FFF7E5FF01225D
:10102000694B1A7043461B0400D58CE092E03900EE
:10103000300001F08FFB3968FC23DB0099421DD1A1
:10104000624B1B691A78022A09D15B783E2B06D1C4
:10105000013A5F4B1A7000225E4B1A7005E00122C4
:101060005D4B1A7000225D4B1A7001225C4B1A70A6
:1010700000235C4A13705C4A137065E05B4B994235
:101080001DD1524B1B691A78022A09D15B783E2B7D
:1010900006D100224E4B1A7001324E4B1A7005E0F9
:1010A00000224D4B1A7001324C4B1A7001224C4BEE
:1010B0001A7000234B4A13704B4A137044E0FA2312
:1010C000DB0099420ED10023434A1370434A137048
:1010D0000121454A11703E4A13703E4A1370414A3D
:1010E000137031E0424B99421FD8424B9C46374B1C
:1010F00099466346484634C834C314C814C3002311
:101100003548037035480370374803703048037022
:10111000304803700120334B18704B465B7A4A46C7
:101120001269354800F0F0FC0EE000232A4A1370E3
:101130002A4A1370264A1370264A1370294A1370DC
:10114000294A137000E0214FA023F3589B019B0F05
:1011500000D06CE743465B050FD5A023F258C023AF
:101160009B021A4209D0A023F3589B0405D4A02265
:10117000B3588021C9000B43B3504346DB031DD550
:101180005346062B1AD89B001C4AD3589F4601226F
:101190000D4B5A7012E001220B4B9A700EE00122A7
:1011A000094BDA700AE00122074B1A7106E00122AE
:1011B000054B5A7102E00122034B9A711CBC904608
:1011C0009946A246F0BDC04614330020803300206B
:1011D00038350020C9340020E2340020713400206A
:1011E00094330020CA350020D4050020DF0700001A
:1011F000FF060000EC340020583300206C900108FA
:1012000010B5104B1B78012B07D10F4B0A689A427F
:1012100003D8012201F038FA12E00A680B4B1340A0
:10122000BD24E400A34203D1012201F02DFA07E01E
:10123000074B9C466244032A02D8012201F024FA9B
:1012400010BDC04625350020FF060000FFFDFFFF52
:101250002FF8FFFF014B18707047C0461345002060
:10126000014B18707047C0463D45002000231B48C5
:1012700000221B491A545A540133882BFAD10023F7
:101280001848002218491A545A540133082BFAD12D
:10129000164A124B136000239380D380144A1049DE
:1012A00011609380D380134A0E4911609380D380DC
:1012B000114A0D4911609380D380104A13600122B6
:1012C0000F490A700F490A700F490A700F4A1380BC
:1012D0000F4A13800F4B00221A707047CC2F00204A
:1012E00054300020B42F0020A02F0020942F002085
:1012F000A82F0020BC2F0020DC300020C82F0020A9
:101300001C4500203E4500202C4500203045002093
:101310002E4500201145002000487047942F0020E2
:1013200000487047A82F002000487047BC2F0020BD
:1013300000487047DC30002070B5437A082B15D088
:1013400019000822D31A002B0EDD00220023FF26ED
:1013500008250469A446624456540133DBB21A00DE
:10136000417A6C1AA342F4DB0823437270BDC04675
:10137000F0B5474680B41A4B1B691B780F22134007
:101380005A1E062A29D802689BB213710023537192
:10139000134B1B691A7812071CD00025104A94467B
:1013A0000F275B195B7898460668347872781202CA
:1013B0002243B3781B0413431A00F3781B0613432C
:1013C00042465A550135EDB263461B691A783A40D8
:1013D0009542E6DB0522034B1A7004BC9046F0BD33
:1013E0008033002011450020F0B5184B1A6913789E
:1013F0001B025178F02212011A405218072A23DDED
:1014000002681B0511711B0F537100250F4B9C4681
:1014100063461B695B199F780668347872781202FC
:101420002243B3781B0413431A00F3781B061343BB
:101430005F550135062DEBD1036806229A71002213
:10144000DA710232024B1A70F0BDC04680330020C0
:1014500011450020F0B5474680B40468444B1F692D
:10146000A379E5792D021D433B780F261E40072105
:101470002800F7F725FE80B201300F23184086427E
:101480004CD100223B4B1A80394B5B7A012B2DD972
:10149000227963791B0213439D424CD326E06246B6
:1014A0001269925D90462578617809022943A278F5
:1014B00012040A431100E27812060A434146D1544D
:1014C000A279E3791B02134301339BB2A3711A0A79
:1014D000E2710136082E09D0797AF2B2914205D92B
:1014E0002179627912020A439A42D8D80322224B08
:1014F0001A70A079E1790902227963791B0201430C
:1015000013430920994230D301231C4A13701C4A0B
:1015100013700522184B1A70083826E00122174B69
:101520001A70002323716371A371E371124B0022BF
:101530001A70092019E07E7820786278120202433E
:10154000A3781B0413431A00E3781B0613435E556C
:10155000A279E3791B02134301339BB2A3711A0AE8
:10156000E2710226024FBC46B6E704BC9046F0BDCD
:10157000803300202E450020114500201C4500200E
:101580001345002010B582B0614B0193614B00936D
:10159000614B1B78002B17D1604BDB88062B13D1D6
:1015A0005F4A13880A339BB213805E4A93420BD979
:1015B0000122594B1A70594A00239380D380584A0C
:1015C0001380594B00221A70584B1B78002B17D1EF
:1015D000574B1B78012B13D1564A13880A339BB201
:1015E0001380504A93420BD90122504B1A70484A3B
:1015F00000239380D3804F4A13804B4B00221A70F4
:101600004D4B1B78012B03D04C4B1B78012B17D172
:101610004B4B1B78012B13D14A4B1B691B781B09C1
:101620000BD1414B1B78002B07D10124464B1C707A
:101630006846FFF79DFE454B1C700022404B1A7018
:10164000434B1B78012B03D0424B1B78012B5CD101
:101650003B4B1B78012B58D13A4B1B691B781B095C
:10166000012B13D0002B04D0022B37D0032B23D017
:1016700048E02D4B1B78002B44D10124364B1C70C5
:1016800001A8FFF775FE354B1C703BE0264B1B781D
:10169000002B37D10322304B1A7001A8FFF7A4FEAC
:1016A0000023224A1370224A1370294A1370294AD0
:1016B0001370FDF79DFA25E01B4B1B78082B21D1F9
:1016C0000422194B1A70023A234B1A700023204A45
:1016D0001370204A1370FDF78BFA13E0124B1B783E
:1016E0000A2B01D0032B0DD1104B1B78002B09D1F5
:1016F0000F4B1B78012B05D10122174B1A7001A843
:10170000FFF7A8FE00220E4B1A7002B010BDC046B3
:10171000942F0020BC2F00202C450020A82F002053
:1017200030450020CF070000114500201C45002057
:101730003E4500202E45002038350020C9340020C9
:1017400094330020803300203C4500203D4500209C
:10175000E23400207134002024450020134500208D
:1017600010B5094CFD23DB00236000236373E37293
:101770002000FFF7E1FD08236372012221000348E6
:10178000FFF73EFD10BDC046CC340020007800407D
:1017900070B505001D4B1B6902791A7000241B4EA1
:1017A00028786A7812020243AB781B0413431A00AC
:1017B000EB781B0613431A5D33691B195A70013409
:1017C000E4B22A796B791B021343A2B29A42E7D999
:1017D0000E4C013363722000FFF7C2FF00232B7110
:1017E0006B71AB71EB7123691A78032A09D15A78AE
:1017F0007F2A06D1DB78782B03D1783A044B1A7014
:1018000002E00022024B1A7070BDC046CC340020AA
:101810001145002070B5204B1A6913781909012968
:1018200011D10E310B4052789B183224822B14DCDC
:10183000A0231A4AD458A403A40F033C6242624175
:101840003032140009E0A023144AD458A403A40F92
:10185000033C6242624130321400114D2B691C700E
:1018600012232A695370063B2A699370093B6B72F5
:1018700000236B73FD23DB002B602800FFF75CFD6A
:1018800008236B72012229000448FFF7B9FC0A22E1
:10189000044B1A70200070BD803300200078004097
:1018A000CC3400201145002010B50400FD23DB00DE
:1018B000036000234373FFF73FFD0122210002482C
:1018C000FFF79EFC10BDC0460078004070B50500D3
:1018D000154A43790F210B40103311690B701369BE
:1018E00002795A700024104E28786A781202024356
:1018F000AB781B0413431A00EB781B0613431A5DE5
:1019000033691B199A700134062CEDD10623AB7193
:101910000023EB71044802344472FFF7C5FF034B08
:101920001D60034B1C7070BDCC340020C82F0020FC
:1019300011450020F8B5334B1C68002C60D0324BA9
:101940001D69A379E079000218430721F7F7B8FB76
:1019500001300F23184020302870A279E3791B0250
:1019600013432179627912020A43934223D201265A
:10197000254F2578617809022943A27812040A4389
:101980001100E27812060A43D35C3A699355A279B2
:10199000E3791B02134301339BB2A3711A0AE2716C
:1019A000F5B2072E08D001362179627912020A4376
:1019B0009A42DED800E00025134801354572FFF752
:1019C00073FF0922114B1A70A079E179090222797B
:1019D00063791B02014313430020994211D3002570
:1019E000084B1D60002323716371A371E371012211
:1019F000074B1A70FDF718F9044B1D70012000E029
:101A00000020F8BDC82F0020CC3400201145002054
:101A10002C45002010B51E4B9A88531E9BB2062BF6
:101A200005D81B48FFF7B4FEFDF7FEF82EE0072AA5
:101A300012D9174BDB88002B0AD11548FFF746FF58
:101A40000023144A1370144A1380FDF7EDF81DE0CB
:101A50000F48FFF76FFF19E0104B1B78022B0AD1DC
:101A6000FFF7D8FE01220E4B1A7000220D4B1A8090
:101A7000FDF7DAF80AE00C4B9B88013B9BB2062B82
:101A800004D80948FFF784FEFDF7CEF810BDC04624
:101A9000A82F00202C4500203045002011450020B3
:101AA0003E4500202E450020DC30002070B5041E8D
:101AB00015D0002915D00120002A13D09D1DAA425F
:101AC00010D32260E160A36029001000F7F7F8FA54
:101AD000207100236371A371E371002002E00120F3
:101AE00000E0012070BDC046002809D042790323E0
:101AF000002A06D0017900238A425B415B0000E0A6
:101B0000012318007047C046F0B557464E46C0B492
:101B100083B00700894614000193002842D0002AB0
:101B200042D08268924601209A423ED33800FFF7A5
:101B3000DBFF022839D03D79002D13D0FE685146D5
:101B400006313378002B0AD0002303E07618327870
:101B5000002A06D00133DBB2AB42F7D102E0002508
:101B600000E01D00B01D019A210006F025FE4B4645
:101B7000B3704B461B0AF3704B461B0C33714B463C
:101B80001B0E737101233370BB689A1DFB7953439D
:101B9000FA68944663445D70FD717B7901337B7113
:101BA000002002E0012000E0012003B00CBC9146BF
:101BB0009A46F0BDF0B55F4656464D46E0B482B059
:101BC000071E894601929A4658D0002A58D053469B
:101BD000002B57D0FFF788FF032803D1002352467C
:101BE00013605BE0BD79FB689C46BB689B46981D13
:101BF00000E0150004006C436444A378E27812020C
:101C00001A4323791B0413431A0063791B061343F9
:101C10004B453ED062782E00FB79AB42E9D133E0F0
:101C200053465A461A60A11D53461A68019806F099
:101C3000C3FD002323707B79013B7B713800FFF7E4
:101C400053FF032804D10023BB71FB71002025E062
:101C5000BB79AB4203D16378BB7100201EE0FB79F6
:101C6000AB4202D1FE71002018E06278BB680633F7
:101C70007343F968CB185A7000200FE001200DE083
:101C800001200BE0012009E00023524613600120EF
:101C900004E053461B689B45C2D3C4E702B01CBC9A
:101CA00091469A46A346F0BDF0B583B00C005307A9
:101CB0000ED5B54B06221A700022B4494A701A722A
:101CC0005A721A74DA73B24A516A04230B4353628C
:101CD000E30700D423E100230193AD4802F020FD87
:101CE000AA4B5B78012B16D1A74B5A7A5A7A01324C
:101CF000D2B25A725A7A997AD3B28B4200D00EE19C
:101D0000A14B1B78072B00D009E19F4B00221A70D2
:101D10000132DA7303E1C5B29B4B1B78042B0BD164
:101D2000552D03D10622984B1A70F8E0964B0022ED
:101D30001A701A74DA73F2E0934B1B78062B00D0FA
:101D4000A2E03F262E40B207D20FF706FF0F33075F
:101D5000DB0F53407B4071094B40DB43DB013343D6
:101D60001800DB07DB0F7A4053404107C90F4B4097
:101D70001A00012313409B010343DBB29D427DD136
:101D8000844B187800280FD0834B1B78B34211D0B6
:101D9000824B002104E004331A1F1278B2420AD0A9
:101DA0000131C9B28142F6D1774B00221A701A7400
:101DB000DA73B4E00021754F8900774BC91804220B
:101DC000380006F0F9FC704B9D735E737B78012B35
:101DD00049D16E4BDB7801936B4B5A6801AB3100F4
:101DE0006F48FFF7E7FE002804D1684BDA78019BC3
:101DF0009A4205D0644B00221A701A74DA738EE08E
:101E0000614B072119709A725D68997A69185F4B66
:101E10009A7800239A4201D15B4B9B7B5A4A927A73
:101E2000D2B29BB2002A0ED02800013AD2B20132BF
:101E3000AA1805785B199BB2FF2B01D9FF3B9BB217
:101E400001308242F5D1DB430B704F4A937A013364
:101E5000DBB293720023137253724D4AD16902337D
:101E60000B43D3615BE0484A08231370474BDB7890
:101E70000133DBB2D3720023537250E0424B002295
:101E80001A701A74DA734AE03F4B1B78082B46D15C
:101E90003D4A537AD27ADBB2934208D23A4A537A15
:101EA000DBB25168CD54537A0133DBB25372364AF8
:101EB000537AD27ADBB2934231D1344B9A780023F1
:101EC000002A01D1304B9B7B2F4AD07AC0B2526896
:101ED0009BB201280ED011000238C5B20135551948
:101EE00008781B189BB2FF2B01D9FF3B9BB2013135
:101EF000A942F5D12449497A51180139DB430978BF
:101F0000DBB2994206D120494B7A013B497B2548F7
:101F1000FFF7FAFD1C4B00221A7001321A74A30657
:101F20002FD51A4B5B78012B2BD1174B1B78072B26
:101F300022D1154A137A927ADBB2934216D2124C0E
:101F4000237ADBB26268D15C114802F0D3FB237ABA
:101F50000133DBB22372237AA27ADBB2934210D12F
:101F60000B4AD36902218B43D3610AE0084AD36943
:101F700002218B43D36104E0054AD36902218B43DC
:101F8000D36103B0F0BDC0466C330020CC350020D7
:101F900000900140E63000201C3300202033002058
:101FA00028350020BC32002010B50122052103484D
:101FB00001F056F80A20FAF709F910BD6000082070
:101FC00070B584B010220021684606F033FC334C13
:101FD00000220521200001F053F8012205212000F4
:101FE00001F0B4F800220521200001F039F80122A7
:101FF0000321200001F044F801220221200001F019
:102000003FF8FFF7D1FF9623DB01009308236A46D0
:10201000137100255571957115720126D67155728F
:102020001F4B03931F4C6946200002F0ADFB1E4B73
:102030001E4A5A601D701D74DD731D4B1E70E36DCA
:10204000FE229343163A1343E365E369B3431E4309
:10205000E661E369E63A9343E361164B3E32C02101
:1020600049005A501A60144C303A0021200006F002
:10207000E1FB08238C2211492000FFF717FD104CCB
:1020800010220021200006F0D5FB08238C220D49E8
:102090002000FFF70BFD04B070BDC04660000820B3
:1020A000A91C0108009001406C330020D8330020A7
:1020B000E730002000E100E0BC320020E4330020E3
:1020C000283500203C350020F0B5174C2778002F2C
:1020D0001BD0164C247884420CD0154D002404E00B
:1020E00004352E1F3678864205D00134E4B2BC4256
:1020F000F6D108E00024A4000C4804196170A27015
:10210000E37001200EE00A2F0BD0084DBC00605593
:10211000281941708270C3700137034B1F70012072
:1021200000E00020F0BDC046E63000201C33002057
:102130002033002010B5114B186008205872002081
:10214000587318690170080A1C696070080C1C69D2
:10215000A070090E1869C17019690A71110A18690D
:102160004171110C18698171120E1969CA7101222D
:1021700019000348FFF744F810BDC04600350020A1
:102180000078004010B5130001394A1E9141C9B2D0
:102190000022FFF799FF10BD10B582B06B46197091
:1021A0000B0A6C4663700B0CA370090EE170227170
:1021B000130A6371130CA371120EE27108236A46AD
:1021C00001000248FFF7A0FC02B010BD2835002036
:1021D00000B583B00A000823019301AB0100044855
:1021E000FFF7E8FC43425841C0B203B000BDC0460F
:1021F0005833002000B583B00A000823019301ABD7
:1022000001000448FFF7D6FC43425841C0B203B076
:1022100000BDC046BC32002010B5054B99699961DC
:10222000044B1B68002B02D000220148984710BDC8
:1022300000500040E830002070B504000D0001217E
:10224000222000F03BFC0121222000F06BFCA3685F
:10225000297809034E4A13400B43A36063686978E9
:10226000C9034C4A13400B4363606368A978890330
:10227000494A13400B4363606368E9784903474A5E
:1022800013400B436360636829790903444A134090
:102290000B43636063686979C902424A13400B4388
:1022A00063606368A97909063F4A13400B43636082
:1022B0006368E97909023D4A13400B436360636830
:1022C000297B09053A4A13400B4363606368697BC5
:1022D0004905384A13400B4363606368297C8905CC
:1022E000354A13400B436360AB7B002B04D1E26A99
:1022F000324B1340E36207E0E16A013BDBB21B05AE
:102300002E4A0A401343E362EB7B002B04D1A26BFD
:102310002B4B1340A36307E0A16B013BDBB21B0512
:10232000274A0A401343A363FF2323409B00254A07
:10233000696999506368297A0904234A13400B4359
:1023400063606368697A4904204A13400B43636001
:10235000AB7A012B04D1802292041D4B1A6008E055
:102360008021890480231A4AD150BFF34F8FBFF3D5
:102370006F8F6368E97AC904164A13400B436360A0
:10238000A368012293432A7E1343A36070BDC04615
:10239000FF0FFFFFFF7FFFFFFFBFFFFFFFDFFFFF1D
:1023A000FFEFFFFFFFF7FFFFFFFFFFFEFFF8FFFF5D
:1023B000FFFFEFFFFFFFDFFFFFFFBFFFFFFF0FFF8D
:1023C000FFFFCFFFEC300020FFFFFEFFFFFFFDFF10
:1023D00000E100E0FFFFF7FF70B5092909D80569A2
:1023E0004C0064180726A640B543A2402A43026168
:1023F00009E0C5684C0064181E3C0726A640B5439A
:10240000A2402A43C260052B09D8446B9A00D31816
:102410001F229A40944399402143416309E0026B93
:102420009C00E3181E3B1F249C40A243994011438B
:10243000016370BD70B5092909D805694C0064189D
:102440000726A640B543A2402A43026109E0C568B9
:102450004C0064181E3C0726A640B543A2402A4300
:10246000C260826B9C00E3181F249C40A2439940E9
:102470001143816370BDC04610B5064B1968CA434D
:102480001A60054B1B68002B02D0002201489847B8
:1024900010BDC04600300040EC30002070B50E4B3F
:1024A000C3189B031B0EA42284580C4921400C4DD9
:1024B0005E00F418A400615184580C438450F31852
:1024C0009B00EB189B68002B04D00C32825812063C
:1024D000520F984770BDC0460088FFBF00FFD5006F
:1024E000F030002010B50248FFF7D8FF10BDC046FD
:1024F000007800400F4BC3189B031B0E5A00D318E3
:102500009B000D4AD3181B79002B10D1002907D14D
:10251000A433C258C258802109010A43C25006E0C0
:10252000A423C258C2588021C9000A43C2500020C7
:102530007047C0460088FFBFF030002030B500294A
:102540000BD10022A024802149010C4D03590B42DC
:102550000FD00132AA42F9D10BE00022A0240321BE
:10256000064D03591B0C0B40032B02D10132AA422A
:10257000F7D1034890428041404230BDA18601001E
:102580009F860100082816D90938C3B2062B11D836
:102590009800094B1B589F460C200CE010200AE0C5
:1025A000142008E0182006E0202004E0302002E09B
:1025B000402000E0002070478890010870B50500B9
:1025C0000C00161E05D1A02281582C4B0B408350C5
:1025D00005E0A0228358802109020B438350236821
:1025E000DA00D208264BEB189B031B0E5900CB18C0
:1025F0009B002449CB185B79002B02D080231B065B
:102600001A432A65637A0F221340A27A002A01D066
:1026100010221343227B002A01D040221343E27A86
:10262000002A03D040229343203A1343627B002ABE
:1026300001D0802213436B65237B002B14D1607A79
:10264000002811D02369002B0ED0FFF79BFF002834
:102650000AD000239A082169C958163292005151B4
:102660000433DBB29842F5D8012E05D1A022AB5835
:102670008021C9030B43AB5070BDC046FF7FFFFFF5
:102680000088FFBFF0300020F8B507000D001400EF
:102690002E4BC618B603360E73009B199B002C4AAE
:1026A000D3181B79002B10D0002C04D1A023C358C1
:1026B000DB04DB0F06E0A023C3589B039B0F033B07
:1026C0005A425341002B30D104E02100FFF736FF7E
:1026D00000282DD1220029003800FFF76FFFA0232A
:1026E000FB589B041ED4002C06D1A022BB5880218D
:1026F00049010B43BB501EE073009E19B600144BFA
:102700009E19B379012B06D1A022BB588021C900A4
:102710000B43BB500FE0A022BB58802189000B4324
:10272000BB5008E0032040420EE0012040420BE095
:102730000220404208E021003800FFF7DBFE0300E2
:102740000020002B00D00438F8BDC0460088FFBF31
:10275000F030002070B504000D00A023C3589B0189
:102760009B0F0120002B43D02368DB00DB080B60AC
:102770002368DB0F0B7263681B0901210B40AB72EE
:10278000666876090E40EE7263689B090B402B73F6
:102790006268D2090A406A7362680E30104068723B
:1027A000002B1CD100281AD02B69002B17D0FFF763
:1027B000E9FE0100002E05D1011CC0B2082800D995
:1027C0000821C9B200290AD000239A0802329200D7
:1027D00012592869C2500433DBB29942F5D8A36C70
:1027E0006B60A022A358802149050B43A350002011
:1027F00070BDC04670B504AC2678A02405599F3C36
:102800002D0625D5002E1BD0B334065980256D0228
:102810008D403543055105590F26B54329430151D4
:10282000055920218D430551D200D208B8254251C7
:102830000259114301515B005B084351002407E03A
:10284000B4240359802252028A4093430351002446
:10285000200070BDF0B54F464646C0B483B00500B9
:102860000E00894BC718BF0AFBB29946FF231F40D1
:102870007B00DB199B000021844A9950F378012BDF
:1028800003D1484600F0D8F903E00121484600F0A2
:10289000D3F97B00DB197E4AD3185878012100F068
:1028A0000DF901211C2000F03DF9A022A958802338
:1028B0000B43AB50B1690B781A06CB781B04D318C5
:1028C0008A7812029B184A789B18A822AB50B37BD7
:1028D000002B28D0A0202B58F17BC9056D4A13404E
:1028E0000B432B50F1690B781A06CB781B04D318D5
:1028F0008A7812029B184A789B18AC22AB50337C22
:10290000002B10D0B0216858634A0240DB03134308
:102910006B506B58707C0002FE22D20110405F4A5F
:10292000134003436B50336A9846002B14D033781E
:10293000002B11D0002460000019800040448368FF
:1029400042680178407800902800FFF753FF013477
:10295000E4B23378A342EED8A022AB5880218B4357
:10296000AB50B378012B05D1AB588021C9010B4383
:10297000AB5015E0022B05D1A022A9581E330B4302
:10298000AB500DE0032B0BD1A022A9583D330B43D4
:10299000AB50AB58717BC9075B005B080B43AB5076
:1029A000A4216B581B011B09C022D20513436B5095
:1029B0006B58707800063A4A134003436B50A023CB
:1029C000EA58F1790901102082430A43EA50EA5893
:1029D000317AC900083882430A43EA50EA5830790C
:1029E000400530490A400243EA50EA58307B8007EC
:1029F0002D490A400243EA507B00DB199B00234A21
:102A0000D31872799A71726A9A60737A002B19D00E
:102A1000B17A484600F01CF97B00DB199B001B4A89
:102A2000D318727A5A71B4216B58F07A40021F4A57
:102A3000134003436B506A581D4B134080225200D1
:102A400013436B50B379002B19D0A422A958194B0A
:102A50000B4071690B43AB507A00D3199B000B49B3
:102A6000CB18B1791971D719094BFB56002B06DB2E
:102A70001F2213401E3A9A4013000F4A136003B0FE
:102A80000CBC90469946F0BD0088FFBFF030002096
:102A9000A4900108FFFF7FFFFF7FFFFFFF80FFFF84
:102AA000FFFFFFF0FFFFDFFFFFFFFFBFFFFDFFFFA7
:102AB000FFFEFFFF01FFD5FF00E100E082B00190C3
:102AC000019B1F2B13D8012908D101988021C9052A
:102AD0004A680123834013434B6021E00198802121
:102AE000C9054B680122824093434B6018E0019B6B
:102AF000252B15D8019B203B0193012908D1019872
:102B00008021C9058A680123834013438B6007E055
:102B100001988021C9058B680122824093438B6014
:102B200002B0704782B00190019B1F2B13D801297E
:102B300008D101988021C9058A6901238340134384
:102B40008B6121E001988021C9058B6901228240B7
:102B500093438B6118E0019B252B15D8019B203BEB
:102B60000193012908D101988021C905CA6901236F
:102B700083401343CB6107E001988021C905CB69ED
:102B8000012282409343CB6102B070478022D2057C
:102B9000136803218B431843106070478022D205CD
:102BA000136830218B430001184310607047C04602
:102BB0008022D2051168034B0B40000218431060BD
:102BC0007047C046FFFCFFFF8022D2051168034B0F
:102BD0000B400005184310607047C046FFFFEFFF31
:102BE0008021C905034A8B589B009B088007184326
:102BF000885070479088000010B58021C905044AAC
:102C00008C58044B234040061843885010BDC046E2
:102C100090880000FFFFFFC110B58021C905044A5C
:102C20008C58044B2340C0031843885010BDC04645
:102C300090880000FF7F80FF8022D2051068034B40
:102C400003408906194311607047C046FFFFFFFB30
:102C50008022D2051068034B0340490519431160D7
:102C60007047C046FFFF9FFF10B5040001212120DF
:102C7000FFF724FF01212120FFF754FF2A4B1A6898
:102C80002078400229490A4002431A601A68607895
:102C9000800227490A4002431A601A68A078C002DD
:102CA00024490A4002431A601A68E0780003224966
:102CB0000A4002431A601A682079C0031F490A407B
:102CC00002431A601A68607900041D490A400243F1
:102CD0001A601A68A07900051A490A4002431A606E
:102CE0001A68E17909061202120A0A431A605A6840
:102CF000207A800114490A4002435A605A68607A77
:102D0000C00512490A4002435A605A68A07A40023C
:102D10000F490A4002435A605A68E07AC0020D49DE
:102D20000A4002435A6010BD00600140FFFDFFFFF2
:102D3000FFFBFFFFFFF7FFFFFFEFFFFFFF7FFFFF3F
:102D4000FFFFF8FFFFFF8FFF3FFEFFFFFFFF7F80CA
:102D5000FFF9FFFFFFE7FFFF10B500212120FFF77C
:102D6000E1FE00212120FFF7A9FE10BD70B504008F
:102D70000D0001211520FFF7A1FE01211520FFF70D
:102D8000D1FE454BE3189B041B0E9900434AE869AA
:102D90008850A26802210A43A260A2688A43A26006
:102DA0002A68A2616A68E261AA682262AA691202BC
:102DB0000DD0DB003A4AD3181B795BB2002B06DB3F
:102DC0001F2213401E3A9A401300364A136063686C
:102DD00001229343297E0B4363606368697E490047
:102DE000022083430B4363606368A97E890002303D
:102DF00083430B4363602369E97D490002308343C9
:102E00000B4323612369687D400227490B4003433C
:102E100023612369E87C800224490B40034323613A
:102E200023699343297D0B4323612369A87DC00255
:102E30001F490B40034323612369A87B00041D49FC
:102E40000B40034323612369697CC90180208343CC
:102E50000B4323612369A87C000217490B400343FD
:102E600023612369E97BC900182083430B43236155
:102E70002369297C4901483083430B4323616369FB
:102E80001B0C1B04A9890B436361636A9343EA7EAD
:102E90001343636270BDC046C0DFFEBFFC3000203C
:102EA000A890010800E100E0FFFDFFFFFFFBFFFF2E
:102EB000FFE7FFFFFFFFF0FFFFFEFFFF03000068DB
:102EC000420706D59A6802210A439A609A688A43A3
:102ED0009A601A6882431A607047C04610B5064867
:102EE000FFF7ECFF054B1B68002B03D0002201000D
:102EF0000148984710BDC04640200140FC300020EA
:102F000010B50648FFF7DAFF054B5B68002B03D0CE
:102F1000002201000148984710BDC04680200140B2
:102F2000FC30002010B50648FFF7C8FF054B9B6832
:102F3000002B03D0002201000148984710BDC04675
:102F4000C0200140FC30002010B50648FFF7B6FF56
:102F5000054BDB68002B03D0002201000148984795
:102F600010BDC04600210140FC30002010B5094BC7
:102F700019684907C90F0BD01A001B680220834348
:102F80001360054B1B68002B02D0002201489847B4
:102F900010BDC046200000400C310020032808D896
:102FA0001D4B1B69032210408000C3400C321340AC
:102FB00024E0031F032B08D8174B5B690322104042
:102FC0008000C3400C32134018E00300083B032B81
:102FD00008D8114B9B69032210408000C3400C327B
:102FE00013400BE003000C3B022B10D80A4BDB69AB
:102FF000032210408000C3400C321340012B02D04A
:10300000022B02D005E0054804E0054802E005482F
:1030100000E004487047C0466001082030000820E6
:10302000600008200000082010B5054BDA68012474
:103030008440A243DA60DA6881401143D96010BD50
:103040006001082010B5054B9A6801248440A24312
:103050009A609A6881401143996010BD6001082010
:1030600010B5836801248C40A3438A401A438260D0
:1030700010BDC0464068C840012318407047C04694
:1030800010B52B4B984206D02A4B9C4660444442D4
:103090004441600100E010204118C9B209290AD852
:1030A0004B005918244807238B4004689C438A40EE
:1030B000224302603AE013290CD80A39C9B24B0006
:1030C00059181E4807238B4004689C438A402243BA
:1030D00002602BE01D290CD81439C9B24B005918D5
:1030E000174807238B4004689C438A4022430260B0
:1030F0001CE027290CD81E39C9B24B0059181148B9
:1031000007238B4004689C438A40224302600DE001
:1031100029290BD82839C9B24B0059180A48072366
:103120008B4004689C438A402243026010BDC04625
:1031300030000820A0FFF7DF4001082044010820EC
:10314000480108204C0108205001082010B50368F0
:1031500001248C40A3438A401A43026010BDC0463C
:1031600070B50C00494B984206D0494B9C466044D0
:1031700043425841400000E00120032C0DD845494E
:103180000D69032323409B000F269E40B5430D612C
:103190000D6998402843086133E0231F032B0DD8A5
:1031A0003C494D69032323409B000F269E40B543B5
:1031B0004D614D6998402843486122E02300083B57
:1031C000032B0DD833498D69032323409B000F2621
:1031D0009E40B5438D618D6998402843886110E019
:1031E00023000C3B022B0CD82A49CD690323234032
:1031F0009B000F269E40B543CD61CD699840284382
:10320000C861002A04D101212000FFF70DFF10E062
:10321000012A04D101212000FFF714FF09E0022A4E
:1032200007D101212000FFF7FFFE01212000FFF759
:1032300009FF082C04D980221206174B1A601BE0E4
:10324000022C04D98022D205134B1A6014E0012C01
:1032500009D0002C02D0022C0AD00DE080221205E9
:103260000D4B1A6008E0802252050B4B1A6003E0F8
:1032700080229205084B1A60064B59680122A24031
:103280009143596059680A435A6070BD3000082064
:10329000A0FFF7DF6001082000E100E003490A68B1
:1032A0000123834013430B607047C0466001082030
:1032B0000423082803D8013B022800D803009B0000
:1032C000014A99507047C0461031002010B50020C7
:1032D000FFF764FE04000020FFF7E0FF044B1B68CB
:1032E000002B03D0002200212000984710BDC046CB
:1032F0001031002010B50120FFF750FE040001201E
:10330000FFF7CCFF044B5B68002B03D000220121A8
:103310002000984710BDC0461031002010B5022093
:10332000FFF73CFE04000220FFF7B8FF044B9B6848
:10333000002B03D0002202212000984710BDC04678
:1033400010310020F0B5474680B482B0104B1D68A4
:10335000ADB2032401270F4B98463B00A3402B42FC
:103360000FD0E6B23000FFF719FE01903000FFF7F2
:1033700095FF4346DB68002B03D000222100019813
:1033800098470134092CE8D102B004BC9046F0BD46
:103390006001082010310020F0B5474680B482B0AB
:1033A000104B1D68ADB2092401270F4B98463B0016
:1033B000A3402B420FD0E6B23000FFF7EFFD0190A3
:1033C0003000FFF76BFF43461B69002B03D0002240
:1033D0002100019898470134102CE8D102B004BCB8
:1033E0009046F0BD600108201031002002691023D2
:1033F00013430361C36A0B70802303627047C046A6
:1034000070B50400D34BC3181B0B826AD20611D5CA
:10341000826A92060ED5826A40218A4330390A4375
:103420008262FF221340CC499B000132585802436C
:103430005A50D2E1A26A520612D5A26A92060FD55C
:10344000A26A10218A4330310A43A262FF2213404C
:10345000C1499B000A32FF32585802435A50BCE11E
:103460002269920600D400E1E269D20700D5ECE0BF
:10347000E269920700D5E8E02269D20600D487E02D
:10348000FF2213401801B54A8058002842D1CA07CC
:103490000ED5B1499B000D22585802435A50802343
:1034A00023627F3B2362226B01331343236394E146
:1034B0001A01AA498A185268002A22D01A018A18C9
:1034C000127B002A08D10A001B01C9188968012053
:1034D00098500B78E36280E1226910218A432261CF
:1034E0001B019E4AD3185B68012B04D12269073364
:1034F0001343236103E02369082293432361E36AB2
:103500006BE195499B000A22585802435A50802388
:10351000236262E11A01914DAA185268904219D2B1
:10352000CA070ED58C499B000C22585802435A50AA
:10353000802323627F3B2362226B01331343236387
:103540004BE1864A1B01D1188968451C9D500B5CD4
:10355000E36242E1CA0707D57F4998000422455833
:103560002A434250012222627B4998000822455892
:103570002A434250802222621B01784AD3185B7B87
:10358000012B00D029E1226B01331343236324E193
:10359000FF2213401A0171498A185268012A18D172
:1035A0006D499800082542582A4342506B481B0138
:1035B000C21891681A58561C1E5089182000FFF72F
:1035C00015FF2369AB432361226B0223134323635B
:1035D00003E1023A1901614809588A420DD922696A
:1035E00008218A43226102001B01C118886899588A
:1035F0004D1C9D50E36A4354EFE08A420DD121698E
:1036000008220A432261554A1B01D118886899583B
:103610004D1C9D50E36A4354DFE04F489E0008254F
:1036200032582A4332504D4A1B01D01880684E1C34
:103630009E5041182000FFF7D9FE2369AB43236158
:10364000226B022313432363C7E0CA0700D4C4E0FC
:10365000FF22134040499B00F33A585802435A5006
:10366000802323627F3B2362B7E0E269D20700D563
:103670009BE0E269920700D597E04A0623D54022F5
:103680002262BF32134034489D00FD3A2E58324327
:103690002A504A0707D5314A1B01D11889689B581F
:1036A000CB5CE36299E01B012C4AD3185B68012BC9
:1036B00004D122690733134323618EE02369082272
:1036C0009343236189E04A074AD5FF221340234AE6
:1036D000180115186D688258681E904203D31801AE
:1036E00001321E4E8251CA070DD5626A520705D4B7
:1036F000194998000C2245582A43425080222262E0
:103700007F3A22621CE01A01144951588D4205D9B2
:10371000124882189268525CE26211E06269D20734
:1037200003D5626901218A436261626A520705D446
:1037300009499800082245582A43425080222262B3
:10374000626A520749D504499B0010225858024327
:103750005A5042E00020FFBF4C3100202C310020A5
:10376000FF2213401D4918010A1852684158901E43
:10377000884204D1216908220A4322610BE0013A00
:10378000914208D116489D0008212A580A432A5020
:1037900022698A432261114A1B01D118886899580D
:1037A0004D1C9D50E36A435417E04A0609D5402258
:1037B0002262BF321A400A4D92000220565930430D
:1037C0005051CA0709D501222262FE321340044932
:1037D0009B00F33A585802435A5070BD2C310020D8
:1037E0004C31002070B50848046A456A2A0021005F
:1037F000FFF706FE054B1B68002B03D02A002100B3
:103800000148984770BDC04600E0004024310020C8
:1038100070B50848046A456A2A002100FFF7F0FDE8
:10382000054B5B68002B03D02A0021000148984714
:1038300070BDC04600F0004024310020044BD86029
:1038400019611A005369002BFCDB014B9869704722
:103850000018082070B50400134BC318DB0A026877
:1038600003211140D00703D520680125A84320601B
:1038700092070ED5FF2213409B000C4A9B58002B49
:1038800002D000222000984723680222934323603D
:1038900009E0FF2213409B00044A9B58002B02D0F2
:1038A00000222000984770BD0090FEBF54310020D8
:1038B00010B50248FFF7CEFF10BDC04600700140B2
:1038C00010B50248FFF7C6FF10BDC04600780140A2
:1038D00010B50D4BC3181B0B02688021114003D09B
:1038E00002688024A2430260026DFF24224002D0BD
:1038F000046D94430465FF2423409B00034C1B5933
:10390000002B00D0984710BD00D0FEBF5C310020D6
:10391000F0B55F4656464D464446F0B483B00400C9
:103920008A46E34BC5182D032D0EE24F6B005E193E
:10393000F05D0121FFF7C2F8BE1970780121FFF791
:10394000F1F82368524651890902DB4A13400B43C0
:10395000236053469B89E36453469B8963605346C7
:10396000DB89A360AA00D54B51464969D150842117
:1039700063587F2293435246527C1343635023681B
:103980005246127C920144398B43134323605346C1
:103990009B7C012B0FD16B005D19C64B5D19022377
:1039A000EB56002B1BDB1F2213401E3A9A401300DC
:1039B000C34A136013E06B005D19BE4B5D1902230F
:1039C000EB56002B0BDB1F2213401E3A9A401300CC
:1039D0008022BB498B50BFF34F8FBFF36F8F53468D
:1039E0001B78012B00D16FE1002B06D0022B00D1F8
:1039F0004AE2032B00D1A6E2E2E253465B6822686A
:103A000019784901202082430A4322605A78002A0B
:103A100056D0002730229346243A90460B3A9146DE
:103A2000009700998A008C466244520059688D5C68
:103A3000E8002018C1685E46B14320263143C160CA
:103A4000C668596889180979890047463940BE43D4
:103A50003143C1605968891849880161266F494618
:103A6000A940C9435F68BC46944467467F79AF402C
:103A70000E403E432667C6685F68BC46944467466E
:103A8000BF79BF01BC464027BE4367463E43C66080
:103A9000E06D5E68B618F679AE4008403043E065E8
:103AA000E06E5E68B4466244127AAA400140114357
:103AB000E166009F0137F9B200915A788A42B0D886
:103AC0009A78002A00D1D5E00022009200998A005D
:103AD0008C46624492009968895C8C46606E490805
:103AE000C90001258D4028436066656E986880187E
:103AF000C0790001884010278F40BD43284360668D
:103B0000606E9D68AD182D7A6D008D4002278F4044
:103B1000B8432900014361666146CD006519E86834
:103B200099688918897989000C263140B04301438E
:103B3000E960996889184988296161464F1CFFB27C
:103B4000996889188988F8008046A0444046016138
:103B5000E96898688018407A40000A3EB143014302
:103B6000E9604146C96898688018807A4000B1438E
:103B700001434046C160216F01206646B040C64304
:103B800001969E68B14691444E46F67A604686405C
:103B9000B146019E3140484601432167216F894665
:103BA0000121B940C9439868834693445846007B35
:103BB0000600BE40B3464E460E40B1465E464846FD
:103BC00006432667E86881469868834693445846CA
:103BD000407B800183464E4640208643B1465E4688
:103BE00048460643EE604046C56898688146914461
:103BF0004846807B800181464020854348460543F6
:103C00004046C560E56D9868804690444046C07B5C
:103C1000060060468640B046019E3540404605435A
:103C2000E565E56D9868804690444046007C060056
:103C3000BE400D403543E565E06E804698688518C6
:103C40006D7C604685404046019E0640300028431A
:103C5000E066E06E9D68AC466244927CBA400140EA
:103C60001143E166009E0136F1B200919A788A42D2
:103C700000D92BE7626D997B4900022082430A43F9
:103C80006265197BA26E587B8001C025AA4302435E
:103C9000A266A26E3F2082430A43A266E06ED97BF1
:103CA0000902084A030013400B43E36688E1C0465B
:103CB00000D0FEBFC8900108FF0000FF5C3100206B
:103CC00000E100E0FFFEFFFF534658682368202212
:103CD000934323600378002B00D171E1002130234E
:103CE0009846243B9C4678339B460091009AD3002B
:103CF00091464B444268D5182A786D78002D2DD115
:103D0000D5006519EE6841468E43EE60EF68416864
:103D1000CE18B678B60061460E408F433E43EE6043
:103D200059466758510089464168CE18F6783604DE
:103D300049468E400196C02189024E46B1408F43CC
:103D4000019E3E4359466650EE684168CF183F7A5F
:103D5000BF0140218E433E43EE6074E0666E55081D
:103D6000ED000427AF403E436666666E0821A94019
:103D70000D0035436566D5006519EF684168CE18BA
:103D80007679360141460E408F433E43EE604168EE
:103D9000CE183679012E17D0002E04D0022E24D052
:103DA000032E33D042E0EE6861468E4304210E4379
:103DB000EE60551CEDB2ED006519EE6861468E436C
:103DC00008210E43EE6031E0EE6861468E43082123
:103DD0000E43EE60551CEDB2ED006519EE686146CC
:103DE0008E4304210E43EE6020E0EE6861468E4370
:103DF00004210E43EE60551CEDB2ED006519EE682E
:103E000061468E4304210E43EE600FE0EE6861468A
:103E10008E4308210E43EE60551CEDB2ED0065198E
:103E2000EE6861468E4308210E43EE60551CEDB2EC
:103E3000ED006519EE684168CF183F7ABF01402157
:103E40008E433E43EE604568A9464B449D79012D63
:103E50000AD1A66F9500AA181F259540AE43DB79BD
:103E600093403343A36706E0A36F9500AA181F256C
:103E70009540AB43A36700990131CAB20092037821
:103E8000934200D932E79BE05346586823682022CA
:103E9000934323600378002B4DD0002510239946CF
:103EA0000C27303398463F3B9C460095009DEA0026
:103EB0004368995CCB00E318DE683025AE434D467D
:103EC0002E43DE60DE684568AB4693445D462D793F
:103ED000AD003D40BE432E43DE604568AE18768897
:103EE0001E61DE684568AB4693445D466D79AD0161
:103EF000AB464546AE435D462E43DE60E66D634607
:103F00008B40DB434568AB4693445D46AD798D40BD
:103F10001E402E43E665E66E4568AB465A44D279AC
:103F20008A4033401343E366009D0135EAB20092B4
:103F300003789342BAD8636D027A520002218B4310
:103F4000134363653CE053465B688022A1581878B0
:103F5000C0000825A9430143A150A1585878400149
:103F60001835A9430143A150A15818790001103D0B
:103F7000A9430143A1509A78002A06D0A26F1F21BD
:103F80008A43D9780A43A26703E0A26F1F218A43BC
:103F9000A2675A79002A07D0A26F98794001104988
:103FA0000A400243A26703E0A16F0D4A0A40A267DC
:103FB0008020215801229143DA790B0013432350CA
:103FC00023685246127AD20018218B431343236090
:103FD00003B03CBC90469946A246AB46F0BDC046F5
:103FE0001FFCFFFF10B50248FFF772FC10BDC04672
:103FF0000030014010B50248FFF76AFC10BDC04612
:104000000040014010B50E4B19680B0606D50C4850
:1040100002680C4B13408022134303608B0307D5C7
:10402000074A136880208343802080020343136083
:10403000054B1B68002B02D000220148984710BD99
:1040400000840040FFFFFDFF64310020F0B54368AD
:10405000DB0400D4A8E0994BC3181B0BC2685207BD
:104060000BD5C16804220A43C260FF221A40944C57
:1040700092000221155929431151C26812070BD52C
:10408000C16808220A43C260FF221A408C4C920089
:104090000121155929431151C26892073ED5FF22CB
:1040A0001A40940087496158874D6459A14223D230
:1040B0009500864EAD59002D30D0013CA14203D170
:1040C00044690826B44344614468240207D5940037
:1040D0004F1C7C4EA751046949004C5305E09400E5
:1040E0004F1C784EA75104696C549100754C0C59C3
:1040F000754D49598C4211D344687549214041603E
:104100006F4C920008211559294311518021C26832
:104110001142FCD1816820220A438260C268D20722
:1041200031D5FF221A4094006A496158664D64599E
:10413000A14216D29400684D6459002C23D04568E2
:104140002D0207D592004E1C624D565149000A5B64
:10415000026118E092004E1C5E4D5651625C026195
:1041600011E044685D4921404160554C92001021A6
:104170001559294311518021C2681142FCD181682F
:1041800020220A438260C268D20600D495E081688A
:1041900010220A438260FF22134049499B00FB3AE8
:1041A000585802435A5088E0444BC3181B0BC2684E
:1041B00052070FD5C16804220A43C2604168474ACA
:1041C0000A404260FF221A403D4C920002211559DC
:1041D00029431151C26812070FD5C16808220A434A
:1041E000C26041683A4A0A404260FF221A40344C99
:1041F00092000121155929431151C26892072FD508
:10420000FF221A4091002F4C0D592F4C09598D4215
:104210001CD291002D4C0959002921D04468240258
:1042200007D594006F1C274EA75104696D006C528E
:1042300005E094006F1C234EA75104694C55910072
:10424000204C0C59204D49598C4209D344682049CF
:10425000214041601A4C92000821155929431151FF
:10426000C268D20729D5FF2213409900194A8A58FB
:10427000154C09598A4216D29900174C0959002940
:104280001BD04468240207D59B00551C114C1D51BE
:104290005200535A036110E09B00551C0D4C1D51F8
:1042A0008B5C036109E041680C4A0A4042600449A2
:1042B0009B001022585802435A50F0BD0040FFBFE7
:1042C000703100209031002078310020983100209A
:1042D000FFFDFFFF8031002068310020FFFEFFFF5F
:1042E00070B50748C4684568FFF7B0FE054B1B680A
:1042F000002B03D02A0021000148984770BDC0461A
:1043000000C000408831002070B50748C468456887
:10431000FFF79CFE054B5B68002B03D02A002100B1
:104320000148984770BDC04600D000408831002049
:10433000034A1168034B0B40000718431060704795
:10434000B0880040FFFFFFEF82B0002301930128F7
:1043500011D1134A5368802189050B4353601148DA
:104360005368DB0FDB0701930138019B002B12D14F
:104370000028F5D10FE00A4A51680B4B0B405360FF
:1043800008485368DB0FDB0701930138019B002BC2
:1043900001D00028F5D1431E9841C0B202B0704749
:1043A0000080004010270000FFFFFFDF82B00023E5
:1043B0000193012813D1154A5368802109050B4345
:1043C0005360134811008022D2054B6813400193BB
:1043D0000138019B002B14D10028F6D111E00B4AC3
:1043E00051680C4B0B405360094811008022D205E4
:1043F0004B68134001930138019B002B01D000282A
:10440000F6D1431E9841C0B202B070470080004010
:1044100010270000FFFFFFF782B0034BDB69019319
:10442000019802B07047C0460080004000B583B0DC
:10443000FFF7F2FF0190019A054BDA61054B1B680B
:10444000002B03D001990248C268984703B000BD11
:1044500000800040A431002000B583B0FFF7DCFFEE
:104460000190019A054BDA61054B1B68002B03D0C4
:10447000019900220148984703B000BD0080004028
:10448000A031002010B5FFF7C7FF430305D51E4A32
:10449000D3698021C9020B43D3618023DB051B69EB
:1044A0009B050FD58022D2051369802149020B4359
:1044B00013610020FEF76AFB0020FEF785FB012058
:1044C000FEF764FB8023DB051B69DB051BD580221F
:1044D000D2051369802149020B4313610020FEF7C6
:1044E00055FB0020FEF770FB0020FFF75FFF01285F
:1044F00009D16330F9F772FD0120FFF757FF01285A
:1045000001D1FEF743FB10BD0080004010B5C36829
:10451000012119400ED0C26801231343C360064B2A
:10452000C3181B051B0E9B00044A9B58002B01D08F
:104530000022984710BDC04600EFFEBFA831002002
:1045400070B504000D0001211320FEF7B7FA012118
:104550001320FEF7E7FA224A13680220834304215E
:1045600049420B4313602B682360A3682A799200A9
:1045700008318B431343A3601A4BE3181B051B0E32
:104580009900194AAE688E50A26869794900824341
:104590000A43A2606A79012A0BD1144AD356002B30
:1045A00017DB1F2213401E3A9A401300104A136073
:1045B0000FE00E4AD356002B0BDB1F2213401E3A8E
:1045C0009A40130080220A498B50BFF34F8FBFF3EC
:1045D0006F8FA368012293432A7B1343A36070BDAE
:1045E0000010014000EFFEBFA8310020D09001086C
:1045F00000E100E010B50248FFF788FF10BDC0469B
:104600000011014010B50248FFF780FF10BDC04601
:104610001011014010B50248FFF778FF10BDC046E9
:104620002011014010B50248FFF770FF10BDC046D1
:104630003011014070B5016A426A016242620A4B60
:10464000C3181B0BDCB2C569ED0701D40125A943D2
:10465000022C07D8FF2423409B00044C1B59002B3D
:1046600000D0984770BDC0460080FEBFB831002022
:1046700070B504000D00012A03D00420022A03D0E3
:1046800001E0082000E0102003231A40A262F5F7A1
:104690000DFC011C1648F4F783FF061C2800F5F7F3
:1046A0004DFC011C301CF4F77BFF061CF4F758FF8F
:1046B0000500F5F743FC011C301CF5F74FFA842187
:1046C000C905F5F737F9F4F715FFFF231A002A405B
:1046D00062602D0A1D40A5606064626BEF3B1A4367
:1046E0006263626B0F218A431343636370BDC046EC
:1046F000001BB74B10B5036ADB0505D5074B8024BB
:104700006400026A224204D1C905C90D016001207A
:1047100003E0013B002BF4D1002010BDFE0F000090
:104720000068C005C00D7047C36820229343C36072
:10473000012904D0002914D0022909D01AE0C26846
:1047400008231343C360C36810229343C36019E076
:10475000C26808231343C360C26810231343C360B5
:1047600010E0C36808229343C360C36808329343D0
:10477000C36007E0C36808229343C360C36808327C
:104780009343C3607047C04670B504000D004D4AA6
:104790008618360B4C4A90420ED04C4A904214D0A8
:1047A0004B4A904219D101210020FEF787F90121DF
:1047B0000020FEF7B7F910E001210120FEF77EF995
:1047C00001210120FEF7AEF907E001210220FEF7EA
:1047D00075F901210220FEF7A5F9FF231E40B6005E
:1047E0003C4BEA68F2502B795A1F032A0AD8E26838
:1047F00003218A43053B1343E3602369202293434B
:10480000236109E0092B07D1E36803229343E360A6
:104810002269202313432361A9792000FFF784FF35
:104820006A7A29682000FFF723FFE3686A7992001B
:1048300004218B431343E3602B7A002B02D1EB79E5
:10484000002B04D0626901231343636103E06369B1
:104850000122934363612B7A012B0FD0002B04D0EC
:10486000022B14D0032B1BD022E0236C0122934394
:104870002364236C01329343236419E0226C0123E7
:1048800013432364236C02229343236410E0236CBC
:10489000012293432364226C02231343236407E021
:1048A000226C012313432364226C022313432364E9
:1048B00022690223134323612269012313432361E5
:1048C00070BDC0460080FEBF0090014000A00140C6
:1048D00000800140B831002010B50248FFF7AAFE61
:1048E00010BDC0460080014010B50248FFF7A2FE8F
:1048F00010BDC0460090014010B50248FFF79AFE77
:1049000010BDC04600A0014010B5044B1B68002B31
:1049100003D0002200210248984710BDC431002076
:1049200000B0004030B585B00F246C44220001A9CE
:10493000A020C00000F04EFA247800234A4D180051
:1049400001AA9A5C002C02D11A004032AA5C01A98B
:1049500042540133082BF2D107336B441A70434C95
:10496000208880B2FA218900F4F7AAFB81B2A378EB
:10497000002B06D001AB1B78A4245C43A400A4B296
:1049800001E03B4B1C88002905D03A48F4F798FB1E
:104990000104090C00E038496143090C0020F7F7D5
:1049A00083FA324C208880B2FA218900F4F788FB20
:1049B00081B2A378002B06D001AB9B78A4245C4382
:1049C000A400A4B201E02D4B1C88002905D0294881
:1049D000F4F776FB0104090C00E027496143090C58
:1049E0000220F7F761FA214C208880B2FA21890071
:1049F000F4F766FB81B2A378002B06D001AB5B789D
:104A0000A4245C43A400A4B201E01D4B1C8800292F
:104A100005D01848F4F754FB0104090C00E01649CE
:104A20006143090C0420F7F73FFA164B1C78631E0C
:104A30009C41E4B2144B1B78002B03D00020F7F705
:104A40003DFA02E02000F7F739FA002306481A0081
:104A5000403201A9595C81540133082BF7D1F0335E
:104A6000014AD45405B030BD404500207CB0010857
:104A70004A470020C05D0000FFFF0000B84600204C
:104A8000CE4600203E470020E846002010B501F049
:104A9000C7F910BD10B500F0F3FD10BD10B501F061
:104AA00021FA10BD10B5FFF73DFF10BD10B500F0A5
:104AB000AFF910BD10B500F021FD10BD10B502F02A
:104AC00077FA10BD10B500F073FD10BD10B501F000
:104AD000E5FA10BD10B50024634B1C605422002180
:104AE000624803F0A7FE624B1C60624B1C60624B85
:104AF0001C60624B1C60624B1C60624B1C60624B12
:104B00001C60624B1C60624B1C60624B1C60624B01
:104B10001C60624B1C600023614A1480614A14804F
:104B2000614A1480614A1480614A1480614A148089
:104B3000614A1480614A1480614A1480614A148079
:104B4000614A1480614A1480614A1480614A148069
:104B5000614A1480614A1480614A1480614A148059
:104B6000614A1480614A1480614A1480614A148049
:104B7000614A1480614A1480614A1480614A148039
:104B8000614A1480614A1480614A1370614A13704B
:104B9000614A1370614A1370614A1370614A13705D
:104BA000614A1370614A1370614A1370614A13704D
:104BB000614A1370614A1370614A1370614A13703D
:104BC000614A1370614A1370614A1370614A13702D
:104BD000614A1370614A1370614A1370614A13701D
:104BE000614A1370614A1370614A1370614A13700D
:104BF000614A1370614A1370614A1370614A1370FD
:104C0000614A1370614A1370614A1370614A1370EC
:104C1000614A1370614A1370614A1370614A1370DC
:104C2000614A1370614A1370614A1370614A1370CC
:104C3000614A1370614A1370614A1370614A1370BC
:104C4000614A1370614A137080225200002160484B
:104C500003F0F0FD02F096F900F0C2F800F0A0FCBD
:104C600001F0CCF910BDC0461C470020544600207E
:104C700050460020EC460020E4460020C4460020B8
:104C8000D8460020F44600202C470020E0460020B3
:104C9000D446002014470020384700202447002035
:104CA0004C4600200E4700200A470020AA4600205C
:104CB000024700204C470020FE460020B24600205C
:104CC0002247002036470020C046002042470020EF
:104CD000B44600204A470020CE460020B8460020B7
:104CE000C2460020BE460020124700203047002068
:104CF000DC46002044460020AE460020B04600209E
:104D0000324700204A460020FA460020464700204D
:104D1000064700200447002048470020F8460020AE
:104D2000A8460020494700200047002046460020B2
:104D300010470020CB460020474600203F47002078
:104D400040460020B646002005470020AC46002023
:104D500035470020C8460020424600200C4700206E
:104D60003E470020CA460020D0460020E8460020EA
:104D7000BA4600203D4700204E4700204047002013
:104D8000CC46002044470020F04600204846002042
:104D9000A94600201847002020470020C9460020CF
:104DA000BB4600200747002034470020284700204A
:104DB000E94600203C470020D1460020BC460020A8
:104DC00041460020FC4600204F47002008470020B5
:104DD0004045002010B51400FDF7FAF9207010BD11
:104DE0000022094B1A60094B19000831FF321A746E
:104DF0001A7601338B42FAD1044B0122F6215A5420
:104E000001315A547047C0465046002040450020AA
:104E100070B58EB0CF4C6078F9F732FACE4D431EA4
:104E200098412870A078F9F72BFA431E9841CB4B94
:104E30001870E078F9F724FA431E9841C0B2C84BC5
:104E400018702A780123002A05D1C44B1A7801234F
:104E5000002A00D10300C34A1370C34B1B785A1EAB
:104E60009341C24A13700120F9F700FAC04B187041
:104E70000220F9F7FBF9BF4B18700320F9F7F6F998
:104E8000BD4B18700420F9F7F1F9BC4B18700620DF
:104E9000F9F7ECF9BA4B18700720F9F7E7F9B94BB5
:104EA00018700920F9F7E2F9B74B18700A20F9F7E2
:104EB000DDF9B64B18700B20F9F7D8F9B44B187020
:104EC0000C20F9F7D3F9B34B18700D20F9F7CEF990
:104ED000B14B18700E20F9F7C9F9B04B18700F20BC
:104EE000F9F7C4F9AE4B18701020F9F7BFF9AD4BC4
:104EF00018701120F9F7BAF9AB4B18701220F9F7B6
:104F0000B5F9AA4B18700520F9F7B0F9A84B18703D
:104F10000820F9F7ABF9A74B1870A74B1A68501C7B
:104F200018600A21F4F752F9002900D077E1002037
:104F3000F6F724FE0100A14802F0D4FEA04D298816
:104F400089B2A04B9C46604402F0E8FE0400298828
:104F5000090180235B03591A9B4B186802F02AFE53
:104F60002318002C04DA002802DA002B00DB85E28B
:104F7000002C05DD002803DD002B00DD83E279E253
:104F8000914A1360914A934204DD88225201904B6A
:104F90001A8008E0002B03DC00228D4B1A8002E00F
:104FA000DB138B4A13800120F6F7E8FDC00080B2C6
:104FB00040038849F4F784F880B2B423804A04326D
:104FC0008549703102F028FD844B18800320F6F7E4
:104FD000D5FDC00080B240037E49F4F771F880B27D
:104FE000B4237F4A5C327F49483102F015FD7E4B85
:104FF00018807E4B188880B2FA218900F4F760F897
:1050000081B2002906D07A48F4F75AF80404240C37
:105010000AD000E0774C0020F6F788FF000421005A
:10502000F4F74EF880B200E07248734B18806F4B73
:10503000188880B2FA218900F4F742F881B2002979
:1050400006D06B48F4F73CF80404240C0AD000E0C6
:10505000684C0120F6F76AFF00042100F4F730F8ED
:1050600080B200E06348654B1880604B188880B2BE
:10507000FA218900F4F724F881B2002906D05C48AF
:10508000F4F71EF80404240C0AD000E0594C022066
:10509000F6F74CFF00042100F4F712F880B200E0AC
:1050A0005448574B1880514B188880B2FA21890018
:1050B000F4F706F881B2002906D04D48F4F700F85D
:1050C0000404240C0AD000E04A4C0320F6F72EFF1B
:1050D00000042100F3F7F4FF80B200E04548494B9B
:1050E0001880424B188880B2FA218900F3F7E8FF54
:1050F00081B2002906D03E48F3F7E2FF0404240CF5
:105100000AD000E03B4C0420F6F710FF0004210019
:10511000F3F7D6FF80B200E036483B4B1880334BA4
:10512000188880B2FA218900F3F7CAFF81B20029FA
:1051300006D02F48F3F7C4FF0404240C66D000E027
:105140002C4C0520F6F7F2FE00042100F3F7B8FF1F
:1051500080B25CE074340020BA4600203D47002055
:105160004E47002040470020122F0020CC46002050
:1051700044470020F046002048460020A946002071
:105180001847002020470020C9460020BB460020C9
:10519000074700203447002028470020E946002028
:1051A0003C470020D1460020BC460020414600205C
:1051B000FC4600204F4700205046002007B4B404AE
:1051C00080B0010839B464E6EC460020FFFF7F0898
:1051D000C2460020FF0F000080B101084C470020AC
:1051E00000B3010880B40108FE4600207CB001082D
:1051F000C05D0000FFFF0000B246002022470020F3
:1052000036470020C046002042470020A448A54B56
:105210001880F6F75BFD431E9841A34B1870A34B13
:1052200018686421F3F7D2FF002900D036E1372453
:105230006C4422000BA9CC204000FFF7CBFD247862
:1052400000239B4D18000BAA9A5C002C01D1EA1890
:10525000127C0BA942540133082BF3D10B78FF2B9E
:1052600003D037226A44137003E0002137226A44D6
:10527000117037226A44127864214A438D490A80AA
:105280008D4A11780122002902D1FF3B5A425A412E
:105290008A4B1A7037246C44220009A98220C0006E
:1052A000FFF798FD24780023814D180009AA9A5C25
:1052B000002C01D1EA18127E09A942540133082BAF
:1052C000F3D12F336B441A707B4B1B78002B00D02B
:1052D000E0E08B781B02CA78D3189BB2784A9A1800
:1052E00050425041774908706D4A934203D10022E1
:1052F000754B1A8008E0754A94466344744A934299
:1053000000DD1300704A138037246C44220007A983
:105310008020C000FFF75EFD24780023644D180054
:1053200007AA9A5C002C02D11A002032AA5C07A9B5
:1053300042540133082BF2D137246C4422704B794C
:105340009B09644A1370220005A980208000FFF7A2
:1053500041FD24780023564D180005AA9A5C002CC4
:1053600002D11A002832AA5C05A942540133082B45
:10537000F2D137246C4422700A004B7803210B4091
:1053800055490B7093789A00D218D200D3181B0994
:10539000524A1380220003A9A420C000FFF71AFD7F
:1053A00024780023424D180003AA9A5C002C02D1F5
:1053B0001A003032AA5C03A942540133082BF2D1FF
:1053C00037246C442270CB785B079B0F444A1370E0
:1053D000220001A94348FFF7FDFC2678344802006B
:1053E000203200210B0001AC0C5D002E00D1147E98
:1053F0000BAD5D5D057409AD5D5D057607AD5D5D69
:10540000157005AD5D5D157203AD5D5D15741476A7
:1054100001AD5C550131013001320829E2D1372359
:105420006B441C70AB781B02EA789B182E4A5343DE
:105430009B0B2E4A1380F6231D4AD35C002B04D00D
:10544000082207390C20FCF79DFEF723184AD35C8D
:10545000002B04D0082200212620FCF793FE0BA984
:105460000C20FCF7C7FE124B0022F6215A540131E2
:105470005A5413E01E4A1F4B1A6086E5802212061A
:105480001C4B1A6088E51B4A13601B4A934200DCE0
:1054900086E57AE501220B4B1A7028E70EB070BD45
:1054A000FFFF0000B4460020E846002050460020E0
:1054B000404500200A47002040470020CA460020FF
:1054C0000100FFFFD04600204C460020E0B1FFFF66
:1054D000FF7F0000A846002049470020AA46002080
:1054E000004700206B040000CDCC000002470020E4
:1054F000FFFFFF7FEC460020FFFF7F08194B1A4A91
:105500000021515E194A4A435A61194A12681A60C9
:10551000184A12889A85184A117844229954174AD1
:1055200011783B229954164A11783C229954154A15
:1055300012881A86144A117845229954134A1288FF
:105540005A86134A117846229954124A11784722F2
:105550009954114A117848229954104A11784922D5
:105560009954704754460020C246002066660000E9
:10557000EC4600200A470020CA460020A84600202A
:10558000494700204C470020CC460020FE46002022
:10559000BC46002041460020FC4600204F4700202A
:1055A00000219823014AD1507047C0464045002051
:1055B00010B500210620F8F767FE00210720F8F754
:1055C00063FE00210920F8F75FFE00210A20F8F7AA
:1055D0005BFE1E4B19780420F8F756FE1C4B197819
:1055E0001120F8F751FE1B4B19781220F8F74CFEEA
:1055F000194B19780520F8F747FE184B1978082041
:10560000F8F742FE164A9823D158481CD05064211E
:10561000F3F7DCFD002917D1124A3823D15C0902C7
:10562000C0239B0019403923D35C9B028022D20007
:105630001340C9180A3100220B48FCF77BFD0B4AC6
:105640000B492620FCF7A8FD10BDC046E846002007
:1056500040460020AC46002035470020C8460020C8
:10566000404500205446002002030000AAEFCDABC5
:105670007856341210B51400FEF7E0F8206010BD23
:10568000F0B55F4656464D464446F0B485B0BB4A39
:1056900013881288DB431B041B0CB9490020095EE8
:1056A000C910514309144822B648825E5A43121465
:1056B0008918B54A914200DA1100B04A1088B34AFD
:1056C0000024125FD210424312144A20AD4C205ED7
:1056D000584300141218AC48824200DA0200A7486E
:1056E0000488AB480025405FC010604300144C2480
:1056F000A44D2C5F63431B14C318A348834200DAF4
:105700000300A448814200DD010009B28946A24994
:10571000484608809F498A4200DD0A0012B292463C
:105720009E4A514611809B4A934200DD13001BB2F2
:1057300098469B4B42461A804B461B015246D1006D
:1057400009B25B1A4246D10009B2591A954B9942E7
:1057500004DC954B994203DB490403E0934901E0E3
:1057600080210906924802F0B3FA924B18808B4BC5
:105770000021595E904A514389120BB2884900209A
:10578000095E4A43921211B2591A864B994204DCBF
:10579000854B994203DB490403E0844901E0802101
:1057A0000906834802F094FA844B1880754BC02296
:1057B0009C5ED96E0391C2229E5E1D6F200002F096
:1057C000B3F907002900300002F0AEF93B1802934C
:1057D000002F07DA002805DA002B03DB80231B06E5
:1057E000029307E0002F05DD002803DD002B01DC1C
:1057F0006E4B0293029B5B14714A13800399300035
:1058000002F092F906002900200002F08DF9331A07
:105810000293002E07DA00280BDB002B09DB802324
:105820001B06029305E0002803DA002B01DA5F4B28
:105830000293029B5B14634A1380634B1D684F4CB9
:10584000618863680904C91A890001225F4801F070
:10585000C7FFC10202AA2800FFF70CFF5C4B1968C2
:105860005C4B186803AAFFF705FF208900B24001CE
:10587000372102F021F8C002039B984200DDB5E217
:105880003E4B9B7A002B00D0FAE1AFE23B4B5988AC
:105890005B680904C91A890001224C4801F0A0FF85
:1058A000C002029BC31AAD10581B4B4B1B78002B38
:1058B00003D0324BD9681D6902E0304B59699D69AC
:1058C000304B5B6DC2180292002807DA002B05DA14
:1058D000002A03DB80231B06029307E0002805DD76
:1058E000002B03DD002A01DC304B029302F024FA86
:1058F00004002900029802F01FFA2318002C03DA92
:10590000002801DA002B0FDA002C03DD002801DD6E
:10591000002B02DD314A934203DD304A2D4B1A60E1
:1059200008E02F4A934203DA2D4A2A4B1A6001E01D
:10593000284A1360039B1B11234A1068C01A264B88
:105940001B78002B03D00D4BD9681D6902E00B4B6F
:1059500059699D690B4B9B6DC2189346002803DA69
:10596000002B01DA002A3DDA00283EDD002B3CDD69
:105970005B46002B39DC0D4B9B4636E034B6010804
:1059800032470020404500200080FFFF4A460020AB
:10599000FA460020FF7F000044460020AE4600206B
:1059A000B0460020FF3F000001C0FFFFFFFFFF7F68
:1059B0009D555555BE4600206D370000124700200A
:1059C00030470020DC460020E44600200000B69569
:1059D000D8460020C44600200C47002000C38700A2
:1059E000003D78FF80231B069B4602F0A5F90400CA
:1059F0002900584602F0A0F92318002C03DA0028E9
:105A000001DA002B0FDA002C03DD002801DD002B6A
:105A100002DDDD4A934203DDDB4ADC4B1A6008E01D
:105A2000DB4A934203DADA4AD84B1A6001E0D74ADC
:105A30001360D84B1B7F002B00D1AAE0D54C2089E6
:105A400000B24001372101F037FF0600E38BD24A54
:105A50000025555F5D436D006388D04A0020105ECD
:105A600058438012290002F06DF8F4F71FFADE2186
:105A70008905F3F75FFF80231B069C4660448E2157
:105A8000C905F3F757FF02F01BFF9F21C90502F07C
:105A900065FF041C0021F3F7D9FC002806D0802301
:105AA0001B06E018F3F726FD404202E0201CF3F746
:105AB00021FD77423FB2B6023300B04204DCBA02A5
:105AC0000300904200DA1300B54A14686410E41829
:105AD000B04B5968B34B0020185E02F011F9011267
:105AE000B14B9C466144280002F048F8864201DA36
:105AF000039605E0BF02B84201DA039700E0039085
:105B0000A24B1D686D10039B9C46654403AA2900A7
:105B10002000FFF7AFFD9F4B1E8937B21E8936B2BA
:105B20002100200002F08AF901902900280002F0EB
:105B300085F97E43F600019B1F18BE4223D2039BCA
:105B4000002B02D180231B02039303998020C00500
:105B500001F0DEFE06008F4F388900B2210002F00E
:105B600073F80100300001F0EDFF904B18603889A8
:105B700000B2290002F068F80100300001F0E2FFF5
:105B80008B4B186005E06400884B1C606D00884BEF
:105B90001D60804B1B7F002B07D1814B1A68834B04
:105BA0001A607A4B1A68824B1A60824BDE6D5F6F07
:105BB0001D6E9B6F03933900280002F053F8040018
:105BC0007D4B984200DA1C000399300002F04AF83D
:105BD000794B984200DA1800784B9C4200DD1C009B
:105BE000764B984200DD1800241A24B2A402744BAC
:105BF0001C603900300002F035F86F4B984200DA33
:105C0000180004006D4B984200DD1C000399280029
:105C100002F028F8684B984200DA1800674B984267
:105C200000DD18000419644B9C4200DA1C00634B31
:105C30009C4200DD1C00A402624B1C605D4A4823AC
:105C40004946D15202335146D15202334146D152D4
:105C50005D4B1988C023D1525C4BD868D0665C4933
:105C60000C88C221545219691167029C54655C4624
:105C700094655C68D46550679B6813669167C2E061
:105C80000122544B1A70434E7168464B0020185E37
:105C900002F0E2F87388414A0021515E59438911AC
:105CA0004D4B1940000B4D4B9C46604403AAFFF737
:105CB000E1FC4B4F0399386802F0CEF801907088F0
:105CC00084B2716872884B08D103591A491045484B
:105CD00001F09EFF050008223968019801F0B4FD2B
:105CE0000100280001F03CFF01002F4D6C436009CA
:105CF00003AAFFF7BFFC7168280002F0C9F840084A
:105D0000039BDB12C51A70687288716889004308AA
:105D1000D003181A401002F087F801001D22280055
:105D200001F06AFD050071680E222F4801F082FD26
:105D30002D1A39680A22019801F086FD03907168D6
:105D4000280002F063F84410174B9C466444039902
:105D5000080001F021FF07002100200001F00EFFE4
:105D60007F10381AF6F7BAFA04000390718889B2E6
:105D700005228020000601F07DFD0100200002F0D8
:105D800009F8039082E5C04600C38700D84600208A
:105D9000003D78FF34B6010846470020DC4600206D
:105DA000C446002030470020DB4A0000F4460020B3
:105DB0002C470020404500200080FFFFFF7F0000AF
:105DC000E0460020D4460020BE4600205446002075
:105DD0001247002008470020F0FF0F00B695000092
:105DE000244700201748500B0000B6950022094BAD
:105DF0001A70094B00255D5F2D02084B00229B5E47
:105E00009B02039342E505B03CBC90469946A246EE
:105E1000AB46F0BD0847002030470020DC4600209C
:105E200010B50020F5F7C8FE0100274802F03EF843
:105E300000B24002172101F03FFDF0229201904292
:105E400002DD224B1A8007E0214A904202DA1F4B02
:105E50001A8001E01D4B18800120F5F7ADFE01000E
:105E6000194802F023F800B24002172101F024FD86
:105E7000031C174A904201DA164B1B881A1CF021AA
:105E800089011BB28B4201DD134B1A88134B1A8018
:105E90000220F5F791FE01000B4802F007F800B26E
:105EA0004002172101F008FDF0229201904202DD2C
:105EB0000B4B1A8007E0064A904202DA084B1A8020
:105EC00001E0074B188010BD9D33A06932470020C8
:105ED00000C4FFFFD4900108D69001084A46002074
:105EE000FA460020F0B583B0344B1B681B131BB27D
:105EF0009A0333490C68241324B232494C4361108D
:105F000055104D1BAD132DB292105242A410141B0C
:105F1000641324B21A1CAB4200DA2A1C16B21A1CF3
:105F2000AB4200DD2A1C11B2201CB44200DA301C46
:105F3000221C8C4200DD0A1C821812B2D203224FAE
:105F4000398809B21B045642D01A052201F054FCCC
:105F50000190398809B22D04AD196842052201F07B
:105F60004BFC05002404A4196042398809B20522BB
:105F700001F042FC019EF343DB171E4080235B03CC
:105F80009E4200DD1E003611104B1E80EB43DB17D6
:105F90001D4080235B039D4200DD1D002D110C4B35
:105FA0001D80C343DB17184080235B03984200DD4C
:105FB00018000011074B188003B0F0BDE046002028
:105FC000D4460020DB6E00003CB601084A470020A2
:105FD000CE460020B846002010B502AC24788C4292
:105FE00007D1002801D1147006E0137004E014708A
:105FF00002E00028FBD0F8E710BDC046264B012286
:10600000CA215A5401315A5401315A5401315A5457
:1060100001315A5402315A5401315A5401315A54FF
:1060200001315A5401315A5402315A5401315A54EF
:1060300001315A5401315A5401315A5402315A54DF
:1060400001315A5401315A5401315A5401315A54D0
:1060500002315A5401315A5401315A5401315A54BF
:1060600001315A5401315A5402315A5401315A54AF
:1060700001315A5401315A5401315A5401315A54A0
:1060800002315A5401315A5401315A5401315A548F
:1060900001315A547047C04640450020F0B55F4674
:1060A00056464D464446F0B49BB04523C14AD25CA7
:1060B000002A0BD0C0498533CB5C58424341DBB248
:1060C0001593CB23CB5C002B07D001E00023159365
:1060D000002A17D00023169301E001231693CD2345
:1060E000B549CB5C002B04D0002A0FD000230B93C2
:1060F00001E001230B93CE23AF49C95CCD3B0029BE
:1061000007D005E000230B93169301E000230B93C7
:106110000023DBB29946CF23A749CB5C002B01D1EA
:1061200000F007FEA34B00211983598308E0A02348
:10613000A148C35A01339F48038301319D4B5983C2
:106140009E4B1B889BB29B49098B994205D301202A
:106150003D239849C85400F057FE984B5B889BB28A
:106160009449498B994201D200F05EFE00203D2304
:106170009049C85400F048FE00231993CC238E4A5E
:10618000D35C002B08D100228D4B1A70199B002B79
:1061900001D100F0DCFD07E03D23864AD25C884B4C
:1061A0001A70199B002B0CD0864AF9238249C95CCE
:1061B00010005038BC3BC05C3C3B00930133FFF700
:1061C0000BFF45237B4AD35C00220592002B10D0A5
:1061D000D02279498A5C002A04D0002B16D00022F4
:1061E000059201E001220592D12273498A5C002ABE
:1061F00004D0002B1BD000220C9201E001220C9253
:10620000D3226D498A5C002A08D002E000220C9259
:106210000592002B0FD000230D9301E001230D9375
:10622000D423654AD25CD33B002A07D005E0002383
:106230000D930C9301E000230D930023DBB29B46EA
:10624000D5235D4AD35C002B01D100F085FD594B6D
:1062500000229A83DA8308E0A4235749CB5A0133FA
:1062600054498B830132534BDA83544B9B889BB246
:10627000504A928B9A4206D301213E234D4AD15473
:106280003D3B04930DE04D4BDB889BB2494AD28BDA
:10629000002104919A4204D33E23464AD1543D3B07
:1062A00004934523434AD35C002B0BD0D2224249AE
:1062B0008A5C002A06D10021434A1170049A002A00
:1062C0001CD007E03E233B4AD25C3F4B1A70049B34
:1062D000002B0CD03D4AFA233749C95C10004F38D7
:1062E000BC3BC05C3D3B00930133FFF775FE45238B
:1062F000304AD35C00220692002B10D0D6222E49C1
:106300008A5C002A04D0002B16D00022069201E0FD
:1063100001220692D72228498A5C002A04D0002B49
:106320001BD000220E9201E001220E92D9222249B6
:106330008A5C002A08D002E000220E920692002B0E
:106340000FD000230F9301E001230F93DA231A4AA1
:10635000D25CD93B002A07D005E000230F930E93AF
:1063600001E000230F930023DBB29A46DB23124A9D
:10637000D35C002B01D100F006FD0E4B00221A84E5
:106380005A8408E0A8230C49CB5A013309490B84ED
:106390000132084B5A84094B1B899BB2054A128C67
:1063A0009A4215D301213F23024AD1543E3B039325
:1063B0001CE0C046544600204045002054B6010869
:1063C00046460020A446002010470020A346002097
:1063D000CD4B5B899BB2CD4A528C002103919A42EE
:1063E00004D33F23C94AD1543E3B03934523C74AB4
:1063F000D35C002B0BD0D822C5498A5C002A06D179
:106400000021C44A1170039A002A1CD007E03F23E0
:10641000BE4AD25CBF4B1A70039B002B0CD0BE4A05
:10642000FB23BB49C95C10004E38BC3BC05C3E3B03
:1064300000930133FFF7D0FD4523B44AD35C00221B
:106440000792002B14D0DF22B1498A5C002A04D0C5
:10645000002B0BD00022079201E001220792E022DC
:10646000AB49895CDF3A002903D001E000220792A2
:106470000022D2B29046E122A549895C002905D0CC
:10648000A24A002034241055013410559E4A9489A4
:10649000A4B2A24A156846229C48805C00220028CB
:1064A00001D0A5425241D2B29D480270002B0DD0BE
:1064B000E220974E305C002808D1002699480670EB
:1064C000002901D100F0B8FC00F0C2FC8E48C08960
:1064D000800301268D4F3F68874200DC00269148EB
:1064E0000670002910D1002A0ED08F4A1078F2B21F
:1064F000002A05D08D4A127801323431834E72540D
:106500000130352281498854002B01D100F0A8FCCC
:1065100000F09EFC0021854A1170DD227C498A5CD6
:10652000002A03D10021804A117004E03522774906
:10653000895C7D4A1170744A127CD2B2342173484E
:10654000415C914205D3012040227049885400F0FB
:1065500097FC6D4A527CD2B235216C48415C914225
:1065600001D200F09DFC002040226849885400F0D0
:1065700087FC00231793DE23654AD35C002B08D1E8
:1065800000226B4B1A70179B002B01D100F00EFC00
:1065900007E040235D4AD25C654B1A70179B002BC5
:1065A0000CD0644AFC235A49C95C10004D38BC3BEE
:1065B000C05C3F3B00930133FFF70EFD4523534A78
:1065C000D25C00230893002A14D0E6235049CB5C08
:1065D000002B04D0002A0BD00023089301E00123F4
:1065E0000893E7234A49C95CE63B002903D001E050
:1065F000002308930023DFB2E8234549C95C002942
:1066000005D0424B00203626985501369855002378
:10661000AC4204D847333D48C35C581E8341DBB2CB
:1066200045480370002A0DD0E920394C205C002831
:1066300008D1002441480470002901D100F038FC41
:1066400000F042FC3048408A800301242F4D2D6821
:10665000854200DB002439480470002910D1002B4A
:106660000ED0374B1878E3B2002B05D0354B1B7892
:1066700001333631254C6354013037232349C85444
:10668000002A01D100F028FC00F01EFC00212D4B57
:106690001970E4231E49CB5C002B03D10021284B49
:1066A000197004E037231949C95C254B1970164B42
:1066B0001B7CDBB236211548415C994205D3012091
:1066C00041231249C85400F016FC0F4B5B7CDBB22F
:1066D00037210E48415C994201D200F01BFC00209A
:1066E00041230A49C85400F006FC00231893E5230F
:1066F000074AD35C002B29D10022134B1A70189B38
:10670000002B00D157E329E054B60108544600207D
:1067100040450020CB460020A246002050460020E5
:10672000474600203F47002004470020064700203E
:1067300040460020A1460020B64600200547002024
:10674000F846002048470020AC4600204123C24ABA
:10675000D25CC24B1A70189B002B0CD0C04AFD2390
:10676000C049C95C10004C38BC3BC05C403B009346
:106770000133FFF731FC4523B74AD25C002309936C
:10678000002A10D0EA23B749CB5C002B04D0002AA2
:1067900016D00023099301E001230993EB23B149AB
:1067A000CB5C002B04D0002A1BD00023109301E007
:1067B00001231093ED23AB49CB5C002B08D002E002
:1067C000002310930993002A0FD00023119301E0B6
:1067D00001231193EE23A349CB5C0124002B07D0A6
:1067E00005E000231193109301E00023119300248E
:1067F000E4B2EF239B49CB5C002B00D1DFE2964B48
:1068000000219984D98413E0974B998A09B2AE2369
:106810009448C35A90483025405F884205DDAC213A
:106820009048415A01318C48818401338A49CB8494
:106830008D4BDB8A9BB28849898C994204D3012015
:1068400042238549C85471E3874B1B8B9BB2824915
:10685000C98C994200D277E3002042237E49C85474
:1068600064E300231493EC237E4AD35C002B07D10E
:1068700000227E4B1A70149B002B00D1A6E207E089
:106880004223754AD25C794B1A70149B002B0CD0B2
:10689000774AFE237349C95C10004B38BC3BC05C8F
:1068A000413B00930133FFF797FB45236A4AD25CD3
:1068B00000230A93002A10D0F0236A49CB5C002BF6
:1068C00004D0002A16D000230A9301E001230A9382
:1068D000F1236449CB5C002B04D0002A1BD0002399
:1068E000129301E001231293F3235E49CB5C002B4A
:1068F00008D002E0002312930A93002A0FD000234D
:10690000139301E001231393F4235649CB5C012533
:10691000002B07D005E000231393129301E000231E
:1069200013930025EDB2F5234E49CB5C002B00D12B
:106930005AE2494B00211985598513E04A4B598B7E
:1069400009B2B2234748C35A43483226805F88427F
:1069500005DDB0214348415A01313F4801850133EB
:106960003D494B85404B9B8B9BB23B49098D9942DE
:1069700005D3012043233849C85401260CE03A4B83
:10698000DB8B9BB23449498D0026994204D3002009
:1069900043233149C8540136002A08D0F223314A32
:1069A000D35C002B03D10022324B1A7004E0432346
:1069B000294AD25C2F4B1A70002E0CD02E4AFF238E
:1069C0002849C95C10004A38BC3BC05C423B00937C
:1069D0000133FFF701FB45231F4AD35C214ACA213B
:1069E0005354013153540131535401315354013143
:1069F00053540B9A002A04D00020CF2219498854FE
:106A000008E0CF229446174968466B3A8018007810
:106A100062468854159A002A04D00020A022114909
:106A2000885204E00C4A108BA0220E498852169A14
:106A3000002A04D00020A2220A49885204E0064A13
:106A4000508BA222074988524A46002A16D00020BD
:106A5000F9220449885417E054460020AC4600202F
:106A6000A04600204045002054B6010835470020CC
:106A70009F460020C84600209E4600205022D5494F
:106A8000885CA932D4498854D34AD0215354013167
:106A900053540131535401315354013153540D9A1D
:106AA000002A04D00020D522CB49885404E0D52206
:106AB000C9496846007C8854059A002A04D0002001
:106AC000A422C549885204E0C24A908BA422C2493C
:106AD00088520C9A002A04D00020A622BE4988526F
:106AE00004E0BC4AD08BA622BB4988525A46002AF1
:106AF00004D00020FA22B849885405E04F22B54955
:106B0000885CAB32B4498854B34AD621535401311E
:106B100053540131535401315354013153540F9A9A
:106B2000002A04D00020DB22AB49885404E0DB2299
:106B3000A9496846007B8854069A002A04D00020A0
:106B4000A822A549885204E0A24A108CA822A24992
:106B500088520E9A002A04D00020AA229E49885208
:106B600004E09C4A508CAA229B4988525246002A33
:106B700004D00020FB229849885405E04E22954914
:106B8000885CAD3294498854934ADC2153540131D6
:106B90005354013153540131535401315354079A22
:106BA000002A04D00020E1228B49885408E0E12229
:106BB000944689496846853A801800786246885428
:106BC000E22285498B544246002A03D00020FC2251
:106BD000885405E04D227F49885CAF327E49885455
:106BE0007D4AE3215354013153540131535401314F
:106BF000535401315354089A002A04D00020E8224B
:106C00007549885408E0E822944673496846883AF2
:106C10008018007862468854E9226F498B54002F0F
:106C200003D000201432885405E04C226949885C66
:106C3000B13269498854684AEA21535401315354A6
:106C4000013153540131535401315354119A002AE4
:106C500004D00020EF226049885406E0EF225E490C
:106C600068465027C01900788854099A002A04D031
:106C70000020AC225849885204E0564A908CAC223D
:106C800055498852109A002A04D00020AE22524959
:106C9000885204E04F4AD08CAE224F498852002CD3
:106CA00004D00020FE224C49885405E04B2249497B
:106CB000885CB33248498854474AF0215354013123
:106CC0005354013153540131535401315354139BE4
:106CD000002B03D00021F523D15402E0F5233E4AD6
:106CE000D6540A9B002B04D00021B0233A4AD1523B
:106CF00004E0384B198DB023374AD152129B002B38
:106D000004D00021B223344AD15204E0314B598DD2
:106D1000B223314AD152002D04D00021FF232E4A44
:106D2000D15414E14A232B4AD15CB5332A4AD154B9
:106D30000DE12A4B1B8CA2212748415A1B042548F0
:106D40004069984201DDFFF7F2F9FFF7F6F94523B4
:106D5000204AD35CFFF73CFA1E4B5969204800F0EB
:106D600065FF01001F4800F09FFF1C4B5B8C1BB2AE
:106D7000A62219498A5A80B25B00984201DDFFF7CA
:106D80006BFAFFF76FFA134B5969154800F096FF3D
:106D9000124B9B8C1BB2AA220F498A5A80B25B000D
:106DA000984201DDFFF7EEFAFFF7F2FA4523094AB0
:106DB000D25CFFF70AFC4523064AD25CE2E4482392
:106DC0000449CB5C002B00D132E51DE54523014A87
:106DD000D25C71E5544600204045002054B60108BD
:106DE000292BE749DBF97E5A49235C49CB5C002B10
:106DF00000D1B7E5A2E53D23584AD25C584B1A7042
:106E000001231993FFF7D0F901231993002A01D028
:106E1000FFF7B4F9EFE73D23504AD25C504B1A70AC
:106E200000231993FFF7CDF9002AF4D0FFF7A4F956
:106E30004C4A1078FFF764FB002A01D1FFF764FB8E
:106E4000F6E734224549895C474A1170FFF765FB34
:106E5000DC2246498A5C002A01D1FFF75BFBF0E7A0
:106E600034223E49895C404A1170FFF75FFB4023A2
:106E70003A4AD25C3E4B1A7001231793FFF791FBFD
:106E800001221792002B01D0FFF775FBEFE740239B
:106E9000324AD25C364B1A7000231793FFF78EFBF1
:106EA000002BF4D0FFF765FB324B1878FFF7E4FBBB
:106EB000002B01D1FFF7E4FBF6E736232749C95C35
:106EC0002D4B1970FFF7E5FBE3232849CB5C002B22
:106ED00001D1FFF7DBFBF0E736232049C95C264BE5
:106EE0001970FFF7DFFB41231C4AD25C234B1A7059
:106EF0000123189332E401231893002A01D0FFF7ED
:106F0000F6FBF0E74123154AD25C1C4B1A700023B4
:106F1000189330E4002AF5D0FFF7E7FB42230F4A2D
:106F2000D25C174B1A7001231493B1E4012314931C
:106F3000002A00D097E4F1E74223084AD25C104BC4
:106F40001A7000231493B0E4002AF5D089E41BB032
:106F50003CBC90469946A246AB46F0BD5446002044
:106F600046460020044700200647002040450020F8
:106F700040460020F846002048470020AC4600204C
:106F800035470020084A9C21535C04208343013884
:106F90008343535400200021106051609060D16001
:106FA0000022024BDA8570474045002054460020FD
:106FB000F0B55F4656464D464446F0B487B0C82308
:106FC000C64AD35C182B00D968E3C54B1B68C54A79
:106FD00012689A4200D984E360E3C3493A228B5C89
:106FE00001338B54C14B00241C5F231E01DA634222
:106FF0001BB2BF4A0026965FBC22B8498A5EB242E5
:1070000008DABE22B5498A5E9A4203DD3A23B64ABF
:10701000D55C02E0C923B14AD55C9C23AF4AD35C5E
:107020005A0715D4AD4B9C20195C04220A43FC215D
:107030000A4002210A431A540021AB4AD18500209C
:1070400000219860D9600020AA49186059603AE090
:1070500003221340012B1CD10022A64B9F498868B4
:10706000C968F2F7D7F900282DD09C4B9C201A5CF8
:1070700003218A4302210A431A5400219A4AD185E6
:10708000002000219860D96000209A49186059605A
:1070900019E00022974B914908684968F2F7BAF95C
:1070A000002810D08D4B9C201A5C03218A430121BB
:1070B0000A431A548A4A127992018B49CA850020E0
:1070C0008C499860D960884BDB8D9B0298462B00D9
:1070D0000C3BDAB2884B5343884A13607F4B4246DD
:1070E0001A65BC229E52002C04DA6442BE237B4AFD
:1070F000D45202E0BE23794AD452C923774AD554E8
:10710000853B794AD35C002B4AD0002303934DE0A2
:107110007B4B1B881BB27B4A934205DB784B18885C
:1071200000B2C00000B202E0774800E077486C4B44
:10713000DE88B6B2198909B200F0BEFB4643B3003F
:10714000734E0022B15E0293180000F0A3FC714B55
:107150001F68BF13C51B614C3388B822A15A591A46
:1071600009B2019800F096FC2E186B4B1D68AD1308
:107170006A4F0022B95E029800F08CFC2D1A3B8801
:10718000BA22A15A591A09B2019800F083FC291AAF
:10719000300000F053FF624B18600123039305E0B9
:1071A000564B1A685E4B1A60002303935C4B1B68B6
:1071B00080224A498A589A4206DDCA6F9B1A594A68
:1071C0009446634401930DE0882244498A589342CF
:1071D00004DD84228A589B1A019303E08C233F4AE2
:1071E000D35801930199504800F012FD07224F49EE
:1071F00000F002FB81460101091A89004C4800F0A9
:1072000093FC374D698989B200F088FD04006989D3
:1072100089098023DB00591A9023304AD05800F0A6
:1072200047FC23189A46002C03DA002801DA002BC9
:1072300009DA002C0ADD002808DD5346002B05DCA6
:107240003C4B9A4602E080231B069A464423264A7A
:10725000D35C002B00D04DE2938D002B00D050E288
:1072600048E25E4236B2012302931D4B9F893FB232
:10727000B6221A498A5A9346DD89ADB2AA4261D331
:10728000C423CA5E002A01DA53421AB2164B9B8D00
:107290005B009B1A1BB2124A128A92B226498A429A
:1072A00005D80F4A108A400000B2834204DC181C43
:1072B000002B00DA002000B20A23204A204900F007
:1072C00065FBB423054AD45A640020180F4B98423A
:1072D00000DD1800401084B237E0C0464045002071
:1072E0007CB601085046002054460020DC460020B1
:1072F000304700200000F03F0000610838470020C0
:107300003CB6010801F0FFFF0080FFFFFF7F000097
:10731000BE460020E0460020D44600201247002050
:1073200014470020000010C965F9A20025060100DD
:10733000AB0A0000FFFFFF7FFF3F0000D89001086D
:10734000F0900108B423B94AD45AB94B1B78002BEA
:1073500036D1B84B1B78002B32D1B74B1B78002BA2
:107360002ED1B64B1B78002B2AD1B54B1B78002BA6
:1073700026D1B44B1B78002B22D13B33B24AD35CCD
:10738000002B1DD04423D35C002B19D13C33D35C9C
:10739000002B03D1AD4B1B78002B11D02200BE4235
:1073A00001DDA94B9A8DAA4B5B8A9BB29A4204D30A
:1073B000A74B5A8AA74B1A8005E0A64B1A8002E019
:1073C0000022A44B1A800123BE4209DCA04B9A8AFA
:1073D00012B20023964203DD9F4B1B785A1E934145
:1073E000DBB29D4A1370AB4504D30020B6228F490F
:1073F000885204E08D48B621425A01324252954AE1
:1074000010884000954A0021525E801A944A9042AA
:1074100000DD1000002B04D08D4B9969DB690593CA
:1074200010E08B4A116A136A890C01252940DB0C94
:10743000C918C904536A526A9B0C2B40D20C9B1882
:10744000DB04059300B2C623784AD65E3618854B16
:107450009E4200DA1E0000F0ABFC824B984200DA3C
:10746000180005007E4B984200DD1D007C4B9E42BB
:1074700000DD1E0036B20599300000F099FC794B12
:10748000984200DA1800764B984200DD1800451942
:10749000744B9D4200DA1D00714B9D4200DD1D00C2
:1074A000ED036B4B1B891BB21B029D4202DD6E4A32
:1074B000136008E06D4B9D4203DA1A006A4B1A60B4
:1074C00001E0694B1D60634B1B885A1E9341684A5B
:1074D0001370684B1968684800F09AFB0023039A00
:1074E000002A04D0654B1B689846654B1B68584AB8
:1074F000926A934202DC544A536003E0544B9A6A06
:10750000514B5A60524B9B6A984503DC4E4B4246A6
:107510009A6003E04E4B9A6A4B4B9A60C5008023F9
:107520001B069D4219D88023DB059D4201D8581BBC
:10753000F2E005AB802252000021C020000628188E
:1075400000F066FD4F4A059900F008FA07004E4A20
:107550004E4BEB1893421BD921E04C4B9D4203D973
:107560008023DB05E818D7E0C0200006401B05ABF0
:1075700080225200002100F04BFD424A059900F0A4
:10758000EDF90700404A414BEB18934200D9F7E070
:107590007F4280231B069D4200D9F1E0DFE080237B
:1075A0001B069846581B05AB80225200002100F0B4
:1075B0002FFD344A059900F0D1F9454500D94042E4
:1075C000029B002B03D0324B4A461A6002E0002295
:1075D0002F4B1A601C4A154B596ED160996E116180
:1075E0002C490D88B8215D522B490D88BA215D5276
:1075F0008039515CC82299541E4A1268DA6780218A
:107600005A5004315A5004315A508C2201999950E1
:10761000043251469950114A1188C4229952103AA5
:107620009C5212329E525F669866BFE04045002031
:10763000AC46002040460020C846002010470020ED
:10764000CB46002046460020544600207EB001086C
:107650007CB601080E4700200C470020464700205A
:10766000FF7F00000080FFFFE44600200000E2FFF3
:107670003E4700201447002065F9A200F446002090
:107680002C47002008910108FEFFFF7FFFFFFFBF8E
:1076900024470020BE460020124700200122474B0D
:1076A0001A70474D288800B2464C218909B2000261
:1076B00000F002F9E16A00F0DDFBC10BAE20FF3003
:1076C00000F024FA404B1B88434319003F4800F068
:1076D0009FFA01902B881BB23D4A934200DD25E5BD
:1076E00016E50022354B1A703A4B1B6D002B00D06B
:1076F00073E477E40022384B1A80002302930026BB
:10770000B3E553465B121EB2334A1680002E00DAF0
:10771000A7E501230293A8E505AB802252000021D2
:1077200000F076FC2D4A059900F018F9070030E7C3
:1077300005AB80225200002100F06AFC274A05991F
:1077400000F00CF93BE705AB802252000021280035
:1077500000F05EFC214A059900F000F930E7802333
:10776000DB059D42EFD913E0684205AB8022520051
:10777000002100F04DFC194A059900F0EFF81EE7D2
:1077800080231B06E8188023DB059842ECD8CFE75E
:1077900080200006401B05AB80225200002100F033
:1077A00037FC0E4A059900F0D9F809E707B03CBC50
:1077B00090469946A246AB46F0BDC04642460020E0
:1077C0003CB601087CB601087CB001082506010022
:1077D000FF0F0000404500204647002008910108A7
:1077E00010B5002903D000F079FF00B200E0014895
:1077F00010BDC046FF7F000070B5002905D1C04311
:10780000C00F80231B06181A13E0C317C5185D406C
:10781000CB17CE185E40C30FCC0FA34205D031006A
:10782000280000F077FF404203E03100280000F01C
:1078300055FF70BD10B5002902D000F04FFF00E0E9
:10784000004810BDFFFFFF7F10B500290DD0CC17F9
:107850000B196340002904DA190000F05BFF404275
:1078600004E0190000F03AFF00E0014810BDC046F6
:10787000FFFFFF7FF8B507000D001600002916D0A6
:10788000F1F71EFC040029003800F1F79FFC002EE0
:107890000FD000230A0049006400002A01DB8D425A
:1078A00001D80134491B01339E42F3D101E0012488
:1078B00064422000F8BDC046F0B583B006000D1E3E
:1078C00003D100281BDA10481CE0C217831853406C
:1078D000CA178F185740390001931800F1F7F0FBD1
:1078E0000400F30FED0FAB420BD039000198F1F714
:1078F0006DFC4B1E99416418604200B202E00348DF
:1079000000E000B203B0F0BD0080FFFFFF7F000089
:10791000F0B583B007000C1E05D1C043C00F802313
:107920001B06181A17E0C21783185340CA178E187F
:107930005640310001931800F1F7C2FB0500FF0F1C
:10794000E40FA74207D031000198F1F73FFC4B1E2E
:1079500099416D18684203B0F0BDC04670B50D0086
:10796000431C9B00D158043BD4182668B14206DB67
:10797000891B280000F08CFA2368C01804E0711AF3
:10798000280000F085FA301A70BDC046F0B54746B1
:1079900080B490461E0000228B5E834222DA730080
:1079A0005B5E834222DD7308012E0ED93200002473
:1079B0005F007F5E874201DC1C0000E01A001319A3
:1079C0005B08171B012FF3D800E000246300CA5A9C
:1079D000801A0004C9184B88991A89B2F1F770FB14
:1079E00082B201E000240022B44203D17600434673
:1079F000F05E0DE00134640043461B19023B002198
:107A00005B5E4146085FC01A50430014C31818B2A9
:107A100004BC9046F0BDC046F8B515001E000B88AA
:107A2000834222D273005B5A834222D97308012E0B
:107A30000ED9320000245F007F5A874201D81C0013
:107A400000E01A0013195B08171B012FF3D800E0A0
:107A500000246300CA5A801A0004C9184B88991A76
:107A600089B2F1F72DFB82B201E000240022B4427A
:107A700002D17600705F0BE0013464002B19023BE9
:107A800000215B5E285FC01A50430014C31818B26F
:107A9000F8BDC04600B583B06B4601AA00F010FAED
:107AA000019B9805009B9B0A184303B000BDC0468C
:107AB00000B583B06B4601AA00F002FA0198009B62
:107AC0008212002A0EDC80059B0A1843131E02D185
:107AD000002814DA08E0013208DB013311D1002854
:107AE00007DA0EE008480CE007480AE080200006AC
:107AF00007E08020000604E08020000601E0531C1F
:107B0000FADB03B000BDC046FFFFFF7F00B583B0C6
:107B10006B4601AA00F0D4F9019B1805009B1B0BD2
:107B2000184303B000BDC04600B583B06B4601AA40
:107B300000F0C6F9019BD804009B5B0B184303B00F
:107B400000BDC04600B583B06B4601AA00F0B8F98D
:107B5000019B5804009BDB0B184303B000BDC046DB
:107B600000B583B06B4601AA00F0AAF9019B980307
:107B7000009B9B0C184303B000BDC04600B583B00A
:107B80006B4601AA00F09CF9019B5803009BDB0C9B
:107B9000184303B000BDC04600B583B06B4601AAD0
:107BA00000F08EF9019B1803009B1B0D184303B0D6
:107BB00000BDC04600B583B06B4601AA00F080F955
:107BC0000198009B0215002A0EDC00031B0D1843D0
:107BD000131E02D1002814DA08E0013208DB013359
:107BE00011D1002807DA0EE008480CE007480AE047
:107BF0008020000607E08020000604E080200006C8
:107C000001E0531CFADB03B000BDC046FFFFFF7F5D
:107C100000B583B06B4601AA00F052F9019B9801B0
:107C2000009B9B0E184303B000BDC04600B583B057
:107C30006B4601AA00F044F9019B5800009BDB0F42
:107C4000184303B000BDC04600B583B06B4601AA1F
:107C500000F036F9019B1807009B1B09184303B07D
:107C600000BDC04600B583B06B4601AA00F028F9FC
:107C70000198C3171A1E0DDC0012002B01D1002839
:107C80000ADB01320ADB01330AD1002808DB80203D
:107C9000000605E0034803E0024801E080200006FA
:107CA00003B000BDFFFFFF7F00B583B06B4601AAA4
:107CB00000F006F9019B581303B000BD00B583B076
:107CC0006B4601AA00F0FCF8019B981303B000BDBD
:107CD00000B583B06B4601AA00F0F2F8019B1814BE
:107CE00003B000BD00B583B06B4601AA00F0E8F810
:107CF000019B1806009B1B0A184303B000BDC04639
:107D000000B583B06B4601AA00F020F9019B58042E
:107D1000009BDB0B184303B000BDC04600B583B029
:107D20006B4601AA00F012F9019B1804009B1B0C82
:107D3000184303B000BDC04600B583B06B4601AA2E
:107D400000F004F90198009B0214002A0EDC0004E4
:107D50001B0C1843131E02D1002814DA08E001326C
:107D600008DB013311D1002807DA0EE008480CE0E7
:107D700007480AE08020000607E08020000604E0B3
:107D80008020000601E0531CFADB03B000BDC046B2
:107D9000FFFFFF7F00B583B06B4601AA00F0D6F865
:107DA000019B5803009BDB0C184303B000BDC04689
:107DB00000B583B06B4601AA00F0C8F80198009B9B
:107DC0000215002A0EDC00031B0D1843131E02D1FE
:107DD000002814DA08E0013208DB013311D1002851
:107DE00007DA0EE008480CE007480AE080200006A9
:107DF00007E08020000604E08020000601E0531C1C
:107E0000FADB03B000BDC046FFFFFF7F00B583B0C3
:107E10006B4601AA00F09AF8019B9800009B9B0F0B
:107E2000184303B000BDC04600B583B06B4601AA3D
:107E300000F08CF8019803B000BDC04600B583B0D7
:107E400001AB6A4600F03CF8009BD803019B5B0C39
:107E5000184303B000BDC04600B583B001AB6A460D
:107E600000F074F8009B9805019B9B0A184303B02F
:107E700000BDC04600B583B001AB6A4600F066F8AD
:107E8000009BD806019B5B09184303B000BDC046A8
:107E900000B583B001AB6A4600F092F8009B580031
:107EA000019BDB0F184303B000BDC04600B583B093
:107EB0006B4601AA00F084F8019803B000BDC046EB
:107EC000F0B54F464646C0B49C46C317C5185D4042
:107ED000CB17CE185E402B0C2D042C0C370C350420
:107EE0002D0C2E005E43B0463E006643B14665430E
:107EF00036047619AE42AD416C4245462D04AD19AB
:107F0000B542B6417642A4194E46360CB1464646B5
:107F1000360C4E445F43F7193F1900280FD0002953
:107F20000DD0C317181ACB17591AC00FC90F8842A2
:107F300005D06D42002D01D0FF4300E07F42176065
:107F400063461D600CBC90469946F0BDF0B54F46A7
:107F50004646C0B494469846C317C6185E40320CD5
:107F60003604360C0F0C0D042D0C2B0053433C0033
:107F70007443A1466E432504AD19B542B64174421F
:107F80001E047619AE42AD416D4264194D462D0C6A
:107F90001B0CEB185743DF193F19002907D00028A5
:107FA00005DA7642002E01D0FF4300E07F426346AF
:107FB0001F6043461E600CBC90469946F0BDC0460B
:107FC000F0B5474680B49846050C0004000C0C0C34
:107FD0000904090C0E006E4327004743414338044F
:107FE000401888428941494233049C468444844570
:107FF0008041404209183F0C360CBE196C433419BD
:108000006418146063464246136004BC9046F0BD99
:10801000884203D800221A6000200CE0411A880D23
:10802000904204D24902044A1140196003E0501EF4
:10803000802212061A60704700FEFF7FF0B55F468F
:1080400056464D464446F0B4A9B004000D00002346
:10805000A2491DAA5858985004332C2BF9D1002C52
:1080600014DA80231B069C4201D0604200E09C4849
:10807000022213A900F03CF919AB1E22022113A819
:1080800000F0EAFA012398469A4610E0022213A96A
:10809000200000F02DF919AB1E22022113A800F0D8
:1080A000DBFAE017041BE30F984600239A46002DE5
:1080B00013DA80231B069D4201D0684200E0884805
:1080C000022213A900F014F91BAB1E22022113A8EF
:1080D00000F0C2FA012399460CE0022213A92800FD
:1080E00000F006F91BAB1E22022113A800F0B4FA1F
:1080F0000023994617AA1BAB03CB03C215AA19ABE1
:1081000003CB03C21DAD01240027764B9B4609A972
:108110000B005A4641CA41C3022219A800F076F961
:1081200000281AD0022307AA15A91BA800F0B6FA46
:108130001BAB1E22022107A800F08EFA022307AA19
:1081400017A919A800F068FA19AB1E22022107A886
:1081500000F082FA2B68FF1A1AE0022307AA15A979
:108160001BA800F059FA1BAB1E22022107A800F041
:1081700073FA022307AA17A919A800F08FFA19ABFE
:108180001E22022107A800F067FA2B689C4667446C
:108190000226009617AB220002211BA800F0C0F9AE
:1081A000009615AB2200022119A800F0B9F901349C
:1081B00004350C2CABD14346002B7ED04B46002B14
:1081C00072D05346002B37D003AC02222100380076
:1081D00000F08EF805AB1F220221200000F03CFACF
:1081E000414B220003CB03C2022307AA210005A8AA
:1081F00000F054FA03230BAA022107A800F084F828
:10820000032300930EAB1F2203210BA800F004F9F7
:10821000022309AA03210EA800F0A2F8022300936A
:1082200011AB1F22022109A800F07AF9022111A83E
:1082300000F08CF8070048E007AC2B4B220003CB82
:1082400003C2022203A9380000F052F805AB1F2236
:10825000022103A800F000FA022309AA05A92000C0
:1082600000F01CFA03230BAA022109A800F04CF825
:10827000032300930EAB1F2203210BA800F0CCF8C0
:10828000022311AA03210EA800F06AF8022300932A
:1082900013AB1F22022111A800F042F9022113A8FA
:1082A00000F054F8070010E05346002B0DD0802357
:1082B0001B069F4206D07F4207E04B460027002B5B
:1082C00003D001E0064F00E0084F380029B03CBC65
:1082D00090469946A246AB46F0BDC0461C950108A3
:1082E000FFFFFF7F0C9501081495010851ED87648D
:1082F0000860C017012A05DD0B1D9200891801C313
:108300008B42FCD17047C046F0B51D008B4200DDAA
:108310000D00002D06DDAE0000240759175104346E
:10832000B442FAD18B420EDD074CA4466144890069
:108330000858C017AB4206DDA90051189B00D2189F
:1083400001C19142FCD1F0BDFFFFFF3F00B583B0FA
:10835000012301AA00F004F8019803B000BDC04653
:10836000F0B557464E464546E0B44E1EB400A14611
:1083700081444C462568AC46ED178B4238DA5F1EC7
:10838000B846BC00A24667460459674028D4B342A9
:108390002EDC4C46013E2768AF4221D1043CB3425B
:1083A000F8DD25E020C18142FCD1013B00E0002343
:1083B0009B00802109068C4665449D5021E047586A
:1083C00057500431B142FAD100E00024A34218DD35
:1083D000A10051189B00D21820C18A42FCD110E0A4
:1083E000ED4341460029E2DD110050461018D9E75F
:1083F0001C008B4200DD0C00002CE6DDA6000021F5
:10840000DDE71CBC90469946A246F0BD10B500F0D1
:10841000A1F9C00F10BDC046F0B55F4656464D46A7
:108420004446F0B483B004009146984652099246FF
:108430003A4BCB189B001F58FF1715000C9B9A4214
:1084400000DD1D00002D07DD4346A8004044002646
:1084500040C39842FCD100E000250C9B9A453DDAD0
:1084600053014846C31A51180C9A8A4200DD0A008B
:10847000521B9246002B02D1002A33DC2EE0202230
:10848000D21A91465246002A1BDD92009346AC4612
:10849000A9004144002200204E460191B946270020
:1084A0005C46F0400500B858010099400D43019921
:1084B0008D500432A242F4D14F46B1465546654430
:1084C00000E000200C9AAA4221DDAA004946C840DB
:1084D0003900994008434346D05001350C9B9D42DA
:1084E0000DDB14E092002900AD0045440023E05864
:1084F000E85004339A42FAD151440D00EEE7A90046
:1085000041440C9B9C00444480C18C42FCD103B08C
:108510003CBC90469946A246AB46F0BDFFFFFF3FEC
:10852000F0B55F4656464D464446F0B483B08046AB
:108530008C469A4653091800364C6444A4004146C0
:108540006658F6170024634543DA0C9959186446B7
:1085500000948C4500DD00915901511A04D1009A14
:108560000024904235DA38E02022521A91469A00CF
:10857000404617585A1C009C94421ADD920042440F
:1085800050460194A40044444D4699462300B34606
:108590003C00CC4080CA3E00AE40344310C09A42FA
:1085A000F6D14B46A9465E46DC43019B9B465C44A4
:1085B00000E00024CF40330000998C4502DD8B00A1
:1085C00042469B58A20049468B401F435346D75012
:1085D00001340C9BA3420DDC14E09A004244514646
:1085E000009804008000404420CA20C18242FBD190
:1085F000E41AEEE7A20052440C9B9B00534440C295
:108600009A42FCD103B03CBC90469946A246AB4688
:10861000F0BDC046FFFFFF3FF0B5474680B4002BDA
:1086200016DD9B0098460025002600239C464759EE
:108630004C593C19A4195451002E03D06646A74248
:10864000764102E0BC42A441664204354545EED184
:1086500004BC9046F0BDC04670B54D1E002D09DD2E
:108660000D4CA44661448900002406591E5104346F
:108670008C42FAD11F218A1A01249440AD0040593E
:10868000010021404A1E91414A4264005040013C91
:10869000044062405A5170BDFFFFFF3FF0B54746AE
:1086A00080B4002B16DD9B00984600250027002390
:1086B0009C4646594C59341BE41B5451002F03D09F
:1086C0006746B4427F4102E0A642A44167420435B6
:1086D0004545EED104BC9046F0BDC046F8B5070054
:1086E0000D001600F0F7ECFC040029003800F0F74C
:1086F0006DFD002E0CD000230A0049006400002A02
:1087000001DB8D4201D80134491B01339E42F3D174
:108710002000F8BDF8B507000D001600F0F7D0FCFA
:10872000040029003800F0F751FD002E0CD0002382
:108730000A0049006400002A01DB8D4201D801349F
:10874000491B01339E42F3D14B1E9941641820000E
:10875000F8BDC04670B5144BD3189B00C458E40F45
:10876000CD58EE0FE507A64205D1C018C918002A5A
:1087700007DC002016E0681E85416842012318438B
:1087800010E0013A03680C68A34206D000209C4226
:10879000404140420123184304E004380439002AD0
:1087A000EFD1002070BDC046FFFFFF3F014B1868AE
:1087B0007047C0467005002070B50F2A32D90C00F2
:1087C00004430B00A40731D115000400103D2D090E
:1087D00001352D0149191E6826605E6866609E6835
:1087E000A660DE681033E66010349942F3D10F239F
:1087F00045191340032B1BD91C1F0023A408013467
:10880000A400CE58EE5004339C42FAD103232D1914
:1088100009191A4005D00023CC5CEC5401339A426C
:10882000FAD170BD0500002AF5D1FAE70500F2E79C
:108830001A00F8E770B583073FD0541E002A3BD0DA
:10884000CEB20300032503E0621E002C34D01400D6
:1088500001335A1E16702B42F6D1032C24D9FF2562
:108860000D402A0215432A0415430F2C11D9260066
:10887000103E3609013636011A009B191560556005
:108880009560D56010329342F8D10F221440032C2A
:108890000AD9261FB6080136B6001A009B1920C255
:1088A0009342FCD103221440002C05D0C9B21C19FC
:1088B000197001339C42FBD170BD14000300CCE75A
:1088C000F0B54746430080B45F081B0E7F3B051C94
:1088D0001C00162B18DC8046002B1EDB1B4F061CD1
:1088E0001F4107420CD01A49F2F722FB0021F0F792
:1088F000C1FD002804D0002D1DDB4346BB431E00F4
:10890000301C04BC9046F0BD124B061C9F42F7D9A8
:10891000011CF2F70DFB061CF2E70D49F2F708FB0C
:108920000021F0F7A7FD002803D0002D09DB002669
:10893000E6E72E1CE4E780231B0423419846A84465
:10894000DBE7002FF5D0044EDAE7C046FFFF7F00DB
:10895000CAF24971FFFF7F7F000080BFF0B5474634
:1089600080B48CB0051C0C1C00F060F82D4B061C6C
:108970001B785BB29846013335D0211C201CF2F7DE
:108980004DFC00282FD1291C281CF2F747FC071E9C
:1089900029D10021201CF0F753FD002823D001230A
:1089A0000293214B281C03930A97F2F74FFA060013
:1089B0000F00201C04960597F2F748FA43460690EC
:1089C0000791002B14D10896099702A800F0B4F87B
:1089D000002818D00A9B0193002B1CD108980999F4
:1089E000F2F74AFF00E0301C0CB004BC9046F0BD2A
:1089F0000023002219001000F2F728FC43460890DB
:108A00000991022BE1D1FFF7D1FE212303600A9BDC
:108A10000193002BE2D0FFF7C9FE0A9B019303608C
:108A2000DCE7C04674050020489501084A0070B58F
:108A3000520838D0C50FED072B003B4C4340A342F2
:108A400031DC0134A2422EDC934231DB36D0374890
:108A5000834238DC7E2418026442002803DD013C96
:108A600040000028FBDC314882423ADDD6157F3ECB
:108A700020007E3030DB80205B025B0A0004034371
:108A800030007E3022DB80204902490A0004014385
:108A9000A41B002C0DD05A1A5B00002A01DB0DD05C
:108AA0005300013CF5E7F0F745FF011CF0F778FDB6
:108AB00070BD591A00D51900002919D1E90F1C4BB6
:108AC0008900C858F4E7DC157F3CCCE77E21494299
:108AD000891B8A401100DBE77E204042001B834057
:108AE000CEE77E2610027642013E4000FCD5BFE76D
:108AF0000E4A1300914203DC4900013E9942FBDD1E
:108B000033007E3306DA7E235B429E1B3141080030
:108B10002843CDE7074B30009C467F306144294312
:108B2000C0050843C4E7C046FFFF7F7FFFFF7F000B
:108B300050950108000080FF00207047F296000861
:108B400016960008D4960008AC960008D496000843
:108B5000A0960008D4960008AC9600081696000867
:108B600016960008A0960008AC96000858970008D2
:108B70005897000858970008DA96000816960008DB
:108B800016960008C0960008AA960008C09600082D
:108B9000A0960008C0960008AA960008169600083D
:108BA00016960008A0960008AA9600085897000894
:108BB000589700085897000864970008509A0008D2
:108BC000AE990008AE990008AC990008429A0008D6
:108BD000429A0008389A0008AC990008429A0008A6
:108BE000389A0008429A0008AC990008489A000890
:108BF000489A0008489A0008D29A0008C4A30008BE
:108C000084A2000884A2000882A200089CA3000895
:108C10009CA300088EA3000882A200089CA3000861
:108C20008EA300089CA3000882A20008A4A3000849
:108C3000A4A30008A4A30008A4A500083CB400084D
:108C40000AB3000810B4000800B3000810B400080C
:108C50001AB4000810B4000800B300080AB30008F2
:108C60000AB300081AB4000800B30008F6B20008FE
:108C7000F6B20008F6B200086CB600084F53544B29
:108C80005F4343505F726563760000004F53544B5F
:108C90005F43435044617130000000004F53544B18
:108CA0005F43435044617131000000004F53544B07
:108CB0005F43435044617132000000004F53544BF6
:108CC0005F434F4D4D5F43414E54505F52585F4D8F
:108CD000736750726F636573730000004F53544B9A
:108CE0005F4443414E5F4474726D6E5365727669A2
:108CF000636500004F53544B5F547269675F316D79
:108D0000735F5461736B00004F53544B5F44544383
:108D10004D5F5550444154455F4454435F54617323
:108D20006B0000004F53544B5F4170705F54617390
:108D30006B5F43726561746500000000027F000094
:108D4000197D0000467B000086790000D97700007D
:108D50003D760000B274000035730000C77100005A
:108D600066700000116F0000C86D00008B6C000081
:108D7000586B00002F6A00000F690000F8670000C0
:108D8000EA660000E4650000E5640000EE630000B0
:108D9000FE620000146200003161000054600000B7
:108DA0007D5F0000AB5E0000DE5D0000175D00002F
:108DB000545C0000965B0000DD5A0000285A000059
:108DC00077590000CA580000215800007C57000065
:108DD000DA5600003C560000A1550000095500007D
:108DE00075540000E353000054530000C9520000C2
:108DF0003F520000B951000035510000B35000004F
:108E000034500000B74F00003D4F0000C44E00003A
:108E10004E4E0000DA4D0000684D0000F74C000097
:108E2000894C00001D4C0000B24B0000494B000073
:108E3000E14A00007C4A0000184A0000B5490000E1
:108E400054490000F4480000964800003A480000E9
:108E5000DE470000844700002C470000D446000095
:108E60007E46000029460000D645000083450000EC
:108E700032450000E14400009244000044440000F8
:108E8000F7430000AA4300005F43000015430000C1
:108E9000CC420000844200003C420000F641000049
:108EA000B04100006B41000027410000E440000099
:108EB000A2400000604000002040000024CA0008DA
:108EC00024CA00084CC6000868C60008AAC60008E4
:108ED00024CA0008E4C700080AC6000804C900083C
:108EE000E2C9000824CA000824CA0008F0C9000822
:108EF0000ACA000858C90008D4C6000886C9000874
:108F0000D8C9000824CA000824CA00080AC70008F3
:108F10005AC700089AC70008FEC50008A4C900087F
:108F200024CA000824CA000818CA000824CA000875
:108F300024CA000824CA000824CA000824CA000859
:108F400024CA0008C0C9000890C6000849444C451E
:108F50000000000070F9000854F80008D6F8000876
:108F6000DEF8000860F9000868F90008A4030108A9
:108F7000A403010844030108A4030108A403010891
:108F8000A4030108A4030108A4030108A403010821
:108F90003C0301086A030108600301087403010827
:108FA0007E0301084C0301088803010856030108E9
:108FB00092030108F0F002D8000020DC000020E05D
:108FC000000020DC0000200E28000000000086F1D8
:108FD00000D8000020DC000020E0000020DC0000C1
:108FE000200100003445002087F100D8000020DC7B
:108FF000000020E0000020DC000020090000BC0090
:10900000002089F100D800002000000000000000CE
:1090100000000000000F0000C8000020C1F100D8CF
:10902000000020000000000000000000000000110F
:10903000000094000020C2F100D8000020000000D1
:10904000000000000000000000110000A800002047
:10905000C3F100D800002000000000000000000064
:10906000000000110000802F00200000BC1101084A
:109070008E110108961101089E110108A611010820
:10908000AE110108B6110108982501089C250108B8
:10909000A0250108A4250108A8250108AC25010880
:1090A000B0250108181C1C00402001400D000000E4
:1090B000802001400E000000C02001400F00000091
:1090C00000210140100000000B0B020C0C030000FB
:1090D0001112131400C4003C38FF60FF88FFB0FF7A
:1090E000D8FF0000280050007800A000C800000051
:1090F00030F8C0F950FBE0FC70FE00009001200346
:10910000B0044006D007000000000000C4876400DF
:10911000900EC9006C932D015F1592017393F601B7
:10912000AF0C5B021A80BF02BEEC2303A25188037E
:10913000CFADEC034D0051042548B5045E841905FC
:1091400003B47D051BD6E105AFE94506C9EDA906C7
:1091500072E10D07B3C371079693D5072450390800
:1091600067F89C086A8B000937086409D86DC7093D
:1091700059BB2A0AC3EF8D0A220AF10A8209540B4D
:10918000EFECB60B74B3190C1E5C7C0CF9E5DE0C2D
:109190001350410D7899A30D35C1050E5AC6670EBF
:1091A000F3A7C90E0F652B0FBEFC8C0F0D6EEE0FD3
:1091B0000EB84F10D0D9B01063D21111D7A07211D0
:1091C0003F44D311ACBB33122F069412DB22F412AE
:1091D000C3105413FACEB313945C1314A5B87214CD
:1091E00042E2D11481D83015769A8F153827EE15C2
:1091F000DD7D4C167E9DAA16318508170F34661743
:1092000031A9C317B0E32018A7E27D182FA5DA18FB
:10921000642A3719617193194479EF1928414B1A5F
:109220002BC8A61A6C0D021B0A105D1B23CFB71B9F
:10923000D849121C4A7F6C1C996EC61CE916201D69
:109240005C77791D158FD21D385D2B1EEBE0831ED8
:109250005319DC1E9605341FDCA48B1F4CF6E21F4D
:109260000FF939204DAC9020320FE720E8203D2146
:109270009BE09221764DE821A8663D225E2B92224A
:10928000C89AE62214B43A2373768E2317E1E123B9
:1092900032F33424F7AB87249A0ADA244F0E2C25B4
:1092A0004CB67D25C801CF25FAEF1F261A807026FF
:1092B00062B1C0260C83102752F45F277204AF27D7
:1092C000A7B2FD272FFE4B284AE69928376AE728E0
:1092D000378934298C4281297895CD293F81192AF3
:1092E0002505652A7120B02A69D2FA2A551A452B1C
:1092F0007DF78E2B2B69D82BAA6E212C46076A2C62
:109300004C32B22C09EFF92CCD3C412DE81A882DB6
:10931000AA88CE2D6685142E70105A2E1B299F2EDA
:10932000BECEE32EAF00282F45BE6B2FDA06AF2F3F
:10933000C7D9F12F67363430181C7630368AB730EB
:109340001F80F83035FD3831D6007931668AB83162
:109350004899F731E02C363293447432C9DFB13288
:10936000EAFDEE325E9E2B3390C06733EC63A3338D
:10937000DE87DE33D52B1934414F533490F18C34D2
:109380003612C634A5B0FE3452CC3635B2646E35D2
:109390003C79A5356809DC35B01412368E9A47360B
:1093A0007E9A7C36FD13B1368A06E536A5711837EC
:1093B000CE544B3789AF7D375981AF37C3C9E037BA
:1093C0004D8811387FBC4138E36571380284A0387C
:1093D0006916CF38A41CFD3842962A39D3825739F2
:1093E000E8E1833913B3AF39E8F5DA39FDA9053A75
:1093F000E8CE2F3A4264593AA369823AA6DEAA3AE5
:10940000E8C2D23A0516FA3A9ED7203B5307473BAB
:10941000C4A46C3B97AF913B6E27B63BF00BDA3B95
:10942000C45CFD3B9419203C0A42423CD1D5633CCC
:1094300096D4843C093EA53CD911C53CB74FE43CC9
:1094400057F7023D6C08213DAE823E3DD2655B3D43
:1094500092B1773DA865933DCF81AE3DC505C93D2D
:1094600048F1E23D1844FC3DF7FD143EA81E2D3E98
:10947000EFA5443E92935B3E59E7713E0CA1873EB7
:1094800076C09C3E6345B13EA02FC53EFC7ED83ED3
:109490004733EB3E544CFD3EF5C90E3FFFAB1F3F3B
:1094A0004AF22F3FAB9C3F3FFEAA4E3F1D1D5D3F42
:1094B000E3F26A3F302C783FE2C8843FDAC8903F3D
:1094C000FB2B9C3F28F2A63F481BB13F40A7BA3F69
:1094D000F995C33F5EE7CB3F5A9BD33FD9B1DA3F03
:1094E000CB2AE13F1F06E73FC743EC3FB6E3F03F1F
:1094F000E0E5F43F3C4AF83FC110FB3F6939FD3FCE
:109500002DC4FE3F0BB1FF3F0000004000000000F3
:109510000000000051ED87640000000054FB211999
:109520008333D60E7EDDD60753B7FA03BB55FF0152
:10953000AEEAFF0055FD7F00ABFF3F00F5FF1F00C7
:10954000FFFF0F0000000800666D6F6466000000FA
:109550000000000000000080434F4D50524553531F
:109560004F525F4543550000AAAAAAAA0400000072
:109570000000000001020400006CDC0200366E01F5
:1095800098010000640000000000000011000000CD
:10959000F401000000000022000000F401000000BF
:1095A0000000330000006400000000000000000024
:1095B0000028000020010100013400002003070002
:1095C000027000002003070041000000F4010000C9
:1095D00000000042000000F4010000000000430011
:1095E0000000640000000000000060EA56313130E5
:1095F0003130303031534230315F30303100000093
:10960000563131303130303031534131305F3030CC
:10961000310000005631333031303030310000003D
:10962000563131303130303031535F3030303100ED
:109630000102030001030007030000000001000015
:1096400000000000FF0F000001010000E007000023
:109650000000000002010000DF0700000000000021
:1096600003010000D007000000000000000000001F
:1096700000000000FF0F000001010000E0070000F3
:109680000000000002010000DF07000000000000F1
:1096900003010000D00700000000000000000000EF
:1096A00000000000340400209C0400200405002079
:1096B00000000000000000000000000000000000AA
:1096C000000000000000000000000000000000009A
:1096D000000000000000000000000000000000008A
:1096E000000000000000000000000000000000007A
:1096F000000000000000000000000000000000006A
:109700000000000000000000000000000000000059
:109710000000000000000000000000000000000049
:109720000000000000000000000000000000000039
:109730000000000000000000000000000000000029
:109740000000000000000000010000000000000018
:109750000E33CDAB34126DE6ECDE05000B000000DD
:1097600000000000000000000000000000000000F9
:1097700000000000000000000000000000000000E9
:1097800000000000000000000000000000000000D9
:1097900000000000000000000000000000000000C9
:1097A00000000000000000000000000000000000B9
:1097B00000000000000000000000000000000000A9
:1097C0000000000000000000000000000000000099
:1097D0000000000000000000000000000000000089
:1097E0000000000000000000000000000000000079
:1097F0000000000000000000000000000000000069
:109800000000000000000000000000000000000058
:109810000000000000000000000000000000000048
:109820000000000000000000000000000000000038
:109830000000000000000000000000000000000028
:109840000000000000000000000000000000000018
:109850000000000000000000000000000000000008
:1098600000000000000000000000000000000000F8
:1098700000000000000000000000000000000000E8
:1098800000000000000000000000000000000000D8
:1098900000000000000000000000000000000000C8
:1098A00000000000000000000000000000000000B8
:1098B00000000000000000000000000000000000A8
:1098C0000000000000000000000000000000000098
:1098D0000000000000000000000000000000000088
:1098E0000000000000000000000000000000000078
:1098F0000000000000000000000000000000000068
:109900000000000000000000000000000000000057
:109910000000000000000000000000000000000047
:109920000000000000000000000000000000000037
:109930000000000000000000000000000000000027
:109940000000000000000000000000000000000017
:109950000000000000000000000000000000000007
:1099600000000000000000000000000000000000F7
:1099700000000000000000000000000000000000E7
:1099800000000000000000000000000000000000D7
:1099900000000000000000000000000000000000C7
:1099A00000000000000000000000000000000000B7
:1099B00000000000000000000000000000000000A7
:1099C0000000000000000000000000000000000097
:1099D0000000000000000000000000000000000087
:1099E0000000000000000000000000000000000077
:1099F0000000000000000000000000000000000067
:109A00000000000000000000000000000000000056
:109A10000000000000000000000000000000000046
:109A20000000000000000000000000000000000036
:109A30000000000000000000000000000000000026
:109A40000000000000000000000000000000000016
:109A50000000000000000000000000000000000006
:109A600000000000000000000000000000000000F6
:109A700000000000000000000000000000000000E6
:109A800000000000000000000000000000000000D6
:109A900000000000000000000000000000000000C6
:109AA00000000000000000000000000000000000B6
:109AB00000000000000000000000000000000000A6
:109AC000000000000000000048010020010000002C
:109AD000FFFFFFFFFFFFFFFFFFFFFFFFFFFFFFFF96
:109AE000FFFFFFFFFFFFFFFFFFFFFFFFFFFFFFFF86
:109AF000FFFFFFFFFFFFFFFFFFFFFFFFFFFFFFFF76
:109B0000FFFFFFFFFFFFFFFFFFFFFFFFFFFFFFFF65
:109B1000FFFFFFFFFFFFFFFFFFFFFFFFFFFFFFFF55
:109B2000FFFFFFFFFFFFFFFFFFFFFFFFFFFFFFFF45
:109B3000FFFFFFFFFFFFFFFFFFFFFFFFFFFFFFFF35
:109B4000FFFFFFFFFFFFFFFFFFFFFFFFFFFFFFFF25
:109B5000FFFFFFFFFFFFFFFFFFFFFFFFFFFFFFFF15
:109B6000FFFFFFFFFFFFFFFFFFFFFFFFFFFFFFFF05
:109B7000FFFFFFFFFFFFFFFFFFFFFFFFFFFFFFFFF5
:109B8000FFFFFFFFFFFFFFFFFFFFFFFFFFFFFFFFE5
:109B9000FFFFFFFFFFFFFFFFFFFFFFFFFFFFFFFFD5
:109BA000FFFFFFFFFFFFFFFFFFFFFFFFFFFFFFFFC5
:109BB000FFFFFFFFFFFFFFFFFFFFFFFFFFFFFFFFB5
:109BC000FFFFFFFFFFFFFFFFFFFFFFFFFFFFFFFFA5
:109BD000FFFFFFFFFFFFFFFFFFFFFFFFFFFFFFFF95
:109BE000FFFFFFFFFFFFFFFFFFFFFFFFFFFFFFFF85
:109BF000FFFFFFFFFFFFFFFFFFFFFFFFFFFFFFFF75
:109C0000FFFFFFFFFFFFFFFFFFFFFFFFFFFFFFFF64
:109C1000FFFFFFFFFFFFFFFFFFFFFFFFFFFFFFFF54
:109C2000FFFFFFFFFFFFFFFFFFFFFFFFFFFFFFFF44
:109C3000FFFFFFFFFFFFFFFFFFFFFFFFFFFFFFFF34
:109C4000FFFFFFFFFFFFFFFFFFFFFFFFFFFFFFFF24
:109C5000FFFFFFFFFFFFFFFFFFFFFFFFFFFFFFFF14
:109C6000FFFFFFFFFFFFFFFFFFFFFFFFFFFFFFFF04
:109C7000FFFFFFFFFFFFFFFFFFFFFFFFFFFFFFFFF4
:109C8000FFFFFFFFFFFFFFFFFFFFFFFFFFFFFFFFE4
:109C9000FFFFFFFFFFFFFFFFFFFFFFFFFFFFFFFFD4
:109CA000FFFFFFFFFFFFFFFFFFFFFFFFFFFFFFFFC4
:109CB000FFFFFFFFFFFFFFFFFFFFFFFFFFFFFFFFB4
:109CC000FFFFFFFFFFFFFFFFFFFFFFFFFFFFFFFFA4
:109CD000FFFFFFFFFFFFFFFFFFFFFFFFFFFFFFFF94
:109CE000FFFFFFFFFFFFFFFFFFFFFFFFFFFFFFFF84
:109CF000FFFFFFFFFFFFFFFFFFFFFFFFFFFFFFFF74
:109D0000FFFFFFFFFFFFFFFFFFFFFFFFFFFFFFFF63
:109D1000FFFFFFFFFFFFFFFFFFFFFFFFFFFFFFFF53
:109D2000FFFFFFFFFFFFFFFFFFFFFFFFFFFFFFFF43
:109D3000FFFFFFFFFFFFFFFFFFFFFFFFFFFFFFFF33
:109D4000FFFFFFFFFFFFFFFFFFFFFFFFFFFFFFFF23
:109D5000FFFFFFFFFFFFFFFFFFFFFFFFFFFFFFFF13
:109D6000FFFFFFFFFFFFFFFFFFFFFFFFFFFFFFFF03
:109D7000FFFFFFFFFFFFFFFFFFFFFFFFFFFFFFFFF3
:109D8000FFFFFFFFFFFFFFFFFFFFFFFFFFFFFFFFE3
:109D9000FFFFFFFFFFFFFFFFFFFFFFFFFFFFFFFFD3
:109DA000FFFFFFFFFFFFFFFFFFFFFFFFFFFFFFFFC3
:109DB000FFFFFFFFFFFFFFFFFFFFFFFFFFFFFFFFB3
:109DC000FFFFFFFFFFFFFFFFFFFFFFFFFFFFFFFFA3
:109DD000FFFFFFFFFFFFFFFFFFFFFFFFFFFFFFFF93
:109DE000FFFFFFFFFFFFFFFFFFFFFFFFFFFFFFFF83
:109DF000FFFFFFFFFFFFFFFFFFFFFFFFFFFFFFFF73
:109E0000FFFFFFFFFFFFFFFFFFFFFFFFFFFFFFFF62
:109E1000FFFFFFFFFFFFFFFFFFFFFFFFFFFFFFFF52
:109E2000FFFFFFFFFFFFFFFFFFFFFFFFFFFFFFFF42
:109E3000FFFFFFFFFFFFFFFFFFFFFFFFFFFFFFFF32
:109E4000FFFFFFFFFFFFFFFFFFFFFFFFFFFFFFFF22
:109E5000FFFFFFFFFFFFFFFFFFFFFFFFFFFFFFFF12
:109E6000FFFFFFFFFFFFFFFFFFFFFFFFFFFFFFFF02
:109E7000FFFFFFFFFFFFFFFFFFFFFFFFFFFFFFFFF2
:109E8000FFFFFFFFFFFFFFFFFFFFFFFFFFFFFFFFE2
:109E9000FFFFFFFFFFFFFFFFFFFFFFFFFFFFFFFFD2
:109EA000FFFFFFFFFFFFFFFFFFFFFFFFFFFFFFFFC2
:109EB000FFFFFFFFFFFFFFFFFFFFFFFFFFFFFFFFB2
:109EC000FFFFFFFFFFFFFFFFFFFFFFFFFFFFFFFFA2
:109ED000FFFFFFFFFFFFFFFFFFFFFFFFFFFFFFFF92
:109EE000FFFFFFFFFFFFFFFFFFFFFFFFFFFFFFFF82
:109EF000FFFFFFFFFFFFFFFFFFFFFFFFFFFFFFFF72
:109F0000FFFFFFFFFFFFFFFFFFFFFFFFFFFFFFFF61
:109F1000FFFFFFFFFFFFFFFFFFFFFFFFFFFFFFFF51
:109F2000FFFFFFFFFFFFFFFFFFFFFFFFFFFFFFFF41
:109F3000FFFFFFFFFFFFFFFFFFFFFFFFFFFFFFFF31
:109F4000FFFFFFFFFFFFFFFFFFFFFFFFFFFFFFFF21
:109F5000FFFFFFFFFFFFFFFFFFFFFFFFFFFFFFFF11
:109F6000FFFFFFFFFFFFFFFFFFFFFFFFFFFFFFFF01
:109F7000FFFFFFFFFFFFFFFFFFFFFFFFFFFFFFFFF1
:109F8000FFFFFFFFFFFFFFFFFFFFFFFFFFFFFFFFE1
:109F9000FFFFFFFFFFFFFFFFFFFFFFFFFFFFFFFFD1
:109FA000FFFFFFFFFFFFFFFFFFFFFFFFFFFFFFFFC1
:109FB000FFFFFFFFFFFFFFFFFFFFFFFFFFFFFFFFB1
:109FC000FFFFFFFFFFFFFFFFFFFFFFFFFFFFFFFFA1
:109FD000FFFFFFFFFFFFFFFFFFFFFFFFFFFFFFFF91
:109FE000FFFFFFFFFFFFFFFFFFFFFFFFFFFFFFFF81
:109FF000FFFFFFFFFFFFFFFFFFFFFFFFFFFFFFFF71
:10A00000FFFFFFFFFFFFFFFFFFFFFFFFFFFFFFFF60
:10A01000FFFFFFFFFFFFFFFFFFFFFFFFFFFFFFFF50
:10A02000FFFFFFFFFFFFFFFFFFFFFFFFFFFFFFFF40
:10A03000FFFFFFFFFFFFFFFFFFFFFFFFFFFFFFFF30
:10A04000FFFFFFFFFFFFFFFFFFFFFFFFFFFFFFFF20
:10A05000FFFFFFFFFFFFFFFFFFFFFFFFFFFFFFFF10
:10A06000FFFFFFFFFFFFFFFFFFFFFFFFFFFFFFFF00
:10A07000FFFFFFFFFFFFFFFFFFFFFFFFFFFFFFFFF0
:10A08000FFFFFFFFFFFFFFFFFFFFFFFFFFFFFFFFE0
:10A09000FFFFFFFFFFFFFFFFFFFFFFFFFFFFFFFFD0
:10A0A000FFFFFFFFFFFFFFFFFFFFFFFFFFFFFFFFC0
:10A0B000FFFFFFFFFFFFFFFFFFFFFFFFFFFFFFFFB0
:10A0C000FFFFFFFFFFFFFFFFFFFFFFFFFFFFFFFFA0
:10A0D000FFFFFFFFFFFFFFFFFFFFFFFFFFFFFFFF90
:10A0E000FFFFFFFFFFFFFFFFFFFFFFFFFFFFFFFF80
:10A0F000FFFFFFFFFFFFFFFFFFFFFFFFFFFFFFFF70
:10A10000FFFFFFFFFFFFFFFFFFFFFFFFFFFFFFFF5F
:10A11000FFFFFFFFFFFFFFFFFFFFFFFFFFFFFFFF4F
:10A12000FFFFFFFFFFFFFFFFFFFFFFFFFFFFFFFF3F
:10A13000FFFFFFFFFFFFFFFFFFFFFFFFFFFFFFFF2F
:10A14000FFFFFFFFFFFFFFFFFFFFFFFFFFFFFFFF1F
:10A15000FFFFFFFFFFFFFFFFFFFFFFFFFFFFFFFF0F
:10A16000FFFFFFFFFFFFFFFFFFFFFFFFFFFFFFFFFF
:10A17000FFFFFFFFFFFFFFFFFFFFFFFFFFFFFFFFEF
:10A18000FFFFFFFFFFFFFFFFFFFFFFFFFFFFFFFFDF
:10A19000FFFFFFFFFFFFFFFFFFFFFFFFFFFFFFFFCF
:10A1A000FFFFFFFFFFFFFFFFFFFFFFFFFFFFFFFFBF
:10A1B000FFFFFFFFFFFFFFFFFFFFFFFFFFFFFFFFAF
:10A1C000FFFFFFFFFFFFFFFFFFFFFFFFFFFFFFFF9F
:10A1D000FFFFFFFFFFFFFFFFFFFFFFFFFFFFFFFF8F
:10A1E000FFFFFFFFFFFFFFFFFFFFFFFFFFFFFFFF7F
:10A1F000FFFFFFFFFFFFFFFFFFFFFFFFFFFFFFFF6F
:10A20000FFFFFFFFFFFFFFFFFFFFFFFFFFFFFFFF5E
:10A21000FFFFFFFFFFFFFFFFFFFFFFFFFFFFFFFF4E
:10A22000FFFFFFFFFFFFFFFFFFFFFFFFFFFFFFFF3E
:10A23000FFFFFFFFFFFFFFFFFFFFFFFFFFFFFFFF2E
:10A24000FFFFFFFFFFFFFFFFFFFFFFFFFFFFFFFF1E
:10A25000FFFFFFFFFFFFFFFFFFFFFFFFFFFFFFFF0E
:10A26000FFFFFFFFFFFFFFFFFFFFFFFFFFFFFFFFFE
:10A27000FFFFFFFFFFFFFFFFFFFFFFFFFFFFFFFFEE
:10A28000FFFFFFFFFFFFFFFFFFFFFFFFFFFFFFFFDE
:10A29000FFFFFFFFFFFFFFFFFFFFFFFFFFFFFFFFCE
:10A2A000FFFFFFFFFFFFFFFFFFFFFFFFFFFFFFFFBE
:10A2B000FFFFFFFFFFFFFFFFFFFFFFFFFFFFFFFFAE
:10A2C000FFFFFFFFFFFFFFFFFFFFFFFFFFFFFFFF9E
:10A2D000FFFFFFFFFFFFFFFFFFFFFFFFFFFFFFFF8E
:10A2E000FFFFFFFFFFFFFFFFFFFFFFFFFFFFFFFF7E
:10A2F000FFFFFFFFFFFFFFFFFFFFFFFFFFFFFFFF6E
:10A30000FFFFFFFFFFFFFFFFFFFFFFFFFFFFFFFF5D
:10A31000FFFFFFFFFFFFFFFFFFFFFFFFFFFFFFFF4D
:10A32000FFFFFFFFFFFFFFFFFFFFFFFFFFFFFFFF3D
:10A33000FFFFFFFFFFFFFFFFFFFFFFFFFFFFFFFF2D
:10A34000FFFFFFFFFFFFFFFFFFFFFFFFFFFFFFFF1D
:10A35000FFFFFFFFFFFFFFFFFFFFFFFFFFFFFFFF0D
:10A36000FFFFFFFFFFFFFFFFFFFFFFFFFFFFFFFFFD
:10A37000FFFFFFFFFFFFFFFFFFFFFFFFFFFFFFFFED
:10A38000FFFFFFFFFFFFFFFFFFFFFFFFFFFFFFFFDD
:10A39000FFFFFFFFFFFFFFFFFFFFFFFFFFFFFFFFCD
:10A3A000FFFFFFFFFFFFFFFFFFFFFFFFFFFFFFFFBD
:10A3B000FFFFFFFFFFFFFFFFFFFFFFFFFFFFFFFFAD
:10A3C000FFFFFFFFFFFFFFFFFFFFFFFFFFFFFFFF9D
:10A3D000FFFFFFFFFFFFFFFFFFFFFFFFFFFFFFFF8D
:10A3E000FFFFFFFFFFFFFFFFFFFFFFFFFFFFFFFF7D
:10A3F000FFFFFFFFFFFFFFFFFFFFFFFFFFFFFFFF6D
:10A40000FFFFFFFFFFFFFFFFFFFFFFFFFFFFFFFF5C
:10A41000FFFFFFFFFFFFFFFFFFFFFFFFFFFFFFFF4C
:10A42000FFFFFFFFFFFFFFFFFFFFFFFFFFFFFFFF3C
:10A43000FFFFFFFFFFFFFFFFFFFFFFFFFFFFFFFF2C
:10A44000FFFFFFFFFFFFFFFFFFFFFFFFFFFFFFFF1C
:10A45000FFFFFFFFFFFFFFFFFFFFFFFFFFFFFFFF0C
:10A46000FFFFFFFFFFFFFFFFFFFFFFFFFFFFFFFFFC
:10A47000FFFFFFFFFFFFFFFFFFFFFFFFFFFFFFFFEC
:10A48000FFFFFFFFFFFFFFFFFFFFFFFFFFFFFFFFDC
:10A49000FFFFFFFFFFFFFFFFFFFFFFFFFFFFFFFFCC
:10A4A000FFFFFFFFFFFFFFFFFFFFFFFFFFFFFFFFBC
:10A4B000FFFFFFFFFFFFFFFFFFFFFFFFFFFFFFFFAC
:10A4C000FFFFFFFFFFFFFFFFFFFFFFFFFFFFFFFF9C
:10A4D000FFFFFFFFFFFFFFFFFFFFFFFFFFFFFFFF8C
:10A4E000FFFFFFFFFFFFFFFFFFFFFFFFFFFFFFFF7C
:10A4F000FFFFFFFFFFFFFFFFFFFFFFFFFFFFFFFF6C
:10A50000FFFFFFFFFFFFFFFFFFFFFFFFFFFFFFFF5B
:10A51000FFFFFFFFFFFFFFFFFFFFFFFFFFFFFFFF4B
:10A52000FFFFFFFFFFFFFFFFFFFFFFFFFFFFFFFF3B
:10A53000FFFFFFFFFFFFFFFFFFFFFFFFFFFFFFFF2B
:10A54000FFFFFFFFFFFFFFFFFFFFFFFFFFFFFFFF1B
:10A55000FFFFFFFFFFFFFFFFFFFFFFFFFFFFFFFF0B
:10A56000FFFFFFFFFFFFFFFFFFFFFFFFFFFFFFFFFB
:10A57000FFFFFFFFFFFFFFFFFFFFFFFFFFFFFFFFEB
:10A58000FFFFFFFFFFFFFFFFFFFFFFFFFFFFFFFFDB
:10A59000FFFFFFFFFFFFFFFFFFFFFFFFFFFFFFFFCB
:10A5A000FFFFFFFFFFFFFFFFFFFFFFFFFFFFFFFFBB
:10A5B000FFFFFFFFFFFFFFFFFFFFFFFFFFFFFFFFAB
:10A5C000FFFFFFFFFFFFFFFFFFFFFFFFFFFFFFFF9B
:10A5D000FFFFFFFFFFFFFFFFFFFFFFFFFFFFFFFF8B
:10A5E000FFFFFFFFFFFFFFFFFFFFFFFFFFFFFFFF7B
:10A5F000FFFFFFFFFFFFFFFFFFFFFFFFFFFFFFFF6B
:10A60000FFFFFFFFFFFFFFFFFFFFFFFFFFFFFFFF5A
:10A61000FFFFFFFFFFFFFFFFFFFFFFFFFFFFFFFF4A
:10A62000FFFFFFFFFFFFFFFFFFFFFFFFFFFFFFFF3A
:10A63000FFFFFFFFFFFFFFFFFFFFFFFFFFFFFFFF2A
:10A64000FFFFFFFFFFFFFFFFFFFFFFFFFFFFFFFF1A
:10A65000FFFFFFFFFFFFFFFFFFFFFFFFFFFFFFFF0A
:10A66000FFFFFFFFFFFFFFFFFFFFFFFFFFFFFFFFFA
:10A67000FFFFFFFFFFFFFFFFFFFFFFFFFFFFFFFFEA
:10A68000FFFFFFFFFFFFFFFFFFFFFFFFFFFFFFFFDA
:10A69000FFFFFFFFFFFFFFFFFFFFFFFFFFFFFFFFCA
:10A6A000FFFFFFFFFFFFFFFFFFFFFFFFFFFFFFFFBA
:10A6B000FFFFFFFFFFFFFFFFFFFFFFFFFFFFFFFFAA
:10A6C000FFFFFFFFFFFFFFFFFFFFFFFFFFFFFFFF9A
:10A6D000FFFFFFFFFFFFFFFFFFFFFFFFFFFFFFFF8A
:10A6E000FFFFFFFFFFFFFFFFFFFFFFFFFFFFFFFF7A
:10A6F000FFFFFFFFFFFFFFFFFFFFFFFFFFFFFFFF6A
:10A70000FFFFFFFFFFFFFFFFFFFFFFFFFFFFFFFF59
:10A71000FFFFFFFFFFFFFFFFFFFFFFFFFFFFFFFF49
:10A72000FFFFFFFFFFFFFFFFFFFFFFFFFFFFFFFF39
:10A73000FFFFFFFFFFFFFFFFFFFFFFFFFFFFFFFF29
:10A74000FFFFFFFFFFFFFFFFFFFFFFFFFFFFFFFF19
:10A75000FFFFFFFFFFFFFFFFFFFFFFFFFFFFFFFF09
:10A76000FFFFFFFFFFFFFFFFFFFFFFFFFFFFFFFFF9
:10A77000FFFFFFFFFFFFFFFFFFFFFFFFFFFFFFFFE9
:10A78000FFFFFFFFFFFFFFFFFFFFFFFFFFFFFFFFD9
:10A79000FFFFFFFFFFFFFFFFFFFFFFFFFFFFFFFFC9
:10A7A000FFFFFFFFFFFFFFFFFFFFFFFFFFFFFFFFB9
:10A7B000FFFFFFFFFFFFFFFFFFFFFFFFFFFFFFFFA9
:10A7C000FFFFFFFFFFFFFFFFFFFFFFFFFFFFFFFF99
:10A7D000FFFFFFFFFFFFFFFFFFFFFFFFFFFFFFFF89
:10A7E000FFFFFFFFFFFFFFFFFFFFFFFFFFFFFFFF79
:10A7F000FFFFFFFFFFFFFFFFFFFFFFFFFFFFFFFF69
:10A80000FFFFFFFFFFFFFFFFFFFFFFFFFFFFFFFF58
:10A81000FFFFFFFFFFFFFFFFFFFFFFFFFFFFFFFF48
:10A82000FFFFFFFFFFFFFFFFFFFFFFFFFFFFFFFF38
:10A83000FFFFFFFFFFFFFFFFFFFFFFFFFFFFFFFF28
:10A84000FFFFFFFFFFFFFFFFFFFFFFFFFFFFFFFF18
:10A85000FFFFFFFFFFFFFFFFFFFFFFFFFFFFFFFF08
:10A86000FFFFFFFFFFFFFFFFFFFFFFFFFFFFFFFFF8
:10A87000FFFFFFFFFFFFFFFFFFFFFFFFFFFFFFFFE8
:10A88000FFFFFFFFFFFFFFFFFFFFFFFFFFFFFFFFD8
:10A89000FFFFFFFFFFFFFFFFFFFFFFFFFFFFFFFFC8
:10A8A000FFFFFFFFFFFFFFFFFFFFFFFFFFFFFFFFB8
:10A8B000FFFFFFFFFFFFFFFFFFFFFFFFFFFFFFFFA8
:10A8C000FFFFFFFFFFFFFFFFFFFFFFFFFFFFFFFF98
:10A8D000FFFFFFFFFFFFFFFFFFFFFFFFFFFFFFFF88
:10A8E000FFFFFFFFFFFFFFFFFFFFFFFFFFFFFFFF78
:10A8F000FFFFFFFFFFFFFFFFFFFFFFFFFFFFFFFF68
:10A90000FFFFFFFFFFFFFFFFFFFFFFFFFFFFFFFF57
:10A91000FFFFFFFFFFFFFFFFFFFFFFFFFFFFFFFF47
:10A92000FFFFFFFFFFFFFFFFFFFFFFFFFFFFFFFF37
:10A93000FFFFFFFFFFFFFFFFFFFFFFFFFFFFFFFF27
:10A94000FFFFFFFFFFFFFFFFFFFFFFFFFFFFFFFF17
:10A95000FFFFFFFFFFFFFFFFFFFFFFFFFFFFFFFF07
:10A96000FFFFFFFFFFFFFFFFFFFFFFFFFFFFFFFFF7
:10A97000FFFFFFFFFFFFFFFFFFFFFFFFFFFFFFFFE7
:10A98000FFFFFFFFFFFFFFFFFFFFFFFFFFFFFFFFD7
:10A99000FFFFFFFFFFFFFFFFFFFFFFFFFFFFFFFFC7
:10A9A000FFFFFFFFFFFFFFFFFFFFFFFFFFFFFFFFB7
:10A9B000FFFFFFFFFFFFFFFFFFFFFFFFFFFFFFFFA7
:10A9C000FFFFFFFFFFFFFFFFFFFFFFFFFFFFFFFF97
:10A9D000FFFFFFFFFFFFFFFFFFFFFFFFFFFFFFFF87
:10A9E000FFFFFFFFFFFFFFFFFFFFFFFFFFFFFFFF77
:10A9F000FFFFFFFFFFFFFFFFFFFFFFFFFFFFFFFF67
:10AA0000FFFFFFFFFFFFFFFFFFFFFFFFFFFFFFFF56
:10AA1000FFFFFFFFFFFFFFFFFFFFFFFFFFFFFFFF46
:10AA2000FFFFFFFFFFFFFFFFFFFFFFFFFFFFFFFF36
:10AA3000FFFFFFFFFFFFFFFFFFFFFFFFFFFFFFFF26
:10AA4000FFFFFFFFFFFFFFFFFFFFFFFFFFFFFFFF16
:10AA5000FFFFFFFFFFFFFFFFFFFFFFFFFFFFFFFF06
:10AA6000FFFFFFFFFFFFFFFFFFFFFFFFFFFFFFFFF6
:10AA7000FFFFFFFFFFFFFFFFFFFFFFFFFFFFFFFFE6
:10AA8000FFFFFFFFFFFFFFFFFFFFFFFFFFFFFFFFD6
:10AA9000FFFFFFFFFFFFFFFFFFFFFFFFFFFFFFFFC6
:10AAA000FFFFFFFFFFFFFFFFFFFFFFFFFFFFFFFFB6
:10AAB000FFFFFFFFFFFFFFFFFFFFFFFFFFFFFFFFA6
:10AAC000FFFFFFFFFFFFFFFFFFFFFFFFFFFFFFFF96
:10AAD000FFFFFFFFFFFFFFFFFFFFFFFFFFFFFFFF86
:10AAE000FFFFFFFFFFFFFFFFFFFFFFFFFFFFFFFF76
:10AAF000FFFFFFFFFFFFFFFFFFFFFFFFFFFFFFFF66
:10AB0000FFFFFFFFFFFFFFFFFFFFFFFFFFFFFFFF55
:10AB1000FFFFFFFFFFFFFFFFFFFFFFFFFFFFFFFF45
:10AB2000FFFFFFFFFFFFFFFFFFFFFFFFFFFFFFFF35
:10AB3000FFFFFFFFFFFFFFFFFFFFFFFFFFFFFFFF25
:10AB4000FFFFFFFFFFFFFFFFFFFFFFFFFFFFFFFF15
:10AB5000FFFFFFFFFFFFFFFFFFFFFFFFFFFFFFFF05
:10AB6000FFFFFFFFFFFFFFFFFFFFFFFFFFFFFFFFF5
:10AB7000FFFFFFFFFFFFFFFFFFFFFFFFFFFFFFFFE5
:10AB8000FFFFFFFFFFFFFFFFFFFFFFFFFFFFFFFFD5
:10AB9000FFFFFFFFFFFFFFFFFFFFFFFFFFFFFFFFC5
:10ABA000FFFFFFFFFFFFFFFFFFFFFFFFFFFFFFFFB5
:10ABB000FFFFFFFFFFFFFFFFFFFFFFFFFFFFFFFFA5
:10ABC000FFFFFFFFFFFFFFFFFFFFFFFFFFFFFFFF95
:10ABD000FFFFFFFFFFFFFFFFFFFFFFFFFFFFFFFF85
:10ABE000FFFFFFFFFFFFFFFFFFFFFFFFFFFFFFFF75
:10ABF000FFFFFFFFFFFFFFFFFFFFFFFFFFFFFFFF65
:10AC0000FFFFFFFFFFFFFFFFFFFFFFFFFFFFFFFF54
:10AC1000FFFFFFFFFFFFFFFFFFFFFFFFFFFFFFFF44
:10AC2000FFFFFFFFFFFFFFFFFFFFFFFFFFFFFFFF34
:10AC3000FFFFFFFFFFFFFFFFFFFFFFFFFFFFFFFF24
:10AC4000FFFFFFFFFFFFFFFFFFFFFFFFFFFFFFFF14
:10AC5000FFFFFFFFFFFFFFFFFFFFFFFFFFFFFFFF04
:10AC6000FFFFFFFFFFFFFFFFFFFFFFFFFFFFFFFFF4
:10AC7000FFFFFFFFFFFFFFFFFFFFFFFFFFFFFFFFE4
:10AC8000FFFFFFFFFFFFFFFFFFFFFFFFFFFFFFFFD4
:10AC9000FFFFFFFFFFFFFFFFFFFFFFFFFFFFFFFFC4
:10ACA000FFFFFFFFFFFFFFFFFFFFFFFFFFFFFFFFB4
:10ACB000FFFFFFFFFFFFFFFFFFFFFFFFFFFFFFFFA4
:10ACC000FFFFFFFFFFFFFFFFFFFFFFFFFFFFFFFF94
:10ACD000FFFFFFFFFFFFFFFFFFFFFFFFFFFFFFFF84
:10ACE000FFFFFFFFFFFFFFFFFFFFFFFFFFFFFFFF74
:10ACF000FFFFFFFFFFFFFFFFFFFFFFFFFFFFFFFF64
:10AD0000FFFFFFFFFFFFFFFFFFFFFFFFFFFFFFFF53
:10AD1000FFFFFFFFFFFFFFFFFFFFFFFFFFFFFFFF43
:10AD2000FFFFFFFFFFFFFFFFFFFFFFFFFFFFFFFF33
:10AD3000FFFFFFFFFFFFFFFFFFFFFFFFFFFFFFFF23
:10AD4000FFFFFFFFFFFFFFFFFFFFFFFFFFFFFFFF13
:10AD5000FFFFFFFFFFFFFFFFFFFFFFFFFFFFFFFF03
:10AD6000FFFFFFFFFFFFFFFFFFFFFFFFFFFFFFFFF3
:10AD7000FFFFFFFFFFFFFFFFFFFFFFFFFFFFFFFFE3
:10AD8000FFFFFFFFFFFFFFFFFFFFFFFFFFFFFFFFD3
:10AD9000FFFFFFFFFFFFFFFFFFFFFFFFFFFFFFFFC3
:10ADA000FFFFFFFFFFFFFFFFFFFFFFFFFFFFFFFFB3
:10ADB000FFFFFFFFFFFFFFFFFFFFFFFFFFFFFFFFA3
:10ADC000FFFFFFFFFFFFFFFFFFFFFFFFFFFFFFFF93
:10ADD000FFFFFFFFFFFFFFFFFFFFFFFFFFFFFFFF83
:10ADE000FFFFFFFFFFFFFFFFFFFFFFFFFFFFFFFF73
:10ADF000FFFFFFFFFFFFFFFFFFFFFFFFFFFFFFFF63
:10AE0000FFFFFFFFFFFFFFFFFFFFFFFFFFFFFFFF52
:10AE1000FFFFFFFFFFFFFFFFFFFFFFFFFFFFFFFF42
:10AE2000FFFFFFFFFFFFFFFFFFFFFFFFFFFFFFFF32
:10AE3000FFFFFFFFFFFFFFFFFFFFFFFFFFFFFFFF22
:10AE4000FFFFFFFFFFFFFFFFFFFFFFFFFFFFFFFF12
:10AE5000FFFFFFFFFFFFFFFFFFFFFFFFFFFFFFFF02
:10AE6000FFFFFFFFFFFFFFFFFFFFFFFFFFFFFFFFF2
:10AE7000FFFFFFFFFFFFFFFFFFFFFFFFFFFFFFFFE2
:10AE8000FFFFFFFFFFFFFFFFFFFFFFFFFFFFFFFFD2
:10AE9000FFFFFFFFFFFFFFFFFFFFFFFFFFFFFFFFC2
:10AEA000FFFFFFFFFFFFFFFFFFFFFFFFFFFFFFFFB2
:10AEB000FFFFFFFFFFFFFFFFFFFFFFFFFFFFFFFFA2
:10AEC000FFFFFFFFFFFFFFFFFFFFFFFFFFFFFFFF92
:10AED000FFFFFFFFFFFFFFFFFFFFFFFFFFFFFFFF82
:10AEE000FFFFFFFFFFFFFFFFFFFFFFFFFFFFFFFF72
:10AEF000FFFFFFFFFFFFFFFFFFFFFFFFFFFFFFFF62
:10AF0000FFFFFFFFFFFFFFFFFFFFFFFFFFFFFFFF51
:10AF1000FFFFFFFFFFFFFFFFFFFFFFFFFFFFFFFF41
:10AF2000FFFFFFFFFFFFFFFFFFFFFFFFFFFFFFFF31
:10AF3000FFFFFFFFFFFFFFFFFFFFFFFFFFFFFFFF21
:10AF4000FFFFFFFFFFFFFFFFFFFFFFFFFFFFFFFF11
:10AF5000FFFFFFFFFFFFFFFFFFFFFFFFFFFFFFFF01
:10AF6000FFFFFFFFFFFFFFFFFFFFFFFFFFFFFFFFF1
:10AF7000FFFFFFFFFFFFFFFFFFFFFFFFFFFFFFFFE1
:10AF8000FFFFFFFFFFFFFFFFFFFFFFFFFFFFFFFFD1
:10AF9000FFFFFFFFFFFFFFFFFFFFFFFFFFFFFFFFC1
:10AFA000FFFFFFFFFFFFFFFFFFFFFFFFFFFFFFFFB1
:10AFB000FFFFFFFFFFFFFFFFFFFFFFFFFFFFFFFFA1
:10AFC000FFFFFFFFFFFFFFFFFFFFFFFFFFFFFFFF91
:10AFD000FFFFFFFFFFFFFFFFFFFFFFFFFFFFFFFF81
:10AFE000FFFFFFFFFFFFFFFFFFFFFFFFFFFFFFFF71
:10AFF000FFFFFFFFFFFFFFFFFFFFFFFFFFFFFFFF61
:10B00000010000000000000000000000000000003F
:10B010000000000000000000000000000000000030
:10B020000000000000000000000000000000000020
:10B030000000000000000000000000000000000010
:10B040000000000000000000000000000000000000
:10B050006400000088130000F40100000A000000F2
:10B0600070170000E803000028000000F401000051
:10B070000600000064000000FA000000A00F0100BC
:10B080008F02000080E400E580E500E680E600E74E
:10B0900080E700E880E800E980E900EA80EA00EB68
:10B0A00080EB00EC80EC00ED80ED00EE80EE00EF38
:10B0B00080EF00F080F000F180F100F280F200F308
:10B0C00080F300F480F400F580F500F680F600F7D8
:10B0D00080F700F880F800F980F900FA80FA00FBA8
:10B0E00080FB00FC80FC00FD80FD00FE80FE00FF78
:10B0F00080FF000080000001800100028002000348
:10B100008003000480040005800500068006000717
:10B1100080070008800800098009000A800A000BE7
:10B12000800B000C800C000D800D000E800E000FB7
:10B13000800F001080100011801100128012001387
:10B140008013001480140015801500168016001757
:10B1500080170018801800198019001A801A001B27
:10B16000801B001C801C001D801D001E801E001FF7
:10B17000801F0020802000218021002280220023C7
:10B180008023002480240025802500268026002797
:10B1900080270028802800298029002A802A002B67
:10B1A000802B002C802C002D802D002E802E002F37
:10B1B000802F003080300031803100328032003307
:10B1C00080330034803400358035003680360037D7
:10B1D00080370038803800398039003A803A003BA7
:10B1E000803B003C803C003D803D003E803E0000B6
:10B1F00050048904C404040547058E05D9052806B2
:10B200007B06D40631079307FB076908DC0855095C
:10B21000D5095C0AE90A7E0B1B0CBF0C6C0D210ED4
:10B22000DF0EA60F76105011351223131D142215B0
:10B2300031164D177518A819E91A361C901DF71EFE
:10B240006C20EE217E231C25C82682284A2A212C28
:10B25000052EF82FF931073424364E38853AC93C8B
:10B260001A3F7741E0435546D5485F4BF34D905028
:10B270003753F4559B58585BE65DE360AF638066D7
:10B280005369296C006FD871B07487775D7A317D0E
:10B290000080CE8295855A88188BD08D8190299315
:10B2A000CC956698F79A7D9DFB9F70A2DAA439A78A
:10B2B0008FA9D9AB1AAE4CB076B293B4A6B6AAB8E1
:10B2C000A5BA67BC7ABE52C01EC2E2C398C541C7C8
:10B2D000E1C878CA04CC82CDF8CE67D0C4D11ED3E1
:10B2E0006ED4B1D5EDD620D848D969DA7FDB93DCAE
:10B2F0009BDD9CDE95DF86E06EE14FE22CE300E40F
:10B30000D1E499E55CE617E7CDE77FE82CE9D5E9DC
:10B3100074EA0EEBAAEB3AECCCEC53EDDAED5CEE12
:10B32000DAEE52EFCAEF38F0ABF014F17DF1E0F154
:10B3300043F2A2F200F359F3B2F305F458F4A6F481
:10B34000F4F43CF584F5CDF50FF652F68FF6CBF616
:10B3500008F745F77DF7B4F7EBF7000080E400E568
:10B3600080E500E680E600E780E700E880E800E9A5
:10B3700080E900EA80EA00EB80EB00EC80EC00ED75
:10B3800080ED00EE80EE00EF80EF00F080F000F145
:10B3900080F100F280F200F380F300F480F400F515
:10B3A00080F500F680F600F780F700F880F800F9E5
:10B3B00080F900FA80FA00FB80FB00FC80FC00FDB5
:10B3C00080FD00FE80FE00FF80FF00008000000185
:10B3D0008001000280020003800300048004000555
:10B3E0008005000680060007800700088008000925
:10B3F0008009000A800A000B800B000C800C000DF5
:10B40000800D000E800E000F800F001080100011C4
:10B410008011001280120013801300148014001594
:10B420008015001680160017801700188018001964
:10B430008019001A801A001B801B001C801C001D34
:10B44000801D001E801E001F801F00208020002104
:10B4500080210022802200238023002480240025D4
:10B4600080250026802600278027002880280029A4
:10B470008029002A802A002B802B002C802C002D74
:10B48000802D002E802E002F802F00308030003144
:10B490008031003280320033803300348034003514
:10B4A00080350036803600378037003880380039E4
:10B4B0008039003A803A003B803B003C803C003DB4
:10B4C000803D003E803E000050048904C404040511
:10B4D00047058E05D90528067B06D4063107930754
:10B4E000FB076908DC085509D5095C0AE90A7E0BE7
:10B4F0001B0CBF0C6C0D210EDF0EA60F7610501129
:10B50000351223131D14221531164D177518A8195D
:10B51000E91A361C901DF71E6C20EE217E231C2597
:10B52000C82682284A2A212C052EF82FF931073403
:10B5300024364E38853AC93C1A3F7741E043554698
:10B54000D5485F4BF34D90503753F4559B58585B9B
:10B55000E65DE360AF6380665369296C006FD87164
:10B56000B07487775D7A317D0080CE8295855A8868
:10B57000188BD08D81902993CC956698F79A7D9DF4
:10B58000FB9F70A2DAA439A78FA9D9AB1AAE4CB031
:10B5900076B293B4A6B6AAB8A5BA67BC7ABE52C0B2
:10B5A0001EC2E2C398C541C7E1C878CA04CC82CDA7
:10B5B000F8CE67D0C4D11ED36ED4B1D5EDD620D885
:10B5C00048D969DA7FDB93DC9BDD9CDE95DF86E082
:10B5D0006EE14FE22CE300E4D1E499E55CE617E785
:10B5E000CDE77FE82CE9D5E974EA0EEBAAEB3AEC5B
:10B5F000CCEC53EDDAED5CEEDAEE52EFCAEF38F058
:10B60000ABF014F17DF1E0F143F2A2F200F359F353
:10B61000B2F305F458F4A6F4F4F43CF584F5CDF552
:10B620000FF652F68FF6CBF608F745F77DF7B4F72D
:10B63000EBF70000EC216B005CAB3D00000C000060
:10B6400089010000760000008901000076000000FA
:10B6500000000060F401E803F401E803F401E803EA
:10B660008813001E3C7800008034F401E803803425
:10B67000F401E8038007800C00050000B80B00000F
:10B680000A004E12001E8F0240060A00E803A00FB7
:10B69000B004000093180000690000009318000037
:10B6A00069000000000002007B664900FFFFFFFF09
:10B6B000FFFFFFFFFFFFFFFFFFFFFFFFFFFFFFFF9A
:10B6C000FFFFFFFFFFFFFFFFFFFFFFFFFFFFFFFF8A
:10B6D000FFFFFFFFFFFFFFFFFFFFFFFFFFFFFFFF7A
:10B6E000FFFFFFFFFFFFFFFFFFFFFFFFFFFFFFFF6A
:10B6F000FFFFFFFFFFFFFFFFFFFFFFFFFFFFFFFF5A
:10B70000FFFFFFFFFFFFFFFFFFFFFFFFFFFFFFFF49
:10B71000FFFFFFFFFFFFFFFFFFFFFFFFFFFFFFFF39
:10B72000FFFFFFFFFFFFFFFFFFFFFFFFFFFFFFFF29
:10B73000FFFFFFFFFFFFFFFFFFFFFFFFFFFFFFFF19
:10B74000FFFFFFFFFFFFFFFFFFFFFFFFFFFFFFFF09
:10B75000FFFFFFFFFFFFFFFFFFFFFFFFFFFFFFFFF9
:10B76000FFFFFFFFFFFFFFFFFFFFFFFFFFFFFFFFE9
:10B77000FFFFFFFFFFFFFFFFFFFFFFFFFFFFFFFFD9
:10B78000FFFFFFFFFFFFFFFFFFFFFFFFFFFFFFFFC9
:10B79000FFFFFFFFFFFFFFFFFFFFFFFFFFFFFFFFB9
:10B7A000FFFFFFFFFFFFFFFFFFFFFFFFFFFFFFFFA9
:10B7B000FFFFFFFFFFFFFFFFFFFFFFFFFFFFFFFF99
:10B7C000FFFFFFFFFFFFFFFFFFFFFFFFFFFFFFFF89
:10B7D000FFFFFFFFFFFFFFFFFFFFFFFFFFFFFFFF79
:10B7E000FFFFFFFFFFFFFFFFFFFFFFFFFFFFFFFF69
:10B7F000FFFFFFFFFFFFFFFFFFFFFFFFFFFFFFFF59
:10B80000FFFFFFFFFFFFFFFFFFFFFFFFFFFFFFFF48
:10B81000FFFFFFFFFFFFFFFFFFFFFFFFFFFFFFFF38
:10B82000FFFFFFFFFFFFFFFFFFFFFFFFFFFFFFFF28
:10B83000FFFFFFFFFFFFFFFFFFFFFFFFFFFFFFFF18
:10B84000FFFFFFFFFFFFFFFFFFFFFFFFFFFFFFFF08
:10B85000FFFFFFFFFFFFFFFFFFFFFFFFFFFFFFFFF8
:10B86000FFFFFFFFFFFFFFFFFFFFFFFFFFFFFFFFE8
:10B87000FFFFFFFFFFFFFFFFFFFFFFFFFFFFFFFFD8
:10B88000FFFFFFFFFFFFFFFFFFFFFFFFFFFFFFFFC8
:10B89000FFFFFFFFFFFFFFFFFFFFFFFFFFFFFFFFB8
:10B8A000FFFFFFFFFFFFFFFFFFFFFFFFFFFFFFFFA8
:10B8B000FFFFFFFFFFFFFFFFFFFFFFFFFFFFFFFF98
:10B8C000FFFFFFFFFFFFFFFFFFFFFFFFFFFFFFFF88
:10B8D000FFFFFFFFFFFFFFFFFFFFFFFFFFFFFFFF78
:10B8E000FFFFFFFFFFFFFFFFFFFFFFFFFFFFFFFF68
:10B8F000FFFFFFFFFFFFFFFFFFFFFFFFFFFFFFFF58
:10B90000FFFFFFFFFFFFFFFFFFFFFFFFFFFFFFFF47
:10B91000FFFFFFFFFFFFFFFFFFFFFFFFFFFFFFFF37
:10B92000FFFFFFFFFFFFFFFFFFFFFFFFFFFFFFFF27
:10B93000FFFFFFFFFFFFFFFFFFFFFFFFFFFFFFFF17
:10B94000FFFFFFFFFFFFFFFFFFFFFFFFFFFFFFFF07
:10B95000FFFFFFFFFFFFFFFFFFFFFFFFFFFFFFFFF7
:10B96000FFFFFFFFFFFFFFFFFFFFFFFFFFFFFFFFE7
:10B97000FFFFFFFFFFFFFFFFFFFFFFFFFFFFFFFFD7
:10B98000FFFFFFFFFFFFFFFFFFFFFFFFFFFFFFFFC7
:10B99000FFFFFFFFFFFFFFFFFFFFFFFFFFFFFFFFB7
:10B9A000FFFFFFFFFFFFFFFFFFFFFFFFFFFFFFFFA7
:10B9B000FFFFFFFFFFFFFFFFFFFFFFFFFFFFFFFF97
:10B9C000FFFFFFFFFFFFFFFFFFFFFFFFFFFFFFFF87
:10B9D000FFFFFFFFFFFFFFFFFFFFFFFFFFFFFFFF77
:10B9E000FFFFFFFFFFFFFFFFFFFFFFFFFFFFFFFF67
:10B9F000FFFFFFFFFFFFFFFFFFFFFFFFFFFFFFFF57
:10BA0000FFFFFFFFFFFFFFFFFFFFFFFFFFFFFFFF46
:10BA1000FFFFFFFFFFFFFFFFFFFFFFFFFFFFFFFF36
:10BA2000FFFFFFFFFFFFFFFFFFFFFFFFFFFFFFFF26
:10BA3000FFFFFFFFFFFFFFFFFFFFFFFFFFFFFFFF16
:10BA4000FFFFFFFFFFFFFFFFFFFFFFFFFFFFFFFF06
:10BA5000FFFFFFFFFFFFFFFFFFFFFFFFFFFFFFFFF6
:10BA6000FFFFFFFFFFFFFFFFFFFFFFFFFFFFFFFFE6
:10BA7000FFFFFFFFFFFFFFFFFFFFFFFFFFFFFFFFD6
:10BA8000FFFFFFFFFFFFFFFFFFFFFFFFFFFFFFFFC6
:10BA9000FFFFFFFFFFFFFFFFFFFFFFFFFFFFFFFFB6
:10BAA000FFFFFFFFFFFFFFFFFFFFFFFFFFFFFFFFA6
:10BAB000FFFFFFFFFFFFFFFFFFFFFFFFFFFFFFFF96
:10BAC000FFFFFFFFFFFFFFFFFFFFFFFFFFFFFFFF86
:10BAD000FFFFFFFFFFFFFFFFFFFFFFFFFFFFFFFF76
:10BAE000FFFFFFFFFFFFFFFFFFFFFFFFFFFFFFFF66
:10BAF000FFFFFFFFFFFFFFFFFFFFFFFFFFFFFFFF56
:10BB0000FFFFFFFFFFFFFFFFFFFFFFFFFFFFFFFF45
:10BB1000FFFFFFFFFFFFFFFFFFFFFFFFFFFFFFFF35
:10BB2000FFFFFFFFFFFFFFFFFFFFFFFFFFFFFFFF25
:10BB3000FFFFFFFFFFFFFFFFFFFFFFFFFFFFFFFF15
:10BB4000FFFFFFFFFFFFFFFFFFFFFFFFFFFFFFFF05
:10BB5000FFFFFFFFFFFFFFFFFFFFFFFFFFFFFFFFF5
:10BB6000FFFFFFFFFFFFFFFFFFFFFFFFFFFFFFFFE5
:10BB7000FFFFFFFFFFFFFFFFFFFFFFFFFFFFFFFFD5
:10BB8000FFFFFFFFFFFFFFFFFFFFFFFFFFFFFFFFC5
:10BB9000FFFFFFFFFFFFFFFFFFFFFFFFFFFFFFFFB5
:10BBA000FFFFFFFFFFFFFFFFFFFFFFFFFFFFFFFFA5
:10BBB000FFFFFFFFFFFFFFFFFFFFFFFFFFFFFFFF95
:10BBC000FFFFFFFFFFFFFFFFFFFFFFFFFFFFFFFF85
:10BBD000FFFFFFFFFFFFFFFFFFFFFFFFFFFFFFFF75
:10BBE000FFFFFFFFFFFFFFFFFFFFFFFFFFFFFFFF65
:10BBF000FFFFFFFFFFFFFFFFFFFFFFFFFFFFFFFF55
:10BC0000FFFFFFFFFFFFFFFFFFFFFFFFFFFFFFFF44
:10BC1000FFFFFFFFFFFFFFFFFFFFFFFFFFFFFFFF34
:10BC2000FFFFFFFFFFFFFFFFFFFFFFFFFFFFFFFF24
:10BC3000FFFFFFFFFFFFFFFFFFFFFFFFFFFFFFFF14
:10BC4000FFFFFFFFFFFFFFFFFFFFFFFFFFFFFFFF04
:10BC5000FFFFFFFFFFFFFFFFFFFFFFFFFFFFFFFFF4
:10BC6000FFFFFFFFFFFFFFFFFFFFFFFFFFFFFFFFE4
:10BC7000FFFFFFFFFFFFFFFFFFFFFFFFFFFFFFFFD4
:10BC8000FFFFFFFFFFFFFFFFFFFFFFFFFFFFFFFFC4
:10BC9000FFFFFFFFFFFFFFFFFFFFFFFFFFFFFFFFB4
:10BCA000FFFFFFFFFFFFFFFFFFFFFFFFFFFFFFFFA4
:10BCB000FFFFFFFFFFFFFFFFFFFFFFFFFFFFFFFF94
:10BCC000FFFFFFFFFFFFFFFFFFFFFFFFFFFFFFFF84
:10BCD000FFFFFFFFFFFFFFFFFFFFFFFFFFFFFFFF74
:10BCE000FFFFFFFFFFFFFFFFFFFFFFFFFFFFFFFF64
:10BCF000FFFFFFFFFFFFFFFFFFFFFFFFFFFFFFFF54
:10BD0000FFFFFFFFFFFFFFFFFFFFFFFFFFFFFFFF43
:10BD1000FFFFFFFFFFFFFFFFFFFFFFFFFFFFFFFF33
:10BD2000FFFFFFFFFFFFFFFFFFFFFFFFFFFFFFFF23
:10BD3000FFFFFFFFFFFFFFFFFFFFFFFFFFFFFFFF13
:10BD4000FFFFFFFFFFFFFFFFFFFFFFFFFFFFFFFF03
:10BD5000FFFFFFFFFFFFFFFFFFFFFFFFFFFFFFFFF3
:10BD6000FFFFFFFFFFFFFFFFFFFFFFFFFFFFFFFFE3
:10BD7000FFFFFFFFFFFFFFFFFFFFFFFFFFFFFFFFD3
:10BD8000FFFFFFFFFFFFFFFFFFFFFFFFFFFFFFFFC3
:10BD9000FFFFFFFFFFFFFFFFFFFFFFFFFFFFFFFFB3
:10BDA000FFFFFFFFFFFFFFFFFFFFFFFFFFFFFFFFA3
:10BDB000FFFFFFFFFFFFFFFFFFFFFFFFFFFFFFFF93
:10BDC000FFFFFFFFFFFFFFFFFFFFFFFFFFFFFFFF83
:10BDD000FFFFFFFFFFFFFFFFFFFFFFFFFFFFFFFF73
:10BDE000FFFFFFFFFFFFFFFFFFFFFFFFFFFFFFFF63
:10BDF000FFFFFFFFFFFFFFFFFFFFFFFFFFFFFFFF53
:10BE0000FFFFFFFFFFFFFFFFFFFFFFFFFFFFFFFF42
:10BE1000FFFFFFFFFFFFFFFFFFFFFFFFFFFFFFFF32
:10BE2000FFFFFFFFFFFFFFFFFFFFFFFFFFFFFFFF22
:10BE3000FFFFFFFFFFFFFFFFFFFFFFFFFFFFFFFF12
:10BE4000FFFFFFFFFFFFFFFFFFFFFFFFFFFFFFFF02
:10BE5000FFFFFFFFFFFFFFFFFFFFFFFFFFFFFFFFF2
:10BE6000FFFFFFFFFFFFFFFFFFFFFFFFFFFFFFFFE2
:10BE7000FFFFFFFFFFFFFFFFFFFFFFFFFFFFFFFFD2
:10BE8000FFFFFFFFFFFFFFFFFFFFFFFFFFFFFFFFC2
:10BE9000FFFFFFFFFFFFFFFFFFFFFFFFFFFFFFFFB2
:10BEA000FFFFFFFFFFFFFFFFFFFFFFFFFFFFFFFFA2
:10BEB000FFFFFFFFFFFFFFFFFFFFFFFFFFFFFFFF92
:10BEC000FFFFFFFFFFFFFFFFFFFFFFFFFFFFFFFF82
:10BED000FFFFFFFFFFFFFFFFFFFFFFFFFFFFFFFF72
:10BEE000FFFFFFFFFFFFFFFFFFFFFFFFFFFFFFFF62
:10BEF000FFFFFFFFFFFFFFFFFFFFFFFFFFFFFFFF52
:10BF0000FFFFFFFFFFFFFFFFFFFFFFFFFFFFFFFF41
:10BF1000FFFFFFFFFFFFFFFFFFFFFFFFFFFFFFFF31
:10BF2000FFFFFFFFFFFFFFFFFFFFFFFFFFFFFFFF21
:10BF3000FFFFFFFFFFFFFFFFFFFFFFFFFFFFFFFF11
:10BF4000FFFFFFFFFFFFFFFFFFFFFFFFFFFFFFFF01
:10BF5000FFFFFFFFFFFFFFFFFFFFFFFFFFFFFFFFF1
:10BF6000FFFFFFFFFFFFFFFFFFFFFFFFFFFFFFFFE1
:10BF7000FFFFFFFFFFFFFFFFFFFFFFFFFFFFFFFFD1
:10BF8000FFFFFFFFFFFFFFFFFFFFFFFFFFFFFFFFC1
:10BF9000FFFFFFFFFFFFFFFFFFFFFFFFFFFFFFFFB1
:10BFA000FFFFFFFFFFFFFFFFFFFFFFFFFFFFFFFFA1
:10BFB000FFFFFFFFFFFFFFFFFFFFFFFFFFFFFFFF91
:10BFC000FFFFFFFFFFFFFFFFFFFFFFFFFFFFFFFF81
:10BFD000FFFFFFFFFFFFFFFFFFFFFFFFFFFFFFFF71
:10BFE000FFFFFFFFFFFFFFFFFFFFFFFFFFFFFFFF61
:10BFF000FFFFFFFFFFFFFFFFFFFFFFFFFFFFFFFF51
:10C00000FFFFFFFFFFFFFFFFFFFFFFFFFFFFFFFF40
:10C01000FFFFFFFFFFFFFFFFFFFFFFFFFFFFFFFF30
:10C02000FFFFFFFFFFFFFFFFFFFFFFFFFFFFFFFF20
:10C03000FFFFFFFFFFFFFFFFFFFFFFFFFFFFFFFF10
:10C04000FFFFFFFFFFFFFFFFFFFFFFFFFFFFFFFF00
:10C05000FFFFFFFFFFFFFFFFFFFFFFFFFFFFFFFFF0
:10C06000FFFFFFFFFFFFFFFFFFFFFFFFFFFFFFFFE0
:10C07000FFFFFFFFFFFFFFFFFFFFFFFFFFFFFFFFD0
:10C08000FFFFFFFFFFFFFFFFFFFFFFFFFFFFFFFFC0
:10C09000FFFFFFFFFFFFFFFFFFFFFFFFFFFFFFFFB0
:10C0A000FFFFFFFFFFFFFFFFFFFFFFFFFFFFFFFFA0
:10C0B000FFFFFFFFFFFFFFFFFFFFFFFFFFFFFFFF90
:10C0C000FFFFFFFFFFFFFFFFFFFFFFFFFFFFFFFF80
:10C0D000FFFFFFFFFFFFFFFFFFFFFFFFFFFFFFFF70
:10C0E000FFFFFFFFFFFFFFFFFFFFFFFFFFFFFFFF60
:10C0F000FFFFFFFFFFFFFFFFFFFFFFFFFFFFFFFF50
:10C10000FFFFFFFFFFFFFFFFFFFFFFFFFFFFFFFF3F
:10C11000FFFFFFFFFFFFFFFFFFFFFFFFFFFFFFFF2F
:10C12000FFFFFFFFFFFFFFFFFFFFFFFFFFFFFFFF1F
:10C13000FFFFFFFFFFFFFFFFFFFFFFFFFFFFFFFF0F
:10C14000FFFFFFFFFFFFFFFFFFFFFFFFFFFFFFFFFF
:10C15000FFFFFFFFFFFFFFFFFFFFFFFFFFFFFFFFEF
:10C16000FFFFFFFFFFFFFFFFFFFFFFFFFFFFFFFFDF
:10C17000FFFFFFFFFFFFFFFFFFFFFFFFFFFFFFFFCF
:10C18000FFFFFFFFFFFFFFFFFFFFFFFFFFFFFFFFBF
:10C19000FFFFFFFFFFFFFFFFFFFFFFFFFFFFFFFFAF
:10C1A000FFFFFFFFFFFFFFFFFFFFFFFFFFFFFFFF9F
:10C1B000FFFFFFFFFFFFFFFFFFFFFFFFFFFFFFFF8F
:10C1C000FFFFFFFFFFFFFFFFFFFFFFFFFFFFFFFF7F
:10C1D000FFFFFFFFFFFFFFFFFFFFFFFFFFFFFFFF6F
:10C1E000FFFFFFFFFFFFFFFFFFFFFFFFFFFFFFFF5F
:10C1F000FFFFFFFFFFFFFFFFFFFFFFFFFFFFFFFF4F
:10C20000FFFFFFFFFFFFFFFFFFFFFFFFFFFFFFFF3E
:10C21000FFFFFFFFFFFFFFFFFFFFFFFFFFFFFFFF2E
:10C22000FFFFFFFFFFFFFFFFFFFFFFFFFFFFFFFF1E
:10C23000FFFFFFFFFFFFFFFFFFFFFFFFFFFFFFFF0E
:10C24000FFFFFFFFFFFFFFFFFFFFFFFFFFFFFFFFFE
:10C25000FFFFFFFFFFFFFFFFFFFFFFFFFFFFFFFFEE
:10C26000FFFFFFFFFFFFFFFFFFFFFFFFFFFFFFFFDE
:10C27000FFFFFFFFFFFFFFFFFFFFFFFFFFFFFFFFCE
:10C28000FFFFFFFFFFFFFFFFFFFFFFFFFFFFFFFFBE
:10C29000FFFFFFFFFFFFFFFFFFFFFFFFFFFFFFFFAE
:10C2A000FFFFFFFFFFFFFFFFFFFFFFFFFFFFFFFF9E
:10C2B000FFFFFFFFFFFFFFFFFFFFFFFFFFFFFFFF8E
:10C2C000FFFFFFFFFFFFFFFFFFFFFFFFFFFFFFFF7E
:10C2D000FFFFFFFFFFFFFFFFFFFFFFFFFFFFFFFF6E
:10C2E000FFFFFFFFFFFFFFFFFFFFFFFFFFFFFFFF5E
:10C2F000FFFFFFFFFFFFFFFFFFFFFFFFFFFFFFFF4E
:10C30000FFFFFFFFFFFFFFFFFFFFFFFFFFFFFFFF3D
:10C31000FFFFFFFFFFFFFFFFFFFFFFFFFFFFFFFF2D
:10C32000FFFFFFFFFFFFFFFFFFFFFFFFFFFFFFFF1D
:10C33000FFFFFFFFFFFFFFFFFFFFFFFFFFFFFFFF0D
:10C34000FFFFFFFFFFFFFFFFFFFFFFFFFFFFFFFFFD
:10C35000FFFFFFFFFFFFFFFFFFFFFFFFFFFFFFFFED
:10C36000FFFFFFFFFFFFFFFFFFFFFFFFFFFFFFFFDD
:10C37000FFFFFFFFFFFFFFFFFFFFFFFFFFFFFFFFCD
:10C38000FFFFFFFFFFFFFFFFFFFFFFFFFFFFFFFFBD
:10C39000FFFFFFFFFFFFFFFFFFFFFFFFFFFFFFFFAD
:10C3A000FFFFFFFFFFFFFFFFFFFFFFFFFFFFFFFF9D
:10C3B000FFFFFFFFFFFFFFFFFFFFFFFFFFFFFFFF8D
:10C3C000FFFFFFFFFFFFFFFFFFFFFFFFFFFFFFFF7D
:10C3D000FFFFFFFFFFFFFFFFFFFFFFFFFFFFFFFF6D
:10C3E000FFFFFFFFFFFFFFFFFFFFFFFFFFFFFFFF5D
:10C3F000FFFFFFFFFFFFFFFFFFFFFFFFFFFFFFFF4D
:10C40000FFFFFFFFFFFFFFFFFFFFFFFFFFFFFFFF3C
:10C41000FFFFFFFFFFFFFFFFFFFFFFFFFFFFFFFF2C
:10C42000FFFFFFFFFFFFFFFFFFFFFFFFFFFFFFFF1C
:10C43000FFFFFFFFFFFFFFFFFFFFFFFFFFFFFFFF0C
:10C44000FFFFFFFFFFFFFFFFFFFFFFFFFFFFFFFFFC
:10C45000FFFFFFFFFFFFFFFFFFFFFFFFFFFFFFFFEC
:10C46000FFFFFFFFFFFFFFFFFFFFFFFFFFFFFFFFDC
:10C47000FFFFFFFFFFFFFFFFFFFFFFFFFFFFFFFFCC
:10C48000FFFFFFFFFFFFFFFFFFFFFFFFFFFFFFFFBC
:10C49000FFFFFFFFFFFFFFFFFFFFFFFFFFFFFFFFAC
:10C4A000FFFFFFFFFFFFFFFFFFFFFFFFFFFFFFFF9C
:10C4B000FFFFFFFFFFFFFFFFFFFFFFFFFFFFFFFF8C
:10C4C000FFFFFFFFFFFFFFFFFFFFFFFFFFFFFFFF7C
:10C4D000FFFFFFFFFFFFFFFFFFFFFFFFFFFFFFFF6C
:10C4E000FFFFFFFFFFFFFFFFFFFFFFFFFFFFFFFF5C
:10C4F000FFFFFFFFFFFFFFFFFFFFFFFFFFFFFFFF4C
:10C50000FFFFFFFFFFFFFFFFFFFFFFFFFFFFFFFF3B
:10C51000FFFFFFFFFFFFFFFFFFFFFFFFFFFFFFFF2B
:10C52000FFFFFFFFFFFFFFFFFFFFFFFFFFFFFFFF1B
:10C53000FFFFFFFFFFFFFFFFFFFFFFFFFFFFFFFF0B
:10C54000FFFFFFFFFFFFFFFFFFFFFFFFFFFFFFFFFB
:10C55000FFFFFFFFFFFFFFFFFFFFFFFFFFFFFFFFEB
:10C56000FFFFFFFFFFFFFFFFFFFFFFFFFFFFFFFFDB
:10C57000FFFFFFFFFFFFFFFFFFFFFFFFFFFFFFFFCB
:10C58000FFFFFFFFFFFFFFFFFFFFFFFFFFFFFFFFBB
:10C59000FFFFFFFFFFFFFFFFFFFFFFFFFFFFFFFFAB
:10C5A000FFFFFFFFFFFFFFFFFFFFFFFFFFFFFFFF9B
:10C5B000FFFFFFFFFFFFFFFFFFFFFFFFFFFFFFFF8B
:10C5C000FFFFFFFFFFFFFFFFFFFFFFFFFFFFFFFF7B
:10C5D000FFFFFFFFFFFFFFFFFFFFFFFFFFFFFFFF6B
:10C5E000FFFFFFFFFFFFFFFFFFFFFFFFFFFFFFFF5B
:10C5F000FFFFFFFFFFFFFFFFFFFFFFFFFFFFFFFF4B
:10C60000FFFFFFFFFFFFFFFFFFFFFFFFFFFFFFFF3A
:10C61000FFFFFFFFFFFFFFFFFFFFFFFFFFFFFFFF2A
:10C62000FFFFFFFFFFFFFFFFFFFFFFFFFFFFFFFF1A
:10C63000FFFFFFFFFFFFFFFFFFFFFFFFFFFFFFFF0A
:10C64000FFFFFFFFFFFFFFFFFFFFFFFFFFFFFFFFFA
:10C65000FFFFFFFFFFFFFFFFFFFFFFFFFFFFFFFFEA
:10C66000FFFFFFFFFFFFFFFFFFFFFFFFFFFFFFFFDA
:10C67000FFFFFFFFFFFFFFFFFFFFFFFFFFFFFFFFCA
:10C68000FFFFFFFFFFFFFFFFFFFFFFFFFFFFFFFFBA
:10C69000FFFFFFFFFFFFFFFFFFFFFFFFFFFFFFFFAA
:10C6A000FFFFFFFFFFFFFFFFFFFFFFFFFFFFFFFF9A
:10C6B000FFFFFFFFFFFFFFFFFFFFFFFFFFFFFFFF8A
:10C6C000FFFFFFFFFFFFFFFFFFFFFFFFFFFFFFFF7A
:10C6D000FFFFFFFFFFFFFFFFFFFFFFFFFFFFFFFF6A
:10C6E000FFFFFFFFFFFFFFFFFFFFFFFFFFFFFFFF5A
:10C6F000FFFFFFFFFFFFFFFFFFFFFFFFFFFFFFFF4A
:10C70000FFFFFFFFFFFFFFFFFFFFFFFFFFFFFFFF39
:10C71000FFFFFFFFFFFFFFFFFFFFFFFFFFFFFFFF29
:10C72000FFFFFFFFFFFFFFFFFFFFFFFFFFFFFFFF19
:10C73000FFFFFFFFFFFFFFFFFFFFFFFFFFFFFFFF09
:10C74000FFFFFFFFFFFFFFFFFFFFFFFFFFFFFFFFF9
:10C75000FFFFFFFFFFFFFFFFFFFFFFFFFFFFFFFFE9
:10C76000FFFFFFFFFFFFFFFFFFFFFFFFFFFFFFFFD9
:10C77000FFFFFFFFFFFFFFFFFFFFFFFFFFFFFFFFC9
:10C78000FFFFFFFFFFFFFFFFFFFFFFFFFFFFFFFFB9
:10C79000FFFFFFFFFFFFFFFFFFFFFFFFFFFFFFFFA9
:10C7A000FFFFFFFFFFFFFFFFFFFFFFFFFFFFFFFF99
:10C7B000FFFFFFFFFFFFFFFFFFFFFFFFFFFFFFFF89
:10C7C000FFFFFFFFFFFFFFFFFFFFFFFFFFFFFFFF79
:10C7D000FFFFFFFFFFFFFFFFFFFFFFFFFFFFFFFF69
:10C7E000FFFFFFFFFFFFFFFFFFFFFFFFFFFFFFFF59
:10C7F000FFFFFFFFFFFFFFFFFFFFFFFFFFFFFFFF49
:10C80000FFFFFFFFFFFFFFFFFFFFFFFFFFFFFFFF38
:10C81000FFFFFFFFFFFFFFFFFFFFFFFFFFFFFFFF28
:10C82000FFFFFFFFFFFFFFFFFFFFFFFFFFFFFFFF18
:10C83000FFFFFFFFFFFFFFFFFFFFFFFFFFFFFFFF08
:10C84000FFFFFFFFFFFFFFFFFFFFFFFFFFFFFFFFF8
:10C85000FFFFFFFFFFFFFFFFFFFFFFFFFFFFFFFFE8
:10C86000FFFFFFFFFFFFFFFFFFFFFFFFFFFFFFFFD8
:10C87000FFFFFFFFFFFFFFFFFFFFFFFFFFFFFFFFC8
:10C88000FFFFFFFFFFFFFFFFFFFFFFFFFFFFFFFFB8
:10C89000FFFFFFFFFFFFFFFFFFFFFFFFFFFFFFFFA8
:10C8A000FFFFFFFFFFFFFFFFFFFFFFFFFFFFFFFF98
:10C8B000FFFFFFFFFFFFFFFFFFFFFFFFFFFFFFFF88
:10C8C000FFFFFFFFFFFFFFFFFFFFFFFFFFFFFFFF78
:10C8D000FFFFFFFFFFFFFFFFFFFFFFFFFFFFFFFF68
:10C8E000FFFFFFFFFFFFFFFFFFFFFFFFFFFFFFFF58
:10C8F000FFFFFFFFFFFFFFFFFFFFFFFFFFFFFFFF48
:10C90000FFFFFFFFFFFFFFFFFFFFFFFFFFFFFFFF37
:10C91000FFFFFFFFFFFFFFFFFFFFFFFFFFFFFFFF27
:10C92000FFFFFFFFFFFFFFFFFFFFFFFFFFFFFFFF17
:10C93000FFFFFFFFFFFFFFFFFFFFFFFFFFFFFFFF07
:10C94000FFFFFFFFFFFFFFFFFFFFFFFFFFFFFFFFF7
:10C95000FFFFFFFFFFFFFFFFFFFFFFFFFFFFFFFFE7
:10C96000FFFFFFFFFFFFFFFFFFFFFFFFFFFFFFFFD7
:10C97000FFFFFFFFFFFFFFFFFFFFFFFFFFFFFFFFC7
:10C98000FFFFFFFFFFFFFFFFFFFFFFFFFFFFFFFFB7
:10C99000FFFFFFFFFFFFFFFFFFFFFFFFFFFFFFFFA7
:10C9A000FFFFFFFFFFFFFFFFFFFFFFFFFFFFFFFF97
:10C9B000FFFFFFFFFFFFFFFFFFFFFFFFFFFFFFFF87
:10C9C000FFFFFFFFFFFFFFFFFFFFFFFFFFFFFFFF77
:10C9D000FFFFFFFFFFFFFFFFFFFFFFFFFFFFFFFF67
:10C9E000FFFFFFFFFFFFFFFFFFFFFFFFFFFFFFFF57
:10C9F000FFFFFFFFFFFFFFFFFFFFFFFFFFFFFFFF47
:10CA0000FFFFFFFFFFFFFFFFFFFFFFFFFFFFFFFF36
:10CA1000FFFFFFFFFFFFFFFFFFFFFFFFFFFFFFFF26
:10CA2000FFFFFFFFFFFFFFFFFFFFFFFFFFFFFFFF16
:10CA3000FFFFFFFFFFFFFFFFFFFFFFFFFFFFFFFF06
:10CA4000FFFFFFFFFFFFFFFFFFFFFFFFFFFFFFFFF6
:10CA5000FFFFFFFFFFFFFFFFFFFFFFFFFFFFFFFFE6
:10CA6000FFFFFFFFFFFFFFFFFFFFFFFFFFFFFFFFD6
:10CA7000FFFFFFFFFFFFFFFFFFFFFFFFFFFFFFFFC6
:10CA8000FFFFFFFFFFFFFFFFFFFFFFFFFFFFFFFFB6
:10CA9000FFFFFFFFFFFFFFFFFFFFFFFFFFFFFFFFA6
:10CAA000FFFFFFFFFFFFFFFFFFFFFFFFFFFFFFFF96
:10CAB000FFFFFFFFFFFFFFFFFFFFFFFFFFFFFFFF86
:10CAC000FFFFFFFFFFFFFFFFFFFFFFFFFFFFFFFF76
:10CAD000FFFFFFFFFFFFFFFFFFFFFFFFFFFFFFFF66
:10CAE000FFFFFFFFFFFFFFFFFFFFFFFFFFFFFFFF56
:10CAF000FFFFFFFFFFFFFFFFFFFFFFFFFFFFFFFF46
:10CB0000FFFFFFFFFFFFFFFFFFFFFFFFFFFFFFFF35
:10CB1000FFFFFFFFFFFFFFFFFFFFFFFFFFFFFFFF25
:10CB2000FFFFFFFFFFFFFFFFFFFFFFFFFFFFFFFF15
:10CB3000FFFFFFFFFFFFFFFFFFFFFFFFFFFFFFFF05
:10CB4000FFFFFFFFFFFFFFFFFFFFFFFFFFFFFFFFF5
:10CB5000FFFFFFFFFFFFFFFFFFFFFFFFFFFFFFFFE5
:10CB6000FFFFFFFFFFFFFFFFFFFFFFFFFFFFFFFFD5
:10CB7000FFFFFFFFFFFFFFFFFFFFFFFFFFFFFFFFC5
:10CB8000FFFFFFFFFFFFFFFFFFFFFFFFFFFFFFFFB5
:10CB9000FFFFFFFFFFFFFFFFFFFFFFFFFFFFFFFFA5
:10CBA000FFFFFFFFFFFFFFFFFFFFFFFFFFFFFFFF95
:10CBB000FFFFFFFFFFFFFFFFFFFFFFFFFFFFFFFF85
:10CBC000FFFFFFFFFFFFFFFFFFFFFFFFFFFFFFFF75
:10CBD000FFFFFFFFFFFFFFFFFFFFFFFFFFFFFFFF65
:10CBE000FFFFFFFFFFFFFFFFFFFFFFFFFFFFFFFF55
:10CBF000FFFFFFFFFFFFFFFFFFFFFFFFFFFFFFFF45
:10CC0000FFFFFFFFFFFFFFFFFFFFFFFFFFFFFFFF34
:10CC1000FFFFFFFFFFFFFFFFFFFFFFFFFFFFFFFF24
:10CC2000FFFFFFFFFFFFFFFFFFFFFFFFFFFFFFFF14
:10CC3000FFFFFFFFFFFFFFFFFFFFFFFFFFFFFFFF04
:10CC4000FFFFFFFFFFFFFFFFFFFFFFFFFFFFFFFFF4
:10CC5000FFFFFFFFFFFFFFFFFFFFFFFFFFFFFFFFE4
:10CC6000FFFFFFFFFFFFFFFFFFFFFFFFFFFFFFFFD4
:10CC7000FFFFFFFFFFFFFFFFFFFFFFFFFFFFFFFFC4
:10CC8000FFFFFFFFFFFFFFFFFFFFFFFFFFFFFFFFB4
:10CC9000FFFFFFFFFFFFFFFFFFFFFFFFFFFFFFFFA4
:10CCA000FFFFFFFFFFFFFFFFFFFFFFFFFFFFFFFF94
:10CCB000FFFFFFFFFFFFFFFFFFFFFFFFFFFFFFFF84
:10CCC000FFFFFFFFFFFFFFFFFFFFFFFFFFFFFFFF74
:10CCD000FFFFFFFFFFFFFFFFFFFFFFFFFFFFFFFF64
:10CCE000FFFFFFFFFFFFFFFFFFFFFFFFFFFFFFFF54
:10CCF000FFFFFFFFFFFFFFFFFFFFFFFFFFFFFFFF44
:10CD0000FFFFFFFFFFFFFFFFFFFFFFFFFFFFFFFF33
:10CD1000FFFFFFFFFFFFFFFFFFFFFFFFFFFFFFFF23
:10CD2000FFFFFFFFFFFFFFFFFFFFFFFFFFFFFFFF13
:10CD3000FFFFFFFFFFFFFFFFFFFFFFFFFFFFFFFF03
:10CD4000FFFFFFFFFFFFFFFFFFFFFFFFFFFFFFFFF3
:10CD5000FFFFFFFFFFFFFFFFFFFFFFFFFFFFFFFFE3
:10CD6000FFFFFFFFFFFFFFFFFFFFFFFFFFFFFFFFD3
:10CD7000FFFFFFFFFFFFFFFFFFFFFFFFFFFFFFFFC3
:10CD8000FFFFFFFFFFFFFFFFFFFFFFFFFFFFFFFFB3
:10CD9000FFFFFFFFFFFFFFFFFFFFFFFFFFFFFFFFA3
:10CDA000FFFFFFFFFFFFFFFFFFFFFFFFFFFFFFFF93
:10CDB000FFFFFFFFFFFFFFFFFFFFFFFFFFFFFFFF83
:10CDC000FFFFFFFFFFFFFFFFFFFFFFFFFFFFFFFF73
:10CDD000FFFFFFFFFFFFFFFFFFFFFFFFFFFFFFFF63
:10CDE000FFFFFFFFFFFFFFFFFFFFFFFFFFFFFFFF53
:10CDF000FFFFFFFFFFFFFFFFFFFFFFFFFFFFFFFF43
:10CE0000FFFFFFFFFFFFFFFFFFFFFFFFFFFFFFFF32
:10CE1000FFFFFFFFFFFFFFFFFFFFFFFFFFFFFFFF22
:10CE2000FFFFFFFFFFFFFFFFFFFFFFFFFFFFFFFF12
:10CE3000FFFFFFFFFFFFFFFFFFFFFFFFFFFFFFFF02
:10CE4000FFFFFFFFFFFFFFFFFFFFFFFFFFFFFFFFF2
:10CE5000FFFFFFFFFFFFFFFFFFFFFFFFFFFFFFFFE2
:10CE6000FFFFFFFFFFFFFFFFFFFFFFFFFFFFFFFFD2
:10CE7000FFFFFFFFFFFFFFFFFFFFFFFFFFFFFFFFC2
:10CE8000FFFFFFFFFFFFFFFFFFFFFFFFFFFFFFFFB2
:10CE9000FFFFFFFFFFFFFFFFFFFFFFFFFFFFFFFFA2
:10CEA000FFFFFFFFFFFFFFFFFFFFFFFFFFFFFFFF92
:10CEB000FFFFFFFFFFFFFFFFFFFFFFFFFFFFFFFF82
:10CEC000FFFFFFFFFFFFFFFFFFFFFFFFFFFFFFFF72
:10CED000FFFFFFFFFFFFFFFFFFFFFFFFFFFFFFFF62
:10CEE000FFFFFFFFFFFFFFFFFFFFFFFFFFFFFFFF52
:10CEF000FFFFFFFFFFFFFFFFFFFFFFFFFFFFFFFF42
:10CF0000FFFFFFFFFFFFFFFFFFFFFFFFFFFFFFFF31
:10CF1000FFFFFFFFFFFFFFFFFFFFFFFFFFFFFFFF21
:10CF2000FFFFFFFFFFFFFFFFFFFFFFFFFFFFFFFF11
:10CF3000FFFFFFFFFFFFFFFFFFFFFFFFFFFFFFFF01
:10CF4000FFFFFFFFFFFFFFFFFFFFFFFFFFFFFFFFF1
:10CF5000FFFFFFFFFFFFFFFFFFFFFFFFFFFFFFFFE1
:10CF6000FFFFFFFFFFFFFFFFFFFFFFFFFFFFFFFFD1
:10CF7000FFFFFFFFFFFFFFFFFFFFFFFFFFFFFFFFC1
:10CF8000FFFFFFFFFFFFFFFFFFFFFFFFFFFFFFFFB1
:10CF9000FFFFFFFFFFFFFFFFFFFFFFFFFFFFFFFFA1
:10CFA000FFFFFFFFFFFFFFFFFFFFFFFFFFFFFFFF91
:10CFB000FFFFFFFFFFFFFFFFFFFFFFFFFFFFFFFF81
:10CFC000FFFFFFFFFFFFFFFFFFFFFFFFFFFFFFFF71
:10CFD000FFFFFFFFFFFFFFFFFFFFFFFFFFFFFFFF61
:10CFE000FFFFFFFFFFFFFFFFFFFFFFFFFFFFFFFF51
:10CFF000FFFFFFFFFFFFFFFFFFFFFFFFFFFFFFFF41
:10D00000FFFFFFFFFFFFFFFFFFFFFFFFFFFFFFFF30
:10D01000FFFFFFFFFFFFFFFFFFFFFFFFFFFFFFFF20
:10D02000FFFFFFFFFFFFFFFFFFFFFFFFFFFFFFFF10
:10D03000FFFFFFFFFFFFFFFFFFFFFFFFFFFFFFFF00
:10D04000FFFFFFFFFFFFFFFFFFFFFFFFFFFFFFFFF0
:10D05000FFFFFFFFFFFFFFFFFFFFFFFFFFFFFFFFE0
:10D06000FFFFFFFFFFFFFFFFFFFFFFFFFFFFFFFFD0
:10D07000FFFFFFFFFFFFFFFFFFFFFFFFFFFFFFFFC0
:10D08000FFFFFFFFFFFFFFFFFFFFFFFFFFFFFFFFB0
:10D09000FFFFFFFFFFFFFFFFFFFFFFFFFFFFFFFFA0
:10D0A000FFFFFFFFFFFFFFFFFFFFFFFFFFFFFFFF90
:10D0B000FFFFFFFFFFFFFFFFFFFFFFFFFFFFFFFF80
:10D0C000FFFFFFFFFFFFFFFFFFFFFFFFFFFFFFFF70
:10D0D000FFFFFFFFFFFFFFFFFFFFFFFFFFFFFFFF60
:10D0E000FFFFFFFFFFFFFFFFFFFFFFFFFFFFFFFF50
:10D0F000FFFFFFFFFFFFFFFFFFFFFFFFFFFFFFFF40
:10D10000FFFFFFFFFFFFFFFFFFFFFFFFFFFFFFFF2F
:10D11000FFFFFFFFFFFFFFFFFFFFFFFFFFFFFFFF1F
:10D12000FFFFFFFFFFFFFFFFFFFFFFFFFFFFFFFF0F
:10D13000FFFFFFFFFFFFFFFFFFFFFFFFFFFFFFFFFF
:10D14000FFFFFFFFFFFFFFFFFFFFFFFFFFFFFFFFEF
:10D15000FFFFFFFFFFFFFFFFFFFFFFFFFFFFFFFFDF
:10D16000FFFFFFFFFFFFFFFFFFFFFFFFFFFFFFFFCF
:10D17000FFFFFFFFFFFFFFFFFFFFFFFFFFFFFFFFBF
:10D18000FFFFFFFFFFFFFFFFFFFFFFFFFFFFFFFFAF
:10D19000FFFFFFFFFFFFFFFFFFFFFFFFFFFFFFFF9F
:10D1A000FFFFFFFFFFFFFFFFFFFFFFFFFFFFFFFF8F
:10D1B000FFFFFFFFFFFFFFFFFFFFFFFFFFFFFFFF7F
:10D1C000FFFFFFFFFFFFFFFFFFFFFFFFFFFFFFFF6F
:10D1D000FFFFFFFFFFFFFFFFFFFFFFFFFFFFFFFF5F
:10D1E000FFFFFFFFFFFFFFFFFFFFFFFFFFFFFFFF4F
:10D1F000FFFFFFFFFFFFFFFFFFFFFFFFFFFFFFFF3F
:10D20000FFFFFFFFFFFFFFFFFFFFFFFFFFFFFFFF2E
:10D21000FFFFFFFFFFFFFFFFFFFFFFFFFFFFFFFF1E
:10D22000FFFFFFFFFFFFFFFFFFFFFFFFFFFFFFFF0E
:10D23000FFFFFFFFFFFFFFFFFFFFFFFFFFFFFFFFFE
:10D24000FFFFFFFFFFFFFFFFFFFFFFFFFFFFFFFFEE
:10D25000FFFFFFFFFFFFFFFFFFFFFFFFFFFFFFFFDE
:10D26000FFFFFFFFFFFFFFFFFFFFFFFFFFFFFFFFCE
:10D27000FFFFFFFFFFFFFFFFFFFFFFFFFFFFFFFFBE
:10D28000FFFFFFFFFFFFFFFFFFFFFFFFFFFFFFFFAE
:10D29000FFFFFFFFFFFFFFFFFFFFFFFFFFFFFFFF9E
:10D2A000FFFFFFFFFFFFFFFFFFFFFFFFFFFFFFFF8E
:10D2B000FFFFFFFFFFFFFFFFFFFFFFFFFFFFFFFF7E
:10D2C000FFFFFFFFFFFFFFFFFFFFFFFFFFFFFFFF6E
:10D2D000FFFFFFFFFFFFFFFFFFFFFFFFFFFFFFFF5E
:10D2E000FFFFFFFFFFFFFFFFFFFFFFFFFFFFFFFF4E
:10D2F000FFFFFFFFFFFFFFFFFFFFFFFFFFFFFFFF3E
:10D30000FFFFFFFFFFFFFFFFFFFFFFFFFFFFFFFF2D
:10D31000FFFFFFFFFFFFFFFFFFFFFFFFFFFFFFFF1D
:10D32000FFFFFFFFFFFFFFFFFFFFFFFFFFFFFFFF0D
:10D33000FFFFFFFFFFFFFFFFFFFFFFFFFFFFFFFFFD
:10D34000FFFFFFFFFFFFFFFFFFFFFFFFFFFFFFFFED
:10D35000FFFFFFFFFFFFFFFFFFFFFFFFFFFFFFFFDD
:10D36000FFFFFFFFFFFFFFFFFFFFFFFFFFFFFFFFCD
:10D37000FFFFFFFFFFFFFFFFFFFFFFFFFFFFFFFFBD
:10D38000FFFFFFFFFFFFFFFFFFFFFFFFFFFFFFFFAD
:10D39000FFFFFFFFFFFFFFFFFFFFFFFFFFFFFFFF9D
:10D3A000FFFFFFFFFFFFFFFFFFFFFFFFFFFFFFFF8D
:10D3B000FFFFFFFFFFFFFFFFFFFFFFFFFFFFFFFF7D
:10D3C000FFFFFFFFFFFFFFFFFFFFFFFFFFFFFFFF6D
:10D3D000FFFFFFFFFFFFFFFFFFFFFFFFFFFFFFFF5D
:10D3E000FFFFFFFFFFFFFFFFFFFFFFFFFFFFFFFF4D
:10D3F000FFFFFFFFFFFFFFFFFFFFFFFFFFFFFFFF3D
:10D40000FFFFFFFFFFFFFFFFFFFFFFFFFFFFFFFF2C
:10D41000FFFFFFFFFFFFFFFFFFFFFFFFFFFFFFFF1C
:10D42000FFFFFFFFFFFFFFFFFFFFFFFFFFFFFFFF0C
:10D43000FFFFFFFFFFFFFFFFFFFFFFFFFFFFFFFFFC
:10D44000FFFFFFFFFFFFFFFFFFFFFFFFFFFFFFFFEC
:10D45000FFFFFFFFFFFFFFFFFFFFFFFFFFFFFFFFDC
:10D46000FFFFFFFFFFFFFFFFFFFFFFFFFFFFFFFFCC
:10D47000FFFFFFFFFFFFFFFFFFFFFFFFFFFFFFFFBC
:10D48000FFFFFFFFFFFFFFFFFFFFFFFFFFFFFFFFAC
:10D49000FFFFFFFFFFFFFFFFFFFFFFFFFFFFFFFF9C
:10D4A000FFFFFFFFFFFFFFFFFFFFFFFFFFFFFFFF8C
:10D4B000FFFFFFFFFFFFFFFFFFFFFFFFFFFFFFFF7C
:10D4C000FFFFFFFFFFFFFFFFFFFFFFFFFFFFFFFF6C
:10D4D000FFFFFFFFFFFFFFFFFFFFFFFFFFFFFFFF5C
:10D4E000FFFFFFFFFFFFFFFFFFFFFFFFFFFFFFFF4C
:10D4F000FFFFFFFFFFFFFFFFFFFFFFFFFFFFFFFF3C
:10D50000FFFFFFFFFFFFFFFFFFFFFFFFFFFFFFFF2B
:10D51000FFFFFFFFFFFFFFFFFFFFFFFFFFFFFFFF1B
:10D52000FFFFFFFFFFFFFFFFFFFFFFFFFFFFFFFF0B
:10D53000FFFFFFFFFFFFFFFFFFFFFFFFFFFFFFFFFB
:10D54000FFFFFFFFFFFFFFFFFFFFFFFFFFFFFFFFEB
:10D55000FFFFFFFFFFFFFFFFFFFFFFFFFFFFFFFFDB
:10D56000FFFFFFFFFFFFFFFFFFFFFFFFFFFFFFFFCB
:10D57000FFFFFFFFFFFFFFFFFFFFFFFFFFFFFFFFBB
:10D58000FFFFFFFFFFFFFFFFFFFFFFFFFFFFFFFFAB
:10D59000FFFFFFFFFFFFFFFFFFFFFFFFFFFFFFFF9B
:10D5A000FFFFFFFFFFFFFFFFFFFFFFFFFFFFFFFF8B
:10D5B000FFFFFFFFFFFFFFFFFFFFFFFFFFFFFFFF7B
:10D5C000FFFFFFFFFFFFFFFFFFFFFFFFFFFFFFFF6B
:10D5D000FFFFFFFFFFFFFFFFFFFFFFFFFFFFFFFF5B
:10D5E000FFFFFFFFFFFFFFFFFFFFFFFFFFFFFFFF4B
:10D5F000FFFFFFFFFFFFFFFFFFFFFFFFFFFFFFFF3B
:10D60000FFFFFFFFFFFFFFFFFFFFFFFFFFFFFFFF2A
:10D61000FFFFFFFFFFFFFFFFFFFFFFFFFFFFFFFF1A
:10D62000FFFFFFFFFFFFFFFFFFFFFFFFFFFFFFFF0A
:10D63000FFFFFFFFFFFFFFFFFFFFFFFFFFFFFFFFFA
:10D64000FFFFFFFFFFFFFFFFFFFFFFFFFFFFFFFFEA
:10D65000FFFFFFFFFFFFFFFFFFFFFFFFFFFFFFFFDA
:10D66000FFFFFFFFFFFFFFFFFFFFFFFFFFFFFFFFCA
:10D67000FFFFFFFFFFFFFFFFFFFFFFFFFFFFFFFFBA
:10D68000FFFFFFFFFFFFFFFFFFFFFFFFFFFFFFFFAA
:10D69000FFFFFFFFFFFFFFFFFFFFFFFFFFFFFFFF9A
:10D6A000FFFFFFFFFFFFFFFFFFFFFFFFFFFFFFFF8A
:10D6B000FFFFFFFFFFFFFFFFFFFFFFFFFFFFFFFF7A
:10D6C000FFFFFFFFFFFFFFFFFFFFFFFFFFFFFFFF6A
:10D6D000FFFFFFFFFFFFFFFFFFFFFFFFFFFFFFFF5A
:10D6E000FFFFFFFFFFFFFFFFFFFFFFFFFFFFFFFF4A
:10D6F000FFFFFFFFFFFFFFFFFFFFFFFFFFFFFFFF3A
:10D70000FFFFFFFFFFFFFFFFFFFFFFFFFFFFFFFF29
:10D71000FFFFFFFFFFFFFFFFFFFFFFFFFFFFFFFF19
:10D72000FFFFFFFFFFFFFFFFFFFFFFFFFFFFFFFF09
:10D73000FFFFFFFFFFFFFFFFFFFFFFFFFFFFFFFFF9
:10D74000FFFFFFFFFFFFFFFFFFFFFFFFFFFFFFFFE9
:10D75000FFFFFFFFFFFFFFFFFFFFFFFFFFFFFFFFD9
:10D76000FFFFFFFFFFFFFFFFFFFFFFFFFFFFFFFFC9
:10D77000FFFFFFFFFFFFFFFFFFFFFFFFFFFFFFFFB9
:10D78000FFFFFFFFFFFFFFFFFFFFFFFFFFFFFFFFA9
:10D79000FFFFFFFFFFFFFFFFFFFFFFFFFFFFFFFF99
:10D7A000FFFFFFFFFFFFFFFFFFFFFFFFFFFFFFFF89
:10D7B000FFFFFFFFFFFFFFFFFFFFFFFFFFFFFFFF79
:10D7C000FFFFFFFFFFFFFFFFFFFFFFFFFFFFFFFF69
:10D7D000FFFFFFFFFFFFFFFFFFFFFFFFFFFFFFFF59
:10D7E000FFFFFFFFFFFFFFFFFFFFFFFFFFFFFFFF49
:10D7F000FFFFFFFFFFFFFFFFFFFFFFFFFFFFFFFF39
:10D80000FFFFFFFFFFFFFFFFFFFFFFFFFFFFFFFF28
:10D81000FFFFFFFFFFFFFFFFFFFFFFFFFFFFFFFF18
:10D82000FFFFFFFFFFFFFFFFFFFFFFFFFFFFFFFF08
:10D83000FFFFFFFFFFFFFFFFFFFFFFFFFFFFFFFFF8
:10D84000FFFFFFFFFFFFFFFFFFFFFFFFFFFFFFFFE8
:10D85000FFFFFFFFFFFFFFFFFFFFFFFFFFFFFFFFD8
:10D86000FFFFFFFFFFFFFFFFFFFFFFFFFFFFFFFFC8
:10D87000FFFFFFFFFFFFFFFFFFFFFFFFFFFFFFFFB8
:10D88000FFFFFFFFFFFFFFFFFFFFFFFFFFFFFFFFA8
:10D89000FFFFFFFFFFFFFFFFFFFFFFFFFFFFFFFF98
:10D8A000FFFFFFFFFFFFFFFFFFFFFFFFFFFFFFFF88
:10D8B000FFFFFFFFFFFFFFFFFFFFFFFFFFFFFFFF78
:10D8C000FFFFFFFFFFFFFFFFFFFFFFFFFFFFFFFF68
:10D8D000FFFFFFFFFFFFFFFFFFFFFFFFFFFFFFFF58
:10D8E000FFFFFFFFFFFFFFFFFFFFFFFFFFFFFFFF48
:10D8F000FFFFFFFFFFFFFFFFFFFFFFFFFFFFFFFF38
:10D90000FFFFFFFFFFFFFFFFFFFFFFFFFFFFFFFF27
:10D91000FFFFFFFFFFFFFFFFFFFFFFFFFFFFFFFF17
:10D92000FFFFFFFFFFFFFFFFFFFFFFFFFFFFFFFF07
:10D93000FFFFFFFFFFFFFFFFFFFFFFFFFFFFFFFFF7
:10D94000FFFFFFFFFFFFFFFFFFFFFFFFFFFFFFFFE7
:10D95000FFFFFFFFFFFFFFFFFFFFFFFFFFFFFFFFD7
:10D96000FFFFFFFFFFFFFFFFFFFFFFFFFFFFFFFFC7
:10D97000FFFFFFFFFFFFFFFFFFFFFFFFFFFFFFFFB7
:10D98000FFFFFFFFFFFFFFFFFFFFFFFFFFFFFFFFA7
:10D99000FFFFFFFFFFFFFFFFFFFFFFFFFFFFFFFF97
:10D9A000FFFFFFFFFFFFFFFFFFFFFFFFFFFFFFFF87
:10D9B000FFFFFFFFFFFFFFFFFFFFFFFFFFFFFFFF77
:10D9C000FFFFFFFFFFFFFFFFFFFFFFFFFFFFFFFF67
:10D9D000FFFFFFFFFFFFFFFFFFFFFFFFFFFFFFFF57
:10D9E000FFFFFFFFFFFFFFFFFFFFFFFFFFFFFFFF47
:10D9F000FFFFFFFFFFFFFFFFFFFFFFFFFFFFFFFF37
:10DA0000FFFFFFFFFFFFFFFFFFFFFFFFFFFFFFFF26
:10DA1000FFFFFFFFFFFFFFFFFFFFFFFFFFFFFFFF16
:10DA2000FFFFFFFFFFFFFFFFFFFFFFFFFFFFFFFF06
:10DA3000FFFFFFFFFFFFFFFFFFFFFFFFFFFFFFFFF6
:10DA4000FFFFFFFFFFFFFFFFFFFFFFFFFFFFFFFFE6
:10DA5000FFFFFFFFFFFFFFFFFFFFFFFFFFFFFFFFD6
:10DA6000FFFFFFFFFFFFFFFFFFFFFFFFFFFFFFFFC6
:10DA7000FFFFFFFFFFFFFFFFFFFFFFFFFFFFFFFFB6
:10DA8000FFFFFFFFFFFFFFFFFFFFFFFFFFFFFFFFA6
:10DA9000FFFFFFFFFFFFFFFFFFFFFFFFFFFFFFFF96
:10DAA000FFFFFFFFFFFFFFFFFFFFFFFFFFFFFFFF86
:10DAB000FFFFFFFFFFFFFFFFFFFFFFFFFFFFFFFF76
:10DAC000FFFFFFFFFFFFFFFFFFFFFFFFFFFFFFFF66
:10DAD000FFFFFFFFFFFFFFFFFFFFFFFFFFFFFFFF56
:10DAE000FFFFFFFFFFFFFFFFFFFFFFFFFFFFFFFF46
:10DAF000FFFFFFFFFFFFFFFFFFFFFFFFFFFFFFFF36
:10DB0000FFFFFFFFFFFFFFFFFFFFFFFFFFFFFFFF25
:10DB1000FFFFFFFFFFFFFFFFFFFFFFFFFFFFFFFF15
:10DB2000FFFFFFFFFFFFFFFFFFFFFFFFFFFFFFFF05
:10DB3000FFFFFFFFFFFFFFFFFFFFFFFFFFFFFFFFF5
:10DB4000FFFFFFFFFFFFFFFFFFFFFFFFFFFFFFFFE5
:10DB5000FFFFFFFFFFFFFFFFFFFFFFFFFFFFFFFFD5
:10DB6000FFFFFFFFFFFFFFFFFFFFFFFFFFFFFFFFC5
:10DB7000FFFFFFFFFFFFFFFFFFFFFFFFFFFFFFFFB5
:10DB8000FFFFFFFFFFFFFFFFFFFFFFFFFFFFFFFFA5
:10DB9000FFFFFFFFFFFFFFFFFFFFFFFFFFFFFFFF95
:10DBA000FFFFFFFFFFFFFFFFFFFFFFFFFFFFFFFF85
:10DBB000FFFFFFFFFFFFFFFFFFFFFFFFFFFFFFFF75
:10DBC000FFFFFFFFFFFFFFFFFFFFFFFFFFFFFFFF65
:10DBD000FFFFFFFFFFFFFFFFFFFFFFFFFFFFFFFF55
:10DBE000FFFFFFFFFFFFFFFFFFFFFFFFFFFFFFFF45
:10DBF000FFFFFFFFFFFFFFFFFFFFFFFFFFFFFFFF35
:10DC0000FFFFFFFFFFFFFFFFFFFFFFFFFFFFFFFF24
:10DC1000FFFFFFFFFFFFFFFFFFFFFFFFFFFFFFFF14
:10DC2000FFFFFFFFFFFFFFFFFFFFFFFFFFFFFFFF04
:10DC3000FFFFFFFFFFFFFFFFFFFFFFFFFFFFFFFFF4
:10DC4000FFFFFFFFFFFFFFFFFFFFFFFFFFFFFFFFE4
:10DC5000FFFFFFFFFFFFFFFFFFFFFFFFFFFFFFFFD4
:10DC6000FFFFFFFFFFFFFFFFFFFFFFFFFFFFFFFFC4
:10DC7000FFFFFFFFFFFFFFFFFFFFFFFFFFFFFFFFB4
:10DC8000FFFFFFFFFFFFFFFFFFFFFFFFFFFFFFFFA4
:10DC9000FFFFFFFFFFFFFFFFFFFFFFFFFFFFFFFF94
:10DCA000FFFFFFFFFFFFFFFFFFFFFFFFFFFFFFFF84
:10DCB000FFFFFFFFFFFFFFFFFFFFFFFFFFFFFFFF74
:10DCC000FFFFFFFFFFFFFFFFFFFFFFFFFFFFFFFF64
:10DCD000FFFFFFFFFFFFFFFFFFFFFFFFFFFFFFFF54
:10DCE000FFFFFFFFFFFFFFFFFFFFFFFFFFFFFFFF44
:10DCF000FFFFFFFFFFFFFFFFFFFFFFFFFFFFFFFF34
:10DD0000FFFFFFFFFFFFFFFFFFFFFFFFFFFFFFFF23
:10DD1000FFFFFFFFFFFFFFFFFFFFFFFFFFFFFFFF13
:10DD2000FFFFFFFFFFFFFFFFFFFFFFFFFFFFFFFF03
:10DD3000FFFFFFFFFFFFFFFFFFFFFFFFFFFFFFFFF3
:10DD4000FFFFFFFFFFFFFFFFFFFFFFFFFFFFFFFFE3
:10DD5000FFFFFFFFFFFFFFFFFFFFFFFFFFFFFFFFD3
:10DD6000FFFFFFFFFFFFFFFFFFFFFFFFFFFFFFFFC3
:10DD7000FFFFFFFFFFFFFFFFFFFFFFFFFFFFFFFFB3
:10DD8000FFFFFFFFFFFFFFFFFFFFFFFFFFFFFFFFA3
:10DD9000FFFFFFFFFFFFFFFFFFFFFFFFFFFFFFFF93
:10DDA000FFFFFFFFFFFFFFFFFFFFFFFFFFFFFFFF83
:10DDB000FFFFFFFFFFFFFFFFFFFFFFFFFFFFFFFF73
:10DDC000FFFFFFFFFFFFFFFFFFFFFFFFFFFFFFFF63
:10DDD000FFFFFFFFFFFFFFFFFFFFFFFFFFFFFFFF53
:10DDE000FFFFFFFFFFFFFFFFFFFFFFFFFFFFFFFF43
:10DDF000FFFFFFFFFFFFFFFFFFFFFFFFFFFFFFFF33
:10DE0000FFFFFFFFFFFFFFFFFFFFFFFFFFFFFFFF22
:10DE1000FFFFFFFFFFFFFFFFFFFFFFFFFFFFFFFF12
:10DE2000FFFFFFFFFFFFFFFFFFFFFFFFFFFFFFFF02
:10DE3000FFFFFFFFFFFFFFFFFFFFFFFFFFFFFFFFF2
:10DE4000FFFFFFFFFFFFFFFFFFFFFFFFFFFFFFFFE2
:10DE5000FFFFFFFFFFFFFFFFFFFFFFFFFFFFFFFFD2
:10DE6000FFFFFFFFFFFFFFFFFFFFFFFFFFFFFFFFC2
:10DE7000FFFFFFFFFFFFFFFFFFFFFFFFFFFFFFFFB2
:10DE8000FFFFFFFFFFFFFFFFFFFFFFFFFFFFFFFFA2
:10DE9000FFFFFFFFFFFFFFFFFFFFFFFFFFFFFFFF92
:10DEA000FFFFFFFFFFFFFFFFFFFFFFFFFFFFFFFF82
:10DEB000FFFFFFFFFFFFFFFFFFFFFFFFFFFFFFFF72
:10DEC000FFFFFFFFFFFFFFFFFFFFFFFFFFFFFFFF62
:10DED000FFFFFFFFFFFFFFFFFFFFFFFFFFFFFFFF52
:10DEE000FFFFFFFFFFFFFFFFFFFFFFFFFFFFFFFF42
:10DEF000FFFFFFFFFFFFFFFFFFFFFFFFFFFFFFFF32
:10DF0000FFFFFFFFFFFFFFFFFFFFFFFFFFFFFFFF21
:10DF1000FFFFFFFFFFFFFFFFFFFFFFFFFFFFFFFF11
:10DF2000FFFFFFFFFFFFFFFFFFFFFFFFFFFFFFFF01
:10DF3000FFFFFFFFFFFFFFFFFFFFFFFFFFFFFFFFF1
:10DF4000FFFFFFFFFFFFFFFFFFFFFFFFFFFFFFFFE1
:10DF5000FFFFFFFFFFFFFFFFFFFFFFFFFFFFFFFFD1
:10DF6000FFFFFFFFFFFFFFFFFFFFFFFFFFFFFFFFC1
:10DF7000FFFFFFFFFFFFFFFFFFFFFFFFFFFFFFFFB1
:10DF8000FFFFFFFFFFFFFFFFFFFFFFFFFFFFFFFFA1
:10DF9000FFFFFFFFFFFFFFFFFFFFFFFFFFFFFFFF91
:10DFA000FFFFFFFFFFFFFFFFFFFFFFFFFFFFFFFF81
:10DFB000FFFFFFFFFFFFFFFFFFFFFFFFFFFFFFFF71
:10DFC000FFFFFFFFFFFFFFFFFFFFFFFFFFFFFFFF61
:10DFD000FFFFFFFFFFFFFFFFFFFFFFFFFFFFFFFF51
:10DFE000FFFFFFFFFFFFFFFFFFFFFFFFFFFFFFFF41
:10DFF000FFFFFFFFFFFFFFFFFFFFFFFFFFFFFFFF31
:10E00000FFFFFFFFFFFFFFFFFFFFFFFFFFFFFFFF20
:10E01000FFFFFFFFFFFFFFFFFFFFFFFFFFFFFFFF10
:10E02000FFFFFFFFFFFFFFFFFFFFFFFFFFFFFFFF00
:10E03000FFFFFFFFFFFFFFFFFFFFFFFFFFFFFFFFF0
:10E04000FFFFFFFFFFFFFFFFFFFFFFFFFFFFFFFFE0
:10E05000FFFFFFFFFFFFFFFFFFFFFFFFFFFFFFFFD0
:10E06000FFFFFFFFFFFFFFFFFFFFFFFFFFFFFFFFC0
:10E07000FFFFFFFFFFFFFFFFFFFFFFFFFFFFFFFFB0
:10E08000FFFFFFFFFFFFFFFFFFFFFFFFFFFFFFFFA0
:10E09000FFFFFFFFFFFFFFFFFFFFFFFFFFFFFFFF90
:10E0A000FFFFFFFFFFFFFFFFFFFFFFFFFFFFFFFF80
:10E0B000FFFFFFFFFFFFFFFFFFFFFFFFFFFFFFFF70
:10E0C000FFFFFFFFFFFFFFFFFFFFFFFFFFFFFFFF60
:10E0D000FFFFFFFFFFFFFFFFFFFFFFFFFFFFFFFF50
:10E0E000FFFFFFFFFFFFFFFFFFFFFFFFFFFFFFFF40
:10E0F000FFFFFFFFFFFFFFFFFFFFFFFFFFFFFFFF30
:10E10000FFFFFFFFFFFFFFFFFFFFFFFFFFFFFFFF1F
:10E11000FFFFFFFFFFFFFFFFFFFFFFFFFFFFFFFF0F
:10E12000FFFFFFFFFFFFFFFFFFFFFFFFFFFFFFFFFF
:10E13000FFFFFFFFFFFFFFFFFFFFFFFFFFFFFFFFEF
:10E14000FFFFFFFFFFFFFFFFFFFFFFFFFFFFFFFFDF
:10E15000FFFFFFFFFFFFFFFFFFFFFFFFFFFFFFFFCF
:10E16000FFFFFFFFFFFFFFFFFFFFFFFFFFFFFFFFBF
:10E17000FFFFFFFFFFFFFFFFFFFFFFFFFFFFFFFFAF
:10E18000FFFFFFFFFFFFFFFFFFFFFFFFFFFFFFFF9F
:10E19000FFFFFFFFFFFFFFFFFFFFFFFFFFFFFFFF8F
:10E1A000FFFFFFFFFFFFFFFFFFFFFFFFFFFFFFFF7F
:10E1B000FFFFFFFFFFFFFFFFFFFFFFFFFFFFFFFF6F
:10E1C000FFFFFFFFFFFFFFFFFFFFFFFFFFFFFFFF5F
:10E1D000FFFFFFFFFFFFFFFFFFFFFFFFFFFFFFFF4F
:10E1E000FFFFFFFFFFFFFFFFFFFFFFFFFFFFFFFF3F
:10E1F000FFFFFFFFFFFFFFFFFFFFFFFFFFFFFFFF2F
:10E20000FFFFFFFFFFFFFFFFFFFFFFFFFFFFFFFF1E
:10E21000FFFFFFFFFFFFFFFFFFFFFFFFFFFFFFFF0E
:10E22000FFFFFFFFFFFFFFFFFFFFFFFFFFFFFFFFFE
:10E23000FFFFFFFFFFFFFFFFFFFFFFFFFFFFFFFFEE
:10E24000FFFFFFFFFFFFFFFFFFFFFFFFFFFFFFFFDE
:10E25000FFFFFFFFFFFFFFFFFFFFFFFFFFFFFFFFCE
:10E26000FFFFFFFFFFFFFFFFFFFFFFFFFFFFFFFFBE
:10E27000FFFFFFFFFFFFFFFFFFFFFFFFFFFFFFFFAE
:10E28000FFFFFFFFFFFFFFFFFFFFFFFFFFFFFFFF9E
:10E29000FFFFFFFFFFFFFFFFFFFFFFFFFFFFFFFF8E
:10E2A000FFFFFFFFFFFFFFFFFFFFFFFFFFFFFFFF7E
:10E2B000FFFFFFFFFFFFFFFFFFFFFFFFFFFFFFFF6E
:10E2C000FFFFFFFFFFFFFFFFFFFFFFFFFFFFFFFF5E
:10E2D000FFFFFFFFFFFFFFFFFFFFFFFFFFFFFFFF4E
:10E2E000FFFFFFFFFFFFFFFFFFFFFFFFFFFFFFFF3E
:10E2F000FFFFFFFFFFFFFFFFFFFFFFFFFFFFFFFF2E
:10E30000FFFFFFFFFFFFFFFFFFFFFFFFFFFFFFFF1D
:10E31000FFFFFFFFFFFFFFFFFFFFFFFFFFFFFFFF0D
:10E32000FFFFFFFFFFFFFFFFFFFFFFFFFFFFFFFFFD
:10E33000FFFFFFFFFFFFFFFFFFFFFFFFFFFFFFFFED
:10E34000FFFFFFFFFFFFFFFFFFFFFFFFFFFFFFFFDD
:10E35000FFFFFFFFFFFFFFFFFFFFFFFFFFFFFFFFCD
:10E36000FFFFFFFFFFFFFFFFFFFFFFFFFFFFFFFFBD
:10E37000FFFFFFFFFFFFFFFFFFFFFFFFFFFFFFFFAD
:10E38000FFFFFFFFFFFFFFFFFFFFFFFFFFFFFFFF9D
:10E39000FFFFFFFFFFFFFFFFFFFFFFFFFFFFFFFF8D
:10E3A000FFFFFFFFFFFFFFFFFFFFFFFFFFFFFFFF7D
:10E3B000FFFFFFFFFFFFFFFFFFFFFFFFFFFFFFFF6D
:10E3C000FFFFFFFFFFFFFFFFFFFFFFFFFFFFFFFF5D
:10E3D000FFFFFFFFFFFFFFFFFFFFFFFFFFFFFFFF4D
:10E3E000FFFFFFFFFFFFFFFFFFFFFFFFFFFFFFFF3D
:10E3F000FFFFFFFFFFFFFFFFFFFFFFFFFFFFFFFF2D
:10E40000FFFFFFFFFFFFFFFFFFFFFFFFFFFFFFFF1C
:10E41000FFFFFFFFFFFFFFFFFFFFFFFFFFFFFFFF0C
:10E42000FFFFFFFFFFFFFFFFFFFFFFFFFFFFFFFFFC
:10E43000FFFFFFFFFFFFFFFFFFFFFFFFFFFFFFFFEC
:10E44000FFFFFFFFFFFFFFFFFFFFFFFFFFFFFFFFDC
:10E45000FFFFFFFFFFFFFFFFFFFFFFFFFFFFFFFFCC
:10E46000FFFFFFFFFFFFFFFFFFFFFFFFFFFFFFFFBC
:10E47000FFFFFFFFFFFFFFFFFFFFFFFFFFFFFFFFAC
:10E48000FFFFFFFFFFFFFFFFFFFFFFFFFFFFFFFF9C
:10E49000FFFFFFFFFFFFFFFFFFFFFFFFFFFFFFFF8C
:10E4A000FFFFFFFFFFFFFFFFFFFFFFFFFFFFFFFF7C
:10E4B000FFFFFFFFFFFFFFFFFFFFFFFFFFFFFFFF6C
:10E4C000FFFFFFFFFFFFFFFFFFFFFFFFFFFFFFFF5C
:10E4D000FFFFFFFFFFFFFFFFFFFFFFFFFFFFFFFF4C
:10E4E000FFFFFFFFFFFFFFFFFFFFFFFFFFFFFFFF3C
:10E4F000FFFFFFFFFFFFFFFFFFFFFFFFFFFFFFFF2C
:10E50000FFFFFFFFFFFFFFFFFFFFFFFFFFFFFFFF1B
:10E51000FFFFFFFFFFFFFFFFFFFFFFFFFFFFFFFF0B
:10E52000FFFFFFFFFFFFFFFFFFFFFFFFFFFFFFFFFB
:10E53000FFFFFFFFFFFFFFFFFFFFFFFFFFFFFFFFEB
:10E54000FFFFFFFFFFFFFFFFFFFFFFFFFFFFFFFFDB
:10E55000FFFFFFFFFFFFFFFFFFFFFFFFFFFFFFFFCB
:10E56000FFFFFFFFFFFFFFFFFFFFFFFFFFFFFFFFBB
:10E57000FFFFFFFFFFFFFFFFFFFFFFFFFFFFFFFFAB
:10E58000FFFFFFFFFFFFFFFFFFFFFFFFFFFFFFFF9B
:10E59000FFFFFFFFFFFFFFFFFFFFFFFFFFFFFFFF8B
:10E5A000FFFFFFFFFFFFFFFFFFFFFFFFFFFFFFFF7B
:10E5B000FFFFFFFFFFFFFFFFFFFFFFFFFFFFFFFF6B
:10E5C000FFFFFFFFFFFFFFFFFFFFFFFFFFFFFFFF5B
:10E5D000FFFFFFFFFFFFFFFFFFFFFFFFFFFFFFFF4B
:10E5E000FFFFFFFFFFFFFFFFFFFFFFFFFFFFFFFF3B
:10E5F000FFFFFFFFFFFFFFFFFFFFFFFFFFFFFFFF2B
:10E60000FFFFFFFFFFFFFFFFFFFFFFFFFFFFFFFF1A
:10E61000FFFFFFFFFFFFFFFFFFFFFFFFFFFFFFFF0A
:10E62000FFFFFFFFFFFFFFFFFFFFFFFFFFFFFFFFFA
:10E63000FFFFFFFFFFFFFFFFFFFFFFFFFFFFFFFFEA
:10E64000FFFFFFFFFFFFFFFFFFFFFFFFFFFFFFFFDA
:10E65000FFFFFFFFFFFFFFFFFFFFFFFFFFFFFFFFCA
:10E66000FFFFFFFFFFFFFFFFFFFFFFFFFFFFFFFFBA
:10E67000FFFFFFFFFFFFFFFFFFFFFFFFFFFFFFFFAA
:10E68000FFFFFFFFFFFFFFFFFFFFFFFFFFFFFFFF9A
:10E69000FFFFFFFFFFFFFFFFFFFFFFFFFFFFFFFF8A
:10E6A000FFFFFFFFFFFFFFFFFFFFFFFFFFFFFFFF7A
:10E6B000FFFFFFFFFFFFFFFFFFFFFFFFFFFFFFFF6A
:10E6C000FFFFFFFFFFFFFFFFFFFFFFFFFFFFFFFF5A
:10E6D000FFFFFFFFFFFFFFFFFFFFFFFFFFFFFFFF4A
:10E6E000FFFFFFFFFFFFFFFFFFFFFFFFFFFFFFFF3A
:10E6F000FFFFFFFFFFFFFFFFFFFFFFFFFFFFFFFF2A
:10E70000FFFFFFFFFFFFFFFFFFFFFFFFFFFFFFFF19
:10E71000FFFFFFFFFFFFFFFFFFFFFFFFFFFFFFFF09
:10E72000FFFFFFFFFFFFFFFFFFFFFFFFFFFFFFFFF9
:10E73000FFFFFFFFFFFFFFFFFFFFFFFFFFFFFFFFE9
:10E74000FFFFFFFFFFFFFFFFFFFFFFFFFFFFFFFFD9
:10E75000FFFFFFFFFFFFFFFFFFFFFFFFFFFFFFFFC9
:10E76000FFFFFFFFFFFFFFFFFFFFFFFFFFFFFFFFB9
:10E77000FFFFFFFFFFFFFFFFFFFFFFFFFFFFFFFFA9
:10E78000FFFFFFFFFFFFFFFFFFFFFFFFFFFFFFFF99
:10E79000FFFFFFFFFFFFFFFFFFFFFFFFFFFFFFFF89
:10E7A000FFFFFFFFFFFFFFFFFFFFFFFFFFFFFFFF79
:10E7B000FFFFFFFFFFFFFFFFFFFFFFFFFFFFFFFF69
:10E7C000FFFFFFFFFFFFFFFFFFFFFFFFFFFFFFFF59
:10E7D000FFFFFFFFFFFFFFFFFFFFFFFFFFFFFFFF49
:10E7E000FFFFFFFFFFFFFFFFFFFFFFFFFFFFFFFF39
:10E7F000FFFFFFFFFFFFFFFFFFFFFFFFFFFFFFFF29
:10E80000FFFFFFFFFFFFFFFFFFFFFFFFFFFFFFFF18
:10E81000FFFFFFFFFFFFFFFFFFFFFFFFFFFFFFFF08
:10E82000FFFFFFFFFFFFFFFFFFFFFFFFFFFFFFFFF8
:10E83000FFFFFFFFFFFFFFFFFFFFFFFFFFFFFFFFE8
:10E84000FFFFFFFFFFFFFFFFFFFFFFFFFFFFFFFFD8
:10E85000FFFFFFFFFFFFFFFFFFFFFFFFFFFFFFFFC8
:10E86000FFFFFFFFFFFFFFFFFFFFFFFFFFFFFFFFB8
:10E87000FFFFFFFFFFFFFFFFFFFFFFFFFFFFFFFFA8
:10E88000FFFFFFFFFFFFFFFFFFFFFFFFFFFFFFFF98
:10E89000FFFFFFFFFFFFFFFFFFFFFFFFFFFFFFFF88
:10E8A000FFFFFFFFFFFFFFFFFFFFFFFFFFFFFFFF78
:10E8B000FFFFFFFFFFFFFFFFFFFFFFFFFFFFFFFF68
:10E8C000FFFFFFFFFFFFFFFFFFFFFFFFFFFFFFFF58
:10E8D000FFFFFFFFFFFFFFFFFFFFFFFFFFFFFFFF48
:10E8E000FFFFFFFFFFFFFFFFFFFFFFFFFFFFFFFF38
:10E8F000FFFFFFFFFFFFFFFFFFFFFFFFFFFFFFFF28
:10E90000FFFFFFFFFFFFFFFFFFFFFFFFFFFFFFFF17
:10E91000FFFFFFFFFFFFFFFFFFFFFFFFFFFFFFFF07
:10E92000FFFFFFFFFFFFFFFFFFFFFFFFFFFFFFFFF7
:10E93000FFFFFFFFFFFFFFFFFFFFFFFFFFFFFFFFE7
:10E94000FFFFFFFFFFFFFFFFFFFFFFFFFFFFFFFFD7
:10E95000FFFFFFFFFFFFFFFFFFFFFFFFFFFFFFFFC7
:10E96000FFFFFFFFFFFFFFFFFFFFFFFFFFFFFFFFB7
:10E97000FFFFFFFFFFFFFFFFFFFFFFFFFFFFFFFFA7
:10E98000FFFFFFFFFFFFFFFFFFFFFFFFFFFFFFFF97
:10E99000FFFFFFFFFFFFFFFFFFFFFFFFFFFFFFFF87
:10E9A000FFFFFFFFFFFFFFFFFFFFFFFFFFFFFFFF77
:10E9B000FFFFFFFFFFFFFFFFFFFFFFFFFFFFFFFF67
:10E9C000FFFFFFFFFFFFFFFFFFFFFFFFFFFFFFFF57
:10E9D000FFFFFFFFFFFFFFFFFFFFFFFFFFFFFFFF47
:10E9E000FFFFFFFFFFFFFFFFFFFFFFFFFFFFFFFF37
:10E9F000FFFFFFFFFFFFFFFFFFFFFFFFFFFFFFFF27
:10EA0000FFFFFFFFFFFFFFFFFFFFFFFFFFFFFFFF16
:10EA1000FFFFFFFFFFFFFFFFFFFFFFFFFFFFFFFF06
:10EA2000FFFFFFFFFFFFFFFFFFFFFFFFFFFFFFFFF6
:10EA3000FFFFFFFFFFFFFFFFFFFFFFFFFFFFFFFFE6
:10EA4000FFFFFFFFFFFFFFFFFFFFFFFFFFFFFFFFD6
:10EA5000FFFFFFFFFFFFFFFFFFFFFFFFFFFFFFFFC6
:10EA6000FFFFFFFFFFFFFFFFFFFFFFFFFFFFFFFFB6
:10EA7000FFFFFFFFFFFFFFFFFFFFFFFFFFFFFFFFA6
:10EA8000FFFFFFFFFFFFFFFFFFFFFFFFFFFFFFFF96
:10EA9000FFFFFFFFFFFFFFFFFFFFFFFFFFFFFFFF86
:10EAA000FFFFFFFFFFFFFFFFFFFFFFFFFFFFFFFF76
:10EAB000FFFFFFFFFFFFFFFFFFFFFFFFFFFFFFFF66
:10EAC000FFFFFFFFFFFFFFFFFFFFFFFFFFFFFFFF56
:10EAD000FFFFFFFFFFFFFFFFFFFFFFFFFFFFFFFF46
:10EAE000FFFFFFFFFFFFFFFFFFFFFFFFFFFFFFFF36
:10EAF000FFFFFFFFFFFFFFFFFFFFFFFFFFFFFFFF26
:10EB0000FFFFFFFFFFFFFFFFFFFFFFFFFFFFFFFF15
:10EB1000FFFFFFFFFFFFFFFFFFFFFFFFFFFFFFFF05
:10EB2000FFFFFFFFFFFFFFFFFFFFFFFFFFFFFFFFF5
:10EB3000FFFFFFFFFFFFFFFFFFFFFFFFFFFFFFFFE5
:10EB4000FFFFFFFFFFFFFFFFFFFFFFFFFFFFFFFFD5
:10EB5000FFFFFFFFFFFFFFFFFFFFFFFFFFFFFFFFC5
:10EB6000FFFFFFFFFFFFFFFFFFFFFFFFFFFFFFFFB5
:10EB7000FFFFFFFFFFFFFFFFFFFFFFFFFFFFFFFFA5
:10EB8000FFFFFFFFFFFFFFFFFFFFFFFFFFFFFFFF95
:10EB9000FFFFFFFFFFFFFFFFFFFFFFFFFFFFFFFF85
:10EBA000FFFFFFFFFFFFFFFFFFFFFFFFFFFFFFFF75
:10EBB000FFFFFFFFFFFFFFFFFFFFFFFFFFFFFFFF65
:10EBC000FFFFFFFFFFFFFFFFFFFFFFFFFFFFFFFF55
:10EBD000FFFFFFFFFFFFFFFFFFFFFFFFFFFFFFFF45
:10EBE000FFFFFFFFFFFFFFFFFFFFFFFFFFFFFFFF35
:10EBF000FFFFFFFFFFFFFFFFFFFFFFFFFFFFFFFF25
:10EC0000FFFFFFFFFFFFFFFFFFFFFFFFFFFFFFFF14
:10EC1000FFFFFFFFFFFFFFFFFFFFFFFFFFFFFFFF04
:10EC2000FFFFFFFFFFFFFFFFFFFFFFFFFFFFFFFFF4
:10EC3000FFFFFFFFFFFFFFFFFFFFFFFFFFFFFFFFE4
:10EC4000FFFFFFFFFFFFFFFFFFFFFFFFFFFFFFFFD4
:10EC5000FFFFFFFFFFFFFFFFFFFFFFFFFFFFFFFFC4
:10EC6000FFFFFFFFFFFFFFFFFFFFFFFFFFFFFFFFB4
:10EC7000FFFFFFFFFFFFFFFFFFFFFFFFFFFFFFFFA4
:10EC8000FFFFFFFFFFFFFFFFFFFFFFFFFFFFFFFF94
:10EC9000FFFFFFFFFFFFFFFFFFFFFFFFFFFFFFFF84
:10ECA000FFFFFFFFFFFFFFFFFFFFFFFFFFFFFFFF74
:10ECB000FFFFFFFFFFFFFFFFFFFFFFFFFFFFFFFF64
:10ECC000FFFFFFFFFFFFFFFFFFFFFFFFFFFFFFFF54
:10ECD000FFFFFFFFFFFFFFFFFFFFFFFFFFFFFFFF44
:10ECE000FFFFFFFFFFFFFFFFFFFFFFFFFFFFFFFF34
:10ECF000FFFFFFFFFFFFFFFFFFFFFFFFFFFFFFFF24
:10ED0000FFFFFFFFFFFFFFFFFFFFFFFFFFFFFFFF13
:10ED1000FFFFFFFFFFFFFFFFFFFFFFFFFFFFFFFF03
:10ED2000FFFFFFFFFFFFFFFFFFFFFFFFFFFFFFFFF3
:10ED3000FFFFFFFFFFFFFFFFFFFFFFFFFFFFFFFFE3
:10ED4000FFFFFFFFFFFFFFFFFFFFFFFFFFFFFFFFD3
:10ED5000FFFFFFFFFFFFFFFFFFFFFFFFFFFFFFFFC3
:10ED6000FFFFFFFFFFFFFFFFFFFFFFFFFFFFFFFFB3
:10ED7000FFFFFFFFFFFFFFFFFFFFFFFFFFFFFFFFA3
:10ED8000FFFFFFFFFFFFFFFFFFFFFFFFFFFFFFFF93
:10ED9000FFFFFFFFFFFFFFFFFFFFFFFFFFFFFFFF83
:10EDA000FFFFFFFFFFFFFFFFFFFFFFFFFFFFFFFF73
:10EDB000FFFFFFFFFFFFFFFFFFFFFFFFFFFFFFFF63
:10EDC000FFFFFFFFFFFFFFFFFFFFFFFFFFFFFFFF53
:10EDD000FFFFFFFFFFFFFFFFFFFFFFFFFFFFFFFF43
:10EDE000FFFFFFFFFFFFFFFFFFFFFFFFFFFFFFFF33
:10EDF000FFFFFFFFFFFFFFFFFFFFFFFFFFFFFFFF23
:10EE0000FFFFFFFFFFFFFFFFFFFFFFFFFFFFFFFF12
:10EE1000FFFFFFFFFFFFFFFFFFFFFFFFFFFFFFFF02
:10EE2000FFFFFFFFFFFFFFFFFFFFFFFFFFFFFFFFF2
:10EE3000FFFFFFFFFFFFFFFFFFFFFFFFFFFFFFFFE2
:10EE4000FFFFFFFFFFFFFFFFFFFFFFFFFFFFFFFFD2
:10EE5000FFFFFFFFFFFFFFFFFFFFFFFFFFFFFFFFC2
:10EE6000FFFFFFFFFFFFFFFFFFFFFFFFFFFFFFFFB2
:10EE7000FFFFFFFFFFFFFFFFFFFFFFFFFFFFFFFFA2
:10EE8000FFFFFFFFFFFFFFFFFFFFFFFFFFFFFFFF92
:10EE9000FFFFFFFFFFFFFFFFFFFFFFFFFFFFFFFF82
:10EEA000FFFFFFFFFFFFFFFFFFFFFFFFFFFFFFFF72
:10EEB000FFFFFFFFFFFFFFFFFFFFFFFFFFFFFFFF62
:10EEC000FFFFFFFFFFFFFFFFFFFFFFFFFFFFFFFF52
:10EED000FFFFFFFFFFFFFFFFFFFFFFFFFFFFFFFF42
:10EEE000FFFFFFFFFFFFFFFFFFFFFFFFFFFFFFFF32
:10EEF000FFFFFFFFFFFFFFFFFFFFFFFFFFFFFFFF22
:10EF0000FFFFFFFFFFFFFFFFFFFFFFFFFFFFFFFF11
:10EF1000FFFFFFFFFFFFFFFFFFFFFFFFFFFFFFFF01
:10EF2000FFFFFFFFFFFFFFFFFFFFFFFFFFFFFFFFF1
:10EF3000FFFFFFFFFFFFFFFFFFFFFFFFFFFFFFFFE1
:10EF4000FFFFFFFFFFFFFFFFFFFFFFFFFFFFFFFFD1
:10EF5000FFFFFFFFFFFFFFFFFFFFFFFFFFFFFFFFC1
:10EF6000FFFFFFFFFFFFFFFFFFFFFFFFFFFFFFFFB1
:10EF7000FFFFFFFFFFFFFFFFFFFFFFFFFFFFFFFFA1
:10EF8000FFFFFFFFFFFFFFFFFFFFFFFFFFFFFFFF91
:10EF9000FFFFFFFFFFFFFFFFFFFFFFFFFFFFFFFF81
:10EFA000FFFFFFFFFFFFFFFFFFFFFFFFFFFFFFFF71
:10EFB000FFFFFFFFFFFFFFFFFFFFFFFFFFFFFFFF61
:10EFC000FFFFFFFFFFFFFFFFFFFFFFFFFFFFFFFF51
:10EFD000FFFFFFFFFFFFFFFFFFFFFFFFFFFFFFFF41
:10EFE000FFFFFFFFFFFFFFFFFFFFFFFFFFFFFFFF31
:10EFF000FFFFFFFFFFFFFFFFFFFFFFFFFFFFFFFF21
:10F00000FFFFFFFFFFFFFFFFFFFFFFFFFFFFFFFF10
:10F01000FFFFFFFFFFFFFFFFFFFFFFFFFFFFFFFF00
:10F02000FFFFFFFFFFFFFFFFFFFFFFFFFFFFFFFFF0
:10F03000FFFFFFFFFFFFFFFFFFFFFFFFFFFFFFFFE0
:10F04000FFFFFFFFFFFFFFFFFFFFFFFFFFFFFFFFD0
:10F05000FFFFFFFFFFFFFFFFFFFFFFFFFFFFFFFFC0
:10F06000FFFFFFFFFFFFFFFFFFFFFFFFFFFFFFFFB0
:10F07000FFFFFFFFFFFFFFFFFFFFFFFFFFFFFFFFA0
:10F08000FFFFFFFFFFFFFFFFFFFFFFFFFFFFFFFF90
:10F09000FFFFFFFFFFFFFFFFFFFFFFFFFFFFFFFF80
:10F0A000FFFFFFFFFFFFFFFFFFFFFFFFFFFFFFFF70
:10F0B000FFFFFFFFFFFFFFFFFFFFFFFFFFFFFFFF60
:10F0C000FFFFFFFFFFFFFFFFFFFFFFFFFFFFFFFF50
:10F0D000FFFFFFFFFFFFFFFFFFFFFFFFFFFFFFFF40
:10F0E000FFFFFFFFFFFFFFFFFFFFFFFFFFFFFFFF30
:10F0F000FFFFFFFFFFFFFFFFFFFFFFFFFFFFFFFF20
:10F10000FFFFFFFFFFFFFFFFFFFFFFFFFFFFFFFF0F
:10F11000FFFFFFFFFFFFFFFFFFFFFFFFFFFFFFFFFF
:10F12000FFFFFFFFFFFFFFFFFFFFFFFFFFFFFFFFEF
:10F13000FFFFFFFFFFFFFFFFFFFFFFFFFFFFFFFFDF
:10F14000FFFFFFFFFFFFFFFFFFFFFFFFFFFFFFFFCF
:10F15000FFFFFFFFFFFFFFFFFFFFFFFFFFFFFFFFBF
:10F16000FFFFFFFFFFFFFFFFFFFFFFFFFFFFFFFFAF
:10F17000FFFFFFFFFFFFFFFFFFFFFFFFFFFFFFFF9F
:10F18000FFFFFFFFFFFFFFFFFFFFFFFFFFFFFFFF8F
:10F19000FFFFFFFFFFFFFFFFFFFFFFFFFFFFFFFF7F
:10F1A000FFFFFFFFFFFFFFFFFFFFFFFFFFFFFFFF6F
:10F1B000FFFFFFFFFFFFFFFFFFFFFFFFFFFFFFFF5F
:10F1C000FFFFFFFFFFFFFFFFFFFFFFFFFFFFFFFF4F
:10F1D000FFFFFFFFFFFFFFFFFFFFFFFFFFFFFFFF3F
:10F1E000FFFFFFFFFFFFFFFFFFFFFFFFFFFFFFFF2F
:10F1F000FFFFFFFFFFFFFFFFFFFFFFFFFFFFFFFF1F
:10F20000FFFFFFFFFFFFFFFFFFFFFFFFFFFFFFFF0E
:10F21000FFFFFFFFFFFFFFFFFFFFFFFFFFFFFFFFFE
:10F22000FFFFFFFFFFFFFFFFFFFFFFFFFFFFFFFFEE
:10F23000FFFFFFFFFFFFFFFFFFFFFFFFFFFFFFFFDE
:10F24000FFFFFFFFFFFFFFFFFFFFFFFFFFFFFFFFCE
:10F25000FFFFFFFFFFFFFFFFFFFFFFFFFFFFFFFFBE
:10F26000FFFFFFFFFFFFFFFFFFFFFFFFFFFFFFFFAE
:10F27000FFFFFFFFFFFFFFFFFFFFFFFFFFFFFFFF9E
:10F28000FFFFFFFFFFFFFFFFFFFFFFFFFFFFFFFF8E
:10F29000FFFFFFFFFFFFFFFFFFFFFFFFFFFFFFFF7E
:10F2A000FFFFFFFFFFFFFFFFFFFFFFFFFFFFFFFF6E
:10F2B000FFFFFFFFFFFFFFFFFFFFFFFFFFFFFFFF5E
:10F2C000FFFFFFFFFFFFFFFFFFFFFFFFFFFFFFFF4E
:10F2D000FFFFFFFFFFFFFFFFFFFFFFFFFFFFFFFF3E
:10F2E000FFFFFFFFFFFFFFFFFFFFFFFFFFFFFFFF2E
:10F2F000FFFFFFFFFFFFFFFFFFFFFFFFFFFFFFFF1E
:10F30000FFFFFFFFFFFFFFFFFFFFFFFFFFFFFFFF0D
:10F31000FFFFFFFFFFFFFFFFFFFFFFFFFFFFFFFFFD
:10F32000FFFFFFFFFFFFFFFFFFFFFFFFFFFFFFFFED
:10F33000FFFFFFFFFFFFFFFFFFFFFFFFFFFFFFFFDD
:10F34000FFFFFFFFFFFFFFFFFFFFFFFFFFFFFFFFCD
:10F35000FFFFFFFFFFFFFFFFFFFFFFFFFFFFFFFFBD
:10F36000FFFFFFFFFFFFFFFFFFFFFFFFFFFFFFFFAD
:10F37000FFFFFFFFFFFFFFFFFFFFFFFFFFFFFFFF9D
:10F38000FFFFFFFFFFFFFFFFFFFFFFFFFFFFFFFF8D
:10F39000FFFFFFFFFFFFFFFFFFFFFFFFFFFFFFFF7D
:10F3A000FFFFFFFFFFFFFFFFFFFFFFFFFFFFFFFF6D
:10F3B000FFFFFFFFFFFFFFFFFFFFFFFFFFFFFFFF5D
:10F3C000FFFFFFFFFFFFFFFFFFFFFFFFFFFFFFFF4D
:10F3D000FFFFFFFFFFFFFFFFFFFFFFFFFFFFFFFF3D
:10F3E000FFFFFFFFFFFFFFFFFFFFFFFFFFFFFFFF2D
:10F3F000FFFFFFFFFFFFFFFFFFFFFFFFFFFFFFFF1D
:10F40000FFFFFFFFFFFFFFFFFFFFFFFFFFFFFFFF0C
:10F41000FFFFFFFFFFFFFFFFFFFFFFFFFFFFFFFFFC
:10F42000FFFFFFFFFFFFFFFFFFFFFFFFFFFFFFFFEC
:10F43000FFFFFFFFFFFFFFFFFFFFFFFFFFFFFFFFDC
:10F44000FFFFFFFFFFFFFFFFFFFFFFFFFFFFFFFFCC
:10F45000FFFFFFFFFFFFFFFFFFFFFFFFFFFFFFFFBC
:10F46000FFFFFFFFFFFFFFFFFFFFFFFFFFFFFFFFAC
:10F47000FFFFFFFFFFFFFFFFFFFFFFFFFFFFFFFF9C
:10F48000FFFFFFFFFFFFFFFFFFFFFFFFFFFFFFFF8C
:10F49000FFFFFFFFFFFFFFFFFFFFFFFFFFFFFFFF7C
:10F4A000FFFFFFFFFFFFFFFFFFFFFFFFFFFFFFFF6C
:10F4B000FFFFFFFFFFFFFFFFFFFFFFFFFFFFFFFF5C
:10F4C000FFFFFFFFFFFFFFFFFFFFFFFFFFFFFFFF4C
:10F4D000FFFFFFFFFFFFFFFFFFFFFFFFFFFFFFFF3C
:10F4E000FFFFFFFFFFFFFFFFFFFFFFFFFFFFFFFF2C
:10F4F000FFFFFFFFFFFFFFFFFFFFFFFFFFFFFFFF1C
:10F50000FFFFFFFFFFFFFFFFFFFFFFFFFFFFFFFF0B
:10F51000FFFFFFFFFFFFFFFFFFFFFFFFFFFFFFFFFB
:10F52000FFFFFFFFFFFFFFFFFFFFFFFFFFFFFFFFEB
:10F53000FFFFFFFFFFFFFFFFFFFFFFFFFFFFFFFFDB
:10F54000FFFFFFFFFFFFFFFFFFFFFFFFFFFFFFFFCB
:10F55000FFFFFFFFFFFFFFFFFFFFFFFFFFFFFFFFBB
:10F56000FFFFFFFFFFFFFFFFFFFFFFFFFFFFFFFFAB
:10F57000FFFFFFFFFFFFFFFFFFFFFFFFFFFFFFFF9B
:10F58000FFFFFFFFFFFFFFFFFFFFFFFFFFFFFFFF8B
:10F59000FFFFFFFFFFFFFFFFFFFFFFFFFFFFFFFF7B
:10F5A000FFFFFFFFFFFFFFFFFFFFFFFFFFFFFFFF6B
:10F5B000FFFFFFFFFFFFFFFFFFFFFFFFFFFFFFFF5B
:10F5C000FFFFFFFFFFFFFFFFFFFFFFFFFFFFFFFF4B
:10F5D000FFFFFFFFFFFFFFFFFFFFFFFFFFFFFFFF3B
:10F5E000FFFFFFFFFFFFFFFFFFFFFFFFFFFFFFFF2B
:10F5F000FFFFFFFFFFFFFFFFFFFFFFFFFFFFFFFF1B
:10F60000FFFFFFFFFFFFFFFFFFFFFFFFFFFFFFFF0A
:10F61000FFFFFFFFFFFFFFFFFFFFFFFFFFFFFFFFFA
:10F62000FFFFFFFFFFFFFFFFFFFFFFFFFFFFFFFFEA
:10F63000FFFFFFFFFFFFFFFFFFFFFFFFFFFFFFFFDA
:10F64000FFFFFFFFFFFFFFFFFFFFFFFFFFFFFFFFCA
:10F65000FFFFFFFFFFFFFFFFFFFFFFFFFFFFFFFFBA
:10F66000FFFFFFFFFFFFFFFFFFFFFFFFFFFFFFFFAA
:10F67000FFFFFFFFFFFFFFFFFFFFFFFFFFFFFFFF9A
:10F68000FFFFFFFFFFFFFFFFFFFFFFFFFFFFFFFF8A
:10F69000FFFFFFFFFFFFFFFFFFFFFFFFFFFFFFFF7A
:10F6A000FFFFFFFFFFFFFFFFFFFFFFFFFFFFFFFF6A
:10F6B000FFFFFFFFFFFFFFFFFFFFFFFFFFFFFFFF5A
:10F6C000FFFFFFFFFFFFFFFFFFFFFFFFFFFFFFFF4A
:10F6D000FFFFFFFFFFFFFFFFFFFFFFFFFFFFFFFF3A
:10F6E000FFFFFFFFFFFFFFFFFFFFFFFFFFFFFFFF2A
:10F6F000FFFFFFFFFFFFFFFFFFFFFFFFFFFFFFFF1A
:10F70000FFFFFFFFFFFFFFFFFFFFFFFFFFFFFFFF09
:10F71000FFFFFFFFFFFFFFFFFFFFFFFFFFFFFFFFF9
:10F72000FFFFFFFFFFFFFFFFFFFFFFFFFFFFFFFFE9
:10F73000FFFFFFFFFFFFFFFFFFFFFFFFFFFFFFFFD9
:10F74000FFFFFFFFFFFFFFFFFFFFFFFFFFFFFFFFC9
:10F75000FFFFFFFFFFFFFFFFFFFFFFFFFFFFFFFFB9
:10F76000FFFFFFFFFFFFFFFFFFFFFFFFFFFFFFFFA9
:10F77000FFFFFFFFFFFFFFFFFFFFFFFFFFFFFFFF99
:10F78000FFFFFFFFFFFFFFFFFFFFFFFFFFFFFFFF89
:10F79000FFFFFFFFFFFFFFFFFFFFFFFFFFFFFFFF79
:10F7A000FFFFFFFFFFFFFFFFFFFFFFFFFFFFFFFF69
:10F7B000FFFFFFFFFFFFFFFFFFFFFFFFFFFFFFFF59
:10F7C000FFFFFFFFFFFFFFFFFFFFFFFFFFFFFFFF49
:10F7D000FFFFFFFFFFFFFFFFFFFFFFFFFFFFFFFF39
:10F7E000FFFFFFFFFFFFFFFFFFFFFFFFFFFFFFFF29
:10F7F000FFFFFFFFFFFFFFFFFFFFFFFFFFFFFFFF19
:10F80000FFFFFFFFFFFFFFFFFFFFFFFFFFFFFFFF08
:10F81000FFFFFFFFFFFFFFFFFFFFFFFFFFFFFFFFF8
:10F82000FFFFFFFFFFFFFFFFFFFFFFFFFFFFFFFFE8
:10F83000FFFFFFFFFFFFFFFFFFFFFFFFFFFFFFFFD8
:10F84000FFFFFFFFFFFFFFFFFFFFFFFFFFFFFFFFC8
:10F85000FFFFFFFFFFFFFFFFFFFFFFFFFFFFFFFFB8
:10F86000FFFFFFFFFFFFFFFFFFFFFFFFFFFFFFFFA8
:10F87000FFFFFFFFFFFFFFFFFFFFFFFFFFFFFFFF98
:10F88000FFFFFFFFFFFFFFFFFFFFFFFFFFFFFFFF88
:10F89000FFFFFFFFFFFFFFFFFFFFFFFFFFFFFFFF78
:10F8A000FFFFFFFFFFFFFFFFFFFFFFFFFFFFFFFF68
:10F8B000FFFFFFFFFFFFFFFFFFFFFFFFFFFFFFFF58
:10F8C000FFFFFFFFFFFFFFFFFFFFFFFFFFFFFFFF48
:10F8D000FFFFFFFFFFFFFFFFFFFFFFFFFFFFFFFF38
:10F8E000FFFFFFFFFFFFFFFFFFFFFFFFFFFFFFFF28
:10F8F000FFFFFFFFFFFFFFFFFFFFFFFFFFFFFFFF18
:10F90000FFFFFFFFFFFFFFFFFFFFFFFFFFFFFFFF07
:10F91000FFFFFFFFFFFFFFFFFFFFFFFFFFFFFFFFF7
:10F92000FFFFFFFFFFFFFFFFFFFFFFFFFFFFFFFFE7
:10F93000FFFFFFFFFFFFFFFFFFFFFFFFFFFFFFFFD7
:10F94000FFFFFFFFFFFFFFFFFFFFFFFFFFFFFFFFC7
:10F95000FFFFFFFFFFFFFFFFFFFFFFFFFFFFFFFFB7
:10F96000FFFFFFFFFFFFFFFFFFFFFFFFFFFFFFFFA7
:10F97000FFFFFFFFFFFFFFFFFFFFFFFFFFFFFFFF97
:10F98000FFFFFFFFFFFFFFFFFFFFFFFFFFFFFFFF87
:10F99000FFFFFFFFFFFFFFFFFFFFFFFFFFFFFFFF77
:10F9A000FFFFFFFFFFFFFFFFFFFFFFFFFFFFFFFF67
:10F9B000FFFFFFFFFFFFFFFFFFFFFFFFFFFFFFFF57
:10F9C000FFFFFFFFFFFFFFFFFFFFFFFFFFFFFFFF47
:10F9D000FFFFFFFFFFFFFFFFFFFFFFFFFFFFFFFF37
:10F9E000FFFFFFFFFFFFFFFFFFFFFFFFFFFFFFFF27
:10F9F000FFFFFFFFFFFFFFFFFFFFFFFFFFFFFFFF17
:10FA0000FFFFFFFFFFFFFFFFFFFFFFFFFFFFFFFF06
:10FA1000FFFFFFFFFFFFFFFFFFFFFFFFFFFFFFFFF6
:10FA2000FFFFFFFFFFFFFFFFFFFFFFFFFFFFFFFFE6
:10FA3000FFFFFFFFFFFFFFFFFFFFFFFFFFFFFFFFD6
:10FA4000FFFFFFFFFFFFFFFFFFFFFFFFFFFFFFFFC6
:10FA5000FFFFFFFFFFFFFFFFFFFFFFFFFFFFFFFFB6
:10FA6000FFFFFFFFFFFFFFFFFFFFFFFFFFFFFFFFA6
:10FA7000FFFFFFFFFFFFFFFFFFFFFFFFFFFFFFFF96
:10FA8000FFFFFFFFFFFFFFFFFFFFFFFFFFFFFFFF86
:10FA9000FFFFFFFFFFFFFFFFFFFFFFFFFFFFFFFF76
:10FAA000FFFFFFFFFFFFFFFFFFFFFFFFFFFFFFFF66
:10FAB000FFFFFFFFFFFFFFFFFFFFFFFFFFFFFFFF56
:10FAC000FFFFFFFFFFFFFFFFFFFFFFFFFFFFFFFF46
:10FAD000FFFFFFFFFFFFFFFFFFFFFFFFFFFFFFFF36
:10FAE000FFFFFFFFFFFFFFFFFFFFFFFFFFFFFFFF26
:10FAF000FFFFFFFFFFFFFFFFFFFFFFFFFFFFFFFF16
:10FB0000FFFFFFFFFFFFFFFFFFFFFFFFFFFFFFFF05
:10FB1000FFFFFFFFFFFFFFFFFFFFFFFFFFFFFFFFF5
:10FB2000FFFFFFFFFFFFFFFFFFFFFFFFFFFFFFFFE5
:10FB3000FFFFFFFFFFFFFFFFFFFFFFFFFFFFFFFFD5
:10FB4000FFFFFFFFFFFFFFFFFFFFFFFFFFFFFFFFC5
:10FB5000FFFFFFFFFFFFFFFFFFFFFFFFFFFFFFFFB5
:10FB6000FFFFFFFFFFFFFFFFFFFFFFFFFFFFFFFFA5
:10FB7000FFFFFFFFFFFFFFFFFFFFFFFFFFFFFFFF95
:10FB8000FFFFFFFFFFFFFFFFFFFFFFFFFFFFFFFF85
:10FB9000FFFFFFFFFFFFFFFFFFFFFFFFFFFFFFFF75
:10FBA000FFFFFFFFFFFFFFFFFFFFFFFFFFFFFFFF65
:10FBB000FFFFFFFFFFFFFFFFFFFFFFFFFFFFFFFF55
:10FBC000FFFFFFFFFFFFFFFFFFFFFFFFFFFFFFFF45
:10FBD000FFFFFFFFFFFFFFFFFFFFFFFFFFFFFFFF35
:10FBE000FFFFFFFFFFFFFFFFFFFFFFFFFFFFFFFF25
:10FBF000FFFFFFFFFFFFFFFFFFFFFFFFFFFFFFFF15
:10FC0000FFFFFFFFFFFFFFFFFFFFFFFFFFFFFFFF04
:10FC1000FFFFFFFFFFFFFFFFFFFFFFFFFFFFFFFFF4
:10FC2000FFFFFFFFFFFFFFFFFFFFFFFFFFFFFFFFE4
:10FC3000FFFFFFFFFFFFFFFFFFFFFFFFFFFFFFFFD4
:10FC4000FFFFFFFFFFFFFFFFFFFFFFFFFFFFFFFFC4
:10FC5000FFFFFFFFFFFFFFFFFFFFFFFFFFFFFFFFB4
:10FC6000FFFFFFFFFFFFFFFFFFFFFFFFFFFFFFFFA4
:10FC7000FFFFFFFFFFFFFFFFFFFFFFFFFFFFFFFF94
:10FC8000FFFFFFFFFFFFFFFFFFFFFFFFFFFFFFFF84
:10FC9000FFFFFFFFFFFFFFFFFFFFFFFFFFFFFFFF74
:10FCA000FFFFFFFFFFFFFFFFFFFFFFFFFFFFFFFF64
:10FCB000FFFFFFFFFFFFFFFFFFFFFFFFFFFFFFFF54
:10FCC000FFFFFFFFFFFFFFFFFFFFFFFFFFFFFFFF44
:10FCD000FFFFFFFFFFFFFFFFFFFFFFFFFFFFFFFF34
:10FCE000FFFFFFFFFFFFFFFFFFFFFFFFFFFFFFFF24
:10FCF000FFFFFFFFFFFFFFFFFFFFFFFFFFFFFFFF14
:10FD0000FFFFFFFFFFFFFFFFFFFFFFFFFFFFFFFF03
:10FD1000FFFFFFFFFFFFFFFFFFFFFFFFFFFFFFFFF3
:10FD2000FFFFFFFFFFFFFFFFFFFFFFFFFFFFFFFFE3
:10FD3000FFFFFFFFFFFFFFFFFFFFFFFFFFFFFFFFD3
:10FD4000FFFFFFFFFFFFFFFFFFFFFFFFFFFFFFFFC3
:10FD5000FFFFFFFFFFFFFFFFFFFFFFFFFFFFFFFFB3
:10FD6000FFFFFFFFFFFFFFFFFFFFFFFFFFFFFFFFA3
:10FD7000FFFFFFFFFFFFFFFFFFFFFFFFFFFFFFFF93
:10FD8000FFFFFFFFFFFFFFFFFFFFFFFFFFFFFFFF83
:10FD9000FFFFFFFFFFFFFFFFFFFFFFFFFFFFFFFF73
:10FDA000FFFFFFFFFFFFFFFFFFFFFFFFFFFFFFFF63
:10FDB000FFFFFFFFFFFFFFFFFFFFFFFFFFFFFFFF53
:10FDC000FFFFFFFFFFFFFFFFFFFFFFFFFFFFFFFF43
:10FDD000FFFFFFFFFFFFFFFFFFFFFFFFFFFFFFFF33
:10FDE000FFFFFFFFFFFFFFFFFFFFFFFFFFFFFFFF23
:10FDF000FFFFFFFFFFFFFFFFFFFFFFFFFFFFFFFF13
:10FE0000FFFFFFFFFFFFFFFFFFFFFFFFFFFFFFFF02
:10FE1000FFFFFFFFFFFFFFFFFFFFFFFFFFFFFFFFF2
:10FE2000FFFFFFFFFFFFFFFFFFFFFFFFFFFFFFFFE2
:10FE3000FFFFFFFFFFFFFFFFFFFFFFFFFFFFFFFFD2
:10FE4000FFFFFFFFFFFFFFFFFFFFFFFFFFFFFFFFC2
:10FE5000FFFFFFFFFFFFFFFFFFFFFFFFFFFFFFFFB2
:10FE6000FFFFFFFFFFFFFFFFFFFFFFFFFFFFFFFFA2
:10FE7000FFFFFFFFFFFFFFFFFFFFFFFFFFFFFFFF92
:10FE8000FFFFFFFFFFFFFFFFFFFFFFFFFFFFFFFF82
:10FE9000FFFFFFFFFFFFFFFFFFFFFFFFFFFFFFFF72
:10FEA000FFFFFFFFFFFFFFFFFFFFFFFFFFFFFFFF62
:10FEB000FFFFFFFFFFFFFFFFFFFFFFFFFFFFFFFF52
:10FEC000FFFFFFFFFFFFFFFFFFFFFFFFFFFFFFFF42
:10FED000FFFFFFFFFFFFFFFFFFFFFFFFFFFFFFFF32
:10FEE000FFFFFFFFFFFFFFFFFFFFFFFFFFFFFFFF22
:10FEF000FFFFFFFFFFFFFFFFFFFFFFFFFFFFFFFF12
:10FF0000FFFFFFFFFFFFFFFFFFFFFFFFFFFFFFFF01
:10FF1000FFFFFFFFFFFFFFFFFFFFFFFFFFFFFFFFF1
:10FF2000FFFFFFFFFFFFFFFFFFFFFFFFFFFFFFFFE1
:10FF3000FFFFFFFFFFFFFFFFFFFFFFFFFFFFFFFFD1
:10FF4000FFFFFFFFFFFFFFFFFFFFFFFFFFFFFFFFC1
:10FF5000FFFFFFFFFFFFFFFFFFFFFFFFFFFFFFFFB1
:10FF6000FFFFFFFFFFFFFFFFFFFFFFFFFFFFFFFFA1
:10FF7000FFFFFFFFFFFFFFFFFFFFFFFFFFFFFFFF91
:10FF8000FFFFFFFFFFFFFFFFFFFFFFFFFFFFFFFF81
:10FF9000FFFFFFFFFFFFFFFFFFFFFFFFFFFFFFFF71
:10FFA000FFFFFFFFFFFFFFFFFFFFFFFFFFFFFFFF61
:10FFB000FFFFFFFFFFFFFFFFFFFFFFFFFFFFFFFF51
:10FFC000FFFFFFFFFFFFFFFFFFFFFFFFFFFFFFFF41
:10FFD000FFFFFFFFFFFFFFFFFFFFFFFFFFFFFFFF31
:10FFE000FFFFFFFFFFFFFFFFFFFFFFFFFFFFFFFF21
:10FFF000FFFFFFFFFFFFFFFFFFFFFFFFFFFFFFFF11
:00000001FF
