:020000040800F2
:109000004C4B002071DE00087D420108DDDE0008C7
:109010000000000000000000000000000000000050
:10902000000000000000000000000000DDDE00087D
:10903000000000000000000041CF000885CF0008BC
:10904000A9360108B9360108DD3D0108ED3D0108EA
:1090500011200108D1460108E1460108F146010846
:1090600001470108D940010801410108DD35010827
:1090700009360108D52C0108F92C01081D2D01081D
:10908000412D0108ED430108FD4301080D4401088D
:109090001D440108FD3D0108514201082542010817
:1090A000DD22010871220108652D0108C530010883
:1090B000ED300108153101083D31010891310108F9
:1090C000002243088B4274D303098B425FD3030A07
:1090D0008B4244D3030B8B4228D3030C8B420DD31A
:1090E000FF22090212BA030C8B4202D312120902A8
:1090F00065D0030B8B4219D300E0090AC30B8B42E6
:1091000001D3CB03C01A5241830B8B4201D38B0393
:10911000C01A5241430B8B4201D34B03C01A524138
:10912000030B8B4201D30B03C01A5241C30A8B427B
:1091300001D3CB02C01A5241830A8B4201D38B0266
:10914000C01A5241430A8B4201D34B02C01A52410A
:10915000030A8B4201D30B02C01A5241CDD2C3097C
:109160008B4201D3CB01C01A524183098B4201D3F8
:109170008B01C01A524143098B4201D34B01C01AE3
:10918000524103098B4201D30B01C01A5241C3085B
:109190008B4201D3CB00C01A524183088B4201D3CA
:1091A0008B00C01A524143088B4201D34B00C01AB6
:1091B0005241411A00D20146524110467047FFE722
:1091C00001B5002000F0F0F802BDC0460029F7D03C
:1091D00076E7704703460B437FD4002243088B4257
:1091E00074D303098B425FD3030A8B4244D3030B2E
:1091F0008B4228D3030C8B420DD3FF22090212BAF3
:10920000030C8B4202D31212090265D0030B8B426E
:1092100019D300E0090AC30B8B4201D3CB03C01A58
:109220005241830B8B4201D38B03C01A5241430B33
:109230008B4201D34B03C01A5241030B8B4201D323
:109240000B03C01A5241C30A8B4201D3CB02C01A8E
:109250005241830A8B4201D38B02C01A5241430A06
:109260008B4201D34B02C01A5241030A8B4201D3F5
:109270000B02C01A5241CDD2C3098B4201D3CB019C
:10928000C01A524183098B4201D38B01C01A52414B
:1092900043098B4201D34B01C01A524103098B424F
:1092A00001D30B01C01A5241C3088B4201D3CB003A
:1092B000C01A524183088B4201D38B00C01A52411D
:1092C00043088B4201D34B00C01A5241411A00D2CD
:1092D00001465241104670475DE0CA0F00D0494236
:1092E000031000D34042534000229C4603098B42A6
:1092F0002DD3030A8B4212D3FC22890112BA030A2E
:109300008B420CD3890192118B4208D389019211AF
:109310008B4204D389013AD0921100E08909C30934
:109320008B4201D3CB01C01A524183098B4201D336
:109330008B01C01A524143098B4201D34B01C01A21
:10934000524103098B4201D30B01C01A5241C30899
:109350008B4201D3CB00C01A524183088B4201D308
:109360008B00C01A5241D9D243088B4201D34B0023
:10937000C01A5241411A00D20146634652415B1065
:10938000104601D34042002B00D549427047634646
:109390005B1000D3404201B5002000F005F802BD8B
:1093A0000029F8D016E770477047C0468446101C65
:1093B00062468C46191C634600E0C0461FB500F0AB
:1093C0009FFE002801D40021C8421FBD10B500F047
:1093D000F3FD4042013010BD10B500F091FE0028B1
:1093E00001DB002010BD012010BDC04610B500F00B
:1093F00087FE002801DD002010BD012010BDC04601
:1094000010B500F019FE002801DC002010BD01207D
:1094100010BDC04610B500F00FFE002801DA002094
:1094200010BD012010BDC0468446081C6146FFE700
:109430001FB500F03BFA002801D40021C8421FBD2F
:1094400010B500F0C7F94042013010BD10B500F072
:109450002DFA002801DB002010BD012010BDC04600
:1094600010B500F023FA002801DD002010BD012016
:1094700010BDC04610B500F0D5F9002801DC002071
:1094800010BD012010BDC04610B500F0CBF900287A
:1094900001DA002010BD012010BDC046F0B54F46D6
:1094A0004646C0B41604360C9946330005042C0C0D
:1094B000070C150C63437E436F4365431C0CAD19C9
:1094C00064199C46A64203D980235B029846474410
:1094D0006346250CEF191D044B464A4343432D0CAC
:1094E000240464199918C91920000CBC90469946A7
:1094F000F0BDC0469E2110B5C905041CFFF7C4FF8E
:10950000002803D1201C00F0AFFC10BD9E21201CC0
:10951000C90500F023FB00F0A7FC80231B069C4636
:109520006044F2E770B500220C4B04000D00FFF719
:1095300071FF002804D12000290001F019FC70BD42
:10954000064B00222000290001F0BEF801F010FCBB
:1095500080231B069C466044F1E7C0460000E041C2
:1095600070B501F073FC00220B4B0D00040000F0FD
:1095700031FEFFF7D7FF060001F030FC0022074B59
:1095800000F028FE02000B002000290001F09CF8EA
:10959000FFF7C8FF310070BD0000F03D0000F04152
:1095A000F0B5564644465F464D46F0B44402460088
:1095B000C70F83B08846650A360EBA463DD0FF2EE7
:1095C00022D00023EC00802599469B46ED042543DC
:1095D0007F3E43465C025800DB0F640A000E98464B
:1095E00036D0FF2830D080230021E400DB041C4368
:1095F0007F38301A0190484642460843724E800038
:1096000030587A4013008746002D44D108239946EC
:10961000063B9B46DDE70122FF2000241A4064023E
:10962000C305640AD2071C431443200003B03CBCAA
:1096300090469946A246AB46F0BD002D20D10423AA
:109640009946033B9B46C4E7002C17D1022102E058
:10965000002C0AD10121321A01924A4643460A439C
:109660005A48920082587B409746200001F042FC05
:10967000431F76309C4040420021BAE70321B8E7FF
:10968000280001F037FC431F9D40002376304642FE
:1096900099469B469DE70C239946093B9B4698E7D4
:1096A00080240022E403FF20B9E70024C2468B4651
:1096B0005A465346022AAED0032A7DD0012A31D120
:1096C000012200201A400024A9E70122101A1B28B9
:1096D00056DD1A4000200024A1E78023DB031D4251
:1096E0004BD18023DB032B435C02640A3A00FF204A
:1096F00095E76D016001854230D2019A0024013A5C
:1097000001921B220127290064006D00002901DB62
:10971000A84201D82D1A3C43013A002AF3D16A1E0F
:1097200095412C4301987F300028CEDD620704D09C
:109730000F222240042A00D00434220103D5244AF7
:10974000019814408030FE2800DD64E70122A40166
:10975000640AC0B21A4062E72C00A9E72D1A1A2247
:109760000124CFE76B02BCD500248023DB031C431C
:109770006402640A4246FF2051E71C42B3D1F4E779
:1097800021002022C140101A8440621E94410C43E3
:10979000620704D00F222240042A00D00434620160
:1097A00004D5012201201A40002438E70122A40137
:1097B000640A1A40002032E78023DB031C43640262
:1097C000640A5246FF202AE73C8901087C89010887
:1097D000FFFFFFF7430270B542004C005D0AC30F64
:1097E0004802120E460A240EC90FFF2A0FD0FF2C82
:1097F00011D00120A24200D070BDB542FCD18B42F5
:109800000DD0002AF8D12800431E9841F4E701202A
:10981000002DF1D1EBE70120002EEDD1E9E700208A
:10982000EAE7C0464302F0B542005D0AC30F4802B2
:10983000440A4800120E000EC90FFF2A1FD0FF284D
:1098400022D0002A09D16E426E4100280FD1002C8F
:109850000DD10020002D09D005E0002801D1002CF9
:1098600001D08B4213D0584201231843F0BD002E83
:10987000F7D048424141012049420843F6E7002D14
:10988000DDD002204042F1E7002CDAD0F9E7824235
:10989000E9DC04DBA542E6D80020A542E6D2584226
:1098A000434101205B421843E0E7C0464302F0B564
:1098B00042004C005E0AC30F4802120E450A240EF5
:1098C000C90FFF2A17D0FF2C19D0002A0BD17042E4
:1098D0007041002C17D0002807D048424141012098
:1098E00049420843F0BD002C13D08B4214D058429B
:1098F00001231843F6E70220002EF3D1E3E702200C
:10990000002DEFD1E1E7002DE5D10020002EE9D0B8
:10991000EDE7002DE9D1EAE7A242E8DC04DBAE4244
:10992000E5D80020AE42DDD25842434101205B42DF
:109930001843D7E7F0B557464E4645464300E0B4D6
:1099400046028846760A1F0EC40F002F47D0FF2F0D
:1099500025D0002380259A469946F600ED042E4333
:109960007F3F434642465D02D20F5B006D0A1B0EED
:10997000904640D0FF2B39D080220020ED00D20449
:1099800015437F3BFB1842465746591C62408C46A4
:1099900007430F2F5CD86F49BF00C9598F46002E6F
:1099A00045D108239A46063B9946DAE74246022803
:1099B0002DD0032800D1C3E0012800D0A2E000256B
:1099C00000260240D4B27602ED05760A2E43E40763
:1099D000264330001CBC90469946A246F0BD002E9E
:1099E0001AD104239A46033B9946BAE72A00511E2E
:1099F0008A41901CC6E70120002DC3D0280001F049
:109A000079FA431F76309D4043420020BAE7012493
:109A1000FF2514400026D6E7300001F06BFA431F03
:109A20009E400023763047429A46994699E70C2398
:109A30009A46093B994694E780260024F603FF25C1
:109A4000C1E735004846B2E7350022004846AEE798
:109A50002904090C0800370C3604360C2C0C794309
:109A6000704367437443060C64183619B14203D936
:109A700080214902884647440004000C310409183B
:109A80008D01681E8541890E2943350CED19AD0104
:109A90000D43290104D5012369081D4063460D4388
:109AA00019007F31002925DD680704D00F202840E8
:109AB000042800D00435280103D5274980330D4000
:109AC0001900FE29A3DC0124AD016E0A1440CDB2B9
:109AD00079E78020C003064207D0054205D128431C
:109AE0004602760A4446FF256DE706437602760A6B
:109AF000FF2568E70124611A1B2905DD14400025B4
:109B0000002660E76346CBE72E002023CE40591A9B
:109B10008D406B1E9D412E43730704D00F233340AD
:109B2000042B00D00436730104D501240125144010
:109B3000002648E70124B601760A1440002542E7D2
:109B400080260124F6032E437602760A1440FF2570
:109B500039E7C046BC890108FFFFFFF7F8B54A02A4
:109B60004E0043024400240EC50F9B09360EC90F58
:109B70009209FF2E00D183E001204140A01BA942A1
:109B80005CD0002800DC95E0002E1CD1002A00D01B
:109B900081E05A0704D00F221A40042A00D004336F
:109BA0005A013BD50134FF2C00D191E001209B01EB
:109BB0005B0AE4B205405B02E4055B0AED07234360
:109BC0002B431800F8BDFF2CE3D08021C9040A43C1
:109BD0001B2800DD90E016002021C640081A8240B4
:109BE000511E8A4132439B1A5A0115D59B019E0989
:109BF000300001F07FF90538864084426CDC041B9C
:109C0000330020200134E340041BA640721E96411D
:109C100000243343BDE70D005A07BCD1DF08012300
:109C20001D40FF2C33D1002F00D190E08022D203C1
:109C300013003B435B025B0AFF24BCE700284FDDB7
:109C4000002E2ED0FF2CA4D08025ED042A431B2803
:109C500000DD97E016002025C640281A8240501EDD
:109C6000824132439B185A01D5D50134FF2C6DD067
:109C700001227B481A405B08034013430D0088E72C
:109C8000002A00D07AE777E7031EC5D100257B02C2
:109C90005B0AE4B28FE701380028A4D0FF2C97D1EB
:109CA00077E7002A00D174E701380028DAD0FF2CCA
:109CB000CDD16EE7002821D1601CC0B2012858DD4B
:109CC00080279E1AFF0437402FD0D61A0D008FE749
:109CD00001231D4000236EE7624B241A334058E7EE
:109CE000002851D1601CC6B2012E33DDFF282DD0D3
:109CF0009B185B0804004CE7012274E7002C1AD083
:109D0000FF2E1FD08024E404404223431B2800DDA3
:109D100096E01D002024C540201A8340581E834130
:109D20002B43D31A34000D005EE7002E00D05FE70E
:109D300000250024ABE7002B44D0C0430028F0D01E
:109D4000FF2EE3D11300FF240D0022E70D00FF24B6
:109D5000002330E7002C5DD1002B7DD0002A00D1FC
:109D600017E79B185A0100D456E73E4A04001340F7
:109D70000FE7002C1ED1002B2FD1002A65D0130035
:109D80000D0006E701226DE7002C1FD1002B59D0F2
:109D9000C04300280BD0FF2E4FD01B285EDC1D00D7
:109DA0002024C540201A8340581E83412B439B1812
:109DB000340058E7002B1CD1002A49D013000D00B5
:109DC000FF24E6E6130034000D00E2E6FF2E34D057
:109DD0008024E40440422343DFE7002A00D1D8E690
:109DE0008027981AFF04074000D14DE7D31A0D00D1
:109DF000CFE6FF24002A00D1CBE68020DB08C00399
:109E0000034204D0D208024201D113000D00DB004E
:109E1000FF24BEE6002B10D0FF24002A00D1B8E6B4
:109E20008020DB08C003034203D0D208024200D1E5
:109E30001300DB000D00FF24ABE61300FF24A8E6AF
:109E400001236EE713003400A3E6002700251EE778
:109E500080270025FF03E9E613009AE60123A6E721
:109E6000FFFFFF7DFFFFFFFB4302590A4300C20FC4
:109E70001B0E00207E2B0EDD9D2B0DDC80200004B0
:109E80000143952B0BDC9620C31AD9400B00584296
:109E9000002A00D118007047034BD018FBE7963B0F
:109EA00099400B00F3E7C046FFFFFF7F70B5002825
:109EB00030D0C317C5185D40C40F280001F01AF850
:109EC0009E231B1A962B0DDC9622D21A95406A020D
:109ED000520AD8B25202C005520AE4070243224392
:109EE000100070BD992B19DC9922D21A9540124AA4
:109EF0002A40690704D00F210D40042D00D0043200
:109F0000510103D50C4B1A409F231B1A9201520A90
:109F1000D8B2DFE7002400200022DBE705222E0074
:109F2000121AB921D6402A00C91A8A40551EAA41E0
:109F300035001543DBE7C046FFFFFFFB70B5041E8D
:109F400028D000F0D7FF9E231B1A962B0ADC9622FE
:109F5000D21A94406202520AD8B25202520AC00582
:109F6000104370BD992B18DC9922D21A9440114AE3
:109F70002240610704D00F210C40042C00D0043291
:109F8000510103D50B4B1A409F231B1A9201520A11
:109F9000D8B2E2E700200022DFE705222500121AEE
:109FA000B921D5402200C91A8A40541EA2412C0072
:109FB0001443DCE7FFFFFFFBF0B55F4656464D4616
:109FC0004446F0B41F035C00DB0F9A46194B0E03A6
:109FD0004D00C90F8046360B6D0D8B4691463F0BE9
:109FE000640D9D4219D0134B9C421BD00123A54206
:109FF00006D018003CBC90469946A246AB46F0BD40
:10A00000BE42F6D1C845F4D1D34510D0002DF0D1D1
:10A01000304303005A1E9341EBE731000123014313
:10A02000E7D1E0E73A430123002AE2D1DEE700234B
:10A03000DFE7C046FF070000F0B55F4644465646DE
:10A040004D46F0B41F033C0B2C4F0E034D00A346AE
:10A050005C008446360B6D0DC90F9046640DDB0F16
:10A06000BD422BD0254FBC422ED0002D0ED1304307
:10A070000700814678427841002C17D15F463A4369
:10A0800014D14B460020002B0AD006E0002C02D150
:10A090005846024301D099421AD00123484218433E
:10A0A0003CBC90469946A246AB46F0BD0028F2D093
:10A0B00058425841012240421043F1E7370007431C
:10A0C000D0D002204042EBE75F461743CDD0F8E7FF
:10A0D000A542E2DC05DB5E45DFD808D000205E4506
:10A0E000DED248424841012340421843D8E7C445E4
:10A0F000D3D80020C445F4D3D2E7C046FF07000000
:10A10000F0B55F464D4644465646F0B41C03240B5A
:10A11000A4462F4C0F034D005E00C90F80463F0B35
:10A120006D0D8B469146760DDB0FA54220D0284C55
:10A13000A64222D0002D12D1384344424441002E81
:10A1400020D0002C0DD05C42634101245B421C43B3
:10A1500020003CBC90469946A246AB46F0BD002E7E
:10A1600017D05B4519D05B465C4201231C43EFE7E7
:10A17000390002240143EBD1D9E76146022411439F
:10A18000E6D1D7E761460A43DBD100240028DFD0BF
:10A19000E9E761460A43E4D1E5E7B54203DD012280
:10A1A0005C421443D4E7B542CDDB6745DBD809D028
:10A1B00000246745CCD259464C42614101244942B2
:10A1C0000C43C5E7C845CED80024C845F3D3BFE744
:10A1D000FF070000F0B55F4656464D464446F0B4D2
:10A1E0000D0399464E002B0B87B007009246804620
:10A1F0009B46760DCC0F002E69D06D4B9E4235D01C
:10A200005B468022DD001204430F13432B439B4621
:10A21000C3009846674B00279C4600236644019381
:10A220004A4615035000D20F53462D0B400D914660
:10A2300000D176E05E4A90426CD080225B0F12041F
:10A2400013435C4AED0094461D4353460022DB0055
:10A25000604449463618701C6140029017430F2F26
:10A2600000D9AFE05448BF00C759BF465B461F4303
:10A2700000D088E000239B469846023308270193CC
:10A28000CEE74946022A6AD0032A00D109E2012A10
:10A2900000D0BBE111400022002300259046CCB243
:10A2A00000212D030A0D12052D0B1543434A1B05F2
:10A2B00015401D436D00E4076D0825434046290005
:10A2C00007B03CBC90469946A246AB46F0BD03435E
:10A2D00052D05B46002B00D18AE1584600F00AFEBE
:10A2E00003000B3B1C2B00DD7BE11D22D31A3A003F
:10A2F00001005D46DA4008398D4013008F402B4342
:10A300009B46B8462E4B00279C460023604446429D
:10A31000019385E752462A432CD1002500230222CF
:10A3200097E752462A4321D0002D00D154E128005E
:10A3300000F0E0FD03000B3B1C2B00DD46E11D217E
:10A34000CB1A51460200D9405346083A95409340F3
:10A350000D431B4A944660444042002279E70124A1
:10A3600000220C40124B0025904699E7002500235F
:10A3700001226EE703226CE700239B4698460133D7
:10A38000042701934CE703230C27019348E700239C
:10A390008025984600242D03054B81E75D46434602
:10A3A000019A6FE75D4643462100019A6AE7C0467D
:10A3B000FF07000001FCFFFFFC890108FFFF0F8081
:10A3C000F30300004246120C91461A0C9446424692
:10A3D00017044A461B041B0C5A43604690464A46E3
:10A3E00042431000039262461C003F0C7A437C43B8
:10A3F00042440192220C9246019A5244904506D959
:10A400008246802040028046C24450460390100C91
:10A41000049048462404240C1204121905922A0CB4
:10A420002D042D0C68432C00824648467C43504343
:10A430008146200C8046574357444744BA4503D9C8
:10A44000802040028046C144380C3F04B84648444E
:10A450002404240C01900498A044404404905846DD
:10A46000000C814658460404200C824607004846EA
:10A470005F434C46434360466043644683465046D0
:10A480004443380C8446E4186444A34203D980232F
:10A490005B029C46E34448463F04230C3F0C2404E3
:10A4A000E419574668436F4384464D46504655432A
:10A4B0004243380C814662444A445B44944503D984
:10A4C000802040028446654403983F0483460498F4
:10A4D0003F0C8446E344C345804140428246100419
:10A4E00084460198674484466744A344BC46A34518
:10A4F000A4419946D44464428742BF41D445804137
:10A50000E144A04699459B417F424042C8440743ED
:10A51000120CBA18A045A4415F423B006442234399
:10A52000D71843467D19DB0D6D021D435B465A0269
:10A53000059B1A43531E9A415B46DB0D1A43434663
:10A540005B021343EA0107D501225C081340234351
:10A55000EA07029E13436D08574AB218002A4BDDE2
:10A56000580709D00F201840042805D0181D98421C
:10A570009B415B42ED180300E80104D54F4A1540AA
:10A580008022D200B2184E48824200DDE7E6012464
:10A59000DB08680718436D02530580462D0B5B0DE1
:10A5A0000C407DE6802259461203114208D0154224
:10A5B00006D115432D0398462D0B4C46414B6FE6B3
:10A5C0005D4615432D032D0B3E4B69E603005546B2
:10A5D000283B9D400023BCE6504600F08BFC203019
:10A5E000A8E60300283B9F400023BB46984689E627
:10A5F00000F080FC203073E60124A61A382E07DD17
:10A6000000220C4000230025904649E6029EA3E765
:10A610001F2E20DC20222C001800921BF0409440BA
:10A6200093400443581E83411C43F540630709D0FF
:10A630000F232340042B05D023001C1D9C42924174
:10A640005242AD182B021FD5012400220C400123D9
:10A650000025904624E61F202C004042821AD44058
:10A66000202E1CD04022961BB5402B43581E834100
:10A670000720234318400025002809D00F22002579
:10A680001A401C00042AD8D1230068076D022D0B44
:10A690000124DB08034398460C40002300E6002514
:10A6A000E3E780220124120315432D0398462D0B66
:10A6B0000C40044BF4E5C046FF030000FFFFFFFE23
:10A6C000FE070000FF070000F0B557464E4645461E
:10A6D000E0B40E001100F20F9246C500420F1803BD
:10A6E00037037400400A4E0F7F0A3043CF4E1743A2
:10A6F0005A00640D520DDB0FC900B24200D1E5E0F3
:10A7000001267340A61AB446534500D1AFE0002E8F
:10A7100000DC0DE1002A3AD103000B4300D0E4E055
:10A720006B0709D00F232B40042B05D02B1DAB4208
:10A73000AD416D427F191D003B0200D488E0BB4B48
:10A7400001349C4200D110E13A00B94B51461A4005
:10A7500001235007ED08520264050543120B640DF6
:10A760000B400021280012030D0D120B64052D056E
:10A7700015436208AF4CDB072C40144364006408A7
:10A780001C4321001CBC90469946A246F0BDA74B35
:10A790009C42C5D080231B0418436346382B00DD40
:10A7A000FDE01F2B00DD30E1624620239B1A0200F2
:10A7B0009A40664690460A009940F24046464B1E33
:10A7C00099413243114363460200DA40691A8D42CF
:10A7D0009B410D00BA1A5B42D71A3B0235D57A026B
:10A7E000530A98464346002B00D1C4E0404600F08F
:10A7F00081FB0300083B1F2B00DDC5E02022290060
:10A80000D21A4746D1409F400A009D403A439C429D
:10A8100000DDC0E01C1B631C1F2B00DDE4E02021D9
:10A8200014002800C91AD8408C408D400443DA40F7
:10A83000681E854117002543002471E742466346A0
:10A840001A4300D14CE2674645466B0700D069E7E2
:10A85000012351467807ED08FA080B400543734978
:10A860008C4238D012036405120B640D79E7002E78
:10A8700000DC9AE0002A47D06C4A944200D14FE7AE
:10A880008022120410436246382A00DC08E10143AA
:10A89000481E81410022C9B24919D219A942BF41BB
:10A8A0000D007F42BF183A0200D442E15F4A0134F2
:10A8B000944200D14EE101205D4A69083A402840A7
:10A8C0000843D507054357089A4629E706000E4373
:10A8D00000D017E714E72900114300D1F9E18021E6
:10A8E00009030A431203120B3BE701235B4298461C
:10A8F000C4446346002B72D1691A8D429B413F1AB2
:10A900005B42FF1A0D0068E702000A4300D107E727
:10A91000012252429046C4446246002A00D0E6E03A
:10A920006918A942B6413F187642F7190D00BAE7F7
:10A93000002E00D080E0621C5205520D012A00DC7E
:10A94000F9E06A1A91464D45B6413A1A7642921B91
:10A950009046120200D499E04D1BA9428941C71BC1
:10A9600049427A1A90469A463CE75246012300250E
:10A9700013400022F5E6280000F0BCFA2030030066
:10A98000083B1F2B00DC39E72A00283882400025CD
:10A990009C4200DC3EE7264FE41A1740C0E6014324
:10A9A000481E81410022C9B210E7002E00D0F1E01C
:10A9B000621C94465205520D012A00DCA0E01B4A9D
:10A9C000944500D1C5E06918A94292413F1852420E
:10A9D000D2194908D5070D4357086446A0E6134B22
:10A9E0009C4200D0D9E69BE611001F3CE1400C00E0
:10A9F000202B00D180E04021CB1A9A4015436A1EDB
:10AA000095410027254300241FE763460200203BB1
:10AA1000DA406346202B71D0402366469B1B98404A
:10AA20000143481E814111430022CFE6FF07000089
:10AA3000FFFF7FFFFFFF0F80002C48D0CA4CA242CF
:10AA400000D1A2E07442A1468024240427434C464E
:10AA5000382C00DDDBE01F2C00DD44E14E462024D5
:10AA6000A41B3E00A640A246B0464C462E00E6403F
:10AA7000B4464646644626435446A5406C1EA5414E
:10AA800034002C434D46EF400D1B28E04A46434618
:10AA90004D461A4300D0A5E6002300240025DEE63B
:10AAA0001F2A5ADC66462022921B060096409146D9
:10AAB000B04662460E00D640424616434A46914092
:10AAC0004A1E9141020060463143C240E4E63C0028
:10AAD0002C435AD0F443A146002C52D14D1BA9421D
:10AAE0008941C71B49427F1A14009A4675E69E4A5F
:10AAF000944200D0C7E613E600227FE700208FE7EC
:10AB0000002C00D0C8E03B002B4300D10FE1030034
:10AB10000B4300D104E66918A9429B413F185B42F0
:10AB2000DF193B0200D41AE1904B0D001F40644630
:10AB3000F6E59A4689E63A002A43002C5CD1002AC1
:10AB400075D102000A4300D1CAE007000D009A4601
:10AB5000E6E564460022002581E662460600203ACA
:10AB6000D6406246B046202A00D1B7E04022664671
:10AB7000921B904001434246481E814111430022EE
:10AB80008AE6794CA24200D061E707000D0014006C
:10AB90009A46C5E5002C41D13C002C4378D0F443C3
:10ABA000A146002C20D0704CA24271D04C46382CCB
:10ABB00000DDB2E01F2C00DDBCE02026341BA246E5
:10ABC0003C005646B4404E46A0462C00F440A446F5
:10ABD000444666463443A4465446A54064466E1E29
:10ABE000B54125434C46E7406D188D4289413F18D9
:10ABF0004942CF19140056E6002A2FD102000A4319
:10AC000000D184E007000D009A46574C88E53D438B
:10AC10006F1EBD41ECB200270D1B60E7524CA242F3
:10AC200036D0744280263604A1463743BEE7020080
:10AC30000A4300D174E56A1A90464545B6413A1A6E
:10AC40007642921B9446120200D4F7E54D1BA942AE
:10AC50008941C71B49427F1A9A4661E502000A43AF
:10AC60003AD0ED087C072C438025FA082D032A42B0
:10AC700008D0C7082F4205D145072C003A009A4654
:10AC8000C9080C43670FD200E5001743364C47E56F
:10AC900007000D00140043E53A002A4343D00200A8
:10ACA0000A4319D0ED087C072C438025FA082D03B0
:10ACB0002A4207D0C6082E4204D147073C00320082
:10ACC000C9080C43D700620FE50017439A46264C8B
:10ACD00026E50022002544E5234C21E5002049E734
:10ACE00000230025BBE54C463E00203CE6404C4698
:10ACF000B446202C31D040244E46A61BB7403D43DD
:10AD00006C1EA54164462C4300270D1BE7E68022FC
:10AD100000231203144C0025A1E53D436F1EBD41E5
:10AD20000027EDB260E707000D000F4CF8E40700C4
:10AD30000D00F5E44E463C00203EF440A0464C4653
:10AD4000202C0ED040244E46A41BA7403D436F1E2E
:10AD5000BD4144460027254346E70027CFE70D00C5
:10AD600073E50027F2E7C046FF070000FFFF7FFF03
:10AD70000B0330B5134D1A0B4B005B0DC90F0024AC
:10AD8000AB4211DD104CA34210DC8024640322434B
:10AD90000E4CE41A1F2C0CDD0D48C31ADA401300C8
:10ADA0005C42002900D11C00200030BD094BCC18AA
:10ADB000FAE7E040084CA44663449A40130003437A
:10ADC000EEE7C046FE0300001D040000330400004F
:10ADD00013040000FFFFFF7FEDFBFFFF70B5051EB2
:10ADE00028D000F087F8154B154A1B1AD21A1F2AD3
:10ADF00016DD2C00134A0025D21A94405A0524036C
:10AE0000240B520D002124030B0D240B1B0523439F
:10AE10000D4C1205234013435B002800590870BDF8
:10AE20000B212C00081AC440954024035A05240B1A
:10AE3000520DE7E700220024E4E7C0461E040000AC
:10AE40003304000013040000FFFF0F804200120EC5
:10AE5000511C4302C9B270B55D0AC40F012915DD4A
:10AE6000E02189008C466D071B0B624400212800FD
:10AE70000D0D2D052B431C4D52052B40520813433D
:10AE80005B00E4075B082343190070BD002A15D15D
:10AE9000002D1FD0280000F02DF80A281DDC0B2300
:10AEA0002A001B1ADA4013000200153295400F4A9F
:10AEB0001B03121A52051B0B520DD7E7002D06D0AB
:10AEC00080221B0B120313436D07094ACEE7084A81
:10AED0000023CBE700220023C8E703000B3B9D4083
:10AEE0002B000025E3E7C046FFFF0F808903000029
:10AEF000FF0700001C2101231B04984201D3000C12
:10AF000010391B0A984201D3000A08391B099842DC
:10AF100001D30009043902A2105C40187047C046F2
:10AF20000403020201010101000000000000000012
:10AF3000F8B54A02430244004E00C50F240E280013
:10AF40009B09360EC90F92098D4259D0A01B0028CB
:10AF500000DC8DE0002E1AD1002A00D079E05A07DB
:10AF600004D00F221A40042A00D004335A0138D5E5
:10AF70000134FF2C00D189E028009B015B0AE4B278
:10AF80005B02E4055B0A2343C0071843F8BDFF2CAE
:10AF9000E5D08021C9040A431B2800DD89E01600A2
:10AFA0002021C640081A8240511E8A4132439B1A12
:10AFB0005A0114D59B019E093000FFF79BFF05380D
:10AFC0008640844265DC041B330020200134E340CA
:10AFD000041BA640721E964100243343BFE75A0764
:10AFE000BFD1DF082800FF2C2FD1002F00D187E030
:10AFF0008022D20313003B435B025B0AFF24BFE7BE
:10B00000A11B002949DD002E29D0FF2CA7D08026C6
:10B01000F60432431B2900DD8DE017002026CF40C7
:10B02000711A8A40511E8A413A439B185A01D6D55B
:10B030000134FF2C64D0012276491A405B080B4092
:10B0400013438CE7031ECAD100207B025B0AE4B2E3
:10B0500096E701380028AAD0FF2C9DD17FE7002A6F
:10B0600000D17CE701390029DFD0FF2CD2D176E76F
:10B07000002820D1601CC0B2012853DD80279E1A11
:10B08000FF0437402FD0D61A0D0095E72800002383
:10B0900076E7614B241A334061E700294DD1611CEA
:10B0A000CEB2012E2FDDFF292AD09B185B080C00A1
:10B0B00055E701227BE7002C1BD1002B5BD0C0435E
:10B0C00000280CD0FF2E7ED01B2800DD92E01D0052
:10B0D0002024C540201A8340581E83412B43D31A95
:10B0E00034000D0064E7002E00D065E70020002446
:10B0F000ABE7FF2E67D08024E40440422343E3E71C
:10B10000FF2400233CE7002C61D1002B7ED0002AD5
:10B1100000D124E79B185A0100D460E73E4A0C0096
:10B1200013401CE7002C1ED1002B2FD1002A66D023
:10B1300013000D0013E7012277E7002C1FD1002B2D
:10B140005AD0C94300290BD0FF2E50D01B295FDCF9
:10B150001F002024CF40611A8B40591E8B413B4376
:10B160009B18340062E7002B1CD1002A4AD0130040
:10B170000D00FF24F3E6130034000D00EFE6FF2E70
:10B1800035D08024E40449422343DFE7002A00D17C
:10B19000E5E68027981AFF04074000D152E7D31A4A
:10B1A0000D00DCE6FF24002A00D1D8E68020DB0871
:10B1B000C003034204D0D208024201D113000D00A3
:10B1C000DB00FF24CBE61300FF240D00C7E6002BB5
:10B1D0000DD0FF24002A00D1C1E68021DB08C9037D
:10B1E0000B42EDD0D2080A42EAD11300E8E713007F
:10B1F000FF24B4E6012372E713003400AFE6002712
:10B20000002022E780270020FF03F1E61300A6E6D6
:10B210000123A5E7FFFFFF7DFFFFFFFB43025A0A63
:10B2200040004B024900000E5B0A090EFF2803D0C4
:10B230000020FF2906D07047FE38002AFBD10020ED
:10B24000FF29F8D11800431E9841F4E7F0B556469F
:10B250004D4644465F46F0B41D000E034C00CB0F34
:10B2600087B0070092468146360B640D98466AD037
:10B270006D4B9C4235D08022430F12041343F600DD
:10B280001E43C3009946694B00279C460023644433
:10B2900002932B0368001B0BED0F51469B46400D9C
:10B2A000009500D178E0604B98426CD05B46DA00A4
:10B2B0004B0F802109040B4313439B465346D9008F
:10B2C0005A4B9C46002360444246201A6A409246EC
:10B2D00001901F430F2F00D9B0E05548BF00C0595F
:10B2E0008746374300D088E0002399460233082779
:10B2F00000260293CDE74346B34649460093029B9E
:10B30000009A9246022B00D0BFE100215346012251
:10B31000002689461A40444B002136030C0D2405B3
:10B32000360B2643434C1B0526401E437600D207AE
:10B33000760816434846310007B03CBC9046994613
:10B34000A246AB46F0BD330003434FD0002E00D1E0
:10B35000BCE13000FFF7CEFD03000B3B1C2B00DDF2
:10B36000ADE11D220100D31A08393A008F408E400A
:10B37000DA40B9461643304B00279C460023604410
:10B380004442029385E753465A4613432CD1002387
:10B3900000219B46023397E70B4320D05B46002BEE
:10B3A00000D19EE15846FFF7A5FD03000B3B1C2B87
:10B3B00000DD8FE102005946083A91408B461D217D
:10B3C000CB1A5146D9400B0059460B4351469B4678
:10B3D0009140194B9C4660444042002374E700238F
:10B3E00000219B4601336FE703236DE70023994655
:10B3F00001330427002602934BE703230C27029313
:10B4000047E70122D51A382D00DCB0E153461A4037
:10B4100000210023002689467EE7002380269946E6
:10B4200000223603004B77E7FF07000001FCFFFF17
:10B430003C8A0108FFFF0F80F30300005E4500D93E
:10B4400072E100D16DE1019B4D46013B0193002368
:10B45000340002935B461E020B0E1E430B02039345
:10B46000330C994633041B0C494620000093FDF72A
:10B4700027FE009B370043430600494620009846BC
:10B48000FDF7A4FE2C0C09040C43A04509D9E419CE
:10B49000731EA74200D95CE1A04500D859E1023EE5
:10B4A000E4194346E41A49462000FDF709FE03006B
:10B4B000009A80465343494620009B46FDF786FE8E
:10B4C0002A040904120C0A4393450DD94346D219A4
:10B4D000013B974200D93AE1934500D837E1022376
:10B4E0005B429C46D219E0445B46D21A434636047E
:10B4F00033439B460399180C0B0C1D00059309045C
:10B500005B46090C0C001B041B0C4443049159437B
:10B510006B4368431B190D0CEB189C4203D9802424
:10B520006402A44660441C0C09041B04090C201886
:10B530005D18824200D2DEE000D1D7E0161A029BED
:10B540009C465D1BAC459B415B42F61AB74200D15D
:10B5500006E149463000FDF7B3FD009B040043437C
:10B56000494630009846FDF731FE2E0C09040E4383
:10B57000B04509D9F619631EB74200D9F3E0B045CA
:10B5800000D8F0E0023CF6194346F31A4946180089
:10B590000293FDF795FD009B060043434946029840
:10B5A0009846FDF713FE2D0409042D0C0D43A84504
:10B5B00009D9ED19731EAF4200D9D6E0A84500D8CD
:10B5C000D3E0023EED192404210043463143049E9A
:10B5D000059A3000ED1A0B040C0C1B0C5843664303
:10B5E000534354439A19030C9B189E4203D980225B
:10B5F0005202944664441A0C00041B04000C1419F3
:10B600001B18A54250D34DD001231943964A019BE4
:10B6100094466344002B00DCF3E64A0709D00F226E
:10B620000A40042A05D00A1D8A42894149428B44B6
:10B6300011005A46D20108D55A468C4B1A409346FF
:10B640008022D2009446019B6344894A934200DDE4
:10B650005BE65A46C9085007084356025146012284
:10B660005B058146360B5B0D0A4055E680231B03C4
:10B670001E4211D05A461A420ED15E461E43360370
:10B68000360B2A0089467B4B46E6032B00D1E1E0CE
:10B69000012BBBD11A40BBE61E433603360B424694
:10B6A000744B39E6002BB1D07D194A1EAF4252D9F6
:10B6B0001100A542A8D1039A9A42A5D1A6E703009A
:10B6C0003E00283B9E400023994654E6FFF712FCBB
:10B6D000203041E603005246283B9A400021934621
:10B6E00077E65046FFF706FC20305EE6029B002618
:10B6F000AB4200D323E7039E0299B44661448846D7
:10B70000B045B6415B467642F619B218013B02914C
:10B71000974213D290424FD800D18EE0161A9B4622
:10B720000DE7894500D28EE674084B46F6073500D2
:10B730005B081D434B46DB0702938BE69742EDD136
:10B740000399029CA142E5D93E1A9B46F7E698462A
:10B75000CAE61E00A5E6AC423ED874D0110053E7FD
:10B760000121494252E71C000EE71E002BE71F2D66
:10B770003CDC20230A0058465B1B9840EA40994075
:10B780000243481E81415E461143EE404B0709D0FB
:10B790000F230B40042B05D00B00191D99429B4130
:10B7A0005B42F61833023CD55346012200211A4071
:10B7B000002601238946AFE502235B429C46039C99
:10B7C000E344A446029B63449846A045B6417642B2
:10B7D000F6190293B218B1E603988A1E410081421D
:10B7E000B6417642F619AD19039161E71F22524224
:10B7F000D31A5A46DA401300202D29D04022584649
:10B80000551BA8400143481E814107200B431840A7
:10B810000026002809D00F2200261A401900042A09
:10B82000BBD10B0070077602360BDB080343994649
:10B83000012253461A4000236EE502998D42BBD87F
:10B840009B4600267BE603989842C5D3110032E759
:10B850000020D7E780265B4636031E433603360BAF
:10B86000009A8946034B57E5FF030000FFFFFFFEE8
:10B87000FE070000FF0700004B0070B55E0D0C03D3
:10B88000751C640A420F6D052243C90FC4006D0D7B
:10B89000012D2ADD3B4BF318FE2B1ADC002B42DD79
:10B8A0008001451EA841D2001043620F0243500799
:10B8B00004D00F201040042800D004328020C0049F
:10B8C000104021D00133FF2B03D09201520ADBB28A
:10B8D00001E0FF2300225202520ADB0513435B0002
:10B8E000C9075B080B43180070BD002E07D0144336
:10B8F000EFD08020D20080040243FF23D7E7224309
:10B900000023002A03D00522D208FF2B03D05202C5
:10B91000520ADBB2DFE7002A32D08020C0030243A4
:10B920005202520AD7E71800173014DB80200004B7
:10B9300002431E20C01A1F280FDC2500124BF318EB
:10B940009D406E1EB5419A402B0013432200C24019
:10B950001A430023ABE70023D5E702256D42EB1A1B
:10B960001500DD40202809D0084BF3189A401443F5
:10B97000621E9441220000232A4398E70022F6E742
:10B980000022A8E780FCFFFF82FCFFFFA2FCFFFF74
:10B9900010B54B0709D5054AD16B054B1960116CE1
:10B9A0005960526C9A6000F00BFC10BD00300040F2
:10B9B0007805002000B589B02022002168460CF0EF
:10B9C00039FE0D4B0093343301930C4B029301234A
:10B9D0006A46D37603226946CA754B754B740222B8
:10B9E000CA730B740B338B8102338B73044807F0DB
:10B9F000B9F809B000BDC046840500204C300040B5
:10BA00004020014010B588B0554C02220B21200087
:10BA100007F032FA02220A21200007F02DFA514CD9
:10BA200002220421200007F027FA0222052120002B
:10BA300007F022FA01A900230B7001224A708A70D4
:10BA4000CB700B714B718B71CB710B724A728A7216
:10BA5000CA720B734B73042088730138C8730B745C
:10BA60000A76414B4B61414C200006F0E1FA00237D
:10BA700006220021200006F0ABFB01230622002154
:10BA8000200006F0A5FB022306220021200006F07C
:10BA90009FFB032306220121200006F099FB0423CB
:10BAA00006220121200006F093FB05230622012136
:10BAB000200006F08DFB062306220721200006F059
:10BAC00087FB072306220721200006F081FB0823BD
:10BAD00006220721200006F07BFB0923062208210D
:10BAE000200006F075FB0A2306220821200006F03C
:10BAF0006FFB0B2306220821200006F069FB0023C0
:10BB000001220921200006F091FB012301220A21D4
:10BB1000200006F08BFB022301220B21200006F0FF
:10BB200085FB6268124B13408022920313436360CB
:10BB30006268104B13408022920213436360626874
:10BB40000D4B13406360FFF735FFA26802231343D8
:10BB5000A3606368802212061343636008B010BDBF
:10BB6000000008203000082091B900080030004093
:10BB7000FFFFDFFFFFFFFDFFFFFFEFFF70B543009B
:10BB8000181880000A4B1B1800200022094C1900CD
:10BB90001D68A54200D91C60096840180132D2B264
:10BBA0000433032AF3D10321FDF78AFA70BDC0469E
:10BBB00084050020FF0F00008100064B064A8A58CA
:10BBC0009A4203D90B000349034A99508000024B63
:10BBD000C0587047FF0F00007805002010B584B0F2
:10BBE00006F0B6FF01AC0C22002120000CF022FD73
:10BBF00001232372200006F033FF04B010BDC046BD
:10BC000010B501220E210E4807F026F90D4B196ED2
:10BC100001220A431A66196E02220A431A66196E35
:10BC200004220A431A66196E08220A431A66196E1C
:10BC300010220A431A66196E20220A431A6610BDA2
:10BC4000300008200030014010B51C4C00220821B3
:10BC5000200007F011F900220821200007F072F9F6
:10BC600000220821200007F0F7F800220E21200012
:10BC700007F002F901220E21200007F063F90022EB
:10BC80000E21200007F0E8F801220821200007F02B
:10BC900063F90B49082007F007FA00220C21200065
:10BCA00007F0EAF801220C21200007F04BF90122ED
:10BCB0000C21200007F0D0F810BDC046300008204D
:10BCC00001BC000810B5FFF79DFE00F0EBF8FFF790
:10BCD000BBFFFFF783FF10BD10B50821034807F035
:10BCE000C5F8431E9841C0B210BDC04630000820C0
:10BCF00070B590B01E4C01220121200007F0BCF865
:10BD000001220021200007F0B7F80BAC142200211B
:10BD100020000CF08FFC07AD1022002128000CF051
:10BD200089FC01AE1822002130000CF083FC0323B3
:10BD3000A371023BE3712372E3722373E3732374F1
:10BD4000AB70AC6002226A7310322A73AB73EB7370
:10BD500075603372074B198889B20748FDF7B0F94F
:10BD60000138F0813100054807F0CEFC10B070BDFD
:10BD7000000008207CB0010800366E010030014050
:10BD800070B590B01E4C01220521200007F074F818
:10BD900001220421200007F06FF80BAC14220021CF
:10BDA00020000CF047FC07AD1022002128000CF009
:10BDB00041FC01AE1822002130000CF03BFC0222B5
:10BDC00022700123E3712372E3722373E3732374FC
:10BDD000AB70AC606A7310322A73AB73EB7375602F
:10BDE0003372084B198889B20748FDF769F90138A1
:10BDF000F0813100054807F087FC10B070BDC046E7
:10BE0000000008207CB0010800366E0100300140BF
:10BE100070B590B01F4C01220321200007F02CF8D0
:10BE200001220221200007F027F80BAC1422002188
:10BE300020000CF0FFFB07AD1022002128000CF0C1
:10BE4000F9FB01AE1822002130000CF0F3FB0423B3
:10BE50002370013BA371023BE3712372E3722373EE
:10BE6000E3732374AB70AC6002226A7310322A73DE
:10BE7000AB73EB7375603372074B198889B207484F
:10BE8000FDF71EF90138F0813100054807F03CFC50
:10BE900010B070BD000008207CB0010800366E01B3
:10BEA0000030014010B5FFF723FFFFF769FFFFF7F0
:10BEB000AFFF10BDC000034B9C46604400230361EC
:10BEC0008161704700300140012819D1194B1A6E69
:10BED00001218A431A661A6E01318A431A661A6E64
:10BEE00002318A431A661A6E04318A431A661A6E40
:10BEF00008318A431A661A6E10318A431A6618E0AE
:10BF00000C4B196E01220A431A66196E02220A436B
:10BF10001A66196E04220A431A66196E08220A4329
:10BF20001A66196E10220A431A66196E20220A43F5
:10BF30001A66704700300140C000034B9C466044C5
:10BF4000806880B27047C0460830014010B502F0EA
:10BF50005DF8024A024B9A6062B610BD009000087C
:10BF600000ED00E010B5FFF7F1FF01F099FD04F0DE
:10BF700061FE05F077F802F0D3FC05F01DFF00F03C
:10BF800017FE02F06BFA02F011FBFFF79BFE08F0C0
:10BF90009DFC00F0FFF8FEE710B582B000F0A6FFB0
:10BFA0002B4B1B68012B24D12A4B019301240094B5
:10BFB000002380222849294801F05EF9284B01938B
:10BFC0000094002330222749274801F055F9274BD8
:10BFD00001930094002330222549264801F04CF9B2
:10BFE000254B01930094002330222449244801F07A
:10BFF00043F9244B01930124009400234022224959
:10C00000224801F039F9224B019300940023402289
:10C010002049214801F030F9204B0193022300937D
:10C020000023A02292001E491E4801F025F91E4B54
:10C0300001930094002340221C491D4801F01CF983
:10C04000002001F00FFA00F05DFF02B010BDC04605
:10C0500000B00108C00500207C8A0108B5C00008B6
:10C06000C80500208C8A0108CDC00008D00500203A
:10C070009C8A0108E9C00008B4050020AC8A0108C8
:10C0800005C10008B8050020BC8A010849C10008A4
:10C09000BC050020DC8A010861C10008CC05002035
:10C0A000F48A010821C10008C4050020088B01089A
:10C0B00079C1000800B583B001F064FA019000F086
:10C0C00083FD012101A801F0EFFBF8E700B583B083
:10C0D00001F058FA0190002000F082F9052101A832
:10C0E00001F0E2FBF7E7C04600B583B001F04AFA81
:10C0F0000190012000F074F90A2101A801F0D4FB9D
:10C10000F7E7C04600B583B001F03CFA0190022089
:10C1100000F066F9322101A801F0C6FBF7E7C0463E
:10C1200000B583B001F02EFA019008F0BBFB08F0D7
:10C13000BDFB08F0C7FB08F0BDFB08F0BFFB012109
:10C1400001A801F0B1FBF0E700B583B001F01AFAE5
:10C15000019005F013F90A2101A801F0A5FBF8E709
:10C1600000B583B001F00EFA019004F05DFC0A21E5
:10C1700001A801F099FBF8E700B583B001F002FADD
:10C18000019002F03DFA04F00BFB0A2101A801F036
:10C190008BFBF6E700B583B00023019301330093D6
:10C1A000002330220449054801F066F8012801D136
:10C1B00001F0AEF9FEE7C046248B010899BF0008E4
:10C1C00010B508F05FFB08F069FB08F05FFB08F0B2
:10C1D00061FB10BD0822002809D10AE0C046013BDE
:10C1E000DBB2002BFAD1013880B2002801D0130055
:10C1F000F4E77047F8B500286EDD4400220C374B99
:10C200009A4207D806251A00A400013D230C934248
:10C21000FAD900E00625630E203BDBB29B00304AD2
:10C220009E5836042200002330000021FDF736F925
:10C230004900C00F0843320000230021FDF72EF90A
:10C240004900C00F0843C0273F06381A32000023B8
:10C250000021FDF723F94900C60F0E4322000023F9
:10C2600030000021FDF71AF94900C00F08433200E1
:10C2700000230021FDF712F94900C00F0843381AC6
:10C28000320000230021FDF709F94900C70F0F43D1
:10C290002E000C3E002033001F331EDB2200002343
:10C2A00038000021FDF7FAF84900C00F08433300B9
:10C2B0000F3301DA000C2E1DF31D01DA000A0836D7
:10C2C000731C04DA40080136731CFBD101E0002E18
:10C2D00003D00130400800E00020F8BDFF3F00001F
:10C2E0003C8B010810B5C004FFF784FF10BDC046A9
:10C2F000022819D80D4A8D23DB00584310180C4B27
:10C300009C466044002303706346D35CDB070BD478
:10C31000084BD35CDB0707D4074BD35CDB0703D4A4
:10C32000137A7F210B4013727047C046D03500202E
:10C3300062060000CA0A0000320F0000064B00220D
:10C3400006495A5406495A5406495A541A7A7F21C2
:10C350000A401A727047C046D035002062060000BD
:10C36000CA0A0000320F000010B500F0CBFB094BE9
:10C370005B7A70221A4204D001221343054A537299
:10C3800005E0044810221343437200F0BFFB00F0A5
:10C39000BBFB10BDD0350020024B00221A755A7528
:10C3A0007047C046D035002070B504000B4B1D7D92
:10C3B00000203B2D10D81E00587D40193C21FCF771
:10C3C000EFFF881CC00030180630082221000CF056
:10C3D000F3F801353575012070BDC046D035002019
:10C3E000F0B557464E464546E0B484B00190484B00
:10C3F0001B7A7F2B00D884E0464E00239846002508
:10C400004246B146B379DB076FD5337901998B4248
:10C410006BD17388013B9BB27380002B65D133884D
:10C42000738000248D23DB0053431F00B2462B1979
:10C4300002AA137000F066FBE000001BC000C019E8
:10C44000F930FF30324B9C466044031D4430834238
:10C450002ED2E200121BD200D2196244FD32FF320A
:10C460001168002924D002AA01321E79042E0AD1B3
:10C470000E7816700E68360A56704E889670C97817
:10C48000D17004320BE0022E06D10E881670098896
:10C49000090A5170023202E0097811700132083342
:10C4A00004A98A4204D2984202D019680029DCD13A
:10C4B000174B5B7A70221A4207D002A8FFF774FF6D
:10C4C000002809D100F020FB08E020221343104A85
:10C4D000537202A800F01AFB00F016FB0134E4B21C
:10C4E00053465B79A342A2D24E461435EDB20123E6
:10C4F0009C46E0448D23DB009C4666443C2D00D0E6
:10C500007EE704B01CBC90469946A246F0BDC046EA
:10C51000D03500202C3C002010B500F053FB154B0B
:10C52000154AD35A0020002B22D0FF2B05D8DBB2AE
:10C53000104A11498852104906E0013BFF3B0D4A61
:10C540000D498B520023F6E70A6914788888201871
:10C55000888001320A61013BDBB2002BF4D1054B2C
:10C56000054AD35A0120002B02D1FFF7FDFE00201F
:10C5700010BDC046360F0000D0350020F8B50400CD
:10C580000378012B00D15CE2052B28D154E2D54B76
:10C590001B7ADB0604D4FFF7D1FE0022D14B5A727E
:10C5A000D0490B7A10229343202213430B72CD4BB8
:10C5B000FF221A7000225A7061789970FE21D9709A
:10C5C0009A80DA8035E2C74B1B7A9A0600D43DE2A6
:10C5D0002022934310221343C24A137236E2C14B06
:10C5E0001A7A930600D431E2BE4BFF211970002164
:10C5F0005970417899700578232D00D916E2AB0067
:10C60000B949CB589F46B94B1A780023002A0FD15D
:10C6100014E020239A43B34B1A728378002B04D181
:10C6200010231A43AF4B1A7203E2FFF787FE00E2B2
:10C63000AE490133DBB2CA5C002AFAD1A94AD370F1
:10C64000002313719371433353714B33D371A74B51
:10C65000D360EEE18378002B06D14168C07800F00A
:10C6600095FAA04BD860E4E132229E4B5A70E0E18B
:10C670008178C31C4A1ED2B2002900D1D9E104320C
:10C68000841898491A78C8680270CA680132CA606A
:10C690000133A342F6D1CCE1831C083491491A78C6
:10C6A000C8680270CA680132CA6001339C42F6D180
:10C6B000BFE18278531EDBB2002A00D1B9E1181D18
:10C6C000884BC01803338749CA6812781A7001333F
:10C6D000CA680132CA609842F6D1AAE1C07861689E
:10C6E00000F054FA7F4B1861A278531EDBB2002A87
:10C6F00000D19EE1181D7B4BC018033379490A69AC
:10C7000012781A7001330A6901320A618342F6D144
:10C710008FE18078FFF7ECFDA278022A19D88D23EB
:10C72000DB005A43F932FF326E4BD218131D7049A9
:10C730008C466244934204D2002119700133934223
:10C74000FBD1684A117A02230B431372FFF724FED0
:10C7500000E00025634AD570A37814214B43137180
:10C7600067E18378022B05D8C178132902D80279B2
:10C77000072A07D95B4B31225A700021C832FF3299
:10C78000995056E1574CC800411A8D204343CB18AD
:10C790009B183F33DB001B190433FC225200A350CB
:10C7A00047E183785A1E012A01D9042B05D1FC23C5
:10C7B0005B004C4AD558002D03D13122494B5A70A9
:10C7C00037E1E1790906A3791B04C91863791B02D3
:10C7D000CB1821795918E07800F0D8F92860FC23AB
:10C7E0005B00404AD358A2781A7122E1930703D420
:10C7F00022223C4B5A701CE18378012B08D0002B7D
:10C8000002D0022B41D07DE0C078FFF771FD10E12E
:10C81000C678022E00D90CE105794379C179090265
:10C820008079411889B28D20C00070432D4F38188F
:10C83000CC27FF00BC4660440370002900D10131C1
:10C840008D23DB0073432748C3182A48181801803A
:10C850002949591801200880284959180D7028497C
:10C860008C46634404211970E078022800D9E0E086
:10C870001C498D23DB004343CB186344012018700F
:10C8800080235B421A430A72D3E0C578022D00D997
:10C89000CFE000796379E2791202A1798A1892B225
:10C8A0008D21C90069430F4C6118CC24E400A446D3
:10C8B00061440B70002A00D101328D23DB006B43F1
:10C8C0000849CB180B4959180A800B4A9A180121BC
:10C8D00011800A4A9A181070094A94466344042247
:10C8E0001A70A6E0D0350020BC8C010800000020A2
:10C8F0006C0400005C0600005E060000610600009B
:10C90000620600003122524B5A7092E0930703D422
:10C9100022224F4B5A708CE08378002B02D0012BDF
:10C9200003D019E0FFF70AFD83E00023484D0126FC
:10C93000484C4949591849190878042800D10E7003
:10C940008D21C9008C466344A342F2D180235B420F
:10C950001A433F4B1A726CE031223D4B5A7068E02B
:10C960003B4B0222DA7000225A60DA681A6183882F
:10C970001B0442881A43002B02D03221344B5970D9
:10C98000334B36495A525B78002B52D15EE04379E3
:10C99000190603791B04CB18C27812029B18817800
:10C9A00059182B4BD86800F0FFF842E08278284DE8
:10C9B0000330E96800F0FAF8A378EA689446634423
:10C9C000EB60022835D141E0214D02300622E968B2
:10C9D00000F0ECF8EB680633EB60022829D135E073
:10C9E0001B4BD86800F0DAF823E0194C0023E37001
:10C9F00000F0CEF860601CE044239A4314490A72A8
:10CA00008378442003401A430A72A278144BCA5414
:10CA10000FE00F4B124A9A5CDA7000221A7108E09C
:10CA20000B4B0222DA70013A1A7102E03022084BF5
:10CA30005A70FFF799FC09E04388002B00D1B6E556
:10CA4000C1E54388002B00D0BDE5A0E5F8BDC04698
:10CA5000D0350020380D000062060000360F0000BF
:10CA6000340F000010B51F4A537A70211800884314
:10CA7000507201241C4007D071229343194A53720B
:10CA8000FFF772FC01242AE0164B1B7A7F2B26D974
:10CA900000F038F8134B1C7D002C1ED01C005A7A75
:10CAA000202313436372607D0230C00000190630FA
:10CAB00000F02CF8637D0133DBB23B2B02D8094A2E
:10CAC000537502E00022074B5A75064A137D013B5D
:10CAD000137500F019F8012401E000F015F82000AA
:10CAE00010BDC046D0350020044B054A99180022DD
:10CAF0001A7001338B42FBD17047C046D0350020FD
:10CB0000380F000072B6704762B6704710B5184B08
:10CB100008225A7200225A7300231549C25C0C691C
:10CB2000E2540133082BF9D1114B1B691B78132BED
:10CB300003D8104A0E4B1A6011E01A00143A132A57
:10CB400003D80D4A0A4B1A6009E0283B132B03D87F
:10CB50000A4A074B1A6002E0094A054B1A60012293
:10CB60000349084804F048FA0122074B1A7010BD27
:10CB7000CC340020D1070000D2070000D30700000A
:10CB8000D407000000780040D50500200800704759
:10CB9000014B18787047C046D6050020014B18702D
:10CBA0007047C046D60500207047C0460020704739
:10CBB00010B5FFF799FF0022014B1A7010BDC04657
:10CBC000D60500207047C04610B50C4B1B78012BD2
:10CBD00006D10022094B1A70094B1869FFF7CEFCE9
:10CBE00072B6A023074AD258C0239B021A4201D131
:10CBF000FFF738FF62B6FFF78FFC10BDD4050020A9
:10CC0000803300200078004010B5124B00E0130084
:10CC10001A688242FBD359685C18A04203D140686D
:10CC2000411859601800446801198A420CD10A4A17
:10CC30001268914206D04A68141944601A68126852
:10CC4000026002E0016000E00260984200D01860DB
:10CC500010BDC046E4050020E005002070B50400CA
:10CC600000F088FC3C4B1B68002B20D13B4A53074B
:10CC700008D0D11D07239943A0239B01D3185B1A29
:10CC80000A0001E0A0239B013548026000214160B9
:10CC9000D318083B072083432F480360596019606D
:10CCA000991A516013602F4B19602F4B1960002C9B
:10CCB0004CD0072323401A0010239B1ADA439442D6
:10CCC00044D8E318002B3DDD274A1668B34239D813
:10CCD000234A146801E022000C0061688B4202D9EB
:10CCE00021680029F7D11C4909688C422AD01568AF
:10CCF000216811606268D21A102A08D9E018410729
:10CD000001D072B6FEE742606360FFF77DFF6268A4
:10CD1000B31A15490B60134909688B4201D21149B6
:10CD20000B60083580231B061A43626000232360D2
:10CD30000E4A13680133136000F018FD6B0708D02A
:10CD400072B6FEE700F012FD002502E000F00EFDD5
:10CD50000025280070BDC046E0050020F005002039
:10CD6000E4050020F02D0020DC050020D80500207F
:10CD700010B5002823D00300083B5B68002B01DBC3
:10CD800072B6FEE70200083A1268002A01D072B6B5
:10CD9000FEE7083804005B005B08436000F0EAFB34
:10CDA000074A636811688C46634413602000FFF7EC
:10CDB0002BFF044A13680133136000F0D7FC10BD49
:10CDC000DC050020EC05002003000833436001224D
:10CDD00052428260C3600361002303607047C04613
:10CDE000002303617047C04643684B609A688A60BD
:10CDF0009A68516099600861036801330360704765
:10CE000030B50C6802000832631C02D1026904E0EC
:10CE10001A0053681D68AC42FAD253684B6099609F
:10CE20008A605160086103680133036030BDC04609
:10CE300003694268816891608268416851605A68FC
:10CE4000904201D182685A60002202611A68013A58
:10CE50001A6018687047C04682B000230193064BE1
:10CE60001B68013301D072B6FEE772B6019B002B3E
:10CE7000FCD002B07047C046100000200000000047
:10CE80000B4A13681868203080F30988022080F369
:10CE90001488BFF36F8F3FBCAE4608BC04BC62B6BB
:10CEA0001847C046C046C046C046C046C046C046F9
:10CEB000A42E002010B5031F802464041C60043BD2
:10CEC0001960043B02491960143B1A60403810BDD8
:10CED00059CE000880225205034B1A60BFF34F8FD2
:10CEE000BFF36F8F7047C04604ED00E072B6044A8E
:10CEF000136801331360BFF34F8FBFF36F8F704719
:10CF000010000020064B1B68002B01D172B6FEE713
:10CF1000013B034A1360002B00D162B67047C04644
:10CF200010000020EFF3108072B6704780F3108875
:10CF30007047C04600000000000000000000000034
:10CF4000EFF309800E4B1A6820381060F0C0444699
:10CF50004D4656465F46F0C008B572B600F030FD4B
:10CF600062B60CBC116808681030F0C8A046A9462B
:10CF7000B246BB4680F309882038F0C81847C0463F
:10CF8000A42E002010B5FFF7CDFF040000F032FB07
:10CF9000002803D080225205024B1A602000FFF7C0
:10CFA000C5FF10BD04ED00E070B5144D2C68FA21EA
:10CFB00089002000FCF784F80100114B186011482B
:10CFC000FCF77EF8104B186021002000FCF778F881
:10CFD00001005E20FCF774F80C4B18600C4C002329
:10CFE00023600C4A13602868FA218900FCF768F86E
:10CFF0000138094B18600723236070BD2000002012
:10D00000F42D0020FFFFFF00FC2D0020F82D002054
:10D0100010E000E018E000E014E000E010B50C4B78
:10D020001A68FF2109040A431A601A68FF210906D9
:10D030000A431A60FFF7B8FF0022064B1A60FFF799
:10D040001FFF00F0BDFCFFF707FF002010BDC0462A
:10D0500020ED00E01000002070B504003F4B1D687B
:10D0600072B6BFF34F8FBFF36F8F00F0F7FC00284D
:10D0700001D162B670E00622394B1A60394B19684B
:10D08000002901D1384B19682B00A54200D9230093
:10D09000581E354A126842435218344909684901FA
:10D0A00006D58024A40431490C602F490968521A1E
:10D0B0002F4909688A4200D9521A2E490A60002471
:10D0C00028490C60264C2568012129432160002B4A
:10D0D00004D0BFF34F8F30BFBFF36F8F62B6BFF383
:10D0E0004F8FBFF36F8F72B6BFF34F8FBFF36F8F4A
:10D0F0001B4906240C600968C90310D51A4B19682E
:10D10000184B1B68CB18013B9A1A194B1B689A42A3
:10D1100001D9914200D24A1E164B1A600EE0114A04
:10D120001468114A15686B431C1B29002000FBF78B
:10D13000C7FF431C5D432C1B0E4B1C600022094B98
:10D140001A600732064B1A60074B1B68013B094AFD
:10D15000136000F01DFA62B670BDC046FC2D0020C1
:10D1600010E000E018E000E0F42D002004ED00E005
:10D17000F82D002014E000E0094B1A68094B1B68E9
:10D18000DB6A0020002B0AD1074B1B68012B06D855
:10D19000002A04D1054B1B68054A1068181A70470D
:10D1A000FC2E0020A42E0020282E0020A82E0020D7
:10D1B000B02E0020084B1B681B68002B04D10122F5
:10D1C0005242064B1A6005E0034B1B68DB681A6885
:10D1D000024B1A607047C046042E0020A82E002083
:10D1E00070B504000D001E4B1E681E4B18680430FD
:10D1F000FFF71EFE631C16D1002D14D01A4A516889
:10D20000184B1868816018688C68C4608C6818684E
:10D21000043060601868043088601B685A611368C5
:10D22000013313601AE034190E4B1B685C60A64290
:10D2300007D90E4B18680B4B19680431FFF7E0FD56
:10D240000CE00B4B1868074B19680431FFF7D8FD49
:10D25000084B1B689C4201D2064B1C6070BDC04647
:10D26000B02E0020A42E0020E82E0020B42E002096
:10D27000042E0020A82E0020F0B5474680B482B0CE
:10D2800000900E00019395002800FFF7E7FC041EB4
:10D2900000D1C7E05820FFF7E1FC071E0ED058224E
:10D2A00000210BF0C7F93C632A00A52120000BF0F8
:10D2B000C1F93B6B9846002E04D11EE02000FFF719
:10D2C00057FDAFE00022B2563423FA540023F35640
:10D2D000002B0FD0731C3A00353239003E3100204C
:10D2E0001856107000201856002803D00133013260
:10D2F0008A42F4D100223D23FA54089B042B01D921
:10D3000072B6FEE7089E042E00D90426FE62BE64B3
:10D310003C1D2000FFF764FD38001830FFF760FD6A
:10D320003F6105239B1BBB617F62281F404407238D
:10D330009843019A0099FFF7BDFD3860099B002BC7
:10D3400000D01F60FFF7D2FD394A13680133136024
:10D35000384B1B68002B23D1364B1F601368012B01
:10D360002AD1354D2E0064362800FFF72DFD1435E7
:10D37000AE42F9D1314E3000FFF726FD304D280086
:10D38000FFF722FD2F48FFF71FFD2F48FFF71CFD79
:10D390002E48FFF719FD2E4B1E602E4B1D600BE033
:10D3A0002D4B1B68002B07D1224B1B68DB6AFA6AE6
:10D3B000934201D81F4B1F60284A13680133136042
:10D3C0003B64FB6A264A1268934201D9244A1360DF
:10D3D00019499A00D3189B00CB185B68BB609A6808
:10D3E000FA609A6854609C60FB6A9800C2189200C8
:10D3F0008A187A61C218920052580132C3189B00F1
:10D400005A50FFF77FFD144B1B680120002B0BD0F7
:10D41000084B1B68DA6AFB6A9A4205D2FFF75AFD8D
:10D42000012001E00120404202B004BC9046F0BD62
:10D43000D02E0020A42E0020282E0020102E002008
:10D44000D42E0020B82E00208C2E0020E82E0020A4
:10D45000042E0020B42E0020082E0020CC2E002008
:10D46000FC2E002070B50400FFF740FD002C01D118
:10D47000204B1C68251D2800FFF7DAFCA36A002B4F
:10D4800003D020001830FFF7D3FC1B4A1368013388
:10D490001360184B1B689C4208D129001748FFF7FE
:10D4A000A3FC174A13680133136005E0154A13689B
:10D4B000013B1360FFF77EFEFFF724FD0D4B1B6859
:10D4C0009C4205D0206BFFF753FC2000FFF750FC77
:10D4D0000D4B1B68002B0BD0064B1B689C4207D1E1
:10D4E0000A4B1B68002B01D072B6FEE7FFF7F2FC77
:10D4F00070BDC046A42E0020CC2E00208C2E002013
:10D50000A02E0020D02E0020082E00200C2E00205F
:10D5100000B583B0104B0193002300938022D2000A
:10D520000E490F48FFF7A8FE01280DD172B601225F
:10D5300052420C4B1A6002320B4B1A6000220B4B0A
:10D540001A60FFF76BFD03E0431C01D172B6FEE7E2
:10D55000074B1B6803B000BDAC2E00204C8D0108AA
:10D5600025D90008A82E0020082E0020B02E00206B
:10D5700014000020024A1368013313607047C0464C
:10D580000C2E0020014B18687047C046B02E0020BA
:10D5900010B50400134B1B68134A12681B18934202
:10D5A00001D972B6FEE70F4B1B680F4A1268C31809
:10D5B000934212D10D4B1B68002B01D172B6FEE7CE
:10D5C000002801D172B6FEE7FFF790FC084A136805
:10D5D00001331360FFF796FC013C024A1368E4181C
:10D5E000146010BDB02E0020A82E00200C2E0020AC
:10D5F000242E0020F0B5474680B4514B1B68002B09
:10D6000000D094E04F4B1C6801341C60002C12D1F8
:10D610004D4B1B681B68002B01D072B6FEE74A4ACF
:10D6200011684A4B186810601960494A1368013341
:10D630001360FFF7BFFD474B1B6800209C4265D37A
:10D640000020414B9846002643461B681B68002B70
:10D6500004D1012252423F4B1A6057E03A4B1B68FB
:10D66000DB68DB685A68944202D23A4B1A604DE09C
:10D670005A699968DF688F60D9689F684F60191D83
:10D6800057688F4201D1DF6857605E611768013FBC
:10D6900017609A6A002A10D0DF691D6ABD601F6A90
:10D6A000DD697D601F0018375568BD4201D11D6AD4
:10D6B00055609E621768013F1760DA6A264D2F6831
:10D6C000BA4200D92A609700BA189200234DAC469E
:10D6D000624452689A609568DD60976879609160ED
:10D6E000DA6A9700B9188900654661445961B9182A
:10D6F000890049590131BA1892005151184A1168EC
:10D70000DA6ACB6A9A429FD901209DE7144B1B68C5
:10D71000DB6A9A00D3189B00104A9B58012B00D952
:10D720000120104B1B68002B06D0012004E00E4A9C
:10D73000136801331360002004BC9046F0BDC0465E
:10D740000C2E0020B02E0020042E0020B42E00202D
:10D75000002E0020A82E0020FC2E0020282E0020C5
:10D76000A42E0020002F0020242E0020F8B5464BC8
:10D770001B68002B01D172B6FEE7FFF7B7FB424BE7
:10D780001A68013A1A601B680024002B77D13F4BBE
:10D790001A680023002A4ED171E0F368DB689C6AA6
:10D7A000DA691D6A95601A6ADD6955601A001832D7
:10D7B0006568954201D11A6A626098622268013AEE
:10D7C00022605D699A68DC689460DA689C685460DD
:10D7D0001C1D6A68A24201D1DA686A6058612A6831
:10D7E000013A2A60DA6A2A4D2D68AA4201D9284DE9
:10D7F0002A609500AA1892008A1852689A60956863
:10D80000DD6095686C609460DA6A9500AC18A400DD
:10D810000C195C61AC18A40064580134AA18920079
:10D8200054501C4A1268D26ADC6A944207D301221F
:10D83000194C226003E0194F3E00002018493A6855
:10D84000002AAAD1002B01D0FFF7B4FC154B1C68AD
:10D85000002C0CD0104E0125FFF7CCFE002800D084
:10D860003560013C002CF7D100220E4B1A600A4BA8
:10D870001B680024002B02D0FFF72CFB0134FFF7BC
:10D8800041FB2000F8BDC0460C2E0020D02E002009
:10D89000FC2E0020A42E0020002F0020B82E0020F7
:10D8A000282E0020242E002070B505000C00002832
:10D8B00001D172B6FEE7002901D172B6FEE7174B1F
:10D8C0001B68002B01D072B6FEE7FFF753FE144B26
:10D8D00018682A68A318904208D29A4219D9984227
:10D8E000A44164422B60984209D204E09A420DD8C8
:10D8F00098420BD30DE0181A0021FFF771FCFFF7D7
:10D9000035FF002808D1FFF7E5FA05E02B60012478
:10D91000F1E72B600024F2E7200070BD0C2E002000
:10D92000B02E0020F0B5474680B41F4B98461F4FDD
:10D930001F4E43461B68002B18D01B4DFFF7D6FA2D
:10D94000FB68DC68201DFFF773FA3368013B336026
:10D950002B68013B2B60FFF7D5FA206BFFF708FA25
:10D960002000FFF705FA2B68002BE7D1114B1B684D
:10D97000012B01D9FFF7AEFAFFF7FEFB0128D8D93A
:10D98000FFF7F8FD0C4B1A680C4B1B689A4201D24A
:10D9900072B6FEE7FFF7F0FB012801D9FFF75CFB49
:10D9A000FFF7E4FEC5E7C046A02E00208C2E002025
:10D9B000D02E0020282E0020A82E0020B02E0020DF
:10D9C00010B5214B1B68002B03D001221F4B1A609E
:10D9D00038E000221D4B1A601D4B1B689A00D218BC
:10D9E00092001C495258002A0DD1002B02D003E0AE
:10D9F000002B01D172B6FEE7013B9A00D2189200CB
:10DA00005258002AF4D0134C9A00D118890061189A
:10DA1000486840684860D21892000832A2189042C4
:10DA200005D141689A00D2189200A21851609A005C
:10DA3000D218920007498A185268D168064A1160C4
:10DA4000034A136010BDC0460C2E0020002F00209A
:10DA5000FC2E0020282E0020A42E00200B4B1B683B
:10DA60000020002B11D10A4B1B68002B0DD1094B54
:10DA70001B68002B09D1084B1B68084A1068013845
:10DA8000181A431E98410223181A7047B82E002016
:10DA9000002F0020242E0020E82E0020D02E002071
:10DAA00010B5084C00220821200005F0E5F90022FD
:10DAB0000721200005F0E0F901220721200005F0F0
:10DAC00041FA10BD3000082010B5124C0122082187
:10DAD000200005F037FA01220821200005F0BCF9EA
:10DAE00001220721200005F0B7F90420FEF772FBA0
:10DAF00000220821200005F0AFF90420FEF76AFBA0
:10DB000000220721200005F0A7F90420FEF762FBA0
:10DB100010BDC0463000082010B50E4C012208216F
:10DB2000200005F00FFA00220821200005F094F9EA
:10DB30000420FEF74FFB01220721200005F08CF99D
:10DB40000420FEF747FB01220821200005F084F99C
:10DB500010BDC04630000820F8B50500012208219C
:10DB6000164805F0EFF908248027144E2F4205D0FF
:10DB700001220821300005F06FF904E0002208219D
:10DB8000300005F069F96D00ADB20420FEF722FB0C
:10DB900001220721300005F05FF90420FEF71AFB8F
:10DBA00000220721300005F057F90420FEF712FB90
:10DBB000013CE4B2002CD9D1F8BDC04630000820A9
:10DBC00070B5184C00220821200005F0BBF9012295
:10DBD0000821200005F040F90420FEF7FBFA01229D
:10DBE0000721200005F038F90420FEF7F3FAFB24A2
:10DBF0000C4D06E0013CE4B2002C02D1FFF78CFF93
:10DC00000EE00821280005F031F90028F2D10022A9
:10DC10000721044805F020F90420FEF7DBFA01246F
:10DC2000200070BD3000082010B5124C01220821E0
:10DC3000200005F087F900220821200005F00CF9EA
:10DC40000420FEF7C7FA01220721200005F004F99D
:10DC50000420FEF7BFFA00220721200005F0FCF89F
:10DC60000420FEF7B7FA01220821200005F0F4F89D
:10DC700010BDC0463000082010B50F4C012208210D
:10DC8000200005F05FF901220821200005F0E4F8EA
:10DC90000420FEF79FFA01220721200005F0DCF89E
:10DCA0000420FEF797FA00220721200005F0D4F89F
:10DCB0000420FEF78FFA10BD30000820F8B50700E9
:10DCC0001A4C00220821200005F03CF9012208210D
:10DCD000200005F0C1F808260024144D0122072178
:10DCE000280005F0B9F80420FEF774FA6400E4B2E5
:10DCF0000821280005F0BAF8002801D00134E4B268
:10DD000000220721280005F0A7F80420FEF762FA98
:10DD1000013EF6B2002EE1D1002F02D1FFF7ACFF99
:10DD200001E0FFF781FF2000F8BDC0463000082069
:10DD300070B504000D001600821880235B000020DF
:10DD40009A4238DC002935D0FFF7BEFEA020FFF74D
:10DD500003FFFFF735FF002828D0A0B2FFF7FCFE35
:10DD6000FFF72EFF002821D0FFF7AEFEA120FFF71E
:10DD7000F3FEFFF725FF002818D0B31E9BB2012E3B
:10DD80000AD02C000133ED182E000120FFF796FF7A
:10DD900020700134B442F8D10020FFF78FFF2870C3
:10DDA000FFF76AFFFFF7B8FE012004E0FFF7B4FEBB
:10DDB000002000E0002070BDF0B557464E464546B5
:10DDC000E0B492468418802252000023944249DC39
:10DDD000002946D083B299465346002B35D00F0018
:10DDE0000025FF2398464B465E19B6B2002D01D0A0
:10DDF00073071ED1FFF790FEFA208000FEF7EAF9C4
:10DE00000024FFF761FEA020FFF7A6FEFFF7D8FE73
:10DE1000002804D10134A4B2642CF2D11DE0642C9A
:10DE20001BD040463040FFF797FEFFF7C9FE0028A1
:10DE300013D03878FFF790FEFFF7C2FE00280CD011
:10DE40000135ADB20137AA45CDD1FFF765FEFA2005
:10DE50008000FEF7BFF9012304E0FFF75DFE012318
:10DE600000E0002318001CBC90469946A246F0BD75
:10DE7000002103E00F4B5B58435004310E480F4B19
:10DE800042189A42F6D30E4A03E00023136004239B
:10DE90001A440C4B9A42F8D300F048F90A480B494F
:10DEA00001800B48094901800A480B490180FEF7AF
:10DEB00059F87047589301080000002078050020A9
:10DEC000780500204C47002014000820FFFF0000C8
:10DED0004400082074000820FF030000FEE7000053
:10DEE00082B00022019201380A4B58609A600532D4
:10DEF0001A601900802252020B680193019B1342A1
:10DF0000FAD0044B1A6801218A431A6000229A60F1
:10DF100002B0704710E000E000B583B000226B460D
:10DF2000DA71002006F000F9012006F009F9012855
:10DF300005D104F045FD01226B46DA7105E00020B1
:10DF400004F03EFD00226B46DA71002004F022FD51
:10DF5000012006F027F901280CD1002004F03CFD37
:10DF6000082004F045FD602004F052FD012004F07B
:10DF700009FD0BE06B4607331B78012B03D1022010
:10DF800004F000FD02E0002004F0FCFC03B000BD42
:10DF90000B4B0C4A1A600C4A1A600C4B0C4A1A6064
:10DFA000802189020B4A11608022520019680A43BD
:10DFB0001A60094A80231B0611680B4313607047DF
:10DFC000002000401178AC00674523011420004078
:10DFD000312000004020004004200040F8B50A4BEA
:10DFE0001B6843431F001D0E08D0002480267604C2
:10DFF0003000FFF775FF0134A542F9D13802000A5D
:10E00000FFF76EFFF8BDC046042F002010B584B0A6
:10E010000F226A44002313700E2169440B700D21F6
:10E0200069440B7003A90B700B2169440B700A2122
:10E0300069440B70092169440B7001938020C0056D
:10E04000036803242340137003689B059B0F01336F
:10E050000B701378DBB2012B08D0002B02D0022BFF
:10E060004AD04CE02C4A2D4B1A6048E08021C9056B
:10E070000B68DB02DB0F0B226A4413700B689B06F4
:10E080009B0F013303A8037025480B589B0F254CA9
:10E09000E35CDBB20A246C4423700B589B00DB0E5C
:10E0A0005B000E246C4423700B58DB0BDBB20D219C
:10E0B00069440B701378002B03D0174A174B1A6072
:10E0C00002E0154A154B1A600D236B4418780A2399
:10E0D0006B441978C9B2114C23685843FAF7F0FF22
:10E0E000019001980E236B44197803AB1B785943B8
:10E0F000FAF7E6FF206002E0074A084B1A6009239E
:10E100006B441978C9B2054B1868FAF7D9FF064B6A
:10E11000186004B010BDC04600127A002000002034
:10E12000908800001C0000202400002010B5074B40
:10E13000074A9A60074A084B1A60FFF729FFFFF762
:10E14000EBFE012004F030FC10BDC04600ED00E005
:10E1500000900008006CDC022000002003789A0781
:10E16000D20F50005A07D20F92008218D807C00F62
:10E1700010181A07D20FD2008018DA06D20F120137
:10E1800080189A06D20F520180185A06D20F9201B7
:10E190008018DB09DB01C018C0B27047F0B54746F4
:10E1A00080B407000D001400132200210AF042FA87
:10E1B0000022194B1A70012C02D0022C14D027E037
:10E1C000164C26001236144B98462000FFF7C6FF67
:10E1D0002840854204D143461B78013342461370E0
:10E1E0000134B442F1D113E00C4E01240A4B98469D
:10E1F0003000FFF7B3FF284205D043461B785A1C76
:10E2000041460A70FC540134E4B20136132CEFD1BC
:10E21000380004BC9046F0BD6833002075340020FF
:10E22000F8B5040000220F4B1A70133200210AF0D7
:10E2300001FA0123002000270B4E0125D9B29A00D4
:10E24000B218D278D20703D57A1CE155D7B228008C
:10E250000133132BF2D1002801D0024B1F70200094
:10E26000F8BDC0467034002004B001088000034BA4
:10E270001818C078C007C00FC0B2704704B00108BA
:10E28000C007C00FC0B2704770B5122800D9B7E000
:10E290005C4A821883005C4CE318DB78DB0760D5AE
:10E2A0005A4B1B78012B5CD1012900D098E01178E2
:10E2B0001943C9B202230B43D9B220230B43EF21E8
:10E2C0000B40AF398B4308210B431370504B1E7822
:10E2D000B0421ED01C0031000025002303E00834AA
:10E2E0002178884215D0002900D01D000133DBB20F
:10E2F000042BF4D171E0002D04D1002E02D1444B47
:10E30000187003E00135ED00414BE8540121414B09
:10E310001970414B187080003B4B1818C3789B074D
:10E32000DB0F012B6AD142E001243C4B1C70354BC2
:10E330001B5CDB070DD5374B1C700023344D0026CA
:10E34000EC5C844202D1324C1C1926700833202B1D
:10E35000F6D12C4C235C0825AB43073DAB4323543B
:10E3600017E02A4B1B78002B13D101242B4B1C7078
:10E37000244D2B5C0826B343A3431F34A3431E3C08
:10E38000A34310242343DBB2402423437F242340B0
:10E390002B5480001C4B1818C3789B07DB0F012BF4
:10E3A00010D11A4B1B78012B2AD1012923D11378C4
:10E3B000802149420B43137022E013787F210B40E8
:10E3C00013701DE0002B1BD1104B1B78012B17D1B4
:10E3D00013787F210B40137012E0022D8BD998E740
:10E3E0000029A1D08000084B1818C3789B07DB0FC9
:10E3F000012BE7D1D9E7002902D1DEE7002BE7D0D6
:10E4000070BDC0467434002004B0010854330020AD
:10E410005C320020243500204C330020463300209D
:10E42000037801229343013293437D3213400370FA
:10E430007047C046037808229343043A9343033A53
:10E4400093431F3293431E3A934310221343DBB28C
:10E45000402213437F2213400370704770B5154C60
:10E46000250012352000FFF7E5FF0134AC42F9D159
:10E47000AB22114B1A700023104A1370104A13700C
:10E48000104A1370104A002050709070D3700F4AD9
:10E49000137001220E490430FFF74AFC20220D4977
:10E4A0000720FFF745FC04220B492720FFF740FC1B
:10E4B00070BDC0467534002047330020683300200B
:10E4C00024350020463300204C3300201033002038
:10E4D000543300205C3200205432002010B5040078
:10E4E00003280ED8C000074941180730C0B20822DF
:10E4F000FFF762FC044961182734E0B20122FFF7FC
:10E500005BFC10BD5C32002054320020F0B5474661
:10E5100080B4204E0024B04600251F4FE200424444
:10E5200055709570F5703570137908218B43043957
:10E530008B4303398B431F318B431E398B4310218F
:10E540000B43DBB240210B437F210B401371E319D6
:10E550001D70E0B2FFF7C2FF01340836042CDDD194
:10E560000E4A0023002050709070D3700C4A137034
:10E570000C490B7001222B30FFF71EFC0A4C2500C2
:10E5800012352000FFF756FF0134AC42F9D104BC2C
:10E590009046F0BD5C320020543200204C33002005
:10E5A000103300209533002075340020094A0023E1
:10E5B000137013715370537193709371D370064A33
:10E5C0001380064A1380064A1380064A1380064ABF
:10E5D0001360704714330020C835002058320020E3
:10E5E00044330020E03400200C3300200349A022F3
:10E5F0008B58802083438B507047C0460078004082
:10E60000F8B55F4656464D464446F0B4A14B1B88CC
:10E61000A14A126893423AD2A04AD279D20736D59B
:10E620000A339C4A13809E4B1B79002B13D19C4BC1
:10E630005B78002B0FD19A4B5B79002B0BD1984B59
:10E640009B78002B07D1964B9B79002B03D1944BE1
:10E65000DB78002B10D0934A13880A339BB21380C7
:10E66000914A1268934215D300228E4B1A800121E1
:10E670000120FFF709FE0DE000228A4B1A808B482B
:10E68000FFF7CEFE00210120FFF7FEFD02E0002291
:10E69000804B1A80814BDB7ADB0752D5844A1368A2
:10E6A0000A331360834A1288834909688A4203D374
:10E6B0000021804A118002E00A327E490A80784AAD
:10E6C0001278022A0CD17D4A1268934241D9002364
:10E6D000774A13607A4A1380714B00221A70C7E0A0
:10E6E000012A36D1774A1268934211D3744A1288AC
:10E6F000754909688A420BD200216D4B19600132BD
:10E700006F4B1A800222664B1A70FFF76FFFAFE063
:10E710006E4A1268934200D2AAE06B4B1B68684AAB
:10E7200012889A4200D2A3E00022614B1A600232A2
:10E730005B4B1A70FFF75AFF01210220FFF7A4FD7F
:10E7400096E000235B4A13805D4A1380584A1360A9
:10E750008EE0524BDB7BDB0700D495E05C4B1B78F3
:10E76000002B0BD05A4B1B7A002B05D0584B1D7C2D
:10E770006B1E9D41023502E0012500E00025ED0001
:10E78000534B5D196B79002B65D00024514B994692
:10E79000514B9846514B9B46C24601239C462B68E1
:10E7A0001A0A2B791B061343A200121952001219E0
:10E7B0009B189979DA7912020A430A3291B2997157
:10E7C0000A0ADA711A795879000210434A46126827
:10E7D000424392B246463668B24203D2524612686B
:10E7E00092B206E05E463668B24202D93B4A1268EF
:10E7F00092B291420AD39A71120ADA7162469A72FF
:10E80000EB886246A2409343EB801FE09A7A012A8C
:10E8100037D100221A725A7202329A7216E0197AAD
:10E820005A7A12020A430A3292B21A72110A5972C1
:10E830002B4909684843824208D300221A725A724F
:10E840009A72EA886346A3401343EB800134E4B232
:10E850006B79A342A3D8EB88002B04D101210320BC
:10E86000FFF712FD10E000210320FFF70DFD0BE084
:10E870000A4BDB7BDB0700D570E705E0002AE0D020
:10E88000E4E7022AFAD1CAE73CBC90469946A24680
:10E89000AB46F8BDC835002078B0010804B00108C7
:10E8A000143300205832002074B001087534002061
:10E8B0000C330020443300206CB0010860B0010824
:10E8C000E034002068B0010870B0010864B00108AD
:10E8D000580000205CB0010858B0010854B001088D
:10E8E00050B0010810B502F091FF10BD00B585B021
:10E8F00010220021684609F09DFE064B009301237B
:10E900006A465371044B02936946044805F014FDAE
:10E9100005B000BD7FA90300E5E800080011014033
:10E9200070B582B001266B46DE716B469D1D0024DA
:10E930009C71002002F08AFB002002F08DFB1E4B30
:10E940001C701E4B1C701E4B1C70FFF7CFFF032268
:10E950001C4B1A701C4B1E7001321C4B1A701C4B46
:10E960001C701C4B1C7067321B493020FFF7E0F90C
:10E9700001221A490320FFF7DBF90122184901207F
:10E98000FFF7D6F9012217490220FFF7D1F901223A
:10E9900029000420FFF7CCF901280AD16B46063381
:10E9A0001B78012B05D001226B46D91D0330FFF7E0
:10E9B00003FA02B070BDC046334500203C4500203C
:10E9C000244500200945002034450020154500203D
:10E9D000122F002010450020142F00201445002085
:10E9E000084500201245002000B585B01022002106
:10E9F000684609F01FFE074B009301236A465371D6
:10EA00001373054B02936946044805F095FC05B065
:10EA100000BDC0467FA90300E5E8000800110140E1
:10EA200000B585B010220021684609F003FE064BB0
:10EA3000009301236A465371044B029369460448CC
:10EA400005F07AFC05B000BD7FA90300E5E80008E9
:10EA50000011014072B6BFF34F8F034A034BDA60D7
:10EA6000BFF34F8FC046FDE70400FA0500ED00E05C
:10EA700070B506003E284DD102F052FB040002F0B2
:10EA800053FB0578427812022A4383781B04134310
:10EA90001A00C3781B06134301220271002242713F
:10EAA0007E321A700578427812022A4383781B045A
:10EAB00013431A00C3781B061343027946793602C2
:10EAC0001643721C92B20271120A42712578617863
:10EAD00009022943A27812040A431100E2781206BF
:10EAE0000A4352787F210A409A55207862781202B0
:10EAF0000243A3781B0413431A00E3781B06134355
:10EB00005B787F2B02D8FFF76FFF50E00022284B85
:10EB10001A704CE002F0FCFA040002F0FDFA0578ED
:10EB2000427812022A4383781B0413431A00C378E5
:10EB30001B061343012202710022427140361E70EF
:10EB40000578427812022A4383781B0413431A0083
:10EB5000C3781B0613430279467936021643721CAA
:10EB600092B20271120A4271257861780902294332
:10EB7000A27812040A431100E27812060A4352787E
:10EB80007F210A409A552078627812020243A378C6
:10EB90001B0413431A00E3781B0613435B787F2B97
:10EBA00002D8FFF721FF02E00022014B1A7070BD6E
:10EBB0001145002070B506000D003E2842D102F03C
:10EBC000AFFA02F0B1FA0478427812022243837855
:10EBD0001B0413431A00C3781B061343012202715E
:10EBE000002242717F321A70047842781202224366
:10EBF00083781B0413431A00C3781B06134302795E
:10EC00004179090211434A1C92B20271120A4271FF
:10EC10003E225A54047842781202224383781B041D
:10EC200013431A00C3781B06134302794179090282
:10EC300011434A1C92B20271120A42715D54FFF7ED
:10EC4000D3FE3EE002F068FA0478427812022243D2
:10EC500083781B0413431A00C3781B061343012255
:10EC60000271002242717F321A70047842781202D7
:10EC7000224383781B0413431A00C3781B061343F3
:10EC800002794179090211434A1C92B20271120AB7
:10EC900042715E54047842781202224383781B0446
:10ECA00013431A00C3781B06134302794179090202
:10ECB00011434A1C92B20271120A42715D54FFF76D
:10ECC00093FE70BDF8B502F023FA040002F024FAB6
:10ECD0000578427812022A4383781B0413431A00F2
:10ECE000C3781B0613430122027100224271503285
:10ECF0001A700578427812022A4383781B04134362
:10ED00001A00C3781B061343027947793F02174361
:10ED10007A1C92B20271120A427126786178090255
:10ED20003143A27812040A431100E27812060A4322
:10ED300052787F210A40DA550578427812022A4338
:10ED400083781B0413431A00C3781B06134302790C
:10ED50004179090211434A1C92B20271120A4271AE
:10ED600000225A540578427812022A4383781B0401
:10ED700013431A00C3781B06134302794179090231
:10ED800011434A1C92B20271120A427132225A5441
:10ED90000578427812022A4383781B0413431A0031
:10EDA000C3781B06134302794179090211434A1CB7
:10EDB00092B20271120A427102225A5405784278C4
:10EDC00012022A4383781B0413431A00C3781B06DC
:10EDD000134302794179090211434A1C92B202712C
:10EDE000120A4271BC225A542078627812020243FD
:10EDF000A3781B0413431A00E3781B0613435B78C4
:10EE00007F2B02D8FFF7F0FD02E00022014B1A70C1
:10EE1000F8BDC04611450020F8B505000E001700EA
:10EE20001C0002F075F902F077F9037842781202BB
:10EE30001A4383781B0413431A00C3781B06134339
:10EE4000012202710022427140351D70057842781E
:10EE500012022A4383781B0413431A00C3781B064B
:10EE6000134302794179090211434A1C92B202719B
:10EE7000120A4271320A5A540578427812022A4321
:10EE800083781B0413431A00C3781B0613430279CB
:10EE90004179090211434A1C92B20271120A42716D
:10EEA0005E541A235F43134BDF19FB7C002B1DD0EC
:10EEB0002600013BDBB20133E318057841780902F3
:10EEC0002943827812040A431100C27812060A43C9
:10EED0000179447924020C43611C89B20171090A49
:10EEE00041713178115501369E42E6D1FFF77CFD24
:10EEF000F8BDC046B48D0108F8B5060002F008F967
:10EF0000040002F009F90578427812022A43837856
:10EF10001B0413431A00C3781B061343012202711A
:10EF20000022427140361E700578427812022A4350
:10EF300083781B0413431A00C3781B06134302791A
:10EF400047793F0217437A1C92B20271120A42714A
:10EF50002678617809023143A27812040A4311002D
:10EF6000E27812060A435278DA550578427812029E
:10EF70002A4383781B0413431A00C3781B061343E8
:10EF80000279467936021643721C92B20271120A55
:10EF900042712578617809022943A27812040A4354
:10EFA0001100E27812060A4392789A55FFF71CFD89
:10EFB000F8BDC046F8B5050002F0AAF8060002F058
:10EFC000ABF8047842781202224383781B0413437F
:10EFD0001A00C3781B0613430122027100224271FA
:10EFE00040351D70047842781202224383781B0456
:10EFF00013431A00C3781B061343027947793F0273
:10F0000017437A1C92B20271120A427135787178F4
:10F0100009022943B27812040A431100F278120659
:10F020000A4352787F210A40DA559E4B1B78012B08
:10F0300058D1047842781202224383781B04134388
:10F040001A00C3781B061343027941790902114360
:10F050004A1C92B20271120A42712D225A5404784B
:10F0600042781202224383781B0413431A00C378A8
:10F070001B06134302794179090211434A1C92B2DB
:10F080000271120A4271CF225A5404784278120255
:10F09000224383781B0413431A00C3781B061343CF
:10F0A00002794179090211434A1C92B20271120A93
:10F0B000427146225A5404784278120222438378DD
:10F0C0001B0413431A00C3781B06134302794179CA
:10F0D000090211434A1C92B20271120A427129229A
:10F0E0005A54DCE0704B1B78012B0ED134787278C7
:10F0F00012022243B3781B0413431A00F3781B0651
:10F1000013439B78012B66D10FE0032B63D1347836
:10F11000727812022243B3781B0413431A00F37867
:10F120001B0613439B78032B55D1047842781202B7
:10F13000224383781B0413431A00C3781B0613432E
:10F1400002794179090211434A1C92B200250271E9
:10F15000120A42715D540478427812022243837885
:10F160001B0413431A00C3781B0613430279417929
:10F17000090211434A1C92B20271120A42715D5493
:10F18000047842781202224383781B0413431A0046
:10F19000C3781B06134302794179090211434A1CC3
:10F1A00092B20271120A42715D54047842781202DE
:10F1B000224383781B0413431A00C3781B061343AE
:10F1C00002794179090211434A1C92B20271120A72
:10F1D00042715D5463E004784278120222438378DE
:10F1E0001B0413431A00C3781B06134302794179A9
:10F1F000090211434A1C92B20271120A42712B4D4C
:10F200001C2252422C6862405A54047842781202FE
:10F21000224383781B0413431A00C3781B0613434D
:10F2200002794179090211434A1C92B20271120A11
:10F230004271732252422C6862405A5404784278D8
:10F240001202224383781B0413431A00C3781B065F
:10F25000134302794179090211434A1C92B20271A7
:10F26000120A427119222C6862405A54047842787A
:10F270001202224383781B0413431A00C3781B062F
:10F28000134302794179090211434A1C92B2027177
:10F29000120A42712A681E20404242405A54FFF727
:10F2A000A3FBF8BD1800002015450020E434002021
:10F2B00070B501F02DFF050001F02EFF29786B7865
:10F2C0001B020B431A00AC78240423001343EC7890
:10F2D00024061C43057843781B022B431A008178CF
:10F2E00009040B001343C178090619438A781206F2
:10F2F000CB781B04D2184B79D2180979090252181D
:10F30000D30912041A435200264B534058011B0BD9
:10F31000A2781106E27812048A18617952182179CC
:10F320000902521803439A4206D109221E4B1A7051
:10F3300000221E4B1A7034E01D4B1B78022B27D97C
:10F340001A4B1B78002B09D10B22174B1A700A3A63
:10F35000164B1A700332174B1A7022E0164B1B889B
:10F36000002B0ED10022124B1A7001320F4B1A7073
:10F37000124A114B1A8004230B4A13700D4A137062
:10F380000FE00C22084B1A70083A0A4B1A7008E07A
:10F390000133074A13700A22034B1A70063A054BD1
:10F3A0001A7070BD82FD3E7D092F0020104500209F
:10F3B0000B2F0020154500209200002060EAFFFF7F
:10F3C000F0B583B001F0A4FE040001F0A5FE6D4A83
:10F3D0006D4B1A80BB226B46DA71227963791B026E
:10F3E0001343022B07D00522684B1A7013211020FB
:10F3F000FFF7E0FBC3E02578627812022A43A37886
:10F400001B0413431A00E3781B0613435B787F2227
:10F410001340022B19D0DAB2022A02D8012B05D0F0
:10F4200044E0032B28D0042B33D03FE00123574A7C
:10F430001370574A13700422564B1A700022564B11
:10F440001A701020FFF73EFC99E0504B1B78032BFD
:10F4500005D1013B4D4A13704D4A137033E0022B26
:10F4600031D00722494B1A70063A494B1A702221B3
:10F470001020FFF79FFB82E00323444A1370444AA5
:10F480001370464B1A78444B1A701020FFF71AFC81
:10F4900075E004233D4A13703D4A13703F4B1A78C0
:10F4A0003D4B1A701020FFF70DFC68E00622374B29
:10F4B0001A70053A364B1A7012211020FFF77AFBAA
:10F4C0005DE0FFF7C7FA354B1A78334B1A7001220B
:10F4D000334B1A700578427812022A4383781B0452
:10F4E00013431A00C3781B06134301220271002242
:10F4F00042717F321A700578427812022A4383786B
:10F500001B0413431A00C3781B061343027947797F
:10F510003F0217437A1C92B20271120A4271267896
:10F52000617809023143A27812040A431100E2789B
:10F5300012060A431278DA550478427812022243FE
:10F5400083781B0413431A00C3781B061343027904
:10F550004179090211434A1C92B20271120A4271A6
:10F5600078225A5402F052F90E48FCF733FE012279
:10F570006B46D91D0320FEF71FFC0128A1D003B064
:10F58000F0BDC046102700000C2F0020082F0020DF
:10F590003445002015450020324500201345002049
:10F5A000244500204C1D0000F8B501F0B1FD040019
:10F5B00001F0B2FD6F4B1B88002B09D06E4A6D4BDA
:10F5C0001A80227963791B021343022B13D00DE0BA
:10F5D00001236A4A13700421694A1170694A137041
:10F5E000227963791B021343022B09D013211120C6
:10F5F000FFF7E0FABCE0614B1B78023B012B04D91A
:10F600007E211120FFF7D6FAB2E05D4B1B78022273
:10F610009343012B04D033211120FFF7CBFAA7E04D
:10F620002578627812022A43A3781B0413431A0038
:10F63000E3781B0613435B787F221340DAB2052A76
:10F6400000D991E09B00504AD3589F464B4D01266C
:10F650002E700778427812023A4383781B041343D2
:10F660001A00C3781B061343012202710022427163
:10F6700051321A700778427812023A4383781B0499
:10F6800013431A00C3781B0613430179427912020F
:10F690000A439446013292B20271120A42712778EB
:10F6A000617809023943A27812040A431100E27812
:10F6B00012060A4352787F210A4061465A54FFF7E6
:10F6C00093F92D48FCF786FD2E70FFF7C3F9012250
:10F6D0002A4B1A704CE0294D01262E70077842788B
:10F6E00012023A4383781B0413431A00C3781B06A3
:10F6F0001343012202710022427151321A700778BD
:10F70000427812023A4383781B0413431A00C378E9
:10F710001B0613430179427912020A4394460132CF
:10F7200092B20271120A4271277861780902394354
:10F73000A27812040A431100E27812060A435278B2
:10F740007F210A4061465A54FFF74EF90A48FCF7F8
:10F7500041FD2E70FFF77EF90122084B1A7007E079
:10F760000122064B1A7003E012211120FFF722FA42
:10F77000F8BDC0460C2F002010270000082F0020E5
:10F780001545002034450020548D010870B501F066
:10F79000BFFC040001F0C0FC05002F4B1B88002BB0
:10F7A00009D02E4A2C4B1A80227963791B0213430D
:10F7B000042B13D00DE00123294A13700421294A98
:10F7C0001170294A1370227963791B021343042BA9
:10F7D0000FD013211420FFF7EDF93CE0204B1B78EC
:10F7E00002229343012B04D022211420FFF7E2F9D7
:10F7F00031E02078627812020243A3781B0413439D
:10F800001A00E3781B0613435A7811049A781202FF
:10F810008A18DB78D218154B9A4218D1FEF776FE7B
:10F820000122134B1A7028786A7812020243AB78CF
:10F830001B0413431A00EB781B06134301222A71A1
:10F8400000226A7154321A70FFF7CEF803E03121BA
:10F850001420FFF7AFF970BD0C2F00201027000017
:10F86000082F00201545002034450020FFFFFF0031
:10F87000122F0020F0B55F4656464D464446F0B480
:10F880008DB001F045FC050001F046FC0400D24BB0
:10F890001B88002B03D0D14ACF4B1A8007E00123ED
:10F8A000CF4A13700421CF4A1170CF4A13702A79BE
:10F8B0006B791B021343023B9BB2012B04D913212A
:10F8C0001920FFF777F965E228786A781202024377
:10F8D000AB781B0413431A00EB781B06134399788B
:10F8E0005B78022B00D194E00A2B00D188E1012B38
:10F8F00000D04BE201226846FEF750FC2078627887
:10F9000012020243A3781B0413431A00E3781B0678
:10F910001343012222710022627159321A70207839
:10F92000627812020243A3781B0413431A00E3789F
:10F930001B061343227967793F0217437A1C92B260
:10F940002271120A62712E78697809023143AA780D
:10F9500012040A431100EA7812060A435278DA5573
:10F960002078627812020243A3781B0413431A0022
:10F97000E3781B06134322796179090211434A1C7B
:10F9800092B22271120A6271984A12785A542078FF
:10F99000627812020243A3781B0413431A00E3782F
:10F9A0001B06134322796179090211434A1C92B262
:10F9B0002271120A627101225A542078627812026E
:10F9C0000243A3781B0413431A00E3781B06134376
:10F9D00022796179090211434A1C92B22271120AFA
:10F9E0006271834A12785A5428786A781202024364
:10F9F000AB781B0413431A00EB781B0613435B78A8
:10FA00007F2B02D8FEF7F0FFC4E10022794B1A7079
:10FA1000C0E1022207A8FEF7C1FB2078627812023B
:10FA20000243A3781B0413431A00E3781B06134315
:10FA3000012222710022627159321A702078627894
:10FA400012020243A3781B0413431A00E3781B0637
:10FA50001343227967793F0217437A1C92B22271CD
:10FA6000120A62712E78697809023143AA78120469
:10FA70000A431100EA7812060A435278DA552078D0
:10FA8000627812020243A3781B0413431A00E3783E
:10FA90001B06134322796179090211434A1C92B271
:10FAA0002271120A6271514A12785A54504B1B78D3
:10FAB000002B7BD00026504F504B99464C4B98461C
:10FAC0002078627812020243A3781B0413431A00C1
:10FAD000E3781B0613432179627912020A439246A6
:10FAE000013292B22271120A627107AA925D9346A4
:10FAF00092009446D25D6246B9184A7850461A542C
:10FB00002378627812021A43A3781B041A43E3781D
:10FB10001B06134322799246627912025046104323
:10FB200082460200013292B22271120A627162466A
:10FB3000D25D487850461A542378627812021A43EC
:10FB4000A3781B041A43E3781B06134322799446D7
:10FB500062791202604610430200013292B22271B1
:10FB6000120A62718A781A542378627812021A4350
:10FB7000A3781B0413431A00E3781B06134322796E
:10FB80006179090211434A1C92B22271120A627110
:10FB90009A468A4458464844FEF7E0FA534618709D
:10FBA0000136F6B243461B78B34289D828786A7882
:10FBB00012020243AB781B0413431A00EB781B06B6
:10FBC00013435B787F2B02D8FEF70EFFE2E00022A2
:10FBD000084B1A70DEE0C0460C2F002010270000F2
:10FBE000082F002015450020344500204733002011
:10FBF000683300201145002004B00108743400204F
:10FC000007A8FEF70DFB2078627812020243A37862
:10FC10001B0413431A00E3781B06134301222271CD
:10FC20000022627159321A702078627812020243FF
:10FC3000A3781B0413431A00E3781B0613432279AD
:10FC400067793F0217437A1C92B22271120A6271DD
:10FC50002E78697809023143AA7812040A43110008
:10FC6000EA7812060A435278DA552078627812024E
:10FC70000243A3781B0413431A00E3781B061343C3
:10FC800022796179090211434A1C92B22271120A47
:10FC90006271444A12785A54434B1B78002B72D03D
:10FCA0000025424E424B98463F4B9A462078627858
:10FCB00012020243A3781B0413431A00E3781B06C5
:10FCC00013432179627912020A431700013292B27A
:10FCD0002271120A627107AA505D82009446925DF9
:10FCE0006246B1184A78DA552378627812021A43CC
:10FCF000A3781B041A43E3781B061343994627791C
:10FD00006279120217437A1C92B22271120A62714E
:10FD10006246925D4B784B46DA5523786278120240
:10FD20001A43A3781B041A43E3781B061343227972
:10FD300067793F0217437A1C92B22271120A6271EC
:10FD40008A78DA552378627812021A43A3781B0462
:10FD500013431A00E3781B061343227961790902E1
:10FD600011434A1C92B22271120A62719946894467
:10FD70004044FEF7F3F94B4618700135EDB2534697
:10FD80001B78AB4292D8FEF72FFE03E01221192018
:10FD9000FEF710FF0DB03CBC90469946A246AB461C
:10FDA000F0BDC046473300207034002004B0010885
:10FDB00074340020F8B501F0ABF9040001F0ACF99F
:10FDC0000122884B1A70884B1B88002B03D0874A6E
:10FDD000854B1A8007E00123854A13700421854A68
:10FDE0001170854A1370227963791B021343032B28
:10FDF00004D013212220FEF7DDFEF1E020786278A6
:10FE000012020243A3781B0413431A00E3781B0673
:10FE10001343597809029B78591889B2774B1F7898
:10FE2000002F2AD0764B1A785B781B021343994235
:10FE300000D1C6E00120724D1A239C4618E006004E
:10FE40000130634673435C5DEB185B781B02234310
:10FE500099420DD11A235E43694B9E19B378002B4A
:10FE600009D0022B07D031212220FEF7A3FEB7E0F4
:10FE7000C2B2BA42E3D3BA4205D131212220FEF701
:10FE800099FEADE0002216001A2757435C4BDF199C
:10FE9000FD783B791B022B4318007C792404230056
:10FEA0000343BC7924061C4317D02378002B0FD0C2
:10FEB00051480578AB4209D0002301E0A84205D0A3
:10FEC0000133DBB2E05C0028F8D101E0002D04D161
:10FED00031212220FEF76EFE82E01A277743484B3D
:10FEE000DF19FD793B7A1B022B4318007C7A24042E
:10FEF00023000343BC7A24061C4317D02378002B2D
:10FF00000FD03C480578AB4209D0002301E0A8425D
:10FF100005D00133DBB2E05C0028F8D101E0002D10
:10FF200004D133212220FEF745FE59E0354B99429A
:10FF300023D11A2373433248C3189B78002B0ED168
:10FF40001A335E438619B57DF07D00022843337E67
:10FF50001B0403431800737E1B06034309E01A20A9
:10FF6000464327488619347D737D1B022343264868
:10FF70001B1808241B48047029E01A2373432048E7
:10FF8000C3189B78002B0ED11A335E438619B57DBA
:10FF9000F07D00022843337E1B0403431800737E68
:10FFA0001B06034309E01A20464315488619347D91
:10FFB000737D1B02234314481B180824094804704E
:10FFC00005E00F4B9B78002B00D15BE703E022207C
:10FFD000FEF722FF04E00022022B00D153E742E7A4
:10FFE000F8BDC0460A2F00200C2F0020102700006B
:10FFF000082F00201545002034450020DF00002098
:020000040801F1
:10000000B48D010887F10000142F002010B501F015
:100010007FF8040001F080F8614B1B88002B09D0A9
:10002000604A5F4B1A80227963791B021343022BCB
:1000300010D118E001235C4A137004215B4A11704F
:100040005B4A1370227963791B021343022B00D0A1
:10005000A0E00DE0062B06D01122564B1A700D3A87
:10006000524B1A7091E0504B1B78023B012B06D982
:100070000E22504B1A700A3A4C4B1A7062E02078EC
:10008000627812020243A3781B0413431A00E37838
:100090001B0613435B787F221340012B02D0022BF7
:1000A0001DD040E0444B1B78012B0ED1434B1B78F5
:1000B000022B0AD9424B1B88002B06D00B223D4B4A
:1000C0001A70073A394B1A7046E001223D4B1A70FC
:1000D0000132384B1A700232344B1A702EE0394B11
:1000E0001B78002B06D10D22324B1A70093A2F4B88
:1000F0001A7040E02F4C062323702720FFF7D8F812
:100100002378092B06D10122284B1A7000222D4B8F
:100110001A700FE000212B4A1170112B3ED89B0062
:10012000294AD3589F461022224B1A700C3A1F4B73
:100130001A700CE02720FEF79BFC2FE02720FEF72B
:1001400039FF2BE07F212720FEF734FD26E0122126
:100150002720FEF72FFD21E036212720FEF72AFD7C
:100160001CE035212720FEF725FD17E03721272049
:10017000FEF720FD12E024212720FEF71BFD0DE0F5
:1001800022212720FEF716FD08E013212720FEF785
:1001900011FD03E0062B00D05EE769E710BDC04605
:1001A0000C2F002010270000082F002015450020EC
:1001B00034450020092F0020104500200B2F00207F
:1001C000920000200F2F00206C8D010810B582B026
:1001D00000F09EFF040000F09FFF00226B46DA71E2
:1001E00001236A469371614A1370614B1B88002B8F
:1001F00009D0604A5E4B1A80227963791B0213434F
:10020000022B0ED915E001235B4A137004215B4ACF
:1002100011705B4A1370227963791B021343022B1E
:100220000BD80322514B1A7013212820FEF7C2FC71
:100230009AE0514B1B78032B07D004224B4B1A70CA
:100240007E212820FEF7B6FC8EE02078627812022C
:100250000243A3781B0413431A00E3781B061343DD
:100260005A787F210A40012A1DD0002A04D0022A90
:1002700030D0032A45D05BE09B78012B0FD10622BA
:100280003A4B1A7000F070FD00F092FD01226B46AF
:10029000991D0520FDF790FD012865D150E002224F
:1002A000324B1A705CE09B78012B0FD107222F4B49
:1002B0001A7000F07DFD00F05DFD01226B46D91D36
:1002C0000520FDF779FD01284ED13DE00222274BA4
:1002D0001A7045E09B78012B0FD10822234B1A702E
:1002E00000F04EFD00F040FD01226B46991D0520F7
:1002F000FDF762FD012837D12AE002221B4B1A705C
:100300002EE09B78012B0FD10922184B1A7000F0B8
:1003100037FD00F02FFD01226B46D91D0520FDF7AA
:100320004BFD012820D117E00222104B1A7017E074
:1003300005220E4B1A7012212820FEF73BFC13E019
:100340002820FEF795FB0FE02820FEF791FB0BE03D
:100350002820FEF78DFB07E02820FEF789FB03E04D
:1003600031212820FEF726FC02B010BD102F0020FE
:100370000C2F002010270000082F0020154500201A
:1003800034450020F0B54F464646C0B483B000F077
:10039000BFFE040000F0C0FE207862781202024323
:1003A000A3781B0413431A00E3781B061343587801
:1003B00000029B78181880B200282ED100226B46CC
:1003C0005A716B46991DFF230B706A46D371012247
:1003D0000130FDF7F1FC012800D06BE101226B46F2
:1003E000D91D0130FDF7E8FC012800D062E10122AF
:1003F0006B46591D0330FDF7DFFC012800D059E1A1
:1004000001226B46591D0430FDF7D6FC002800D1AF
:1004100050E12E20FEF770FD4CE101282ED1012283
:100420006B465A716B46991DAA230B70CB326B46F3
:10043000DA71CB3AFDF7C0FC012800D03AE1012285
:100440006B46D91D0130FDF7B7FC012800D031E122
:1004500001226B46591D0330FDF7AEFC012800D088
:1004600028E101226B46591D0430FDF7A5FC012847
:1004700000D01FE12D30FEF73FFD1BE103282ED1F8
:1004800000226B465A716B46991DFF230B706A461A
:10049000D37101220238FDF78FFC012800D009E159
:1004A00001226B46D91D0130FDF786FC012800D0E2
:1004B00000E101226B46591D0330FDF77DFC012848
:1004C00000D0F7E001226B46591D0430FDF774FCA3
:1004D000002800D1EEE02E20FEF70EFDEAE0784B7A
:1004E0001B88002B03D0774A754B1A8007E0012345
:1004F000754A13700421754A1170754A1370227978
:1005000063791B0213439946032B11D9714B1B7856
:100510009C46002B2ED0704B1A785B781B0213433D
:10052000984200D1BEE001226B4E1A2398461CE08F
:1005300013212E20FEF73EFBBCE01700013243469C
:100540007B43995DF3185B781B020B4398420CD1F7
:100550001A235F43604BDF19BB78013B012B07D99E
:1005600031212E20FEF726FBA4E0D5B26545E4D369
:10057000654504D131212E20FEF71CFB9AE02F00A7
:100580001A236B43544AD318DA7CD31C994504D000
:1005900013212E20FEF70EFB8CE01A235D434E4BF9
:1005A0005D19EE7A2B7B1B0233431900687B000434
:1005B00003000B43A87B0006184318D00378002BD8
:1005C00010D043490D78AB4209D0002301E0A94285
:1005D00006D00133DBB2C15C0029F8D102E0002370
:1005E000002D05D131212E20FEF7E4FA62E0002330
:1005F0001A257D4338494D19EE7B297C0902314388
:100600000800697C083509040143AD7A2D060D43C5
:1006100017D0297800290FD02C480678B14209D08C
:10062000002101E0B04205D00131C9B2685C002868
:10063000F8D101E0002E04D133212E20FEF7BAFAC2
:1006400038E01A214B432449CB18187D10335B79CD
:100650001B02034321499C468C44002A13D00021ED
:100660002678607800023043A3781B040343180007
:10067000E3781B060343CB18DB7860464354013113
:10068000CBB29A42ECD892B21A235F43124BDF19D5
:10069000387D3030C0B26146FDF78EFB2E20FEF76C
:1006A0002BFC07E00C4B9B78013B0025012B00D86D
:1006B00065E755E703B00CBC90469946F0BDC046CF
:1006C0000C2F002010270000082F002015450020C7
:1006D00034450020DF000020B48D0108142F0020D5
:1006E00010B500F01DFD040000F01EFD264B1B8818
:1006F000002B09D0254A244B1A80227963791B02EA
:100700001343022B0ED115E00123214A137004215B
:10071000204A1170204A1370227963791B02134317
:10072000022B0BD002221D4B1A7013213E20FEF724
:1007300041FA27E0164B1B78012B07D10622174BF5
:100740001A707F213E20FEF735FA1BE02078627890
:1007500012020243A3781B0413431A00E3781B061A
:1007600013435B785B0607D003220C4B1A701221EF
:100770003E20FEF71FFA05E00422084B1A703E20C7
:10078000FEF776F910BDC0460C2F002010270000A0
:10079000082F002015450020344500200E2F002092
:1007A00010B500F0BDFC124B1B78012B1FD1114B73
:1007B0001B78012B03D0104B1B78012B17D1047829
:1007C00042781202224383781B0413431A00C37831
:1007D0001B0613431B783E2B01D1FFF781FF00203E
:1007E00000F03AFC0023034A1370034A137010BD53
:1007F0003D45002038350020C934002070B582B056
:1008000000F086FC040000F087FC050001226B4626
:10081000DA7100226B469A717C4B1B88002B09D041
:100820007B4A7A4B1A80227963791B021343022B8D
:100830000ED112E00123774A13700421764A117019
:10084000764A1370227963791B021343022B09D075
:1008500013218520FEF7AEF9D6E06E4B1B78023BE4
:10086000012B04D922218520FEF7A4F9CCE02078C1
:10087000627812020243A3781B0413431A00E37840
:100880001B0613435B787F221340012B02D0022BFF
:100890005BD0B5E001226B46D91D0420FDF78CFA30
:1008A00001284DD101225E490330FDF741FA287835
:1008B0006A7812020243AB781B0413431A00EB78E8
:1008C0001B06134301222A7100226A71C5321A7075
:1008D00028786A7812020243AB781B0413431A008B
:1008E000EB781B0613432A796E7936021643721C85
:1008F00092B22A71120A6A71257861780902294335
:10090000A27812040A431100E27812060A435278D0
:100910007F210A409A552078627812020243A37818
:100920001B0413431A00E3781B0613435B787F2BE9
:1009300002D8FEF759F867E000223A4B1A7063E0DC
:1009400022218520FEF736F95EE001226B46991DD3
:100950000420FDF731FA01284DD10122304903303E
:10096000FDF7E6F928786A7812020243AB781B0497
:1009700013431A00EB781B06134301222A7100224D
:100980006A71C5321A7028786A7812020243AB780D
:100990001B0413431A00EB781B0613432A796E7964
:1009A00036021643721C92B22A71120A6A712578B5
:1009B000617809022943A27812040A431100E278FF
:1009C00012060A4352787F210A409A5520786278AD
:1009D00012020243A3781B0413431A00E3781B0698
:1009E00013435B787F2B02D8FDF7FEFF0CE000225B
:1009F0000C4B1A7008E022218520FEF7DBF803E09B
:100A000012218520FEF7D6F802B070BD0C2F002011
:100A100010270000082F0020154500203445002035
:100A2000543300201145002010B582B000F070FB57
:100A3000040001226B46DA7100226B469A71714BF9
:100A40001B78012B0DD1704B1B780A33DBB2312B95
:100A500002D86D4A137004E000236B4A1370694A90
:100A600013706A4B1B78022B0DD9694B1B88002B26
:100A700006D10022664B1A800332644B1A7002E0E2
:100A80000A3B634A1380634B1B78012B22D1624BD4
:100A90001B88002B1BD10133604A1370604A13700E
:100AA0000422604B1A70033A6B46991D0420FDF72F
:100AB0003FF901280ED16B4606331B78012B09D074
:100AC00001226B46D91D0330FDF776F902E00A3B9F
:100AD000514A1380544B1B78012B00D08FE0534BAD
:100AE0001B78012B4ED12078627812020243A37842
:100AF0001B0413431A00E3781B06134318782228BB
:100B000024D00AD8112818D002D8102812D02FE0EB
:100B1000142815D0192816D02AE02E281FD004D862
:100B2000272816D0282817D022E03E281AD085285A
:100B30001BD01DE0FEF744FC1DE0FEF735FD1AE07A
:100B4000FEF724FE17E0FEF795FE14E0FFF732F9FA
:100B500011E0FFF75BFA0EE0FFF738FB0BE0FFF761
:100B600011FC08E0FFF7BCFD05E0FFF747FE02E0DF
:100B70001121FEF71FF8002000F068FA00222B4B2D
:100B80001A703CE02A4B1B78012B38D12078627810
:100B900012020243A3781B0413431A00E3781B06D6
:100BA00013431B78192B1AD0DAB2192A06D8112B45
:100BB0000FD0142B10D0102B1CD107E0282B14D0F1
:100BC000DAB2852A14D0222B14D10BE0FEF7F8FB01
:100BD00010E0FEF7E9FC0DE0FEF7D8FD0AE0FEF7B5
:100BE00049FE07E0FFF7E6F804E0FFF7EFFA01E05F
:100BF000FFF704FE00230C4A13700D4A137002B075
:100C000010BDC046122F0020112F00200B2F0020F6
:100C100092000020324500200C2F0020082F0020D9
:100C2000344500201545002013450020E234002003
:100C300071340020F0B58DB002AC282200212000D4
:100C400007F0F8FC01AE00250195304F012200218C
:100C5000380002F011F901220121380002F00CF9EC
:100C60002B4F00220821380002F006F9012208214A
:100C7000380002F067F900220821380002F0ECF891
:100C80000523337006337370093BB370F370013B77
:100C9000A371204A6261A570E570042222701E4A89
:100CA00022621E4A6262A6616371E3711C4A1D4B97
:100CB0001A611D4A1D4B1A611D4A1E4B1A611E4ABC
:100CC0001E4B1A6121001E4801F0C0FC1D4B1D7017
:100CD0001D4B1D701D4B1D701D4B1D701D4B1D7040
:100CE0001D4B1D7001221D490520FDF721F81C4CEC
:100CF00010220021200007F09DFC08238C221949B6
:100D0000200000F0CFFD0DB0F0BDC046300008203F
:100D100060000820FE002A00E4000020F50D010814
:100D20007C320020CC340020983300208033002017
:100D3000CC3200200035002088340020EC34002024
:100D40000078004094330020E23400207134002009
:100D500038350020C9340020CA3500202535002050
:100D600058330020C83100200122014B1A7070470F
:100D7000253500200022014B1A70704725350020D0
:100D800070B582B0084C26003036084DA368626802
:100D9000217860780090280001F028FC0C34B442DF
:100DA000F4D102B070BDC0461401002000780040AC
:100DB00070B582B0084C26003036084DA3686268D2
:100DC000217860780090280001F010FC0C34B442C7
:100DD000F4D102B070BDC046E400002000780040AD
:100DE0000349A0228858802303438B507047C04694
:100DF00000780040F0B557464E464546E0B4060040
:100E0000884692460B009B0508D5A023C358DB07F4
:100E100004D5FFF7E5FF0122694B1A7043461B0416
:100E200000D58CE092E03900300001F08FFB39688A
:100E3000FC23DB0099421DD1624B1B691A78022A00
:100E400009D15B783E2B06D1013A5F4B1A70002224
:100E50005E4B1A7005E001225D4B1A7000225D4B5B
:100E60001A7001225C4B1A7000235C4A13705C4AB2
:100E7000137065E05B4B99421DD1524B1B691A7888
:100E8000022A09D15B783E2B06D100224E4B1A7004
:100E900001324E4B1A7005E000224D4B1A700132A0
:100EA0004C4B1A7001224C4B1A7000234B4A1370A2
:100EB0004B4A137044E0FA23DB0099420ED1002321
:100EC000434A1370434A13700121454A11703E4A48
:100ED00013703E4A1370414A137031E0424B9942FD
:100EE0001FD8424B9C46374B99466346484634C808
:100EF00034C314C814C30023354803703548037045
:100F00003748037030480370304803700120334B7A
:100F100018704B465B7A4A461269354800F0F0FC7F
:100F20000EE000232A4A13702A4A1370264A1370CF
:100F3000264A1370294A1370294A137000E0214F82
:100F4000A023F3589B019B0F00D06CE743465B0541
:100F50000FD5A023F258C0239B021A4209D0A02328
:100F6000F3589B0405D4A022B3588021C9000B4339
:100F7000B3504346DB031DD55346062B1AD89B00BE
:100F80001C4AD3589F4601220D4B5A7012E0012291
:100F90000B4B9A700EE00122094BDA700AE0012235
:100FA000074B1A7106E00122054B5A7102E001223B
:100FB000034B9A711CBC90469946A246F0BDC046B0
:100FC000143300208033002038350020C93400203D
:100FD000E23400207134002094330020CA35002010
:100FE000D4050020DF070000FF060000EC340020DD
:100FF000583300206C8E010810B5104B1B78012B64
:1010000007D10F4B0A689A4203D8012201F038FA3F
:1010100012E00A680B4B1340BD24E400A34203D145
:10102000012201F02DFA07E0074B9C466244032A97
:1010300002D8012201F024FA10BDC0462535002057
:10104000FF060000FFFDFFFF2FF8FFFF014B1870A8
:101050007047C04613450020014B18707047C046CA
:101060003D45002000231B4800221B491A545A54B6
:101070000133882BFAD100231848002218491A544A
:101080005A540133082BFAD1164A124B136000232D
:101090009380D380144A104911609380D380134AFF
:1010A0000E4911609380D380114A0D4911609380DD
:1010B000D380104A136001220F490A700F490A7049
:1010C0000F490A700F4A13800F4A13800F4B0022FA
:1010D0001A707047CC2F002054300020B42F00200D
:1010E000A02F0020942F0020A82F0020BC2F00202C
:1010F000DC300020C82F00201C4500203E45002089
:101100002C450020304500202E45002011450020B0
:1011100000487047942F002000487047A82F0020F7
:1011200000487047BC2F002000487047DC3000208A
:1011300070B5437A082B15D019000822D31A002B5A
:101140000EDD00220023FF2608250469A446624420
:1011500056540133DBB21A00417A6C1AA342F4DB15
:101160000823437270BDC046F0B5474680B41A4BA1
:101170001B691B780F2213405A1E062A29D80268C1
:101180009BB2137100235371134B1B691A7812071A
:101190001CD00025104A94460F275B195B789846AF
:1011A00006683478727812022243B3781B04134322
:1011B0001A00F3781B06134342465A550135EDB227
:1011C00063461B691A783A409542E6DB0522034BD9
:1011D0001A7004BC9046F0BD8033002011450020F9
:1011E000F0B5184B1A6913781B025178F0221201DE
:1011F0001A405218072A23DD02681B0511711B0FC4
:10120000537100250F4B9C4663461B695B199F7801
:1012100006683478727812022243B3781B041343B1
:101220001A00F3781B0613435F550135062DEBD1E9
:10123000036806229A710022DA710232024B1A7098
:10124000F0BDC0468033002011450020F0B5474670
:1012500080B40468444B1F69A379E5792D021D43CE
:101260003B780F261E4007212800F7F729FF80B2A0
:1012700001300F23184086424CD100223B4B1A808C
:10128000394B5B7A012B2DD9227963791B021343E9
:101290009D424CD326E062461269925D90462578C5
:1012A000617809022943A27812040A431100E27806
:1012B00012060A434146D154A279E3791B02134333
:1012C00001339BB2A3711A0AE2710136082E09D0CC
:1012D000797AF2B2914205D92179627912020A43F0
:1012E0009A42D8D80322224B1A70A079E1790902D8
:1012F000227963791B02014313430920994230D3B9
:1013000001231C4A13701C4A13700522184B1A70D3
:10131000083826E00122174B1A70002323716371ED
:10132000A371E371124B00221A70092019E07E7834
:101330002078627812020243A3781B0413431A0038
:10134000E3781B0613435E55A279E3791B0213432E
:1013500001339BB2A3711A0AE2710226024FBC4606
:10136000B6E704BC9046F0BD803300202E45002037
:10137000114500201C4500201345002010B582B007
:10138000614B0193614B0093614B1B78002B17D18C
:10139000604BDB88062B13D15F4A13880A339BB25C
:1013A00013805E4A93420BD90122594B1A70594A55
:1013B00000239380D380584A1380594B00221A701F
:1013C000584B1B78002B17D1574B1B78012B13D18F
:1013D000564A13880A339BB21380504A93420BD962
:1013E0000122504B1A70484A00239380D3804F4A01
:1013F00013804B4B00221A704D4B1B78012B03D0EE
:101400004C4B1B78012B17D14B4B1B78012B13D165
:101410004A4B1B691B781B090BD1414B1B78002BD6
:1014200007D10124464B1C706846FFF79DFE454BD3
:101430001C700022404B1A70434B1B78012B03D0C9
:10144000424B1B78012B5CD13B4B1B78012B58D1B5
:101450003A4B1B691B781B09012B13D0002B04D0BE
:10146000022B37D0032B23D048E02D4B1B78002BC9
:1014700044D10124364B1C7001A8FFF775FE354B93
:101480001C703BE0264B1B78002B37D10322304BDE
:101490001A7001A8FFF7A4FE0023224A1370224A03
:1014A0001370294A1370294A1370FDF79DFA25E03D
:1014B0001B4B1B78082B21D10422194B1A70023ABE
:1014C000234B1A700023204A1370204A1370FDF733
:1014D0008BFA13E0124B1B780A2B01D0032B0DD192
:1014E000104B1B78002B09D10F4B1B78012B05D11A
:1014F0000122174B1A7001A8FFF7A8FE00220E4B1D
:101500001A7002B010BDC046942F0020BC2F0020DE
:101510002C450020A82F002030450020CF070000D8
:10152000114500201C4500203E4500202E4500208E
:1015300038350020C9340020943300208033002047
:101540003C4500203D450020E2340020713400205D
:10155000244500201345002010B5094CFD23DB0075
:10156000236000236373E3722000FFF7E1FD08238B
:101570006372012221000348FFF73EFD10BDC04603
:10158000CC3400200078004070B505001D4B1B696D
:1015900002791A7000241B4E28786A7812020243DE
:1015A000AB781B0413431A00EB781B0613431A5D38
:1015B00033691B195A700134E4B22A796B791B0222
:1015C0001343A2B29A42E7D90E4C01336372200052
:1015D000FFF7C2FF00232B716B71AB71EB712369B5
:1015E0001A78032A09D15A787F2A06D1DB78782B1A
:1015F00003D1783A044B1A7002E00022024B1A70B1
:1016000070BDC046CC3400201145002070B5204B81
:101610001A6913781909012911D10E310B4052783A
:101620009B183224822B14DCA0231A4AD458A4031A
:10163000A40F033C624262413032140009E0A0234F
:10164000144AD458A403A40F033C624262413032CE
:101650001400114D2B691C7012232A695370063B2C
:101660002A699370093B6B7200236B73FD23DB00C7
:101670002B602800FFF75CFD08236B720122290014
:101680000448FFF7B9FC0A22044B1A70200070BD11
:101690008033002000780040CC3400201145002029
:1016A00010B50400FD23DB00036000234373FFF744
:1016B0003FFD012221000248FFF79EFC10BDC046FD
:1016C0000078004070B50500154A43790F210B40A2
:1016D000103311690B70136902795A700024104E8F
:1016E00028786A7812020243AB781B0413431A006D
:1016F000EB781B0613431A5D33691B199A7001348A
:10170000062CEDD10623AB710023EB7104480234A3
:101710004472FFF7C5FF034B1D60034B1C7070BD87
:10172000CC340020C82F002011450020F8B5334BE1
:101730001C68002C60D0324B1D69A379E07900024F
:1017400018430721F7F7BCFC01300F231840203065
:101750002870A279E3791B0213432179627912027E
:101760000A43934223D20126254F25786178090246
:101770002943A27812040A431100E27812060A43B0
:10178000D35C3A699355A279E3791B021343013381
:101790009BB2A3711A0AE271F5B2072E08D0013686
:1017A0002179627912020A439A42DED800E00025CC
:1017B000134801354572FFF773FF0922114B1A7068
:1017C000A079E1790902227963791B02014313436D
:1017D0000020994211D30025084B1D60002323717E
:1017E0006371A371E3710122074B1A70FDF718F9B9
:1017F000044B1D70012000E00020F8BDC82F002020
:10180000CC340020114500202C45002010B51E4B83
:101810009A88531E9BB2062B05D81B48FFF7B4FECF
:10182000FDF7FEF82EE0072A12D9174BDB88002BB4
:101830000AD11548FFF746FF0023144A1370144AD3
:101840001380FDF7EDF81DE00F48FFF76FFF19E07B
:10185000104B1B78022B0AD1FFF7D8FE01220E4B4A
:101860001A7000220D4B1A80FDF7DAF80AE00C4BD3
:101870009B88013B9BB2062B04D80948FFF784FEE6
:10188000FDF7CEF810BDC046A82F00202C45002043
:1018900030450020114500203E4500202E45002007
:1018A000DC30002070B5041E15D0002915D00120B1
:1018B000002A13D09D1DAA4210D32260E160A360CC
:1018C00029001000F7F7FCFB207100236371A3715E
:1018D000E371002002E0012000E0012070BDC0465D
:1018E000002809D042790323002A06D00179002379
:1018F0008A425B415B0000E0012318007047C0464C
:10190000F0B557464E46C0B483B007008946140070
:101910000193002842D0002A42D0826892460120DA
:101920009A423ED33800FFF7DBFF022839D03D79D9
:10193000002D13D0FE68514606313378002B0AD0B3
:10194000002303E076183278002A06D00133DBB298
:10195000AB42F7D102E0002500E01D00B01D019A66
:10196000210006F029FE4B46B3704B461B0AF3706C
:101970004B461B0C33714B461B0E737101233370A6
:10198000BB689A1DFB795343FA68944663445D70C3
:10199000FD717B7901337B71002002E0012000E0C2
:1019A000012003B00CBC91469A46F0BDF0B55F46ED
:1019B00056464D46E0B482B0071E894601929A46CB
:1019C00058D0002A58D05346002B57D0FFF788FF35
:1019D000032803D10023524613605BE0BD79FB6806
:1019E0009C46BB689B46981D00E0150004006C43B4
:1019F0006444A378E27812021A4323791B04134348
:101A00001A0063791B0613434B453ED062782E00C3
:101A1000FB79AB42E9D133E053465A461A60A11D27
:101A200053461A68019806F0C7FD002323707B799E
:101A3000013B7B713800FFF753FF032804D10023DB
:101A4000BB71FB71002025E0BB79AB4203D1637809
:101A5000BB7100201EE0FB79AB4202D1FE71002079
:101A600018E06278BB6806337343F968CB185A7084
:101A700000200FE001200DE001200BE0012009E033
:101A8000002352461360012004E053461B689B4527
:101A9000C2D3C4E702B01CBC91469A46A346F0BD2F
:101AA000F0B583B00C0053070ED5B54B06221A7063
:101AB0000022B4494A701A725A721A74DA73B24A1E
:101AC000516A04230B435362E30700D423E100234C
:101AD0000193AD4802F020FDAA4B5B78012B16D193
:101AE000A74B5A7A5A7A0132D2B25A725A7A997AF2
:101AF000D3B28B4200D00EE1A14B1B78072B00D054
:101B000009E19F4B00221A700132DA7303E1C5B27A
:101B10009B4B1B78042B0BD1552D03D10622984BE0
:101B20001A70F8E0964B00221A701A74DA73F2E019
:101B3000934B1B78062B00D0A2E03F262E40B20725
:101B4000D20FF706FF0F3307DB0F53407B407109BD
:101B50004B40DB43DB0133431800DB07DB0F7A40EC
:101B600053404107C90F4B401A00012313409B010A
:101B70000343DBB29D427DD1844B187800280FD0FF
:101B8000834B1B78B34211D0824B002104E0043315
:101B90001A1F1278B2420AD00131C9B28142F6D17D
:101BA000774B00221A701A74DA73B4E00021754F73
:101BB0008900774BC9180422380006F0FDFC704BF1
:101BC0009D735E737B78012B49D16E4BDB7801935B
:101BD0006B4B5A6801AB31006F48FFF7E7FE0028F6
:101BE00004D1684BDA78019B9A4205D0644B0022FD
:101BF0001A701A74DA738EE0614B072119709A72A9
:101C00005D68997A69185F4B9A7800239A4201D1EE
:101C10005B4B9B7B5A4A927AD2B29BB2002A0ED07F
:101C20002800013AD2B20132AA1805785B199BB29A
:101C3000FF2B01D9FF3B9BB201308242F5D1DB4340
:101C40000B704F4A937A0133DBB293720023137205
:101C500053724D4AD16902330B43D3615BE0484A6A
:101C600008231370474BDB780133DBB2D3720023B8
:101C7000537250E0424B00221A701A74DA734AE031
:101C80003F4B1B78082B46D13D4A537AD27ADBB2C0
:101C9000934208D23A4A537ADBB25168CD54537A10
:101CA0000133DBB25372364A537AD27ADBB29342B3
:101CB00031D1344B9A780023002A01D1304B9B7BE1
:101CC0002F4AD07AC0B252689BB201280ED01100C0
:101CD0000238C5B20135551908781B189BB2FF2B85
:101CE00001D9FF3B9BB20131A942F5D12449497A80
:101CF00051180139DB430978DBB2994206D12049FA
:101D00004B7A013B497B2548FFF7FAFD1C4B00222B
:101D10001A7001321A74A3062FD51A4B5B78012B67
:101D20002BD1174B1B78072B22D1154A137A927AA5
:101D3000DBB2934216D2124C237ADBB26268D15CDA
:101D4000114802F0D3FB237A0133DBB22372237AEA
:101D5000A27ADBB2934210D10B4AD36902218B43A2
:101D6000D3610AE0084AD36902218B43D36104E0BE
:101D7000054AD36902218B43D36103B0F0BDC0464D
:101D80006C330020CC35002000900140E63000206C
:101D90001C3300202033002028350020BC320020D6
:101DA00010B501220521034801F056F80A20FAF780
:101DB00011FA10BD6000082070B584B01022002117
:101DC000684606F037FC334C00220521200001F064
:101DD00053F801220521200001F0B4F8002205216A
:101DE000200001F039F801220321200001F044F81D
:101DF00001220221200001F03FF8FFF7D1FF9623D6
:101E0000DB01009308236A46137100255571957113
:101E100015720126D67155721F4B03931F4C6946EC
:101E2000200002F0ADFB1E4B1E4A5A601D701D744F
:101E3000DD731D4B1E70E36DFE229343163A134370
:101E4000E365E369B3431E43E661E369E63A93431E
:101E5000E361164B3E32C02149005A501A60144CBF
:101E6000303A0021200006F0E5FB08238C221149BE
:101E70002000FFF717FD104C10220021200006F073
:101E8000D9FB08238C220D492000FFF70BFD04B07D
:101E900070BDC04660000820A11A010800900140F2
:101EA0006C330020D8330020E730002000E100E050
:101EB000BC320020E4330020283500203C350020CF
:101EC000F0B5174C2778002F1BD0164C247884428D
:101ED0000CD0154D002404E004352E1F36788642C0
:101EE00005D00134E4B2BC42F6D108E00024A400DD
:101EF0000C4804196170A270E37001200EE00A2FF3
:101F00000BD0084DBC006055281941708270C37019
:101F10000137034B1F70012000E00020F0BDC046D8
:101F2000E63000201C3300202033002010B5114B78
:101F30001860082058720020587318690170080A48
:101F40001C696070080C1C69A070090E1869C170CA
:101F500019690A71110A18694171110C18698171A6
:101F6000120E1969CA71012219000348FFF744F8DB
:101F700010BDC046003500200078004010B51300A9
:101F800001394A1E9141C9B20022FFF799FF10BDE5
:101F900010B582B06B4619700B0A6C4663700B0C5F
:101FA000A370090EE1702271130A6371130CA371FF
:101FB000120EE27108236A4601000248FFF7A0FCF6
:101FC00002B010BD2835002000B583B00A000823F8
:101FD000019301AB01000448FFF7E8FC434258417C
:101FE000C0B203B000BDC0465833002000B583B076
:101FF0000A000823019301AB01000448FFF7D6FC57
:1020000043425841C0B203B000BDC046BC320020BC
:1020100010B5054B99699961044B1B68002B02D0E0
:1020200000220148984710BD00500040E8300020D1
:1020300070B504000D000121222000F03BFC0121BD
:10204000222000F06BFCA368297809034E4A134054
:102050000B43A36063686978C9034C4A13400B4380
:1020600063606368A9788903494A13400B4363603E
:102070006368E9784903474A13400B436360636828
:1020800029790903444A13400B4363606368697903
:10209000C902424A13400B4363606368A979090689
:1020A0003F4A13400B4363606368E97909023D4A84
:1020B00013400B4363606368297B09053A4A134068
:1020C0000B4363606368697B4905384A13400B43DF
:1020D00063606368297C8905354A13400B4363605C
:1020E000AB7B002B04D1E26A324B1340E36207E082
:1020F000E16A013BDBB21B052E4A0A401343E3624F
:10210000EB7B002B04D1A26B2B4B1340A36307E0A6
:10211000A16B013BDBB21B05274A0A401343A363B3
:10212000FF2323409B00254A696999506368297AF7
:102130000904234A13400B4363606368697A4904C6
:10214000204A13400B436360AB7A012B04D18022F9
:1021500092041D4B1A6008E08021890480231A4AEA
:10216000D150BFF34F8FBFF36F8F6368E97AC90413
:10217000164A13400B436360A368012293432A7EEF
:102180001343A36070BDC046FF0FFFFFFF7FFFFF3B
:10219000FFBFFFFFFFDFFFFFFFEFFFFFFFF7FFFFC7
:1021A000FFFFFFFEFFF8FFFFFFFFEFFFFFFFDFFF77
:1021B000FFFFBFFFFFFF0FFFFFFFCFFFEC3000204F
:1021C000FFFFFEFFFFFFFDFF00E100E0FFFFF7FF65
:1021D00070B5092909D805694C0064180726A6407E
:1021E000B543A2402A43026109E0C5684C00641867
:1021F0001E3C0726A640B543A2402A43C260052BD9
:1022000009D8446B9A00D3181F229A4094439940EE
:102210002143416309E0026B9C00E3181E3B1F242D
:102220009C40A24399401143016370BD70B50929D8
:1022300009D805694C0064180726A640B543A2409A
:102240002A43026109E0C5684C0064181E3C072659
:10225000A640B543A2402A43C260826B9C00E318AB
:102260001F249C40A24399401143816370BDC04626
:1022700010B5064B1968CA431A60054B1B68002B42
:1022800002D000220148984710BDC04600300040EF
:10229000EC30002070B50E4BC3189B031B0EA4221C
:1022A00084580C4921400C4D5E00F418A400615183
:1022B00084580C438450F3189B00EB189B68002B48
:1022C00004D00C3282581206520F984770BDC04697
:1022D0000088FFBF00FFD500F030002010B5024895
:1022E000FFF7D8FF10BDC046007800400F4BC31861
:1022F0009B031B0E5A00D3189B000D4AD3181B7961
:10230000002B10D1002907D1A433C258C258802114
:1023100009010A43C25006E0A423C258C2588021D2
:10232000C9000A43C25000207047C0460088FFBF62
:10233000F030002030B500290BD10022A0248021EC
:1023400049010C4D03590B420FD00132AA42F9D179
:102350000BE00022A0240321064D03591B0C0B4067
:10236000032B02D10132AA42F7D1034890428041A7
:10237000404230BDA18601009F860100082816D981
:102380000938C3B2062B11D89800094B1B589F4639
:102390000C200CE010200AE0142008E0182006E0D1
:1023A000202004E0302002E0402000E000207047C0
:1023B000888E010870B505000C00161E05D1A022FC
:1023C00081582C4B0B40835005E0A022835880217C
:1023D00009020B4383502368DA00D208264BEB181E
:1023E0009B031B0E5900CB189B002449CB185B792B
:1023F000002B02D080231B061A432A65637A0F2222
:102400001340A27A002A01D010221343227B002A13
:1024100001D040221343E27A002A03D040229343A2
:10242000203A1343627B002A01D0802213436B655C
:10243000237B002B14D1607A002811D02369002B54
:102440000ED0FFF79BFF00280AD000239A082169CD
:10245000C9581632920051510433DBB29842F5D874
:10246000012E05D1A022AB588021C9030B43AB50EC
:1024700070BDC046FF7FFFFF0088FFBFF030002027
:10248000F8B507000D0014002E4BC618B603360E23
:1024900073009B199B002C4AD3181B79002B10D07A
:1024A000002C04D1A023C358DB04DB0F06E0A023DB
:1024B000C3589B039B0F033B5A425341002B30D11F
:1024C00004E02100FFF736FF00282DD1220029006B
:1024D0003800FFF76FFFA023FB589B041ED4002C8D
:1024E00006D1A022BB58802149010B43BB501EE0FE
:1024F00073009E19B600144B9E19B379012B06D1B7
:10250000A022BB588021C9000B43BB500FE0A02282
:10251000BB58802189000B43BB5008E00320404298
:102520000EE0012040420BE00220404208E0210082
:102530003800FFF7DBFE03000020002B00D004383A
:10254000F8BDC0460088FFBFF030002070B5040021
:102550000D00A023C3589B019B0F0120002B43D0EB
:102560002368DB00DB080B602368DB0F0B726368FA
:102570001B0901210B40AB72666876090E40EE72B2
:1025800063689B090B402B736268D2090A406A7327
:1025900062680E3010406872002B1CD100281AD0DF
:1025A0002B69002B17D0FFF7E9FE0100002E05D1A3
:1025B000011CC0B2082800D90821C9B200290AD0DC
:1025C00000239A080232920012592869C25004333B
:1025D000DBB29942F5D8A36C6B60A022A35880218E
:1025E00049050B43A350002070BDC04670B504AC34
:1025F0002678A02405599F3C2D0625D5002E1BD0FA
:10260000B334065980256D028D4035430551055977
:102610000F26B54329430151055920218D4305510A
:10262000D200D208B82542510259114301515B0032
:102630005B084351002407E0B4240359802252026E
:102640008A40934303510024200070BDF0B54F46EB
:102650004646C0B483B005000E00894BC718BF0AB8
:10266000FBB29946FF231F407B00DB199B00002132
:10267000844A9950F378012B03D1484600F0D8F9E9
:1026800003E00121484600F0D3F97B00DB197E4AC4
:10269000D3185878012100F00DF901211C2000F019
:1026A0003DF9A022A95880230B43AB50B1690B78A8
:1026B0001A06CB781B04D3188A7812029B184A7822
:1026C0009B18A822AB50B37B002B28D0A0202B58FE
:1026D000F17BC9056D4A13400B432B50F1690B7810
:1026E0001A06CB781B04D3188A7812029B184A78F2
:1026F0009B18AC22AB50337C002B10D0B021685813
:10270000634A0240DB0313436B506B58707C00023A
:10271000FE22D20110405F4A134003436B50336ADC
:102720009846002B14D03378002B11D00024600081
:102730000019800040448368426801784078009026
:102740002800FFF753FF0134E4B23378A342EED8F8
:10275000A022AB5880218B43AB50B378012B05D11D
:10276000AB588021C9010B43AB5015E0022B05D1BA
:10277000A022A9581E330B43AB500DE0032B0BD105
:10278000A022A9583D330B43AB50AB58717BC9070E
:102790005B005B080B43AB50A4216B581B011B096A
:1027A000C022D20513436B506B58707800063A4A2A
:1027B000134003436B50A023EA58F179090110201C
:1027C00082430A43EA50EA58317AC9000838824302
:1027D0000A43EA50EA583079400530490A4002433A
:1027E000EA50EA58307B80072D490A400243EA50FC
:1027F0007B00DB199B00234AD31872799A71726AA5
:102800009A60737A002B19D0B17A484600F01CF90F
:102810007B00DB199B001B4AD318727A5A71B421D2
:102820006B58F07A40021F4A134003436B506A58BA
:102830001D4B13408022520013436B50B379002B81
:1028400019D0A422A958194B0B4071690B43AB5006
:102850007A00D3199B000B49CB18B1791971D7199C
:10286000094BFB56002B06DB1F2213401E3A9A40F1
:1028700013000F4A136003B00CBC90469946F0BD9C
:102880000088FFBFF0300020A48E0108FFFF7FFF0B
:10289000FF7FFFFFFF80FFFFFFFFFFF0FFFFDFFF76
:1028A000FFFFFFBFFFFDFFFFFFFEFFFF01FFD5FFA3
:1028B00000E100E082B00190019B1F2B13D8012999
:1028C00008D101988021C9054A6801238340134338
:1028D0004B6021E001988021C9054B6801228240AC
:1028E00093434B6018E0019B252B15D8019B203B9F
:1028F0000193012908D101988021C9058A68012323
:10290000834013438B6007E001988021C9058B68E1
:102910000122824093438B6002B0704782B00190E5
:10292000019B1F2B13D8012908D101988021C905CB
:102930008A690123834013438B6121E00198802140
:10294000C9058B690122824093438B6118E0019B8A
:10295000252B15D8019B203B0193012908D1019813
:102960008021C905CA69012383401343CB6107E075
:1029700001988021C905CB69012282409343CB6134
:1029800002B070478022D205136803218B4318439D
:10299000106070478022D205136830218B430001FC
:1029A000184310607047C0468022D2051168034B5F
:1029B0000B400002184310607047C046FFFCFFFF49
:1029C0008022D2051168034B0B40000518431060AC
:1029D0007047C046FFFFEFFF8021C905034A8B58AF
:1029E0009B009B0880071843885070479088000020
:1029F00010B58021C905044A8C58044B2340400679
:102A00001843885010BDC04690880000FFFFFFC1EA
:102A100010B58021C905044A8C58044B2340C003DB
:102A20001843885010BDC04690880000FF7F80FF8B
:102A30008022D2051068034B0340890619431160B8
:102A40007047C046FFFFFFFB8022D2051068034B92
:102A500003404905194311607047C046FFFF9FFFBF
:102A600010B5040001212120FFF724FF01212120BE
:102A7000FFF754FF2A4B1A682078400229490A4080
:102A800002431A601A686078800227490A400243AC
:102A90001A601A68A078C00224490A4002431A60EA
:102AA0001A68E078000322490A4002431A601A6853
:102AB0002079C0031F490A4002431A601A686079EE
:102AC00000041D490A4002431A601A68A0790005F3
:102AD0001A490A4002431A601A68E179090612028B
:102AE000120A0A431A605A68207A800114490A407F
:102AF00002435A605A68607AC00512490A4002438C
:102B00005A605A68A07A40020F490A4002435A604C
:102B10005A68E07AC0020D490A4002435A6010BD6B
:102B200000600140FFFDFFFFFFFBFFFFFFF7FFFF1E
:102B3000FFEFFFFFFF7FFFFFFFFFF8FFFFFF8FFFAC
:102B40003FFEFFFFFFFF7F80FFF9FFFFFFE7FFFF73
:102B500010B500212120FFF7E1FE00212120FFF721
:102B6000A9FE10BD70B504000D0001211520FFF76E
:102B7000A1FE01211520FFF7D1FE454BE3189B0470
:102B80001B0E9900434AE8698850A26802210A4353
:102B9000A260A2688A43A2602A68A2616A68E261B0
:102BA000AA682262AA6912020DD0DB003A4AD31841
:102BB0001B795BB2002B06DB1F2213401E3A9A40A2
:102BC0001300364A1360636801229343297E0B4346
:102BD00063606368697E4900022083430B4363603E
:102BE0006368A97E8900023083430B4363602369D5
:102BF000E97D4900023083430B4323612369687DEB
:102C0000400227490B40034323612369E87C80028B
:102C100024490B400343236123699343297D0B43DC
:102C200023612369A87DC0021F490B400343236130
:102C30002369A87B00041D490B40034323612369DA
:102C4000697CC901802083430B4323612369A87CED
:102C5000000217490B40034323612369E97BC90044
:102C6000182083430B4323612369297C49014830A1
:102C700083430B43236163691B0C1B04A9890B432A
:102C80006361636A9343EA7E1343636270BDC04627
:102C9000C0DFFEBFFC300020A88E010800E100E08C
:102CA000FFFDFFFFFFFBFFFFFFE7FFFFFFFFF0FF61
:102CB000FFFEFFFF03000068420706D59A68022165
:102CC0000A439A609A688A439A601A6882431A6033
:102CD0007047C04610B50648FFF7ECFF054B1B6870
:102CE000002B03D0002201000148984710BDC046C8
:102CF00040200140FC30002010B50648FFF7DAFF05
:102D0000054B5B68002B03D0002201000148984767
:102D100010BDC04680200140FC30002010B50648A0
:102D2000FFF7C8FF054B9B68002B03D00022010072
:102D30000148984710BDC046C0200140FC3000202B
:102D400010B50648FFF7B6FF054BDB68002B03D034
:102D5000002201000148984710BDC04600210140F3
:102D6000FC30002010B5094B19684907C90F0BD07A
:102D70001A001B68022083431360054B1B68002B5D
:102D800002D000220148984710BDC04620000040F4
:102D90000C310020032808D81D4B1B69032210406A
:102DA0008000C3400C32134024E0031F032B08D8DB
:102DB000174B5B69032210408000C3400C32134064
:102DC00018E00300083B032B08D8114B9B69032232
:102DD00010408000C3400C3213400BE003000C3B5A
:102DE000022B10D80A4BDB69032210408000C3403D
:102DF0000C321340012B02D0022B02D005E0054813
:102E000004E0054802E0054800E004487047C04679
:102E10006001082030000820600008200000082021
:102E200010B5054BDA6801248440A243DA60DA6801
:102E300081401143D96010BD6001082010B5054BD9
:102E40009A6801248440A2439A609A6881401143A1
:102E5000996010BD6001082010B5836801248C4082
:102E6000A3438A401A43826010BDC0464068C840F0
:102E7000012318407047C04610B52B4B984206D02E
:102E80002A4B9C46604444424441600100E01020CB
:102E90004118C9B209290AD84B00591824480723F8
:102EA0008B4004689C438A40224302603AE0132925
:102EB0000CD80A39C9B24B0059181E4807238B4059
:102EC00004689C438A40224302602BE01D290CD8F1
:102ED0001439C9B24B005918174807238B400468AE
:102EE0009C438A40224302601CE027290CD81E39EB
:102EF000C9B24B005918114807238B4004689C4302
:102F00008A40224302600DE029290BD82839C9B232
:102F10004B0059180A4807238B4004689C438A4099
:102F20002243026010BDC04630000820A0FFF7DF3A
:102F30004001082044010820480108204C010820D5
:102F40005001082010B5036801248C40A3438A4037
:102F50001A43026010BDC04670B50C00494B984240
:102F600006D0494B9C46604443425841400000E033
:102F70000120032C0DD845490D69032323409B00F4
:102F80000F269E40B5430D610D69984028430861A6
:102F900033E0231F032B0DD83C494D690323234005
:102FA0009B000F269E40B5434D614D6998402843D4
:102FB000486122E02300083B032B0DD833498D697B
:102FC000032323409B000F269E40B5438D618D69EE
:102FD00098402843886110E023000C3B022B0CD85A
:102FE0002A49CD69032323409B000F269E40B54309
:102FF000CD61CD6998402843C861002A04D10121E0
:103000002000FFF70DFF10E0012A04D1012120006C
:10301000FFF714FF09E0022A07D101212000FFF782
:10302000FFFE01212000FFF709FF082C04D98022B0
:103030001206174B1A601BE0022C04D98022D2051D
:10304000134B1A6014E0012C09D0002C02D0022C82
:103050000AD00DE0802212050D4B1A6008E0802294
:1030600052050B4B1A6003E080229205084B1A6050
:10307000064B59680122A2409143596059680A439E
:103080005A6070BD30000820A0FFF7DF6001082003
:1030900000E100E003490A680123834013430B6009
:1030A0007047C046600108200423082803D8013B6C
:1030B000022800D803009B00014A99507047C0467F
:1030C0001031002010B50020FFF764FE040000203E
:1030D000FFF7E0FF044B1B68002B03D00022002108
:1030E0002000984710BDC0461031002010B50120C7
:1030F000FFF750FE04000120FFF7CCFF044B5B6894
:10310000002B03D0002201212000984710BDC046AB
:103110001031002010B50220FFF73CFE0400022011
:10312000FFF7B8FF044B9B68002B03D0002202215D
:103130002000984710BDC04610310020F0B547462A
:1031400080B482B0104B1D68ADB2032401270F4B31
:1031500098463B00A3402B420FD0E6B23000FFF769
:1031600019FE01903000FFF795FF4346DB68002B06
:1031700003D000222100019898470134092CE8D19E
:1031800002B004BC9046F0BD600108201031002060
:10319000F0B5474680B482B0104B1D68ADB209242B
:1031A00001270F4B98463B00A3402B420FD0E6B2BD
:1031B0003000FFF7EFFD01903000FFF76BFF434653
:1031C0001B69002B03D0002221000198984701348D
:1031D000102CE8D102B004BC9046F0BD600108207C
:1031E000103100200269102313430361C36A0B707E
:1031F000802303627047C04670B50400D34BC318E8
:103200001B0B826AD20611D5826A92060ED5826A9B
:1032100040218A4330390A438262FF221340CC495D
:103220009B000132585802435A50D2E1A26A52061A
:1032300012D5A26A92060FD5A26A10218A433031B4
:103240000A43A262FF221340C1499B000A32FF32A7
:10325000585802435A50BCE12269920600D400E15A
:10326000E269D20700D5ECE0E269920700D5E8E018
:103270002269D20600D487E0FF2213401801B54A24
:103280008058002842D1CA070ED5B1499B000D22B3
:10329000585802435A50802323627F3B2362226B9B
:1032A00001331343236394E11A01AA498A1852682F
:1032B000002A22D01A018A18127B002A08D10A009B
:1032C0001B01C9188968012098500B78E36280E1DE
:1032D000226910218A4322611B019E4AD3185B6830
:1032E000012B04D1226907331343236103E02369CF
:1032F000082293432361E36A6BE195499B000A220C
:10330000585802435A508023236262E11A01914DBA
:10331000AA185268904219D2CA070ED58C499B0050
:103320000C22585802435A50802323627F3B236269
:10333000226B0133134323634BE1864A1B01D118EF
:103340008968451C9D500B5CE36242E1CA0707D5C2
:103350007F499800042245582A43425001222262A4
:103360007B499800082245582A4342508022226215
:103370001B01784AD3185B7B012B00D029E1226B1B
:1033800001331343236324E1FF2213401A017149DF
:103390008A185268012A18D16D49980008254258A8
:1033A0002A4342506B481B01C21891681A58561C98
:1033B0001E5089182000FFF715FF2369AB432361D6
:1033C000226B02231343236303E1023A190161488C
:1033D00009588A420DD9226908218A4322610200D4
:1033E0001B01C118886899584D1C9D50E36A4354CD
:1033F000EFE08A420DD1216908220A432261554A31
:103400001B01D118886899584D1C9D50E36A43549C
:10341000DFE04F489E00082532582A4332504D4A7B
:103420001B01D01880684E1C9E5041182000FFF7E9
:10343000D9FE2369AB432361226B02231343236329
:10344000C7E0CA0700D4C4E0FF22134040499B00F4
:10345000F33A585802435A50802323627F3B236239
:10346000B7E0E269D20700D59BE0E269920700D598
:1034700097E04A0623D540222262BF3213403448E7
:103480009D00FD3A2E5832432A504A0707D5314A4B
:103490001B01D11889689B58CB5CE36299E01B0142
:1034A0002C4AD3185B68012B04D1226907331343DC
:1034B00023618EE0236908229343236189E04A0750
:1034C0004AD5FF221340234A180115186D68825807
:1034D000681E904203D3180101321E4E8251CA0762
:1034E0000DD5626A520705D4194998000C22455837
:1034F0002A434250802222627F3A22621CE01A0153
:10350000144951588D4205D9124882189268525C6C
:10351000E26211E06269D20703D5626901218A4340
:103520006261626A520705D4094998000822455829
:103530002A43425080222262626A520749D50449D6
:103540009B001022585802435A5042E00020FFBF0F
:103550004C3100202C310020FF2213401D4918015E
:103560000A1852684158901E884204D121690822E5
:103570000A4322610BE0013A914208D116489D00AE
:1035800008212A580A432A5022698A432261114A93
:103590001B01D118886899584D1C9D50E36A43540B
:1035A00017E04A0609D540222262BF321A400A4D6E
:1035B00092000220565930435051CA0709D50122C2
:1035C0002262FE32134004499B00F33A58580243EA
:1035D0005A5070BD2C3100204C31002070B5084885
:1035E000046A456A2A002100FFF706FE054B1B68A6
:1035F000002B03D02A0021000148984770BDC04627
:1036000000E000402431002070B50848046A456A93
:103610002A002100FFF7F0FD054B5B68002B03D06B
:103620002A0021000148984770BDC04600F00040C4
:1036300024310020044BD86019611A005369002B13
:10364000FCDB014B986970470018082070B5040036
:10365000134BC318DB0A026803211140D00703D5BE
:1036600020680125A843206092070ED5FF22134051
:103670009B000C4A9B58002B02D000222000984748
:10368000236802229343236009E0FF2213409B003A
:10369000044A9B58002B02D000222000984770BD9E
:1036A0000090FEBF5431002010B50248FFF7CEFF56
:1036B00010BDC0460070014010B50248FFF7C6FFBC
:1036C00010BDC0460078014010B50D4BC3181B0B50
:1036D00002688021114003D002688024A243026066
:1036E000026DFF24224002D0046D94430465FF2440
:1036F00023409B00034C1B59002B00D0984710BD62
:1037000000D0FEBF5C310020F0B55F4656464D4606
:103710004446F0B483B004008A46E34BC5182D0339
:103720002D0EE24F6B005E19F05D0121FFF7C2F82C
:10373000BE1970780121FFF7F1F8236852465189CC
:103740000902DB4A13400B43236053469B89E36421
:1037500053469B8963605346DB89A360AA00D54B1F
:1037600051464969D150842163587F229343524680
:10377000527C1343635023685246127C92014439B1
:103780008B431343236053469B7C012B0FD16B006B
:103790005D19C64B5D190223EB56002B1BDB1F2264
:1037A00013401E3A9A401300C34A136013E06B00A3
:1037B0005D19BE4B5D190223EB56002B0BDB1F225C
:1037C00013401E3A9A4013008022BB498B50BFF32E
:1037D0004F8FBFF36F8F53461B78012B00D16FE1E2
:1037E000002B06D0022B00D14AE2032B00D1A6E227
:1037F000E2E253465B68226819784901202082433F
:103800000A4322605A78002A56D000273022934675
:10381000243A90460B3A9146009700998A008C46CC
:103820006244520059688D5CE8002018C1685E4609
:10383000B14320263143C160C668596889180979A7
:10384000890047463940BE433143C16059688918F1
:1038500049880161266F4946A940C9435F68BC4653
:10386000944467467F79AF400E403E432667C66862
:103870005F68BC4694446746BF79BF01BC46402799
:10388000BE4367463E43C660E06D5E68B618F67993
:10389000AE4008403043E065E06E5E68B446624486
:1038A000127AAA4001401143E166009F0137F9B244
:1038B00000915A788A42B0D89A78002A00D1D5E08F
:1038C0000022009200998A008C4662449200996816
:1038D000895C8C46606E4908C90001258D402843EB
:1038E0006066656E98688018C0790001884010276E
:1038F0008F40BD4328436066606E9D68AD182D7A89
:103900006D008D4002278F40B84329000143616656
:103910006146CD006519E868996889188979890038
:103920000C263140B0430143E96099688918498801
:10393000296161464F1CFFB2996889188988F8008F
:103940008046A04440460161E96898688018407A42
:1039500040000A3EB1430143E9604146C9689868A6
:103960008018807A4000B14301434046C160216F16
:1039700001206646B040C64301969E68B146914418
:103980004E46F67A60468640B146019E3140484632
:1039900001432167216F89460121B940C9439868D5
:1039A000834693445846007B0600BE40B3464E46CD
:1039B0000E40B1465E46484606432667E8688146A3
:1039C0009868834693445846407B800183464E4620
:1039D00040208643B1465E4648460643EE60404678
:1039E000C5689868814691444846807B800181463D
:1039F00040208543484605434046C560E56D9868CC
:103A0000804690444046C07B060060468640B046F3
:103A1000019E354040460543E565E56D9868804662
:103A200090444046007C0600BE400D403543E565AD
:103A3000E06E8046986885186D7C604685404046FB
:103A4000019E064030002843E066E06E9D68AC466B
:103A50006244927CBA4001401143E166009E013607
:103A6000F1B200919A788A4200D92BE7626D997B76
:103A70004900022082430A436265197BA26E587B8B
:103A80008001C025AA430243A266A26E3F20824362
:103A90000A43A266E06ED97B0902084A030013407C
:103AA0000B43E36688E1C04600D0FEBFC88E010824
:103AB000FF0000FF5C31002000E100E0FFFEFFFF9F
:103AC0005346586823682022934323600378002BD1
:103AD00000D171E1002130239846243B9C46783385
:103AE0009B460091009AD30091464B444268D518FA
:103AF0002A786D78002D2DD1D5006519EE684146E4
:103B00008E43EE60EF684168CE18B678B600614625
:103B10000E408F433E43EE60594667585100894638
:103B20004168CE18F678360449468E400196C02189
:103B300089024E46B1408F43019E3E43594666502E
:103B4000EE684168CF183F7ABF0140218E433E4363
:103B5000EE6074E0666E5508ED000427AF403E430A
:103B60006666666E0821A9400D0035436566D5007E
:103B70006519EF684168CE187679360141460E40E6
:103B80008F433E43EE604168CE183679012E17D040
:103B9000002E04D0022E24D0032E33D042E0EE6853
:103BA00061468E4304210E43EE60551CEDB2ED00DC
:103BB0006519EE6861468E4308210E43EE6031E0E0
:103BC000EE6861468E4308210E43EE60551CEDB24F
:103BD000ED006519EE6861468E4304210E43EE60E8
:103BE00020E0EE6861468E4304210E43EE60551CD2
:103BF000EDB2ED006519EE6861468E4304210E4377
:103C0000EE600FE0EE6861468E4308210E43EE60E1
:103C1000551CEDB2ED006519EE6861468E43082132
:103C20000E43EE60551CEDB2ED006519EE6841687B
:103C3000CF183F7ABF0140218E433E43EE60456876
:103C4000A9464B449D79012D0AD1A66F9500AA186B
:103C50001F259540AE43DB7993403343A36706E0CD
:103C6000A36F9500AA181F259540AB43A367009941
:103C70000131CAB200920378934200D932E79BE047
:103C80005346586823682022934323600378002B0F
:103C90004DD00025102399460C27303398463F3BE2
:103CA0009C460095009DEA004368995CCB00E318B0
:103CB000DE683025AE434D462E43DE60DE68456843
:103CC000AB4693445D462D79AD003D40BE432E4347
:103CD000DE604568AE1876881E61DE684568AB46D2
:103CE00093445D466D79AD01AB464546AE435D46B6
:103CF0002E43DE60E66D63468B40DB434568AB4692
:103D000093445D46AD798D401E402E43E665E66ED8
:103D10004568AB465A44D2798A4033401343E36640
:103D2000009D0135EAB2009203789342BAD8636DE0
:103D3000027A520002218B43134363653CE05346F1
:103D40005B688022A1581878C0000825A943014368
:103D5000A150A158587840011835A9430143A150FA
:103D6000A15818790001103DA9430143A1509A7848
:103D7000002A06D0A26F1F218A43D9780A43A2677E
:103D800003E0A26F1F218A43A2675A79002A07D055
:103D9000A26F9879400110490A400243A26703E0EC
:103DA000A16F0D4A0A40A267802021580122914349
:103DB000DA790B001343235023685246127AD2005B
:103DC00018218B431343236003B03CBC90469946B3
:103DD000A246AB46F0BDC0461FFCFFFF10B502482F
:103DE000FFF772FC10BDC0460030014010B502481C
:103DF000FFF76AFC10BDC0460040014010B50E4BF5
:103E000019680B0606D50C4802680C4B134080223B
:103E1000134303608B0307D5074A1368802083434D
:103E20008020800203431360054B1B68002B02D0E7
:103E300000220148984710BD00840040FFFFFDFFAD
:103E400064310020F0B54368DB0400D4A8E0994B4E
:103E5000C3181B0BC26852070BD5C16804220A4362
:103E6000C260FF221A40944C920002211559294346
:103E70001151C26812070BD5C16808220A43C260FB
:103E8000FF221A408C4C92000121155929431151EF
:103E9000C26892073ED5FF221A40940087496158B4
:103EA000874D6459A14223D29500864EAD59002D0D
:103EB00030D0013CA14203D144690826B443446197
:103EC0004468240207D594004F1C7C4EA751046916
:103ED00049004C5305E094004F1C784EA7510469EB
:103EE0006C549100754C0C59754D49598C4211D345
:103EF00044687549214041606F4C92000821155972
:103F0000294311518021C2681142FCD181682022CD
:103F10000A438260C268D20731D5FF221A4094005A
:103F20006A496158664D6459A14216D29400684DA1
:103F30006459002C23D045682D0207D592004E1CF1
:103F4000624D565149000A5B026118E092004E1C16
:103F50005E4D5651625C026111E044685D4921404A
:103F60004160554C9200102115592943115180216F
:103F7000C2681142FCD1816820220A438260C26873
:103F8000D20600D495E0816810220A438260FF22A5
:103F9000134049499B00FB3A585802435A5088E065
:103FA000444BC3181B0BC26852070FD5C1680422CB
:103FB0000A43C2604168474A0A404260FF221A40F1
:103FC0003D4C92000221155929431151C268120734
:103FD0000FD5C16808220A43C26041683A4A0A40C4
:103FE0004260FF221A40344C9200012115592943A6
:103FF0001151C26892072FD5FF221A4091002F4C11
:104000000D592F4C09598D421CD291002D4C095944
:10401000002921D04468240207D594006F1C274E44
:10402000A75104696D006C5205E094006F1C234E8B
:10403000A75104694C559100204C0C59204D495909
:104040008C4209D344682049214041601A4C9200B7
:104050000821155929431151C268D20729D5FF22D9
:1040600013409900194A8A58154C09598A4216D2A8
:104070009900174C095900291BD04468240207D520
:104080009B00551C114C1D515200535A036110E006
:104090009B00551C0D4C1D518B5C036109E0416870
:1040A0000C4A0A40426004499B00102258580243BF
:1040B0005A50F0BD0040FFBF703100209031002009
:1040C0007831002098310020FFFDFFFF8031002073
:1040D00068310020FFFEFFFF70B50748C4684568DF
:1040E000FFF7B0FE054B1B68002B03D02A00210010
:1040F0000148984770BDC04600C00040883100208C
:1041000070B50748C4684568FFF79CFE054B5B68BF
:10411000002B03D02A0021000148984770BDC046FB
:1041200000D0004088310020034A1168034B0B4047
:104130000007184310607047B0880040FFFFFFEF92
:1041400082B000230193012811D1134A53688021C2
:1041500089050B43536011485368DB0FDB0701935C
:104160000138019B002B12D10028F5D10FE00A4A3B
:1041700051680B4B0B40536008485368DB0FDB075B
:1041800001930138019B002B01D00028F5D1431E7B
:104190009841C0B202B07047008000401027000074
:1041A000FFFFFFDF82B000230193012813D1154ADE
:1041B0005368802109050B43536013481100802286
:1041C000D2054B68134001930138019B002B14D199
:1041D0000028F6D111E00B4A51680C4B0B4053609C
:1041E000094811008022D2054B6813400193013821
:1041F000019B002B01D00028F6D1431E9841C0B28C
:1042000002B070470080004010270000FFFFFFF75A
:1042100082B0034BDB690193019802B07047C0463E
:104220000080004000B583B0FFF7F2FF0190019AD3
:10423000054BDA61054B1B68002B03D0019902483E
:10424000C268984703B000BD00800040A431002040
:1042500000B583B0FFF7DCFF0190019A054BDA61EE
:10426000054B1B68002B03D0019900220148984799
:1042700003B000BD00800040A031002010B5FFF762
:10428000C7FF430305D51E4AD3698021C9020B43EA
:10429000D3618023DB051B699B050FD58022D205E6
:1042A0001369802149020B4313610020FEF76AFB6A
:1042B0000020FEF785FB0120FEF764FB8023DB0571
:1042C0001B69DB051BD58022D205136980214902B9
:1042D0000B4313610020FEF755FB0020FEF770FB37
:1042E0000020FFF75FFF012809D16330F9F776FE60
:1042F0000120FFF757FF012801D1FEF743FB10BD56
:104300000080004010B5C368012119400ED0C2687A
:1043100001231343C360064BC3181B051B0E9B00F0
:10432000044A9B58002B01D00022984710BDC0467C
:1043300000EFFEBFA831002070B504000D00012180
:104340001320FEF7B7FA01211320FEF7E7FA224AFD
:10435000136802208343042149420B4313602B68F6
:104360002360A3682A79920008318B431343A3602A
:104370001A4BE3181B051B0E9900194AAE688E50A4
:10438000A2686979490082430A43A2606A79012AD6
:104390000BD1144AD356002B17DB1F2213401E3AB1
:1043A0009A401300104A13600FE00E4AD356002BB8
:1043B0000BDB1F2213401E3A9A40130080220A4949
:1043C0008B50BFF34F8FBFF36F8FA36801229343CE
:1043D0002A7B1343A36070BD0010014000EFFEBFB5
:1043E000A8310020D08E010800E100E010B502489D
:1043F000FFF788FF10BDC0460011014010B502480C
:10440000FFF780FF10BDC0461011014010B50248F3
:10441000FFF778FF10BDC0462011014010B50248DB
:10442000FFF770FF10BDC0463011014070B5016A42
:10443000426A016242620A4BC3181B0BDCB2C569B7
:10444000ED0701D40125A943022C07D8FF242340FE
:104450009B00044C1B59002B00D0984770BDC046F0
:104460000080FEBFB831002070B504000D00012AA5
:1044700003D00420022A03D001E0082000E010202D
:1044800003231A40A262F5F711FD011C1648F5F747
:1044900087F8061C2800F5F751FD011C301CF5F7C4
:1044A0007FF8061CF5F75CF80500F5F747FD011CE1
:1044B000301CF5F753FB8421C905F5F73BFAF5F7F6
:1044C00019F8FF231A002A4062602D0A1D40A560DA
:1044D0006064626BEF3B1A436263626B0F218A4335
:1044E0001343636370BDC046001BB74B10B5036A2E
:1044F000DB0505D5074B80246400026A224204D103
:10450000C905C90D0160012003E0013B002BF4D176
:10451000002010BDFE0F00000068C005C00D7047F0
:10452000C36820229343C360012904D0002914D01A
:10453000022909D01AE0C26808231343C360C36884
:1045400010229343C36019E0C26808231343C36079
:10455000C26810231343C36010E0C368082293436A
:10456000C360C36808329343C36007E0C36808228E
:104570009343C360C36808329343C3607047C04627
:1045800070B504000D004D4A8618360B4C4A904217
:104590000ED04C4A904214D04B4A904219D101217E
:1045A0000020FEF787F901210020FEF7B7F910E09F
:1045B00001210120FEF77EF901210120FEF7AEF96D
:1045C00007E001210220FEF775F901210220FEF724
:1045D000A5F9FF231E40B6003C4BEA68F2502B7948
:1045E0005A1F032A0AD8E26803218A43053B134372
:1045F000E360236920229343236109E0092B07D15B
:10460000E36803229343E360226920231343236179
:10461000A9792000FFF784FF6A7A29682000FFF754
:1046200023FFE3686A79920004218B431343E3601C
:104630002B7A002B02D1EB79002B04D06269012385
:104640001343636103E063690122934363612B7A3F
:10465000012B0FD0002B04D0022B14D0032B1BD026
:1046600022E0236C012293432364236C01329343A1
:10467000236419E0226C012313432364236C022278
:104680009343236410E0236C012293432364226C40
:1046900002231343236407E0226C012313432364A2
:1046A000226C0223134323642269022313432361F0
:1046B000226901231343236170BDC0460080FEBF01
:1046C0000090014000A0014000800140B83100206E
:1046D00010B50248FFF7AAFE10BDC0460080014099
:1046E00010B50248FFF7A2FE10BDC0460090014081
:1046F00010B50248FFF79AFE10BDC04600A0014069
:1047000010B5044B1B68002B03D000220021024887
:10471000984710BDC431002000B0004030B585B0CE
:104720000F246C44220001A9A020C00000F052FA1E
:10473000247800234A4D180001AA9A5C002C02D16B
:104740001A004032AA5C01A942540133082BF2D16D
:1047500007336B441A70434C208880B2FA218900D9
:10476000F4F7AEFC81B2A378002B06D001AB1B7826
:10477000A4245C43A400A4B201E03B4B1C880029A4
:1047800005D03A48F4F79CFC0104090C00E03849D4
:104790006143090C0020F7F78DFB324C208880B272
:1047A000FA218900F4F78CFC81B2A378002B06D0A3
:1047B00001AB9B78A4245C43A400A4B201E02D4B80
:1047C0001C88002905D02948F4F77AFC0104090C5B
:1047D00000E027496143090C0220F7F76BFB214CED
:1047E000208880B2FA218900F4F76AFC81B2A378AC
:1047F000002B06D001AB5B78A4245C43A400A4B2D8
:1048000001E01D4B1C88002905D01848F4F758FC1E
:104810000104090C00E016496143090C0420F7F774
:1048200049FB164B1C78631E9C41E4B2144B1B7869
:10483000002B03D00020F7F747FB02E02000F7F73A
:1048400043FB002306481A00403201A9595C8154F9
:104850000133082BF7D1F033014AD45405B030BDF1
:10486000404500207CB0010846470020C05D0000A4
:10487000FFFF0000B4460020CC4600203A4700204D
:10488000E446002010B501F0C9F910BD10B500F0E4
:10489000EBFD10BD10B501F023FA10BD10B5FFF708
:1048A0003DFF10BD10B500F0B3F910BD10B500F01C
:1048B00025FD10BD10B502F085FA10BD10B500F051
:1048C0006BFD10BD10B501F0F3FA10BD10B500245A
:1048D000644B1C6050220021634803F0ABFE634B25
:1048E0001C60634B1C60634B1C60634B1C60634B20
:1048F0001C60634B1C60634B1C60634B1C60634B10
:104900001C60634B1C60634B1C60634B1C6000238A
:10491000624A1480624A1480624A1480624A148097
:10492000624A1480624A1480624A1480624A148087
:10493000624A1480624A1480624A1480624A148077
:10494000624A1480624A1480624A1480624A148067
:10495000624A1480624A1480624A1480624A148057
:10496000624A1480624A1480624A1480624A148047
:10497000624A1480624A1480624A1480624A148037
:10498000624A1480624A1370624A1370624A13705A
:10499000624A1370624A1370624A1370624A13705B
:1049A000624A1370624A1370624A1370624A13704B
:1049B000624A1370624A1370624A1370624A13703B
:1049C000624A1370624A1370624A1370624A13702B
:1049D000624A1370624A1370624A1370624A13701B
:1049E000624A1370624A1370624A1370624A13700B
:1049F000624A1370624A1370624A1370624A1370FB
:104A0000624A1370624A1370624A1370624A1370EA
:104A1000624A1370624A1370624A1370624A1370DA
:104A2000624A1370624A1370624A1370624A1370CA
:104A3000624A1370624A1370624A1370624A1370BA
:104A4000624A1370802252000021614803F0F2FD97
:104A500002F0A2F900F0C4F800F096FC01F0D8F9D9
:104A600010BDC04618470020544600205046002084
:104A7000E8460020E0460020C0460020D446002042
:104A8000F046002028470020DC460020D0460020C9
:104A90001047002034470020204700204C460020CB
:104AA0000A47002006470020A6460020FE460020B8
:104AB00048470020FA460020AE4600201E4700204E
:104AC00032470020BC4600203E470020B046002070
:104AD00046470020CC460020B4460020BE460020B9
:104AE000BA4600200E4700202C470020D846002060
:104AF000C646002044460020AA460020AC460020BE
:104B00002E4700204A460020F6460020424700205B
:104B1000024700200047002044470020F4460020C0
:104B2000A446002045470020FC46002046460020C1
:104B30000C470020CA460020474600203B47002083
:104B400040460020B246002001470020A846002031
:104B500031470020C446002042460020084700207C
:104B60003A470020C9460020CE460020E4460020F7
:104B7000B6460020394700204A4700203C47002025
:104B8000CB46002040470020EC460020484600204D
:104B9000A5460020144700201C470020C8460020DE
:104BA000B74600200347002030470020244700205C
:104BB000E546002038470020CF460020B8460020B8
:104BC00041460020F84600204B47002004470020C3
:104BD0004045002010B51400FDF7F6F9207010BD17
:104BE0000022094B1A60094B19000831FF321A7470
:104BF0001A7601338B42FAD1044B0122F6215A5422
:104C000001315A547047C0465046002040450020AC
:104C100070B58EB0CF4C6078F9F732FBCE4D431EA5
:104C200098412870A078F9F72BFB431E9841CB4B95
:104C30001870E078F9F724FB431E9841C0B2C84BC6
:104C400018702A780123002A05D1C44B1A78012351
:104C5000002A00D10300C34A1370C34B1B785A1EAD
:104C60009341C24A13700120F9F700FBC04B187042
:104C70000220F9F7FBFABF4B18700320F9F7F6FA98
:104C8000BD4B18700420F9F7F1FABC4B18700620E0
:104C9000F9F7ECFABA4B18700720F9F7E7FAB94BB5
:104CA00018700920F9F7E2FAB74B18700A20F9F7E3
:104CB000DDFAB64B18700B20F9F7D8FAB44B187020
:104CC0000C20F9F7D3FAB34B18700D20F9F7CEFA90
:104CD000B14B18700E20F9F7C9FAB04B18700F20BD
:104CE000F9F7C4FAAE4B18701020F9F7BFFAAD4BC4
:104CF00018701120F9F7BAFAAB4B18701220F9F7B7
:104D0000B5FAAA4B18700520F9F7B0FAA84B18703D
:104D10000820F9F7ABFAA74B1870A74B1A68501C7C
:104D200018600A21F4F752FA002900D077E1002038
:104D3000F6F724FF0100A14802F0A6FEA04D298845
:104D400089B2A04B9C46604402F0BAFE0400298858
:104D5000090180235B03591A9B4B186802F0FCFD84
:104D60002318002C04DA002802DA002B00DB85E28D
:104D7000002C05DD002803DD002B00DD83E279E255
:104D8000914A1360914A934204DD88225201904B6C
:104D90001A8008E0002B03DC00228D4B1A8002E011
:104DA000DB138B4A13800120F6F7E8FEC00080B2C7
:104DB00040038849F4F784F980B2B423804A04326E
:104DC0008549703102F0FAFC844B18800320F6F715
:104DD000D5FEC00080B240037E49F4F771F980B27D
:104DE000B4237F4A5C327F49483102F0E7FC7E4BB6
:104DF00018807E4B188880B2FA218900F4F760F998
:104E000081B2002906D07A48F4F75AF90404240C38
:104E10000AD000E0774C0020F7F78EF8000421005C
:104E2000F4F74EF980B200E07248734B18806F4B74
:104E3000188880B2FA218900F4F742F981B200297A
:104E400006D06B48F4F73CF90404240C0AD000E0C7
:104E5000684C0120F7F770F800042100F4F730F9EE
:104E600080B200E06348654B1880604B188880B2C0
:104E7000FA218900F4F724F981B2002906D05C48B0
:104E8000F4F71EF90404240C0AD000E0594C022067
:104E9000F7F752F800042100F4F712F980B200E0AD
:104EA0005448574B1880514B188880B2FA2189001A
:104EB000F4F706F981B2002906D04D48F4F700F95D
:104EC0000404240C0AD000E04A4C0320F7F734F81D
:104ED00000042100F4F7F4F880B200E04548494BA3
:104EE0001880424B188880B2FA218900F4F7E8F85C
:104EF00081B2002906D03E48F4F7E2F80404240CFD
:104F00000AD000E03B4C0420F7F716F8000421001B
:104F1000F4F7D6F880B200E036483B4B1880334BAC
:104F2000188880B2FA218900F4F7CAF881B2002902
:104F300006D02F48F4F7C4F80404240C66D000E02F
:104F40002C4C0520F6F7F8FF00042100F4F7B8F820
:104F500080B25CE074340020B6460020394700205F
:104F60004A4700203C470020122F0020CB4600205B
:104F700040470020EC46002048460020A54600207F
:104F8000144700201C470020C8460020B7460020D8
:104F9000034700203047002024470020E54600203A
:104FA00038470020CF460020B84600204146002068
:104FB000F84600204B4700205046002007B4B404B8
:104FC00080B0010839B464E6E8460020FFFF7F089E
:104FD000BE460020FF0F000080B1010848470020B6
:104FE00000B3010880B40108FA4600207CB0010833
:104FF000C05D0000FFFF0000AE4600201E470020FD
:1050000032470020BC4600203E470020A448A54B64
:105010001880F6F761FE431E9841A34B1870A34B0E
:1050200018686421F4F7D2F8002900D036E137245B
:105030006C4422000BA9CC204000FFF7CBFD247864
:1050400000239B4D18000BAA9A5C002C01D1EA1892
:10505000127C0BA942540133082BF3D10B78FF2BA0
:1050600003D037226A44137003E0002137226A44D8
:10507000117037226A44127864214A438D490A80AC
:105080008D4A11780122002902D1FF3B5A425A4130
:105090008A4B1A7037246C44220009A98220C00070
:1050A000FFF798FD24780023814D180009AA9A5C27
:1050B000002C01D1EA18127E09A942540133082BB1
:1050C000F3D12F336B441A707B4B1B78002B00D02D
:1050D000E0E08B781B02CA78D3189BB2784A9A1802
:1050E00050425041774908706D4A934203D10022E3
:1050F000754B1A8008E0754A94466344744A93429B
:1051000000DD1300704A138037246C44220007A985
:105110008020C000FFF75EFD24780023644D180056
:1051200007AA9A5C002C02D11A002032AA5C07A9B7
:1051300042540133082BF2D137246C4422704B794E
:105140009B09644A1370220005A980208000FFF7A4
:1051500041FD24780023564D180005AA9A5C002CC6
:1051600002D11A002832AA5C05A942540133082B47
:10517000F2D137246C4422700A004B7803210B4093
:1051800055490B7093789A00D218D200D3181B0996
:10519000524A1380220003A9A420C000FFF71AFD81
:1051A00024780023424D180003AA9A5C002C02D1F7
:1051B0001A003032AA5C03A942540133082BF2D101
:1051C00037246C442270CB785B079B0F444A1370E2
:1051D000220001A94348FFF7FDFC2678344802006D
:1051E000203200210B0001AC0C5D002E00D1147E9A
:1051F0000BAD5D5D057409AD5D5D057607AD5D5D6B
:10520000157005AD5D5D157203AD5D5D15741476A9
:1052100001AD5C550131013001320829E2D137235B
:105220006B441C70AB781B02EA789B182E4A5343E0
:105230009B0B2E4A1380F6231D4AD35C002B04D00F
:10524000082207390C20FCF799FEF723184AD35C93
:10525000002B04D0082200212620FCF78FFE0BA98A
:105260000C20FCF7C3FE124B0022F6215A540131E8
:105270005A5413E01E4A1F4B1A6086E5802212061C
:105280001C4B1A6088E51B4A13601B4A934200DCE2
:1052900086E57AE501220B4B1A7028E70EB070BD47
:1052A000FFFF0000B0460020E446002050460020EA
:1052B00040450020064700203C470020C94600200A
:1052C0000100FFFFCE4600204C460020E0B1FFFF6A
:1052D000FF7F0000A446002045470020A64600208E
:1052E000FC4600206B040000CDCC0000FE460020F0
:1052F000FFFFFF7FE8460020FFFF7F08154B164A9F
:105300000021515E154A4A435A61154A12681A60D3
:10531000144A12889A85144A117842229954134AE1
:1053200012881A86124A117843229954114A128817
:105330005A86114A117844229954104A117845220C
:1053400099540F4A1178462299540E4A11784722EF
:105350009954704754460020BE46002066660000FF
:10536000E846002006470020C946002048470020A4
:10537000CB460020FA460020B846002041460020D7
:10538000F84600204B47002000219823014AD150C5
:105390007047C0464045002010B500210620F8F7B0
:1053A00073FF00210720F8F76FFF00210920F8F7AD
:1053B0006BFF00210A20F8F767FF1E4B19780420C5
:1053C000F8F762FF1C4B19781120F8F75DFF1B4BB3
:1053D00019781220F8F758FF194B19780520F8F7BB
:1053E00053FF184B19780820F8F74EFF164A9823F8
:1053F000D158481CD0506421F3F7E8FE002917D19A
:10540000124A3823D15C0902C0239B00194039237A
:10541000D35C9B028022D2001340C9180A310022BB
:105420000B48FCF783FD0B4A0B492620FCF7B0FD27
:1054300010BDC046E446002040460020A84600209B
:1054400031470020C446002040450020544600203B
:1054500002030000AAEFCDAB7856341210B5140049
:10546000FEF7E8F8206010BDF0B55F4656464D46A1
:105470004446F0B485B0BC4B1A881988D243120454
:10548000120CBA4B00241C5FE4104C432414482334
:10549000B749CB5E53431B14E418B64B9C4200DA69
:1054A0001C00B14B1988B44B00201B5EDB104B4332
:1054B0001B144A21AE48415E514309145B18AD49A3
:1054C0008B4200DA0B001800AC4B984200DD18004C
:1054D000A54B1988AA4B00255B5FDB104B431B14BF
:1054E0004C21A34D695E4A4312149B18A14A934272
:1054F00000DA1300A14A934200DD130022009F4905
:105500008C4200DD0A0012B290469E4A414611804C
:1055100002B292469C4A514611801AB293469B4A67
:105520005946118042461101C3181BB2DB001BB261
:10553000CB1A974A934204DC964A5904934204DA00
:1055400001E0954901E080210906944802F092FAB1
:10555000934B18808C4B00229B5E8C4A0021515E3D
:10556000591A904B994204DC8F4B994203DB490551
:1055700003E0894901E0802109068C4802F070FAB5
:105580008B4B18807A4BC0229C5E996E0391C2228D
:105590009E5EDD6E200002F099F9070029003000C0
:1055A00002F094F93B180293002F07DA002805DA7D
:1055B000002B03DB80231B06029307E0002F05DD91
:1055C000002803DD002B01DC734B0293029B5B146C
:1055D000784A13800399300002F078F90600290018
:1055E000200002F073F9331A0293002E07DA002824
:1055F0000BDB002B09DB80231B06029305E0002850
:1056000003DA002B01DA644B0293029B5B146A4AB3
:1056100013806A4B1D68544C618863680904C91A79
:105620008900674802F03AF8C10202AA2800FFF791
:1056300015FF237A0020002B0BD04B4B59885B6859
:105640000904C91A89005E4802F028F8C002029BCA
:10565000C01A80115B4B18805B4B19685B4B186854
:1056600002AAFFF7FBFE404B588900B240013721E8
:1056700001F0E8FFC002029B984200DDB2E23A4B23
:105680001B7A002B00D0F7E1ACE24E4B0020185EF5
:105690000002029BC01A4E4B1B78002B03D0324BEA
:1056A000D9681D6902E0304B59699D69304B9B6F89
:1056B000C2180292002807DA002B05DA002A03DB61
:1056C00080231B06029307E0002805DD002B03DD85
:1056D000002A01DC304B029302F02EFA040029006C
:1056E000029802F029FA2318002C03DA002801DAC4
:1056F000002B0FDA002C03DD002801DD002B02DD7A
:10570000344A934203DD334A304B1A6008E0324A90
:10571000934203DA304A2D4B1A6001E02B4A1360A2
:10572000039B1B11254A1068C01A294B1B78002BBC
:1057300003D00D4BD9681D6902E00B4B59699D6977
:105740000B4B5B6DC2189146002803DA002B01DA7F
:10575000002A43DA002844DD002B42DD4B46002BB3
:105760003FDC0D4B99463CE034B601082E47002043
:10577000404500200080FFFF4A460020FF7F0000D8
:10578000F646002044460020AA460020AC460020F1
:10579000FF3F000001C0FFFFFFFFFF7F9D555555F4
:1057A000BA460020FF03000001FCFFFFB5A67912F6
:1057B0000E4700202C470020D8460020E04600205D
:1057C000000096B3C6460020D4460020C046002004
:1057D00008470020C0F02100400FDEFF80231B0699
:1057E000994602F07BF904002900484602F076F958
:1057F0002318002C03DA002801DA002B0FDA002C22
:1058000003DD002801DD002B02DDDD4A934203DDCC
:10581000DB4ADC4B1A6008E0DB4A934203DADA4ADF
:10582000D84B1A6001E0D74A1360D84B1B7F002B7E
:1058300000D1AAE0D54C608900B24001372101F0C7
:1058400001FF0600E38BD24A0025555F5D436D00E2
:105850006388D04A0020105E58438012290002F06D
:1058600043F8F4F723FBDE218905F4F763F880237E
:105870001B069C4660448E21C905F4F75BF802F0D4
:105880001FFF9F21C90502F069FF041C0021F3F7E7
:10589000DDFD002806D080231B06E018F3F72AFE62
:1058A000404202E0201CF3F725FE77423FB2B602E9
:1058B0003300B04204DCBA020300904200DA130065
:1058C000B54A14686410E418B04B5968B34B002013
:1058D000185E02F0E7F80112B14B9C4661442800C3
:1058E00002F01EF8864201DA039605E0BF02B842D4
:1058F00001DA039700E00390A24B1D686D10039B33
:105900009C46654403AA29002000FFF7A7FD9F4B92
:105910005E8937B25E8936B22100200002F08EF92E
:1059200001902900280002F089F97E43F600019BCE
:105930001F18BE4223D2039B002B02D180231B02DF
:10594000039303998020C00501F0B4FE06008F4F39
:10595000788900B2210002F049F80100300001F01E
:10596000C3FF904B1860788900B2290002F03EF81E
:105970000100300001F0B8FF8B4B186005E06400B7
:10598000884B1C606D00884B1D60804B1B7F002B7B
:1059900007D1814B1A68834B1A607A4B1A68824B85
:1059A0001A60824B9E6D1F6FDD6D5B6F0393390034
:1059B000280002F029F804007D4B984200DA1C0010
:1059C0000399300002F020F8794B984200DA180071
:1059D000784B9C4200DD1C00764B984200DD18009D
:1059E000241A24B2A402744B1C603900300002F067
:1059F0000BF86F4B984200DA180004006D4B984288
:105A000000DD1C000399280001F0FEFF684B98425E
:105A100000DA1800674B984200DD18000419644B47
:105A20009C4200DA1C00634B9C4200DD1C00A40277
:105A3000624B1C605D4A48234146D15202335146B5
:105A4000D15202335946D1525D4B1988C023D152ED
:105A50005C4BD86890665C490C88C2215452196925
:105A6000D166029C94674C4654655C6894651067E7
:105A70009B68D3655167C3E00122544B1A70434EB3
:105A80007168464B0020185E02F0E6F87388414AC0
:105A90000021515E594389114D4B1940000B4D4B6C
:105AA0009C46604402AAFFF7D9FC4B4F0299386824
:105AB00002F0D2F80190708884B2716872884B0845
:105AC000D103591A4910454801F074FF0500082216
:105AD0003968019801F07EFD0100280001F012FFF5
:105AE00001003C4D6C43A00902AAFFF7B7FC7168A6
:105AF000280002F0DBF84008029BDB12C51A706830
:105B00007288716889004308D003181A401002F0A7
:105B10008BF801001D22280001F034FD050071689A
:105B20000D222F4801F04CFD2D1A029539680A22EA
:105B3000019801F04FFD03907168029802F066F839
:105B40004410174B9C4664440399080001F0F6FE8C
:105B500005002100200001F0E3FE6D10281AF6F781
:105B6000C1FB04000390718889B2052280200006E1
:105B700001F046FD0100200002F00CF8039084E5DE
:105B8000C0F02100D4460020400FDEFF34B60108EB
:105B900042470020D8460020C04600202C47002065
:105BA000E52C0000F046002028470020404500205A
:105BB0000080FFFFFF7F0000DC460020D046002071
:105BC000BA460020544600200E470020044700201B
:105BD000F0FF0F00CB590000204700201748500B62
:105BE000000096B300220A4B1A700A4B00229B5EFB
:105BF0001B020293084B00229B5E9B02039344E529
:105C000005B03CBC90469946A246AB46F0BDC046A6
:105C1000044700202C470020D846002010B5002063
:105C2000F5F7CAFF0100274802F040F800B2400231
:105C3000172101F007FDF0229201904202DD224B74
:105C40001A8007E0214A904202DA1F4B1A8001E0D5
:105C50001D4B18800120F5F7AFFF0100194802F035
:105C600025F800B24002172101F0ECFC031C174A92
:105C7000904201DA164B1B881A1CF02189011BB2D5
:105C80008B4201DD134B1A88134B1A800220F5F763
:105C900093FF01000B4802F009F800B240021721FF
:105CA00001F0D0FCF0229201904202DD0B4B1A80F1
:105CB00007E0064A904202DA084B1A8001E0074BDF
:105CC000188010BD9D33A0692E47002000C4FFFF3F
:105CD000D48E0108D68E01084A460020F6460020E0
:105CE000F0B5474680B43A4B1B681B131BB29A03AE
:105CF00038490C68241324B237494C4361105510BD
:105D00004D1BAD132DB292105242A410141B6413FC
:105D100024B21A1CAB4200DA2A1C16B21A1CAB427F
:105D200000DD2A1C11B2201CB44200DA301C221CF7
:105D30008C4200DD0A1C821812B2D203274E318831
:105D400009B21B045742D01A052201F01BFC802324
:105D50001B0398468044318809B22D04ED1968422E
:105D6000052201F00FFC80231B03C518318809B2FE
:105D70002404E4196042052201F004FC80231B0383
:105D80009C4660444246D143C9170A4080235B03C6
:105D90009A4200DD1A001211114B1A802B00EA43BF
:105DA000D217134080225203934200DD13001B11CF
:105DB0000C4A1380C343DB17184080235B039842CF
:105DC00000DD18000011084B188004BC9046F0BD9F
:105DD000DC460020D0460020DA6E00003EB6010806
:105DE00046470020CC460020B446002010B502AC47
:105DF00024788C4207D1002801D1147006E013707A
:105E000004E0147002E00028FBD0F8E710BDC046A3
:105E1000264B0122CA215A5401315A5401315A5495
:105E200001315A5401315A5402315A5401315A54F1
:105E300001315A5401315A5401315A5402315A54E1
:105E400001315A5401315A5401315A5401315A54D2
:105E500002315A5401315A5401315A5401315A54C1
:105E600001315A5402315A5401315A5401315A54B1
:105E700001315A5401315A5401315A5402315A54A1
:105E800001315A5401315A5401315A5401315A5492
:105E900001315A5402315A5401315A5401315A5481
:105EA00001315A5401315A547047C04640450020D0
:105EB000F0B55F4656464D464446F0B49BB043238A
:105EC000C14AD25C002A0BD0C0498733CB5C584210
:105ED0004341DBB21593CB23CB5C002B07D001E011
:105EE00000231593002A17D00023169301E0012305
:105EF0001693CD23B549CB5C002B04D0002A0FD0DC
:105F000000230B9301E001230B93CE23AF49C95C1F
:105F1000CD3B002907D005E000230B93169301E049
:105F200000230B930023DBB29946CF23A749CB5C18
:105F3000002B01D100F007FEA34B002119835983E8
:105F400008E0A023A148C35A01339F4803830131CD
:105F50009D4B59839E4B1B889BB29B49098B994251
:105F600005D301203B239849C85400F057FE984BB5
:105F70005B889BB29449498B994201D200F05EFE46
:105F800000203B239049C85400F048FE0023199399
:105F9000CC238E4AD35C002B08D100228D4B1A7083
:105FA000199B002B01D100F0DCFD07E03B23864A62
:105FB000D25C884B1A70199B002B0CD0864AF923AF
:105FC0008249C95C10004E38BE3BC05C3A3B00932E
:105FD0000133FFF70BFF43237B4AD35C002205927A
:105FE000002B10D0D02279498A5C002A04D0002BE3
:105FF00016D00022059201E001220592D1227349B8
:106000008A5C002A04D0002B1BD000220C9201E0F5
:1060100001220C92D3226D498A5C002A08D002E04A
:1060200000220C920592002B0FD000230D9301E06B
:1060300001230D93D423654AD25CD33B002A07D0B9
:1060400005E000230D930C9301E000230D93002342
:10605000DBB29B46D5235D4AD35C002B01D100F017
:1060600085FD594B00229A83DA8308E0A42357491F
:10607000CB5A013354498B830132534BDA83544B4F
:106080009B889BB2504A928B9A4206D301213C23B3
:106090004D4AD1543B3B04930DE04D4BDB889BB202
:1060A000494AD28B002104919A4204D33C23464AA8
:1060B000D1543B3B04934323434AD35C002B0BD086
:1060C000D22242498A5C002A06D10021434A11703B
:1060D000049A002A1CD007E03C233B4AD25C3F4B89
:1060E0001A70049B002B0CD03D4AFA233749C95C37
:1060F00010004D38BE3BC05C3B3B00930133FFF7C3
:1061000075FE4323304AD35C00220692002B10D048
:10611000D6222E498A5C002A04D0002B16D00022F9
:10612000069201E001220692D72228498A5C002AC1
:1061300004D0002B1BD000220E9201E001220E920F
:10614000D92222498A5C002A08D002E000220E925D
:106150000692002B0FD000230F9301E001230F9331
:10616000DA231A4AD25CD93B002A07D005E0002383
:106170000F930E9301E000230F930023DBB29A46A6
:10618000DB23124AD35C002B01D100F006FD0E4B3D
:1061900000221A845A8408E0A8230C49CB5A013300
:1061A00009490B840132084B5A84094B1B899BB265
:1061B000054A128C9A4215D301213D23024AD1543B
:1061C0003C3B03931CE0C046544600204045002061
:1061D00054B6010846460020A24600200C47002085
:1061E000A1460020CD4B5B899BB2CD4A528C002149
:1061F00003919A4204D33D23C94AD1543C3B0393B3
:106200004323C74AD35C002B0BD0D822C5498A5CF4
:10621000002A06D10021C44A1170039A002A1CD01A
:1062200007E03D23BE4AD25CBF4B1A70039B002B94
:106230000CD0BE4AFB23BB49C95C10004C38BE3BA6
:10624000C05C3C3B00930133FFF7D0FD4323B44ACD
:10625000D35C00220792002B14D0DF22B1498A5C64
:10626000002A04D0002B0BD00022079201E001226B
:106270000792E022AB49895CDF3A002903D001E0B4
:10628000002207920022D2B29046E122A549895C01
:10629000002905D0A24A002034241055013410559D
:1062A0009E4A9489A4B2A24A156844229C48805C04
:1062B0000022002801D0A5425241D2B29D4802706E
:1062C000002B0DD0E220974E305C002808D100262C
:1062D00099480670002901D100F0B8FC00F0C2FC1A
:1062E0008E48C089800301268D4F3F68874200DCBD
:1062F000002691480670002910D1002A0ED08F4A3E
:106300001078F2B2002A05D08D4A12780132343169
:10631000834E72540130352281498854002B01D1BB
:1063200000F0A8FC00F09EFC0021854A1170DD22DF
:106330007C498A5C002A03D10021804A117004E064
:1063400035227749895C7D4A1170744A127CD2B239
:1063500034217348415C914205D301203E227049AB
:10636000885400F097FC6D4A527CD2B235216C48BB
:10637000415C914201D200F09DFC00203E22684920
:10638000885400F087FC00231793DE23654AD35C12
:10639000002B08D100226B4B1A70179B002B01D1E8
:1063A00000F00EFC07E03E235D4AD25C654B1A709C
:1063B000179B002B0CD0644AFC235A49C95C10007F
:1063C0004B38BE3BC05C3D3B00930133FFF70EFDF5
:1063D0004323534AD25C00230893002A14D0E623B7
:1063E0005049CB5C002B04D0002A0BD0002308932B
:1063F00001E001230893E7234A49C95CE63B0029F1
:1064000003D001E0002308930023DFB2E8234549CD
:10641000C95C002905D0424B00203626985501362C
:1064200098550023AC4204D845333D48C35C581E00
:106430008341DBB245480370002A0DD0E920394C76
:10644000205C002808D1002441480470002901D1B3
:1064500000F038FC00F042FC3048408A8003012400
:106460002F4D2D68854200DB002439480470002937
:1064700010D1002B0ED0374B1878E3B2002B05D08B
:10648000354B1B7801333631254C635401303723AB
:106490002349C854002A01D100F028FC00F01EFC5A
:1064A00000212D4B1970E4231E49CB5C002B03D136
:1064B0000021284B197004E037231949C95C254B8A
:1064C0001970164B1B7CDBB236211548415C994292
:1064D00005D301203F231249C85400F016FC0F4B8E
:1064E0005B7CDBB237210E48415C994201D200F05F
:1064F0001BFC00203F230A49C85400F006FC00237F
:106500001893E523074AD35C002B29D10022134BB3
:106510001A70189B002B00D157E329E054B60108EC
:106520005446002040450020CA460020A0460020D6
:1065300050460020474600203B47002000470020EF
:1065400002470020404600209F460020B24600201F
:1065500001470020F446002044470020A8460020C0
:106560003F23C24AD25CC24B1A70189B002B0CD03E
:10657000C04AFD23C049C95C10004A38BE3BC05C1C
:106580003E3B00930133FFF731FC4323B74AD25C13
:1065900000230993002A10D0EA23B749CB5C002BD3
:1065A00004D0002A16D00023099301E001230993A7
:1065B000EB23B149CB5C002B04D0002A1BD0002375
:1065C000109301E001231093ED23AB49CB5C002B2A
:1065D00008D002E0002310930993002A0FD0002373
:1065E000119301E001231193EE23A349CB5C012415
:1065F000002B07D005E000231193109301E0002346
:1066000011930024E4B2EF239B49CB5C002B00D113
:10661000DFE2964B00219984D98413E0974B998A45
:1066200009B2AE239448C35A90483025405F88424F
:1066300005DDAC219048415A01318C4881840133F9
:106640008A49CB848D4BDB8A9BB28849898C9942DD
:1066500004D3012040238549C85471E3874B1B8B29
:106660009BB28249C98C994200D277E30020402333
:106670007E49C85464E300231493EC237E4AD35C20
:10668000002B07D100227E4B1A70149B002B00D1E7
:10669000A6E207E04023754AD25C794B1A70149B3E
:1066A000002B0CD0774AFE237349C95C100049388F
:1066B000BE3BC05C3F3B00930133FFF797FB432396
:1066C0006A4AD25C00230A93002A10D0F0236A4958
:1066D000CB5C002B04D0002A16D000230A9301E0E3
:1066E00001230A93F1236449CB5C002B04D0002AD8
:1066F0001BD00023129301E001231293F3235E4980
:10670000CB5C002B08D002E0002312930A93002AEE
:106710000FD00023139301E001231393F423564970
:10672000CB5C0125002B07D005E0002313931293C7
:1067300001E0002313930025EDB2F5234E49CB5C15
:10674000002B00D15AE2494B00211985598513E0ED
:106750004A4B598B09B2B2234748C35A43483226A1
:10676000805F884205DDB0214348415A01313F48EE
:10677000018501333D494B85404B9B8B9BB23B4987
:10678000098D994205D3012041233849C854012677
:106790000CE03A4BDB8B9BB23449498D0026994281
:1067A00004D3002041233149C8540136002A08D0BF
:1067B000F223314AD35C002B03D10022324B1A70F2
:1067C00004E04123294AD25C2F4B1A70002E0CD0D2
:1067D0002E4AFF232849C95C10004838BE3BC05CE4
:1067E000403B00930133FFF701FB43231F4AD35C77
:1067F000214ACA21535401315354013153540131B8
:106800005354013153540B9A002A04D00020CF2254
:106810001949885408E0CF229446174968466B3AD4
:106820008018007862468854159A002A04D0002007
:10683000A0221149885204E00C4A108BA0220E4974
:106840008852169A002A04D00020A2220A498852AF
:1068500004E0064A508BA222074988524A46002A81
:1068600016D00020F9220449885417E0544600202D
:10687000A84600209E4600204045002054B601084E
:10688000314700209D460020C44600209C46002041
:106890004E22D549885CAB32D4498854D34AD021A2
:1068A0005354013153540131535401315354013184
:1068B00053540D9A002A04D00020D522CB49885485
:1068C00004E0D522C9496846007C8854059A002A0C
:1068D00004D00020A422C549885204E0C24A908B0B
:1068E000A422C24988520C9A002A04D00020A62271
:1068F000BE49885204E0BC4AD08BA622BB498852CC
:106900005A46002A04D00020FA22B849885405E0EB
:106910004D22B549885CAD32B4498854B34AD6217A
:106920005354013153540131535401315354013103
:1069300053540F9A002A04D00020DB22AB4988541C
:1069400004E0DB22A9496846007B8854069A002AA5
:1069500004D00020A822A549885204E0A24A108C45
:10696000A822A24988520E9A002A04D00020AA2206
:106970009E49885204E09C4A508CAA229B49885226
:106980005246002A04D00020FB229849885405E092
:106990004C229549885CAF3294498854934ADC2153
:1069A0005354013153540131535401315354013183
:1069B0005354079A002A04D00020E1228B498854BE
:1069C00008E0E122944689496846853A80180078B3
:1069D00062468854E22285498B544246002A03D0FD
:1069E0000020FC22885405E04B227F49885CB132AC
:1069F0007E4988547D4AE321535401315354013177
:106A000053540131535401315354089A002A04D08D
:106A10000020E8227549885408E0E822944673492A
:106A20006846883A8018007862468854E9226F499F
:106A30008B54002F03D000201432885405E04A22E2
:106A40006949885CB33269498854684AEA215354D9
:106A500001315354013153540131535401315354D2
:106A6000119A002A04D00020EF226049885406E0E1
:106A7000EF225E4968465027C01900788854099A69
:106A8000002A04D00020AC225849885204E0564A1B
:106A9000908CAC2255498852109A002A04D00020CC
:106AA000AE225249885204E04F4AD08CAE224F4960
:106AB0008852002C04D00020FE224C49885405E066
:106AC00049224949885CB53248498854474AF021EF
:106AD0005354013153540131535401315354013152
:106AE0005354139B002B03D00021F523D15402E013
:106AF000F5233E4AD6540A9B002B04D00021B02334
:106B00003A4AD15204E0384B198DB023374AD1525A
:106B1000129B002B04D00021B223344AD15204E04E
:106B2000314B598DB223314AD152002D04D000216E
:106B3000FF232E4AD15414E148232B4AD15CB733AA
:106B40002A4AD1540DE12A4B1B8CA2212748415AD5
:106B50001B0425484069984201DDFFF7F2F9FFF771
:106B6000F6F94323204AD35CFFF73CFA1E4B5969E0
:106B7000204800F02DFF01001F4800F067FF1C4B6C
:106B80005B8C1BB2A62219498A5A80B25B009842DC
:106B900001DDFFF76BFAFFF76FFA134B59691548E0
:106BA00000F05EFF124B9B8C1BB2AA220F498A5A3F
:106BB00080B25B00984201DDFFF7EEFAFFF7F2FAD0
:106BC0004323094AD25CFFF70AFC4323064AD25CFE
:106BD000E2E446230449CB5C002B00D132E51DE5FD
:106BE0004323014AD25C71E5544600204045002011
:106BF00054B60108292BE749DBF97E5A47235C4943
:106C0000CB5C002B00D1B7E5A2E53B23584AD25C10
:106C1000584B1A7001231993FFF7D0F901231993E8
:106C2000002A01D0FFF7B4F9EFE73B23504AD25CCA
:106C3000504B1A7000231993FFF7CDF9002AF4D0B6
:106C4000FFF7A4F94C4A1078FFF764FB002A01D142
:106C5000FFF764FBF6E734224549895C474A117027
:106C6000FFF765FBDC2246498A5C002A01D1FFF769
:106C70005BFBF0E734223E49895C404A1170FFF724
:106C80005FFB3E233A4AD25C3E4B1A7001231793B6
:106C9000FFF791FB01221792002B01D0FFF775FB44
:106CA000EFE73E23324AD25C364B1A70002317932B
:106CB000FFF78EFB002BF4D0FFF765FB324B187803
:106CC000FFF7E4FB002B01D1FFF7E4FBF6E73623E7
:106CD0002749C95C2D4B1970FFF7E5FBE3232849D1
:106CE000CB5C002B01D1FFF7DBFBF0E7362320491B
:106CF000C95C264B1970FFF7DFFB3F231C4AD25CAF
:106D0000234B1A700123189332E401231893002AAD
:106D100001D0FFF7F6FBF0E73F23154AD25C1C4B8E
:106D20001A700023189330E4002AF5D0FFF7E7FB30
:106D300040230F4AD25C174B1A7001231493B1E41D
:106D400001231493002A00D097E4F1E74023084A76
:106D5000D25C104B1A7000231493B0E4002AF5D0D3
:106D600089E41BB03CBC90469946A246AB46F0BDB8
:106D700054460020464600200047002002470020DD
:106D80004045002040460020F446002044470020B3
:106D9000A846002031470020084A9C21535C04206B
:106DA0008343013883435354002000211060516015
:106DB0009060D1600022024BDA8570474045002088
:106DC00054460020F0B55F4656464D464446F0B462
:106DD00087B0C823C64AD35C182B00D90CE3C54B37
:106DE0001B68C54A12689A4200D928E304E3C349E4
:106DF0003A228B5C01338B54C14B00241C5F231E51
:106E000001DA63421BB2BF4A0026965FBC22B84932
:106E10008A5EB24208DABE22B5498A5E9A4203DD32
:106E20003A23B64AD55C02E0C923B14AD55C9C231B
:106E3000AF4AD35C5A0715D4AD4B9C20195C042291
:106E40000A43FC210A4002210A431A540021AB4A9A
:106E5000D185002000219860D9600020AA491860DF
:106E600059603AE003221340012B1CD10022A64BAB
:106E70009F498868C968F2F7CDFA00282DD09C4B4D
:106E80009C201A5C03218A4302210A431A540021E0
:106E90009A4AD185002000219860D96000209A4943
:106EA0001860596019E00022974B914908684968B9
:106EB000F2F7B0FA002810D08D4B9C201A5C032109
:106EC0008A4301210A431A548A4A127992018B4952
:106ED000CA8500208C499860D960884BDB8D9B0265
:106EE00098462B000C3BDAB2884B5343884A136018
:106EF0007F4B42461A65BC229E52002C04DA644243
:106F0000BE237B4AD45202E0BE23794AD452C9231D
:106F1000774AD554873B794AD35C002B4AD000236B
:106F200003934DE07B4B1B881BB27B4A934205DBEE
:106F3000784B188800B2C00000B202E0774800E049
:106F400077486C4BDE88B6B2198909B200F07AFB3B
:106F50004643B300734E0022B15E0293180000F066
:106F60006BFC714B1F68BF13C51B614C3388B82283
:106F7000A15A591A09B2019800F05EFC2E186B4B09
:106F80001D68AD136A4F0022B95E029800F054FCF0
:106F90002D1A3B88BA22A15A591A09B2019800F059
:106FA0004BFC291A300000F049FF624B18600123A6
:106FB000039305E0564B1A685E4B1A600023039357
:106FC0005C4B1B6880224A498A589A4206DDCA6F88
:106FD0009B1A594A9446634401930DE08822444920
:106FE0008A58934204DD84228A589B1A019303E055
:106FF0008C233F4AD35801930199504800F0DAFCA2
:1070000007224F4900F0BEFA81460101091A8900A2
:107010004C4800F04DFC374D698989B200F050FDB5
:107020000400698989098023DB00591A9023304ABA
:10703000D05800F00FFC23189A46002C03DA0028E1
:1070400001DA002B09DA002C0ADD002808DD53469E
:10705000002B05DC3C4B9A4602E080231B069A4637
:107060004223264AD35C002B00D0F1E1938D002B04
:1070700000D0F4E1ECE15E4236B2012302931D4BF5
:107080009F893FB2B6221A498A5A9346DD89ADB22A
:10709000AA4261D3C423CA5E002A01DA53421AB25B
:1070A000164B9B8D5B009B1A1BB2124A128A92B23E
:1070B00026498A4205D80F4A108A400000B283420E
:1070C00004DC181C002B00DA002000B20A23204A3E
:1070D000204900F02DFBB423054AD45A640020183F
:1070E0000F4B984200DD1800401084B237E0C046D4
:1070F000404500207CB60108504600205446002040
:10710000D84600202C4700200000F03F0000610816
:10711000344700203EB6010801F0FFFF0080FFFF6A
:10712000FF7F0000BA460020DC460020D046002049
:107130000E47002010470020000010C965F9A2008A
:107140002506010033030000FFFFFF7FFF3F000023
:10715000D88E0108F08E0108B423CC4AD45A4223B9
:10716000CB4AD35C002B11D12200BE4201DDC84BBB
:107170009A8DC84B5B8A9BB29A4204D3C54B5A8AFC
:10718000C54B1A8005E0C44B1A8002E00022C24BB6
:107190001A800123BE4209DCBE4B9A8A12B2002338
:1071A000964203DDBD4B1B785A1E9341DBB2BB4AAE
:1071B0001370AB4504D30020B622B449885204E0D2
:1071C000B248B621425A01324252B34A10884000B6
:1071D000B34A0021525E801AB24A904200DD10008C
:1071E000002B04D0AB4B9969DB69059310E0A94AE9
:1071F000116A136A890C01252940DB0CC918C904DE
:10720000536A526A9B0C2B40D20C9B18DB040593EB
:1072100000B2C6239D4AD65E3618A34B9E4200DAC2
:107220001E0000F0C5FCA04B984200DA18000500D3
:107230009C4B984200DD1D009A4B9E4200DD1E00D3
:1072400036B20599300000F0B3FC974B984200DA53
:107250001800944B984200DD18004519924B9D424E
:1072600000DA1D008F4B9D4200DD1D00ED03894BB0
:107270001B891BB21B029D4202DD8C4A136008E091
:107280008B4B9D4203DA1A00884B1A6001E0874B52
:107290001D60814B1B885A1E9341864A1370864B92
:1072A0001968864800F086FB0023039A002A04D060
:1072B000834B1B689846834B1B68764A926A9342BD
:1072C00002DC734A536003E0724B9A6A704B5A6057
:1072D000704B9B6A984503DC6D4B42469A6003E015
:1072E0006C4B9A6A6A4B9A60C50080231B069D42CC
:1072F00019D88023DB059D4201D8581BBAE005ABA5
:10730000802252000021C0200006281800F080FDD5
:107310006D4A059900F0F4F907006C4A6C4BEB18C4
:1073200093421BD921E06A4B9D4203D98023DB05A0
:10733000E8189FE0C0200006401B05AB80225200E9
:10734000002100F065FD604A059900F0D9F90700B9
:107350005E4A5F4BEB18934200D9F3E07F428023F3
:107360001B069D4200D9EDE0DBE080231B0698461A
:10737000581B05AB80225200002100F049FD524A03
:10738000059900F0BDF9454500D94042029B002B0C
:1073900003D0504B4A461A6002E000224D4B1A605F
:1073A0003B4A3A4B196ED160596E11614A490D88BA
:1073B000B8215D5249490D88BA215D528039515C2E
:1073C000C82299543C4A1268DA6780215A50043125
:1073D0005A5004315A508C22019999500432514626
:1073E00099502F4A1188C4229952103A9C52123255
:1073F0009E521F665866BBE00122394B1A70394D08
:10740000288800B2234C218909B2000200F01AF941
:10741000E16A00F02FFCC10BAE20FF3000F048FA0B
:10742000314B1B8843431900304800F0C3FA0190E8
:107430002B881BB22E4A934200DD81E572E50022C3
:10744000274B1A70114B1B6D002B00D0CFE4D3E4F7
:107450000022134B1A800023029300260FE65346A6
:107460005B121EB20E4A1680002E00DA03E60123DC
:10747000029304E605AB80225200002100F0C8FC14
:10748000114A059900F03CF9070068E740450020E3
:10749000544600207CB601080A4700200847002017
:1074A00042470020FF7F00000080FFFFE0460020F1
:1074B0000000E2FF3A4700201047002065F9A200D3
:1074C000F046002028470020088F0108FEFFFF7FBC
:1074D000FFFFFFBF20470020BA4600200E470020D4
:1074E000424600203EB601087CB001082506010096
:1074F000FF0F000005AB80225200002100F088FC45
:107500001F4A059900F0FCF83FE705AB80225200C6
:107510000021280000F07CFC194A059900F0F0F8E1
:1075200034E78023DB059D42EFD913E0684205ABC9
:1075300080225200002100F06BFC114A059900F0F6
:10754000DFF822E780231B06E8188023DB0598423A
:10755000ECD8CFE780200006401B05AB802252000C
:10756000002100F055FC064A059900F0C9F80DE726
:1075700007B03CBC90469946A246AB46F0BDC0461B
:10758000088F010870B5002905D1C043C00F8023C2
:107590001B06181A13E0C317C5185D40CB17CE1889
:1075A0005E40C30FCC0FA34205D03100280000F08D
:1075B000B1FF404203E03100280000F08FFF70BDB2
:1075C00010B5002902D000F089FF00E0004810BD8E
:1075D000FFFFFF7F10B500290DD0CC170B196340BA
:1075E000002904DA190000F095FF404204E0190078
:1075F00000F074FF00E0014810BDC046FFFFFF7FB0
:10760000F8B507000D001600002916D0F1F758FD57
:10761000040029003800F1F7D9FD002E0FD0002317
:107620000A0049006400002A01DB8D4201D80134C0
:10763000491B01339E42F3D101E001246442200042
:10764000F8BDC046F0B583B006000D1E03D100287A
:107650001BDA10481CE0C21783185340CA178F1852
:107660005740390001931800F1F72AFD0400F30F89
:10767000ED0FAB420BD039000198F1F7A7FD4B1E7F
:1076800099416418604200B202E0034800E000B291
:1076900003B0F0BD0080FFFFFF7F000010B50029A0
:1076A00003D0F1F70DFD00B200E0014810BDC04667
:1076B000FF7F0000F0B583B007000C1E05D1C0436A
:1076C000C00F80231B06181A17E0C21783185340F7
:1076D000CA178E185640310001931800F1F7F0FCDC
:1076E0000500FF0FE40FA74207D031000198F1F722
:1076F0006DFD4B1E99416D18684203B0F0BDC04648
:1077000070B50D00431C9B00D158043BD41826686B
:10771000B14206DB891B280000F0BAFA2368C018C2
:1077200004E0711A280000F0B3FA301A70BDC046A8
:10773000F0B5474680B490461E0000228B5E83421F
:1077400022DA73005B5E834222DD7308012E0ED9BC
:10775000320000245F007F5E874201DC1C0000E0F5
:107760001A0013195B08171B012FF3D800E000243F
:107770006300CA5A801A0004C9184B88991A89B242
:10778000F1F79EFC82B201E000240022B44203D152
:1077900076004346F05E0DE00134640043461B1959
:1077A000023B00215B5E4146085FC01A5043001453
:1077B000C31818B204BC9046F0BDC046F8B5150019
:1077C0001E000B88834222D273005B5A834222D967
:1077D0007308012E0ED9320000245F007F5A8742C1
:1077E00001D81C0000E01A0013195B08171B012FB9
:1077F000F3D800E000246300CA5A801A0004C918B4
:107800004B88991A89B2F1F75BFC82B201E000243F
:107810000022B44202D17600705F0BE001346400B4
:107820002B19023B00215B5E285FC01A50430014F5
:10783000C31818B2F8BDC04600B583B06B4601AAA4
:1078400000F03EFA019B9805009B9B0A184303B089
:1078500000BDC04600B583B06B4601AA00F030FA07
:107860000198009B8212002A0EDC80059B0A1843B7
:10787000131E02D1002814DA08E0013208DB0133BC
:1078800011D1002807DA0EE008480CE007480AE0AA
:107890008020000607E08020000604E0802000062B
:1078A00001E0531CFADB03B000BDC046FFFFFF7FC1
:1078B00000B583B06B4601AA00F002FA019B1805DF
:1078C000009B1B0B184303B000BDC04600B583B03E
:1078D0006B4601AA00F0F4F9019BD804009B5B0BF6
:1078E000184303B000BDC04600B583B06B4601AA83
:1078F00000F0E6F9019B5804009BDB0B184303B032
:1079000000BDC04600B583B06B4601AA00F0D8F9AF
:10791000019B9803009B9B0C184303B000BDC0461D
:1079200000B583B06B4601AA00F0CAF9019B580369
:10793000009BDB0C184303B000BDC04600B583B00C
:107940006B4601AA00F0BCF9019B1803009B1B0DBC
:10795000184303B000BDC04600B583B06B4601AA12
:1079600000F0AEF90198009B0215002A0EDC00031E
:107970001B0D1843131E02D1002814DA08E001324F
:1079800008DB013311D1002807DA0EE008480CE0CB
:1079900007480AE08020000607E08020000604E097
:1079A0008020000601E0531CFADB03B000BDC04696
:1079B000FFFFFF7F00B583B06B4601AA00F080F99E
:1079C000019B9801009B9B0E184303B000BDC0466D
:1079D00000B583B06B4601AA00F072F9019B580014
:1079E000009BDB0F184303B000BDC04600B583B059
:1079F0006B4601AA00F064F9019B1807009B1B0964
:107A0000184303B000BDC04600B583B06B4601AA61
:107A100000F056F90198C3171A1E0DDC0012002B56
:107A200001D100280ADB01320ADB01330AD1002828
:107A300008DB8020000605E0034803E0024801E07F
:107A40008020000603B000BDFFFFFF7F00B583B0BC
:107A50006B4601AA00F034F9019B581303B000BD36
:107A600000B583B06B4601AA00F02AF9019B981378
:107A700003B000BD00B583B06B4601AA00F020F949
:107A8000019B181403B000BD00B583B06B4601AA7A
:107A900000F016F9019B1806009B1B0A184303B05F
:107AA00000BDC04600B583B06B4601AA00F04EF998
:107AB000019B5804009BDB0B184303B000BDC0467C
:107AC00000B583B06B4601AA00F040F9019B180491
:107AD000009B1B0C184303B000BDC04600B583B02B
:107AE0006B4601AA00F032F90198009B0214002AAB
:107AF0000EDC00041B0C1843131E02D1002814DAFC
:107B000008E0013208DB013311D1002807DA0EE06A
:107B100008480CE007480AE08020000607E08020C3
:107B2000000604E08020000601E0531CFADB03B0ED
:107B300000BDC046FFFFFF7F00B583B06B4601AAC2
:107B400000F004F90198009B8214002A0EDC8003E7
:107B50009B0C1843131E02D1002814DA08E00132EE
:107B600008DB013311D1002807DA0EE008480CE0E9
:107B700007480AE08020000607E08020000604E0B5
:107B80008020000601E0531CFADB03B000BDC046B4
:107B9000FFFFFF7F00B583B06B4601AA00F0D6F867
:107BA000019B5803009BDB0C184303B000BDC0468B
:107BB00000B583B06B4601AA00F0C8F80198009B9D
:107BC0000215002A0EDC00031B0D1843131E02D100
:107BD000002814DA08E0013208DB013311D1002853
:107BE00007DA0EE008480CE007480AE080200006AB
:107BF00007E08020000604E08020000601E0531C1E
:107C0000FADB03B000BDC046FFFFFF7F00B583B0C5
:107C10006B4601AA00F09AF8019B9800009B9B0F0D
:107C2000184303B000BDC04600B583B06B4601AA3F
:107C300000F08CF8019803B000BDC04600B583B0D9
:107C400001AB6A4600F03CF8009BD803019B5B0C3B
:107C5000184303B000BDC04600B583B001AB6A460F
:107C600000F074F8009B9805019B9B0A184303B031
:107C700000BDC04600B583B001AB6A4600F066F8AF
:107C8000009BD806019B5B09184303B000BDC046AA
:107C900000B583B001AB6A4600F092F8009B580033
:107CA000019BDB0F184303B000BDC04600B583B095
:107CB0006B4601AA00F084F8019803B000BDC046ED
:107CC000F0B54F464646C0B49C46C317C5185D4044
:107CD000CB17CE185E402B0C2D042C0C370C350422
:107CE0002D0C2E005E43B0463E006643B146654310
:107CF00036047619AE42AD416C4245462D04AD19AD
:107D0000B542B6417642A4194E46360CB1464646B7
:107D1000360C4E445F43F7193F1900280FD0002955
:107D20000DD0C317181ACB17591AC00FC90F8842A4
:107D300005D06D42002D01D0FF4300E07F42176067
:107D400063461D600CBC90469946F0BDF0B54F46A9
:107D50004646C0B494469846C317C6185E40320CD7
:107D60003604360C0F0C0D042D0C2B0053433C0035
:107D70007443A1466E432504AD19B542B641744221
:107D80001E047619AE42AD416D4264194D462D0C6C
:107D90001B0CEB185743DF193F19002907D00028A7
:107DA00005DA7642002E01D0FF4300E07F426346B1
:107DB0001F6043461E600CBC90469946F0BDC0460D
:107DC000F0B5474680B49846050C0004000C0C0C36
:107DD0000904090C0E006E43270047434143380451
:107DE000401888428941494233049C468444844572
:107DF0008041404209183F0C360CBE196C433419BF
:107E00006418146063464246136004BC9046F0BD9B
:107E1000884203D800221A6000200CE0411A880D25
:107E2000904204D24902044A1140196003E0501EF6
:107E3000802212061A60704700FEFF7FF0B55F4691
:107E400056464D464446F0B4A9B004000D00002348
:107E5000A2491DAA5858985004332C2BF9D1002C54
:107E600014DA80231B069C4201D0604200E09C484B
:107E7000022213A900F03CF919AB1E22022113A81B
:107E800000F0EAFA012398469A4610E0022213A96C
:107E9000200000F02DF919AB1E22022113A800F0DA
:107EA000DBFAE017041BE30F984600239A46002DE7
:107EB00013DA80231B069D4201D0684200E0884807
:107EC000022213A900F014F91BAB1E22022113A8F1
:107ED00000F0C2FA012399460CE0022213A92800FF
:107EE00000F006F91BAB1E22022113A800F0B4FA21
:107EF0000023994617AA1BAB03CB03C215AA19ABE3
:107F000003CB03C21DAD01240027764B9B4609A974
:107F10000B005A4641CA41C3022219A800F076F963
:107F200000281AD0022307AA15A91BA800F0B6FA48
:107F30001BAB1E22022107A800F08EFA022307AA1B
:107F400017A919A800F068FA19AB1E22022107A888
:107F500000F082FA2B68FF1A1AE0022307AA15A97B
:107F60001BA800F059FA1BAB1E22022107A800F043
:107F700073FA022307AA17A919A800F08FFA19AB00
:107F80001E22022107A800F067FA2B689C4667446E
:107F90000226009617AB220002211BA800F0C0F9B0
:107FA000009615AB2200022119A800F0B9F901349E
:107FB00004350C2CABD14346002B7ED04B46002B16
:107FC00072D05346002B37D003AC02222100380078
:107FD00000F08EF805AB1F220221200000F03CFAD1
:107FE000414B220003CB03C2022307AA210005A8AC
:107FF00000F054FA03230BAA022107A800F084F82A
:10800000032300930EAB1F2203210BA800F004F9F9
:10801000022309AA03210EA800F0A2F8022300936C
:1080200011AB1F22022109A800F07AF9022111A840
:1080300000F08CF8070048E007AC2B4B220003CB84
:1080400003C2022203A9380000F052F805AB1F2238
:10805000022103A800F000FA022309AA05A92000C2
:1080600000F01CFA03230BAA022109A800F04CF827
:10807000032300930EAB1F2203210BA800F0CCF8C2
:10808000022311AA03210EA800F06AF8022300932C
:1080900013AB1F22022111A800F042F9022113A8FC
:1080A00000F054F8070010E05346002B0DD0802359
:1080B0001B069F4206D07F4207E04B460027002B5D
:1080C00003D001E0064F00E0084F380029B03CBC67
:1080D00090469946A246AB46F0BDC0461C930108A7
:1080E000FFFFFF7F0C9301081493010851ED876493
:1080F0000860C017012A05DD0B1D9200891801C315
:108100008B42FCD17047C046F0B51D008B4200DDAC
:108110000D00002D06DDAE00002407591751043470
:10812000B442FAD18B420EDD074CA446614489006B
:108130000858C017AB4206DDA90051189B00D218A1
:1081400001C19142FCD1F0BDFFFFFF3F00B583B0FC
:10815000012301AA00F004F8019803B000BDC04655
:10816000F0B557464E464546E0B44E1EB400A14613
:1081700081444C462568AC46ED178B4238DA5F1EC9
:10818000B846BC00A24667460459674028D4B342AB
:108190002EDC4C46013E2768AF4221D1043CB3425D
:1081A000F8DD25E020C18142FCD1013B00E0002345
:1081B0009B00802109068C4665449D5021E047586C
:1081C00057500431B142FAD100E00024A34218DD37
:1081D000A10051189B00D21820C18A42FCD110E0A6
:1081E000ED4341460029E2DD110050461018D9E761
:1081F0001C008B4200DD0C00002CE6DDA6000021F7
:10820000DDE71CBC90469946A246F0BD10B500F0D3
:10821000A1F9C00F10BDC046F0B55F4656464D46A9
:108220004446F0B483B00400914698465209924601
:108230003A4BCB189B001F58FF1715000C9B9A4216
:1082400000DD1D00002D07DD4346A8004044002648
:1082500040C39842FCD100E000250C9B9A453DDAD2
:1082600053014846C31A51180C9A8A4200DD0A008D
:10827000521B9246002B02D1002A33DC2EE0202232
:10828000D21A91465246002A1BDD92009346AC4614
:10829000A9004144002200204E460191B946270022
:1082A0005C46F0400500B858010099400D43019923
:1082B0008D500432A242F4D14F46B1465546654432
:1082C00000E000200C9AAA4221DDAA004946C840DD
:1082D0003900994008434346D05001350C9B9D42DC
:1082E0000DDB14E092002900AD0045440023E05866
:1082F000E85004339A42FAD151440D00EEE7A90048
:1083000041440C9B9C00444480C18C42FCD103B08E
:108310003CBC90469946A246AB46F0BDFFFFFF3FEE
:10832000F0B55F4656464D464446F0B483B08046AD
:108330008C469A4653091800364C6444A4004146C2
:108340006658F6170024634543DA0C9959186446B9
:1083500000948C4500DD00915901511A04D1009A16
:108360000024904235DA38E02022521A91469A00D1
:10837000404617585A1C009C94421ADD9200424411
:1083800050460194A40044444D4699462300B34608
:108390003C00CC4080CA3E00AE40344310C09A42FC
:1083A000F6D14B46A9465E46DC43019B9B465C44A6
:1083B00000E00024CF40330000998C4502DD8B00A3
:1083C00042469B58A20049468B401F435346D75014
:1083D00001340C9BA3420DDC14E09A004244514648
:1083E000009804008000404420CA20C18242FBD192
:1083F000E41AEEE7A20052440C9B9B00534440C297
:108400009A42FCD103B03CBC90469946A246AB468A
:10841000F0BDC046FFFFFF3FF0B5474680B4002BDC
:1084200016DD9B0098460025002600239C464759F0
:108430004C593C19A4195451002E03D06646A7424A
:10844000764102E0BC42A441664204354545EED186
:1084500004BC9046F0BDC04670B54D1E002D09DD30
:108460000D4CA44661448900002406591E51043471
:108470008C42FAD11F218A1A01249440AD00405940
:10848000010021404A1E91414A4264005040013C93
:10849000044062405A5170BDFFFFFF3FF0B54746B0
:1084A00080B4002B16DD9B00984600250027002392
:1084B0009C4646594C59341BE41B5451002F03D0A1
:1084C0006746B4427F4102E0A642A44167420435B8
:1084D0004545EED104BC9046F0BDC046F8B5070056
:1084E0000D001600F0F7ECFD040029003800F0F74D
:1084F0006DFE002E0CD000230A0049006400002A03
:1085000001DB8D4201D80134491B01339E42F3D176
:108510002000F8BDF8B507000D001600F0F7D0FDFB
:10852000040029003800F0F751FE002E0CD0002383
:108530000A0049006400002A01DB8D4201D80134A1
:10854000491B01339E42F3D14B1E99416418200010
:10855000F8BDC04670B5144BD3189B00C458E40F47
:10856000CD58EE0FE507A64205D1C018C918002A5C
:1085700007DC002016E0681E85416842012318438D
:1085800010E0013A03680C68A34206D000209C4228
:10859000404140420123184304E004380439002AD2
:1085A000EFD1002070BDC046FFFFFF3F014B1868B0
:1085B0007047C0467005002070B50F2A32D90C00F4
:1085C00004430B00A40731D115000400103D2D0910
:1085D00001352D0149191E6826605E6866609E6837
:1085E000A660DE681033E66010349942F3D10F23A1
:1085F00045191340032B1BD91C1F0023A408013469
:10860000A400CE58EE5004339C42FAD103232D1916
:1086100009191A4005D00023CC5CEC5401339A426E
:10862000FAD170BD0500002AF5D1FAE70500F2E79E
:108630001A00F8E770B583073FD0541E002A3BD0DC
:10864000CEB20300032503E0621E002C34D01400D8
:1086500001335A1E16702B42F6D1032C24D9FF2564
:108660000D402A0215432A0415430F2C11D9260068
:10867000103E3609013636011A009B191560556007
:108680009560D56010329342F8D10F221440032C2C
:108690000AD9261FB6080136B6001A009B1920C257
:1086A0009342FCD103221440002C05D0C9B21C19FE
:1086B000197001339C42FBD170BD14000300CCE75C
:1086C000F0B54746430080B45F081B0E7F3B051C96
:1086D0001C00162B18DC8046002B1EDB1B4F061CD3
:1086E0001F4107420CD01A49F2F722FC0021F0F793
:1086F000C1FE002804D0002D1DDB4346BB431E00F5
:10870000301C04BC9046F0BD124B061C9F42F7D9AA
:10871000011CF2F70DFC061CF2E70D49F2F708FC0C
:108720000021F0F7A7FE002803D0002D09DB00266A
:10873000E6E72E1CE4E780231B0423419846A84467
:10874000DBE7002FF5D0044EDAE7C046FFFF7F00DD
:10875000CAF24971FFFF7F7F000080BFF0B5474636
:1087600080B48CB0051C0C1C00F060F82D4B061C6E
:108770001B785BB29846013335D0211C201CF2F7E0
:108780004DFD00282FD1291C281CF2F747FD071E9C
:1087900029D10021201CF0F753FE002823D001230B
:1087A0000293214B281C03930A97F2F74FFB060014
:1087B0000F00201C04960597F2F748FB43460690ED
:1087C0000791002B14D10896099702A800F0B4F87D
:1087D000002818D00A9B0193002B1CD108980999F6
:1087E000F3F74AF800E0301C0CB004BC9046F0BD32
:1087F0000023002219001000F2F728FD43460890DC
:108800000991022BE1D1FFF7D1FE212303600A9BDE
:108810000193002BE2D0FFF7C9FE0A9B019303608E
:10882000DCE7C04674050020489301084A0070B593
:10883000520838D0C50FED072B003B4C4340A342F4
:1088400031DC0134A2422EDC934231DB36D0374892
:10885000834238DC7E2418026442002803DD013C98
:1088600040000028FBDC314882423ADDD6157F3ECD
:1088700020007E3030DB80205B025B0A0004034373
:1088800030007E3022DB80204902490A0004014387
:10889000A41B002C0DD05A1A5B00002A01DB0DD05E
:1088A0005300013CF5E7F1F745F8011CF0F778FEBD
:1088B00070BD591A00D51900002919D1E90F1C4BB8
:1088C0008900C858F4E7DC157F3CCCE77E2149429B
:1088D000891B8A401100DBE77E204042001B834059
:1088E000CEE77E2610027642013E4000FCD5BFE76F
:1088F0000E4A1300914203DC4900013E9942FBDD20
:1089000033007E3306DA7E235B429E1B3141080032
:108910002843CDE7074B30009C467F306144294314
:10892000C0050843C4E7C046FFFF7F7FFFFF7F000D
:1089300050930108000080FF00207047F296000865
:1089400016960008D4960008AC960008D496000845
:10895000A0960008D4960008AC9600081696000869
:1089600016960008A0960008AC96000858970008D4
:108970005897000858970008DA96000816960008DD
:1089800016960008C0960008AA960008C09600082F
:10899000A0960008C0960008AA960008169600083F
:1089A00016960008A0960008AA9600085897000896
:1089B000589700085897000864970008509A0008D4
:1089C000AE990008AE990008AC990008429A0008D8
:1089D000429A0008389A0008AC990008429A0008A8
:1089E000389A0008429A0008AC990008489A000892
:1089F000489A0008489A0008D29A0008C4A30008C0
:108A000084A2000884A2000882A200089CA3000897
:108A10009CA300088EA3000882A200089CA3000863
:108A20008EA300089CA3000882A20008A4A300084B
:108A3000A4A30008A4A30008A4A500083CB400084F
:108A40000AB3000810B4000800B3000810B400080E
:108A50001AB4000810B4000800B300080AB30008F4
:108A60000AB300081AB4000800B30008F6B2000800
:108A7000F6B20008F6B200086CB600084F53544B2B
:108A80005F4343505F726563760000004F53544B61
:108A90005F43435044617130000000004F53544B1A
:108AA0005F43435044617131000000004F53544B09
:108AB0005F43435044617132000000004F53544BF8
:108AC0005F434F4D4D5F43414E54505F52585F4D91
:108AD000736750726F636573730000004F53544B9C
:108AE0005F4443414E5F4474726D6E5365727669A4
:108AF000636500004F53544B5F547269675F316D7B
:108B0000735F5461736B00004F53544B5F44544385
:108B10004D5F5550444154455F4454435F54617325
:108B20006B0000004F53544B5F4170705F54617392
:108B30006B5F43726561746500000000027F000096
:108B4000197D0000467B000086790000D97700007F
:108B50003D760000B274000035730000C77100005C
:108B600066700000116F0000C86D00008B6C000083
:108B7000586B00002F6A00000F690000F8670000C2
:108B8000EA660000E4650000E5640000EE630000B2
:108B9000FE620000146200003161000054600000B9
:108BA0007D5F0000AB5E0000DE5D0000175D000031
:108BB000545C0000965B0000DD5A0000285A00005B
:108BC00077590000CA580000215800007C57000067
:108BD000DA5600003C560000A1550000095500007F
:108BE00075540000E353000054530000C9520000C4
:108BF0003F520000B951000035510000B350000051
:108C000034500000B74F00003D4F0000C44E00003C
:108C10004E4E0000DA4D0000684D0000F74C000099
:108C2000894C00001D4C0000B24B0000494B000075
:108C3000E14A00007C4A0000184A0000B5490000E3
:108C400054490000F4480000964800003A480000EB
:108C5000DE470000844700002C470000D446000097
:108C60007E46000029460000D645000083450000EE
:108C700032450000E14400009244000044440000FA
:108C8000F7430000AA4300005F43000015430000C3
:108C9000CC420000844200003C420000F64100004B
:108CA000B04100006B41000027410000E44000009B
:108CB000A240000060400000204000002CCA0008D4
:108CC0002CCA000854C6000870C60008B2C60008C6
:108CD0002CCA0008ECC7000812C600080CC900081E
:108CE000EAC900082CCA00082CCA0008F8C9000804
:108CF00012CA000860C90008DCC600088EC9000856
:108D0000E0C900082CCA00082CCA000812C70008D5
:108D100062C70008A2C7000806C60008ACC9000860
:108D20002CCA00082CCA000820CA00082CCA000857
:108D30002CCA00082CCA00082CCA00082CCA00083B
:108D40002CCA0008C8C9000898C6000849444C4508
:108D50000000000068F700084CF60008CEF6000896
:108D6000D6F6000858F7000860F700089C010108D3
:108D70009C0101083C0101089C0101089C010108BB
:108D80009C0101089C0101089C0101089C0101084B
:108D90003401010862010108580101086C01010851
:108DA0007601010844010108800101084E01010813
:108DB0008A010108F0F002D8000020DC000020E069
:108DC000000020DC0000200E28000000000086F1DA
:108DD00000D8000020DC000020E0000020DC0000C3
:108DE000200100003445002087F100D8000020DC7D
:108DF000000020E0000020DC000020090000BC0092
:108E0000002089F100D800002000000000000000D0
:108E100000000000000F0000C8000020C1F100D8D1
:108E20000000200000000000000000000000001111
:108E3000000094000020C2F100D8000020000000D3
:108E4000000000000000000000110000A800002049
:108E5000C3F100D800002000000000000000000066
:108E6000000000110000802F00200000B40F010856
:108E7000860F01088E0F0108960F01089E0F01084A
:108E8000A60F0108AE0F01089023010894230108E2
:108E9000982301089C230108A0230108A4230108AA
:108EA000A8230108181C1C00402001400D000000F0
:108EB000802001400E000000C02001400F00000093
:108EC00000210140100000000B0B020C0C030000FD
:108ED0001112131400C4003C38FF60FF88FFB0FF7C
:108EE000D8FF0000280050007800A000C800000053
:108EF00030F8C0F950FBE0FC70FE00009001200348
:108F0000B0044006D007000000000000C4876400E1
:108F1000900EC9006C932D015F1592017393F601B9
:108F2000AF0C5B021A80BF02BEEC2303A251880380
:108F3000CFADEC034D0051042548B5045E841905FE
:108F400003B47D051BD6E105AFE94506C9EDA906C9
:108F500072E10D07B3C371079693D5072450390802
:108F600067F89C086A8B000937086409D86DC7093F
:108F700059BB2A0AC3EF8D0A220AF10A8209540B4F
:108F8000EFECB60B74B3190C1E5C7C0CF9E5DE0C2F
:108F90001350410D7899A30D35C1050E5AC6670EC1
:108FA000F3A7C90E0F652B0FBEFC8C0F0D6EEE0FD5
:108FB0000EB84F10D0D9B01063D21111D7A07211D2
:108FC0003F44D311ACBB33122F069412DB22F412B0
:108FD000C3105413FACEB313945C1314A5B87214CF
:108FE00042E2D11481D83015769A8F153827EE15C4
:108FF000DD7D4C167E9DAA16318508170F34661745
:1090000031A9C317B0E32018A7E27D182FA5DA18FD
:10901000642A3719617193194479EF1928414B1A61
:109020002BC8A61A6C0D021B0A105D1B23CFB71BA1
:10903000D849121C4A7F6C1C996EC61CE916201D6B
:109040005C77791D158FD21D385D2B1EEBE0831EDA
:109050005319DC1E9605341FDCA48B1F4CF6E21F4F
:109060000FF939204DAC9020320FE720E8203D2148
:109070009BE09221764DE821A8663D225E2B92224C
:10908000C89AE62214B43A2373768E2317E1E123BB
:1090900032F33424F7AB87249A0ADA244F0E2C25B6
:1090A0004CB67D25C801CF25FAEF1F261A80702601
:1090B00062B1C0260C83102752F45F277204AF27D9
:1090C000A7B2FD272FFE4B284AE69928376AE728E2
:1090D000378934298C4281297895CD293F81192AF5
:1090E0002505652A7120B02A69D2FA2A551A452B1E
:1090F0007DF78E2B2B69D82BAA6E212C46076A2C64
:109100004C32B22C09EFF92CCD3C412DE81A882DB8
:10911000AA88CE2D6685142E70105A2E1B299F2EDC
:10912000BECEE32EAF00282F45BE6B2FDA06AF2F41
:10913000C7D9F12F67363430181C7630368AB730ED
:109140001F80F83035FD3831D6007931668AB83164
:109150004899F731E02C363293447432C9DFB1328A
:10916000EAFDEE325E9E2B3390C06733EC63A3338F
:10917000DE87DE33D52B1934414F533490F18C34D4
:109180003612C634A5B0FE3452CC3635B2646E35D4
:109190003C79A5356809DC35B01412368E9A47360D
:1091A0007E9A7C36FD13B1368A06E536A5711837EE
:1091B000CE544B3789AF7D375981AF37C3C9E037BC
:1091C0004D8811387FBC4138E36571380284A0387E
:1091D0006916CF38A41CFD3842962A39D3825739F4
:1091E000E8E1833913B3AF39E8F5DA39FDA9053A77
:1091F000E8CE2F3A4264593AA369823AA6DEAA3AE7
:10920000E8C2D23A0516FA3A9ED7203B5307473BAD
:10921000C4A46C3B97AF913B6E27B63BF00BDA3B97
:10922000C45CFD3B9419203C0A42423CD1D5633CCE
:1092300096D4843C093EA53CD911C53CB74FE43CCB
:1092400057F7023D6C08213DAE823E3DD2655B3D45
:1092500092B1773DA865933DCF81AE3DC505C93D2F
:1092600048F1E23D1844FC3DF7FD143EA81E2D3E9A
:10927000EFA5443E92935B3E59E7713E0CA1873EB9
:1092800076C09C3E6345B13EA02FC53EFC7ED83ED5
:109290004733EB3E544CFD3EF5C90E3FFFAB1F3F3D
:1092A0004AF22F3FAB9C3F3FFEAA4E3F1D1D5D3F44
:1092B000E3F26A3F302C783FE2C8843FDAC8903F3F
:1092C000FB2B9C3F28F2A63F481BB13F40A7BA3F6B
:1092D000F995C33F5EE7CB3F5A9BD33FD9B1DA3F05
:1092E000CB2AE13F1F06E73FC743EC3FB6E3F03F21
:1092F000E0E5F43F3C4AF83FC110FB3F6939FD3FD0
:109300002DC4FE3F0BB1FF3F0000004000000000F5
:109310000000000051ED87640000000054FB21199B
:109320008333D60E7EDDD60753B7FA03BB55FF0154
:10933000AEEAFF0055FD7F00ABFF3F00F5FF1F00C9
:10934000FFFF0F0000000800666D6F6466000000FC
:109350000000000000000080434F4D505245535321
:109360004F525F4543550000AAAAAAAA0400000074
:109370000000000001020400006CDC0200366E01F7
:1093800098010000640000000000000011000000CF
:10939000F401000000000022000000F401000000C1
:1093A0000000330000006400000000000000000026
:1093B0000028000020010100013400002003070004
:1093C000027000002003070041000000F4010000CB
:1093D00000000042000000F4010000000000430013
:1093E0000000640000000000000060EA56313130E7
:1093F0003130303031534230315F30303100000095
:10940000563131303130303031534131305F3030CE
:10941000310000005631333031303030310000003F
:10942000563131303130303031535F3030303100EF
:109430000102030001030007030000000001000017
:1094400000000000FF0F000001010000E007000025
:109450000000000002010000DF0700000000000023
:1094600003010000D0070000000000000000000021
:1094700000000000FF0F000001010000E0070000F5
:109480000000000002010000DF07000000000000F3
:1094900003010000D00700000000000000000000F1
:1094A00000000000340400209C040020040500207B
:1094B00000000000000000000000000000000000AC
:1094C000000000000000000000000000000000009C
:1094D000000000000000000000000000000000008C
:1094E000000000000000000000000000000000007C
:1094F000000000000000000000000000000000006C
:10950000000000000000000000000000000000005B
:10951000000000000000000000000000000000004B
:10952000000000000000000000000000000000003B
:10953000000000000000000000000000000000002B
:10954000000000000000000001000000000000001A
:109550000E33CDAB34126DE6ECDE05000B000000DF
:1095600000000000000000000000000000000000FB
:1095700000000000000000000000000000000000EB
:1095800000000000000000000000000000000000DB
:1095900000000000000000000000000000000000CB
:1095A00000000000000000000000000000000000BB
:1095B00000000000000000000000000000000000AB
:1095C000000000000000000000000000000000009B
:1095D000000000000000000000000000000000008B
:1095E000000000000000000000000000000000007B
:1095F000000000000000000000000000000000006B
:10960000000000000000000000000000000000005A
:10961000000000000000000000000000000000004A
:10962000000000000000000000000000000000003A
:10963000000000000000000000000000000000002A
:10964000000000000000000000000000000000001A
:10965000000000000000000000000000000000000A
:1096600000000000000000000000000000000000FA
:1096700000000000000000000000000000000000EA
:1096800000000000000000000000000000000000DA
:1096900000000000000000000000000000000000CA
:1096A00000000000000000000000000000000000BA
:1096B00000000000000000000000000000000000AA
:1096C000000000000000000000000000000000009A
:1096D000000000000000000000000000000000008A
:1096E000000000000000000000000000000000007A
:1096F000000000000000000000000000000000006A
:109700000000000000000000000000000000000059
:109710000000000000000000000000000000000049
:109720000000000000000000000000000000000039
:109730000000000000000000000000000000000029
:109740000000000000000000000000000000000019
:109750000000000000000000000000000000000009
:1097600000000000000000000000000000000000F9
:1097700000000000000000000000000000000000E9
:1097800000000000000000000000000000000000D9
:1097900000000000000000000000000000000000C9
:1097A00000000000000000000000000000000000B9
:1097B00000000000000000000000000000000000A9
:1097C0000000000000000000000000000000000099
:1097D0000000000000000000000000000000000089
:1097E0000000000000000000000000000000000079
:1097F0000000000000000000000000000000000069
:109800000000000000000000000000000000000058
:109810000000000000000000000000000000000048
:109820000000000000000000000000000000000038
:109830000000000000000000000000000000000028
:109840000000000000000000000000000000000018
:109850000000000000000000000000000000000008
:1098600000000000000000000000000000000000F8
:1098700000000000000000000000000000000000E8
:1098800000000000000000000000000000000000D8
:1098900000000000000000000000000000000000C8
:1098A00000000000000000000000000000000000B8
:1098B00000000000000000000000000000000000A8
:1098C000000000000000000048010020010000002E
:1098D000FFFFFFFFFFFFFFFFFFFFFFFFFFFFFFFF98
:1098E000FFFFFFFFFFFFFFFFFFFFFFFFFFFFFFFF88
:1098F000FFFFFFFFFFFFFFFFFFFFFFFFFFFFFFFF78
:10990000FFFFFFFFFFFFFFFFFFFFFFFFFFFFFFFF67
:10991000FFFFFFFFFFFFFFFFFFFFFFFFFFFFFFFF57
:10992000FFFFFFFFFFFFFFFFFFFFFFFFFFFFFFFF47
:10993000FFFFFFFFFFFFFFFFFFFFFFFFFFFFFFFF37
:10994000FFFFFFFFFFFFFFFFFFFFFFFFFFFFFFFF27
:10995000FFFFFFFFFFFFFFFFFFFFFFFFFFFFFFFF17
:10996000FFFFFFFFFFFFFFFFFFFFFFFFFFFFFFFF07
:10997000FFFFFFFFFFFFFFFFFFFFFFFFFFFFFFFFF7
:10998000FFFFFFFFFFFFFFFFFFFFFFFFFFFFFFFFE7
:10999000FFFFFFFFFFFFFFFFFFFFFFFFFFFFFFFFD7
:1099A000FFFFFFFFFFFFFFFFFFFFFFFFFFFFFFFFC7
:1099B000FFFFFFFFFFFFFFFFFFFFFFFFFFFFFFFFB7
:1099C000FFFFFFFFFFFFFFFFFFFFFFFFFFFFFFFFA7
:1099D000FFFFFFFFFFFFFFFFFFFFFFFFFFFFFFFF97
:1099E000FFFFFFFFFFFFFFFFFFFFFFFFFFFFFFFF87
:1099F000FFFFFFFFFFFFFFFFFFFFFFFFFFFFFFFF77
:109A0000FFFFFFFFFFFFFFFFFFFFFFFFFFFFFFFF66
:109A1000FFFFFFFFFFFFFFFFFFFFFFFFFFFFFFFF56
:109A2000FFFFFFFFFFFFFFFFFFFFFFFFFFFFFFFF46
:109A3000FFFFFFFFFFFFFFFFFFFFFFFFFFFFFFFF36
:109A4000FFFFFFFFFFFFFFFFFFFFFFFFFFFFFFFF26
:109A5000FFFFFFFFFFFFFFFFFFFFFFFFFFFFFFFF16
:109A6000FFFFFFFFFFFFFFFFFFFFFFFFFFFFFFFF06
:109A7000FFFFFFFFFFFFFFFFFFFFFFFFFFFFFFFFF6
:109A8000FFFFFFFFFFFFFFFFFFFFFFFFFFFFFFFFE6
:109A9000FFFFFFFFFFFFFFFFFFFFFFFFFFFFFFFFD6
:109AA000FFFFFFFFFFFFFFFFFFFFFFFFFFFFFFFFC6
:109AB000FFFFFFFFFFFFFFFFFFFFFFFFFFFFFFFFB6
:109AC000FFFFFFFFFFFFFFFFFFFFFFFFFFFFFFFFA6
:109AD000FFFFFFFFFFFFFFFFFFFFFFFFFFFFFFFF96
:109AE000FFFFFFFFFFFFFFFFFFFFFFFFFFFFFFFF86
:109AF000FFFFFFFFFFFFFFFFFFFFFFFFFFFFFFFF76
:109B0000FFFFFFFFFFFFFFFFFFFFFFFFFFFFFFFF65
:109B1000FFFFFFFFFFFFFFFFFFFFFFFFFFFFFFFF55
:109B2000FFFFFFFFFFFFFFFFFFFFFFFFFFFFFFFF45
:109B3000FFFFFFFFFFFFFFFFFFFFFFFFFFFFFFFF35
:109B4000FFFFFFFFFFFFFFFFFFFFFFFFFFFFFFFF25
:109B5000FFFFFFFFFFFFFFFFFFFFFFFFFFFFFFFF15
:109B6000FFFFFFFFFFFFFFFFFFFFFFFFFFFFFFFF05
:109B7000FFFFFFFFFFFFFFFFFFFFFFFFFFFFFFFFF5
:109B8000FFFFFFFFFFFFFFFFFFFFFFFFFFFFFFFFE5
:109B9000FFFFFFFFFFFFFFFFFFFFFFFFFFFFFFFFD5
:109BA000FFFFFFFFFFFFFFFFFFFFFFFFFFFFFFFFC5
:109BB000FFFFFFFFFFFFFFFFFFFFFFFFFFFFFFFFB5
:109BC000FFFFFFFFFFFFFFFFFFFFFFFFFFFFFFFFA5
:109BD000FFFFFFFFFFFFFFFFFFFFFFFFFFFFFFFF95
:109BE000FFFFFFFFFFFFFFFFFFFFFFFFFFFFFFFF85
:109BF000FFFFFFFFFFFFFFFFFFFFFFFFFFFFFFFF75
:109C0000FFFFFFFFFFFFFFFFFFFFFFFFFFFFFFFF64
:109C1000FFFFFFFFFFFFFFFFFFFFFFFFFFFFFFFF54
:109C2000FFFFFFFFFFFFFFFFFFFFFFFFFFFFFFFF44
:109C3000FFFFFFFFFFFFFFFFFFFFFFFFFFFFFFFF34
:109C4000FFFFFFFFFFFFFFFFFFFFFFFFFFFFFFFF24
:109C5000FFFFFFFFFFFFFFFFFFFFFFFFFFFFFFFF14
:109C6000FFFFFFFFFFFFFFFFFFFFFFFFFFFFFFFF04
:109C7000FFFFFFFFFFFFFFFFFFFFFFFFFFFFFFFFF4
:109C8000FFFFFFFFFFFFFFFFFFFFFFFFFFFFFFFFE4
:109C9000FFFFFFFFFFFFFFFFFFFFFFFFFFFFFFFFD4
:109CA000FFFFFFFFFFFFFFFFFFFFFFFFFFFFFFFFC4
:109CB000FFFFFFFFFFFFFFFFFFFFFFFFFFFFFFFFB4
:109CC000FFFFFFFFFFFFFFFFFFFFFFFFFFFFFFFFA4
:109CD000FFFFFFFFFFFFFFFFFFFFFFFFFFFFFFFF94
:109CE000FFFFFFFFFFFFFFFFFFFFFFFFFFFFFFFF84
:109CF000FFFFFFFFFFFFFFFFFFFFFFFFFFFFFFFF74
:109D0000FFFFFFFFFFFFFFFFFFFFFFFFFFFFFFFF63
:109D1000FFFFFFFFFFFFFFFFFFFFFFFFFFFFFFFF53
:109D2000FFFFFFFFFFFFFFFFFFFFFFFFFFFFFFFF43
:109D3000FFFFFFFFFFFFFFFFFFFFFFFFFFFFFFFF33
:109D4000FFFFFFFFFFFFFFFFFFFFFFFFFFFFFFFF23
:109D5000FFFFFFFFFFFFFFFFFFFFFFFFFFFFFFFF13
:109D6000FFFFFFFFFFFFFFFFFFFFFFFFFFFFFFFF03
:109D7000FFFFFFFFFFFFFFFFFFFFFFFFFFFFFFFFF3
:109D8000FFFFFFFFFFFFFFFFFFFFFFFFFFFFFFFFE3
:109D9000FFFFFFFFFFFFFFFFFFFFFFFFFFFFFFFFD3
:109DA000FFFFFFFFFFFFFFFFFFFFFFFFFFFFFFFFC3
:109DB000FFFFFFFFFFFFFFFFFFFFFFFFFFFFFFFFB3
:109DC000FFFFFFFFFFFFFFFFFFFFFFFFFFFFFFFFA3
:109DD000FFFFFFFFFFFFFFFFFFFFFFFFFFFFFFFF93
:109DE000FFFFFFFFFFFFFFFFFFFFFFFFFFFFFFFF83
:109DF000FFFFFFFFFFFFFFFFFFFFFFFFFFFFFFFF73
:109E0000FFFFFFFFFFFFFFFFFFFFFFFFFFFFFFFF62
:109E1000FFFFFFFFFFFFFFFFFFFFFFFFFFFFFFFF52
:109E2000FFFFFFFFFFFFFFFFFFFFFFFFFFFFFFFF42
:109E3000FFFFFFFFFFFFFFFFFFFFFFFFFFFFFFFF32
:109E4000FFFFFFFFFFFFFFFFFFFFFFFFFFFFFFFF22
:109E5000FFFFFFFFFFFFFFFFFFFFFFFFFFFFFFFF12
:109E6000FFFFFFFFFFFFFFFFFFFFFFFFFFFFFFFF02
:109E7000FFFFFFFFFFFFFFFFFFFFFFFFFFFFFFFFF2
:109E8000FFFFFFFFFFFFFFFFFFFFFFFFFFFFFFFFE2
:109E9000FFFFFFFFFFFFFFFFFFFFFFFFFFFFFFFFD2
:109EA000FFFFFFFFFFFFFFFFFFFFFFFFFFFFFFFFC2
:109EB000FFFFFFFFFFFFFFFFFFFFFFFFFFFFFFFFB2
:109EC000FFFFFFFFFFFFFFFFFFFFFFFFFFFFFFFFA2
:109ED000FFFFFFFFFFFFFFFFFFFFFFFFFFFFFFFF92
:109EE000FFFFFFFFFFFFFFFFFFFFFFFFFFFFFFFF82
:109EF000FFFFFFFFFFFFFFFFFFFFFFFFFFFFFFFF72
:109F0000FFFFFFFFFFFFFFFFFFFFFFFFFFFFFFFF61
:109F1000FFFFFFFFFFFFFFFFFFFFFFFFFFFFFFFF51
:109F2000FFFFFFFFFFFFFFFFFFFFFFFFFFFFFFFF41
:109F3000FFFFFFFFFFFFFFFFFFFFFFFFFFFFFFFF31
:109F4000FFFFFFFFFFFFFFFFFFFFFFFFFFFFFFFF21
:109F5000FFFFFFFFFFFFFFFFFFFFFFFFFFFFFFFF11
:109F6000FFFFFFFFFFFFFFFFFFFFFFFFFFFFFFFF01
:109F7000FFFFFFFFFFFFFFFFFFFFFFFFFFFFFFFFF1
:109F8000FFFFFFFFFFFFFFFFFFFFFFFFFFFFFFFFE1
:109F9000FFFFFFFFFFFFFFFFFFFFFFFFFFFFFFFFD1
:109FA000FFFFFFFFFFFFFFFFFFFFFFFFFFFFFFFFC1
:109FB000FFFFFFFFFFFFFFFFFFFFFFFFFFFFFFFFB1
:109FC000FFFFFFFFFFFFFFFFFFFFFFFFFFFFFFFFA1
:109FD000FFFFFFFFFFFFFFFFFFFFFFFFFFFFFFFF91
:109FE000FFFFFFFFFFFFFFFFFFFFFFFFFFFFFFFF81
:109FF000FFFFFFFFFFFFFFFFFFFFFFFFFFFFFFFF71
:10A00000FFFFFFFFFFFFFFFFFFFFFFFFFFFFFFFF60
:10A01000FFFFFFFFFFFFFFFFFFFFFFFFFFFFFFFF50
:10A02000FFFFFFFFFFFFFFFFFFFFFFFFFFFFFFFF40
:10A03000FFFFFFFFFFFFFFFFFFFFFFFFFFFFFFFF30
:10A04000FFFFFFFFFFFFFFFFFFFFFFFFFFFFFFFF20
:10A05000FFFFFFFFFFFFFFFFFFFFFFFFFFFFFFFF10
:10A06000FFFFFFFFFFFFFFFFFFFFFFFFFFFFFFFF00
:10A07000FFFFFFFFFFFFFFFFFFFFFFFFFFFFFFFFF0
:10A08000FFFFFFFFFFFFFFFFFFFFFFFFFFFFFFFFE0
:10A09000FFFFFFFFFFFFFFFFFFFFFFFFFFFFFFFFD0
:10A0A000FFFFFFFFFFFFFFFFFFFFFFFFFFFFFFFFC0
:10A0B000FFFFFFFFFFFFFFFFFFFFFFFFFFFFFFFFB0
:10A0C000FFFFFFFFFFFFFFFFFFFFFFFFFFFFFFFFA0
:10A0D000FFFFFFFFFFFFFFFFFFFFFFFFFFFFFFFF90
:10A0E000FFFFFFFFFFFFFFFFFFFFFFFFFFFFFFFF80
:10A0F000FFFFFFFFFFFFFFFFFFFFFFFFFFFFFFFF70
:10A10000FFFFFFFFFFFFFFFFFFFFFFFFFFFFFFFF5F
:10A11000FFFFFFFFFFFFFFFFFFFFFFFFFFFFFFFF4F
:10A12000FFFFFFFFFFFFFFFFFFFFFFFFFFFFFFFF3F
:10A13000FFFFFFFFFFFFFFFFFFFFFFFFFFFFFFFF2F
:10A14000FFFFFFFFFFFFFFFFFFFFFFFFFFFFFFFF1F
:10A15000FFFFFFFFFFFFFFFFFFFFFFFFFFFFFFFF0F
:10A16000FFFFFFFFFFFFFFFFFFFFFFFFFFFFFFFFFF
:10A17000FFFFFFFFFFFFFFFFFFFFFFFFFFFFFFFFEF
:10A18000FFFFFFFFFFFFFFFFFFFFFFFFFFFFFFFFDF
:10A19000FFFFFFFFFFFFFFFFFFFFFFFFFFFFFFFFCF
:10A1A000FFFFFFFFFFFFFFFFFFFFFFFFFFFFFFFFBF
:10A1B000FFFFFFFFFFFFFFFFFFFFFFFFFFFFFFFFAF
:10A1C000FFFFFFFFFFFFFFFFFFFFFFFFFFFFFFFF9F
:10A1D000FFFFFFFFFFFFFFFFFFFFFFFFFFFFFFFF8F
:10A1E000FFFFFFFFFFFFFFFFFFFFFFFFFFFFFFFF7F
:10A1F000FFFFFFFFFFFFFFFFFFFFFFFFFFFFFFFF6F
:10A20000FFFFFFFFFFFFFFFFFFFFFFFFFFFFFFFF5E
:10A21000FFFFFFFFFFFFFFFFFFFFFFFFFFFFFFFF4E
:10A22000FFFFFFFFFFFFFFFFFFFFFFFFFFFFFFFF3E
:10A23000FFFFFFFFFFFFFFFFFFFFFFFFFFFFFFFF2E
:10A24000FFFFFFFFFFFFFFFFFFFFFFFFFFFFFFFF1E
:10A25000FFFFFFFFFFFFFFFFFFFFFFFFFFFFFFFF0E
:10A26000FFFFFFFFFFFFFFFFFFFFFFFFFFFFFFFFFE
:10A27000FFFFFFFFFFFFFFFFFFFFFFFFFFFFFFFFEE
:10A28000FFFFFFFFFFFFFFFFFFFFFFFFFFFFFFFFDE
:10A29000FFFFFFFFFFFFFFFFFFFFFFFFFFFFFFFFCE
:10A2A000FFFFFFFFFFFFFFFFFFFFFFFFFFFFFFFFBE
:10A2B000FFFFFFFFFFFFFFFFFFFFFFFFFFFFFFFFAE
:10A2C000FFFFFFFFFFFFFFFFFFFFFFFFFFFFFFFF9E
:10A2D000FFFFFFFFFFFFFFFFFFFFFFFFFFFFFFFF8E
:10A2E000FFFFFFFFFFFFFFFFFFFFFFFFFFFFFFFF7E
:10A2F000FFFFFFFFFFFFFFFFFFFFFFFFFFFFFFFF6E
:10A30000FFFFFFFFFFFFFFFFFFFFFFFFFFFFFFFF5D
:10A31000FFFFFFFFFFFFFFFFFFFFFFFFFFFFFFFF4D
:10A32000FFFFFFFFFFFFFFFFFFFFFFFFFFFFFFFF3D
:10A33000FFFFFFFFFFFFFFFFFFFFFFFFFFFFFFFF2D
:10A34000FFFFFFFFFFFFFFFFFFFFFFFFFFFFFFFF1D
:10A35000FFFFFFFFFFFFFFFFFFFFFFFFFFFFFFFF0D
:10A36000FFFFFFFFFFFFFFFFFFFFFFFFFFFFFFFFFD
:10A37000FFFFFFFFFFFFFFFFFFFFFFFFFFFFFFFFED
:10A38000FFFFFFFFFFFFFFFFFFFFFFFFFFFFFFFFDD
:10A39000FFFFFFFFFFFFFFFFFFFFFFFFFFFFFFFFCD
:10A3A000FFFFFFFFFFFFFFFFFFFFFFFFFFFFFFFFBD
:10A3B000FFFFFFFFFFFFFFFFFFFFFFFFFFFFFFFFAD
:10A3C000FFFFFFFFFFFFFFFFFFFFFFFFFFFFFFFF9D
:10A3D000FFFFFFFFFFFFFFFFFFFFFFFFFFFFFFFF8D
:10A3E000FFFFFFFFFFFFFFFFFFFFFFFFFFFFFFFF7D
:10A3F000FFFFFFFFFFFFFFFFFFFFFFFFFFFFFFFF6D
:10A40000FFFFFFFFFFFFFFFFFFFFFFFFFFFFFFFF5C
:10A41000FFFFFFFFFFFFFFFFFFFFFFFFFFFFFFFF4C
:10A42000FFFFFFFFFFFFFFFFFFFFFFFFFFFFFFFF3C
:10A43000FFFFFFFFFFFFFFFFFFFFFFFFFFFFFFFF2C
:10A44000FFFFFFFFFFFFFFFFFFFFFFFFFFFFFFFF1C
:10A45000FFFFFFFFFFFFFFFFFFFFFFFFFFFFFFFF0C
:10A46000FFFFFFFFFFFFFFFFFFFFFFFFFFFFFFFFFC
:10A47000FFFFFFFFFFFFFFFFFFFFFFFFFFFFFFFFEC
:10A48000FFFFFFFFFFFFFFFFFFFFFFFFFFFFFFFFDC
:10A49000FFFFFFFFFFFFFFFFFFFFFFFFFFFFFFFFCC
:10A4A000FFFFFFFFFFFFFFFFFFFFFFFFFFFFFFFFBC
:10A4B000FFFFFFFFFFFFFFFFFFFFFFFFFFFFFFFFAC
:10A4C000FFFFFFFFFFFFFFFFFFFFFFFFFFFFFFFF9C
:10A4D000FFFFFFFFFFFFFFFFFFFFFFFFFFFFFFFF8C
:10A4E000FFFFFFFFFFFFFFFFFFFFFFFFFFFFFFFF7C
:10A4F000FFFFFFFFFFFFFFFFFFFFFFFFFFFFFFFF6C
:10A50000FFFFFFFFFFFFFFFFFFFFFFFFFFFFFFFF5B
:10A51000FFFFFFFFFFFFFFFFFFFFFFFFFFFFFFFF4B
:10A52000FFFFFFFFFFFFFFFFFFFFFFFFFFFFFFFF3B
:10A53000FFFFFFFFFFFFFFFFFFFFFFFFFFFFFFFF2B
:10A54000FFFFFFFFFFFFFFFFFFFFFFFFFFFFFFFF1B
:10A55000FFFFFFFFFFFFFFFFFFFFFFFFFFFFFFFF0B
:10A56000FFFFFFFFFFFFFFFFFFFFFFFFFFFFFFFFFB
:10A57000FFFFFFFFFFFFFFFFFFFFFFFFFFFFFFFFEB
:10A58000FFFFFFFFFFFFFFFFFFFFFFFFFFFFFFFFDB
:10A59000FFFFFFFFFFFFFFFFFFFFFFFFFFFFFFFFCB
:10A5A000FFFFFFFFFFFFFFFFFFFFFFFFFFFFFFFFBB
:10A5B000FFFFFFFFFFFFFFFFFFFFFFFFFFFFFFFFAB
:10A5C000FFFFFFFFFFFFFFFFFFFFFFFFFFFFFFFF9B
:10A5D000FFFFFFFFFFFFFFFFFFFFFFFFFFFFFFFF8B
:10A5E000FFFFFFFFFFFFFFFFFFFFFFFFFFFFFFFF7B
:10A5F000FFFFFFFFFFFFFFFFFFFFFFFFFFFFFFFF6B
:10A60000FFFFFFFFFFFFFFFFFFFFFFFFFFFFFFFF5A
:10A61000FFFFFFFFFFFFFFFFFFFFFFFFFFFFFFFF4A
:10A62000FFFFFFFFFFFFFFFFFFFFFFFFFFFFFFFF3A
:10A63000FFFFFFFFFFFFFFFFFFFFFFFFFFFFFFFF2A
:10A64000FFFFFFFFFFFFFFFFFFFFFFFFFFFFFFFF1A
:10A65000FFFFFFFFFFFFFFFFFFFFFFFFFFFFFFFF0A
:10A66000FFFFFFFFFFFFFFFFFFFFFFFFFFFFFFFFFA
:10A67000FFFFFFFFFFFFFFFFFFFFFFFFFFFFFFFFEA
:10A68000FFFFFFFFFFFFFFFFFFFFFFFFFFFFFFFFDA
:10A69000FFFFFFFFFFFFFFFFFFFFFFFFFFFFFFFFCA
:10A6A000FFFFFFFFFFFFFFFFFFFFFFFFFFFFFFFFBA
:10A6B000FFFFFFFFFFFFFFFFFFFFFFFFFFFFFFFFAA
:10A6C000FFFFFFFFFFFFFFFFFFFFFFFFFFFFFFFF9A
:10A6D000FFFFFFFFFFFFFFFFFFFFFFFFFFFFFFFF8A
:10A6E000FFFFFFFFFFFFFFFFFFFFFFFFFFFFFFFF7A
:10A6F000FFFFFFFFFFFFFFFFFFFFFFFFFFFFFFFF6A
:10A70000FFFFFFFFFFFFFFFFFFFFFFFFFFFFFFFF59
:10A71000FFFFFFFFFFFFFFFFFFFFFFFFFFFFFFFF49
:10A72000FFFFFFFFFFFFFFFFFFFFFFFFFFFFFFFF39
:10A73000FFFFFFFFFFFFFFFFFFFFFFFFFFFFFFFF29
:10A74000FFFFFFFFFFFFFFFFFFFFFFFFFFFFFFFF19
:10A75000FFFFFFFFFFFFFFFFFFFFFFFFFFFFFFFF09
:10A76000FFFFFFFFFFFFFFFFFFFFFFFFFFFFFFFFF9
:10A77000FFFFFFFFFFFFFFFFFFFFFFFFFFFFFFFFE9
:10A78000FFFFFFFFFFFFFFFFFFFFFFFFFFFFFFFFD9
:10A79000FFFFFFFFFFFFFFFFFFFFFFFFFFFFFFFFC9
:10A7A000FFFFFFFFFFFFFFFFFFFFFFFFFFFFFFFFB9
:10A7B000FFFFFFFFFFFFFFFFFFFFFFFFFFFFFFFFA9
:10A7C000FFFFFFFFFFFFFFFFFFFFFFFFFFFFFFFF99
:10A7D000FFFFFFFFFFFFFFFFFFFFFFFFFFFFFFFF89
:10A7E000FFFFFFFFFFFFFFFFFFFFFFFFFFFFFFFF79
:10A7F000FFFFFFFFFFFFFFFFFFFFFFFFFFFFFFFF69
:10A80000FFFFFFFFFFFFFFFFFFFFFFFFFFFFFFFF58
:10A81000FFFFFFFFFFFFFFFFFFFFFFFFFFFFFFFF48
:10A82000FFFFFFFFFFFFFFFFFFFFFFFFFFFFFFFF38
:10A83000FFFFFFFFFFFFFFFFFFFFFFFFFFFFFFFF28
:10A84000FFFFFFFFFFFFFFFFFFFFFFFFFFFFFFFF18
:10A85000FFFFFFFFFFFFFFFFFFFFFFFFFFFFFFFF08
:10A86000FFFFFFFFFFFFFFFFFFFFFFFFFFFFFFFFF8
:10A87000FFFFFFFFFFFFFFFFFFFFFFFFFFFFFFFFE8
:10A88000FFFFFFFFFFFFFFFFFFFFFFFFFFFFFFFFD8
:10A89000FFFFFFFFFFFFFFFFFFFFFFFFFFFFFFFFC8
:10A8A000FFFFFFFFFFFFFFFFFFFFFFFFFFFFFFFFB8
:10A8B000FFFFFFFFFFFFFFFFFFFFFFFFFFFFFFFFA8
:10A8C000FFFFFFFFFFFFFFFFFFFFFFFFFFFFFFFF98
:10A8D000FFFFFFFFFFFFFFFFFFFFFFFFFFFFFFFF88
:10A8E000FFFFFFFFFFFFFFFFFFFFFFFFFFFFFFFF78
:10A8F000FFFFFFFFFFFFFFFFFFFFFFFFFFFFFFFF68
:10A90000FFFFFFFFFFFFFFFFFFFFFFFFFFFFFFFF57
:10A91000FFFFFFFFFFFFFFFFFFFFFFFFFFFFFFFF47
:10A92000FFFFFFFFFFFFFFFFFFFFFFFFFFFFFFFF37
:10A93000FFFFFFFFFFFFFFFFFFFFFFFFFFFFFFFF27
:10A94000FFFFFFFFFFFFFFFFFFFFFFFFFFFFFFFF17
:10A95000FFFFFFFFFFFFFFFFFFFFFFFFFFFFFFFF07
:10A96000FFFFFFFFFFFFFFFFFFFFFFFFFFFFFFFFF7
:10A97000FFFFFFFFFFFFFFFFFFFFFFFFFFFFFFFFE7
:10A98000FFFFFFFFFFFFFFFFFFFFFFFFFFFFFFFFD7
:10A99000FFFFFFFFFFFFFFFFFFFFFFFFFFFFFFFFC7
:10A9A000FFFFFFFFFFFFFFFFFFFFFFFFFFFFFFFFB7
:10A9B000FFFFFFFFFFFFFFFFFFFFFFFFFFFFFFFFA7
:10A9C000FFFFFFFFFFFFFFFFFFFFFFFFFFFFFFFF97
:10A9D000FFFFFFFFFFFFFFFFFFFFFFFFFFFFFFFF87
:10A9E000FFFFFFFFFFFFFFFFFFFFFFFFFFFFFFFF77
:10A9F000FFFFFFFFFFFFFFFFFFFFFFFFFFFFFFFF67
:10AA0000FFFFFFFFFFFFFFFFFFFFFFFFFFFFFFFF56
:10AA1000FFFFFFFFFFFFFFFFFFFFFFFFFFFFFFFF46
:10AA2000FFFFFFFFFFFFFFFFFFFFFFFFFFFFFFFF36
:10AA3000FFFFFFFFFFFFFFFFFFFFFFFFFFFFFFFF26
:10AA4000FFFFFFFFFFFFFFFFFFFFFFFFFFFFFFFF16
:10AA5000FFFFFFFFFFFFFFFFFFFFFFFFFFFFFFFF06
:10AA6000FFFFFFFFFFFFFFFFFFFFFFFFFFFFFFFFF6
:10AA7000FFFFFFFFFFFFFFFFFFFFFFFFFFFFFFFFE6
:10AA8000FFFFFFFFFFFFFFFFFFFFFFFFFFFFFFFFD6
:10AA9000FFFFFFFFFFFFFFFFFFFFFFFFFFFFFFFFC6
:10AAA000FFFFFFFFFFFFFFFFFFFFFFFFFFFFFFFFB6
:10AAB000FFFFFFFFFFFFFFFFFFFFFFFFFFFFFFFFA6
:10AAC000FFFFFFFFFFFFFFFFFFFFFFFFFFFFFFFF96
:10AAD000FFFFFFFFFFFFFFFFFFFFFFFFFFFFFFFF86
:10AAE000FFFFFFFFFFFFFFFFFFFFFFFFFFFFFFFF76
:10AAF000FFFFFFFFFFFFFFFFFFFFFFFFFFFFFFFF66
:10AB0000FFFFFFFFFFFFFFFFFFFFFFFFFFFFFFFF55
:10AB1000FFFFFFFFFFFFFFFFFFFFFFFFFFFFFFFF45
:10AB2000FFFFFFFFFFFFFFFFFFFFFFFFFFFFFFFF35
:10AB3000FFFFFFFFFFFFFFFFFFFFFFFFFFFFFFFF25
:10AB4000FFFFFFFFFFFFFFFFFFFFFFFFFFFFFFFF15
:10AB5000FFFFFFFFFFFFFFFFFFFFFFFFFFFFFFFF05
:10AB6000FFFFFFFFFFFFFFFFFFFFFFFFFFFFFFFFF5
:10AB7000FFFFFFFFFFFFFFFFFFFFFFFFFFFFFFFFE5
:10AB8000FFFFFFFFFFFFFFFFFFFFFFFFFFFFFFFFD5
:10AB9000FFFFFFFFFFFFFFFFFFFFFFFFFFFFFFFFC5
:10ABA000FFFFFFFFFFFFFFFFFFFFFFFFFFFFFFFFB5
:10ABB000FFFFFFFFFFFFFFFFFFFFFFFFFFFFFFFFA5
:10ABC000FFFFFFFFFFFFFFFFFFFFFFFFFFFFFFFF95
:10ABD000FFFFFFFFFFFFFFFFFFFFFFFFFFFFFFFF85
:10ABE000FFFFFFFFFFFFFFFFFFFFFFFFFFFFFFFF75
:10ABF000FFFFFFFFFFFFFFFFFFFFFFFFFFFFFFFF65
:10AC0000FFFFFFFFFFFFFFFFFFFFFFFFFFFFFFFF54
:10AC1000FFFFFFFFFFFFFFFFFFFFFFFFFFFFFFFF44
:10AC2000FFFFFFFFFFFFFFFFFFFFFFFFFFFFFFFF34
:10AC3000FFFFFFFFFFFFFFFFFFFFFFFFFFFFFFFF24
:10AC4000FFFFFFFFFFFFFFFFFFFFFFFFFFFFFFFF14
:10AC5000FFFFFFFFFFFFFFFFFFFFFFFFFFFFFFFF04
:10AC6000FFFFFFFFFFFFFFFFFFFFFFFFFFFFFFFFF4
:10AC7000FFFFFFFFFFFFFFFFFFFFFFFFFFFFFFFFE4
:10AC8000FFFFFFFFFFFFFFFFFFFFFFFFFFFFFFFFD4
:10AC9000FFFFFFFFFFFFFFFFFFFFFFFFFFFFFFFFC4
:10ACA000FFFFFFFFFFFFFFFFFFFFFFFFFFFFFFFFB4
:10ACB000FFFFFFFFFFFFFFFFFFFFFFFFFFFFFFFFA4
:10ACC000FFFFFFFFFFFFFFFFFFFFFFFFFFFFFFFF94
:10ACD000FFFFFFFFFFFFFFFFFFFFFFFFFFFFFFFF84
:10ACE000FFFFFFFFFFFFFFFFFFFFFFFFFFFFFFFF74
:10ACF000FFFFFFFFFFFFFFFFFFFFFFFFFFFFFFFF64
:10AD0000FFFFFFFFFFFFFFFFFFFFFFFFFFFFFFFF53
:10AD1000FFFFFFFFFFFFFFFFFFFFFFFFFFFFFFFF43
:10AD2000FFFFFFFFFFFFFFFFFFFFFFFFFFFFFFFF33
:10AD3000FFFFFFFFFFFFFFFFFFFFFFFFFFFFFFFF23
:10AD4000FFFFFFFFFFFFFFFFFFFFFFFFFFFFFFFF13
:10AD5000FFFFFFFFFFFFFFFFFFFFFFFFFFFFFFFF03
:10AD6000FFFFFFFFFFFFFFFFFFFFFFFFFFFFFFFFF3
:10AD7000FFFFFFFFFFFFFFFFFFFFFFFFFFFFFFFFE3
:10AD8000FFFFFFFFFFFFFFFFFFFFFFFFFFFFFFFFD3
:10AD9000FFFFFFFFFFFFFFFFFFFFFFFFFFFFFFFFC3
:10ADA000FFFFFFFFFFFFFFFFFFFFFFFFFFFFFFFFB3
:10ADB000FFFFFFFFFFFFFFFFFFFFFFFFFFFFFFFFA3
:10ADC000FFFFFFFFFFFFFFFFFFFFFFFFFFFFFFFF93
:10ADD000FFFFFFFFFFFFFFFFFFFFFFFFFFFFFFFF83
:10ADE000FFFFFFFFFFFFFFFFFFFFFFFFFFFFFFFF73
:10ADF000FFFFFFFFFFFFFFFFFFFFFFFFFFFFFFFF63
:10AE0000FFFFFFFFFFFFFFFFFFFFFFFFFFFFFFFF52
:10AE1000FFFFFFFFFFFFFFFFFFFFFFFFFFFFFFFF42
:10AE2000FFFFFFFFFFFFFFFFFFFFFFFFFFFFFFFF32
:10AE3000FFFFFFFFFFFFFFFFFFFFFFFFFFFFFFFF22
:10AE4000FFFFFFFFFFFFFFFFFFFFFFFFFFFFFFFF12
:10AE5000FFFFFFFFFFFFFFFFFFFFFFFFFFFFFFFF02
:10AE6000FFFFFFFFFFFFFFFFFFFFFFFFFFFFFFFFF2
:10AE7000FFFFFFFFFFFFFFFFFFFFFFFFFFFFFFFFE2
:10AE8000FFFFFFFFFFFFFFFFFFFFFFFFFFFFFFFFD2
:10AE9000FFFFFFFFFFFFFFFFFFFFFFFFFFFFFFFFC2
:10AEA000FFFFFFFFFFFFFFFFFFFFFFFFFFFFFFFFB2
:10AEB000FFFFFFFFFFFFFFFFFFFFFFFFFFFFFFFFA2
:10AEC000FFFFFFFFFFFFFFFFFFFFFFFFFFFFFFFF92
:10AED000FFFFFFFFFFFFFFFFFFFFFFFFFFFFFFFF82
:10AEE000FFFFFFFFFFFFFFFFFFFFFFFFFFFFFFFF72
:10AEF000FFFFFFFFFFFFFFFFFFFFFFFFFFFFFFFF62
:10AF0000FFFFFFFFFFFFFFFFFFFFFFFFFFFFFFFF51
:10AF1000FFFFFFFFFFFFFFFFFFFFFFFFFFFFFFFF41
:10AF2000FFFFFFFFFFFFFFFFFFFFFFFFFFFFFFFF31
:10AF3000FFFFFFFFFFFFFFFFFFFFFFFFFFFFFFFF21
:10AF4000FFFFFFFFFFFFFFFFFFFFFFFFFFFFFFFF11
:10AF5000FFFFFFFFFFFFFFFFFFFFFFFFFFFFFFFF01
:10AF6000FFFFFFFFFFFFFFFFFFFFFFFFFFFFFFFFF1
:10AF7000FFFFFFFFFFFFFFFFFFFFFFFFFFFFFFFFE1
:10AF8000FFFFFFFFFFFFFFFFFFFFFFFFFFFFFFFFD1
:10AF9000FFFFFFFFFFFFFFFFFFFFFFFFFFFFFFFFC1
:10AFA000FFFFFFFFFFFFFFFFFFFFFFFFFFFFFFFFB1
:10AFB000FFFFFFFFFFFFFFFFFFFFFFFFFFFFFFFFA1
:10AFC000FFFFFFFFFFFFFFFFFFFFFFFFFFFFFFFF91
:10AFD000FFFFFFFFFFFFFFFFFFFFFFFFFFFFFFFF81
:10AFE000FFFFFFFFFFFFFFFFFFFFFFFFFFFFFFFF71
:10AFF000FFFFFFFFFFFFFFFFFFFFFFFFFFFFFFFF61
:10B00000010000000000000000000000000000003F
:10B010000000000000000000000000000000000030
:10B020000000000000000000000000000000000020
:10B030000000000000000000000000000000000010
:10B040000000000000000000000000000000000000
:10B050006400000088130000F40100000A000000F2
:10B0600070170000E803000028000000F401000051
:10B070000600000064000000FA000000A00F0000BD
:10B080008F02000080E400E580E500E680E600E74E
:10B0900080E700E880E800E980E900EA80EA00EB68
:10B0A00080EB00EC80EC00ED80ED00EE80EE00EF38
:10B0B00080EF00F080F000F180F100F280F200F308
:10B0C00080F300F480F400F580F500F680F600F7D8
:10B0D00080F700F880F800F980F900FA80FA00FBA8
:10B0E00080FB00FC80FC00FD80FD00FE80FE00FF78
:10B0F00080FF000080000001800100028002000348
:10B100008003000480040005800500068006000717
:10B1100080070008800800098009000A800A000BE7
:10B12000800B000C800C000D800D000E800E000FB7
:10B13000800F001080100011801100128012001387
:10B140008013001480140015801500168016001757
:10B1500080170018801800198019001A801A001B27
:10B16000801B001C801C001D801D001E801E001FF7
:10B17000801F0020802000218021002280220023C7
:10B180008023002480240025802500268026002797
:10B1900080270028802800298029002A802A002B67
:10B1A000802B002C802C002D802D002E802E002F37
:10B1B000802F003080300031803100328032003307
:10B1C00080330034803400358035003680360037D7
:10B1D00080370038803800398039003A803A003BA7
:10B1E000803B003C803C003D803D003E803E0000B6
:10B1F00050048904C404040547058E05D9052806B2
:10B200007B06D40631079307FB076908DC0855095C
:10B21000D5095C0AE90A7E0B1B0CBF0C6C0D210ED4
:10B22000DF0EA60F76105011351223131D142215B0
:10B2300031164D177518A819E91A361C901DF71EFE
:10B240006C20EE217E231C25C82682284A2A212C28
:10B25000052EF82FF931073424364E38853AC93C8B
:10B260001A3F7741E0435546D5485F4BF34D905028
:10B270003753F4559B58585BE65DE360AF638066D7
:10B280005369296C006FD871B07487775D7A317D0E
:10B290000080CE8295855A88188BD08D8190299315
:10B2A000CC956698F79A7D9DFB9F70A2DAA439A78A
:10B2B0008FA9D9AB1AAE4CB076B293B4A6B6AAB8E1
:10B2C000A5BA67BC7ABE52C01EC2E2C398C541C7C8
:10B2D000E1C878CA04CC82CDF8CE67D0C4D11ED3E1
:10B2E0006ED4B1D5EDD620D848D969DA7FDB93DCAE
:10B2F0009BDD9CDE95DF86E06EE14FE22CE300E40F
:10B30000D1E499E55CE617E7CDE77FE82CE9D5E9DC
:10B3100074EA0EEBAAEB3AECCCEC53EDDAED5CEE12
:10B32000DAEE52EFCAEF38F0ABF014F17DF1E0F154
:10B3300043F2A2F200F359F3B2F305F458F4A6F481
:10B34000F4F43CF584F5CDF50FF652F68FF6CBF616
:10B3500008F745F77DF7B4F7EBF7000080E400E568
:10B3600080E500E680E600E780E700E880E800E9A5
:10B3700080E900EA80EA00EB80EB00EC80EC00ED75
:10B3800080ED00EE80EE00EF80EF00F080F000F145
:10B3900080F100F280F200F380F300F480F400F515
:10B3A00080F500F680F600F780F700F880F800F9E5
:10B3B00080F900FA80FA00FB80FB00FC80FC00FDB5
:10B3C00080FD00FE80FE00FF80FF00008000000185
:10B3D0008001000280020003800300048004000555
:10B3E0008005000680060007800700088008000925
:10B3F0008009000A800A000B800B000C800C000DF5
:10B40000800D000E800E000F800F001080100011C4
:10B410008011001280120013801300148014001594
:10B420008015001680160017801700188018001964
:10B430008019001A801A001B801B001C801C001D34
:10B44000801D001E801E001F801F00208020002104
:10B4500080210022802200238023002480240025D4
:10B4600080250026802600278027002880280029A4
:10B470008029002A802A002B802B002C802C002D74
:10B48000802D002E802E002F802F00308030003144
:10B490008031003280320033803300348034003514
:10B4A00080350036803600378037003880380039E4
:10B4B0008039003A803A003B803B003C803C003DB4
:10B4C000803D003E803E000050048904C404040511
:10B4D00047058E05D90528067B06D4063107930754
:10B4E000FB076908DC085509D5095C0AE90A7E0BE7
:10B4F0001B0CBF0C6C0D210EDF0EA60F7610501129
:10B50000351223131D14221531164D177518A8195D
:10B51000E91A361C901DF71E6C20EE217E231C2597
:10B52000C82682284A2A212C052EF82FF931073403
:10B5300024364E38853AC93C1A3F7741E043554698
:10B54000D5485F4BF34D90503753F4559B58585B9B
:10B55000E65DE360AF6380665369296C006FD87164
:10B56000B07487775D7A317D0080CE8295855A8868
:10B57000188BD08D81902993CC956698F79A7D9DF4
:10B58000FB9F70A2DAA439A78FA9D9AB1AAE4CB031
:10B5900076B293B4A6B6AAB8A5BA67BC7ABE52C0B2
:10B5A0001EC2E2C398C541C7E1C878CA04CC82CDA7
:10B5B000F8CE67D0C4D11ED36ED4B1D5EDD620D885
:10B5C00048D969DA7FDB93DC9BDD9CDE95DF86E082
:10B5D0006EE14FE22CE300E4D1E499E55CE617E785
:10B5E000CDE77FE82CE9D5E974EA0EEBAAEB3AEC5B
:10B5F000CCEC53EDDAED5CEEDAEE52EFCAEF38F058
:10B60000ABF014F17DF1E0F143F2A2F200F359F353
:10B61000B2F305F458F4A6F4F4F43CF584F5CDF552
:10B620000FF652F68FF6CBF608F745F77DF7B4F72D
:10B63000EBF70000EC216B005CAB3D000000000369
:10B6400089010000760000008901000076000000FA
:10B65000000000A0F401E803F401E803F401E803AA
:10B660008813001E3C7800008034F401E803803425
:10B67000F401E8038007800C00050000B80B00000F
:10B680000A004E12001E8F0240060A00E803400620
:10B69000B004000093180000690000009318000037
:10B6A00069000000000014007B664900FFFFFFFFF7
:10B6B000FFFFFFFFFFFFFFFFFFFFFFFFFFFFFFFF9A
:10B6C000FFFFFFFFFFFFFFFFFFFFFFFFFFFFFFFF8A
:10B6D000FFFFFFFFFFFFFFFFFFFFFFFFFFFFFFFF7A
:10B6E000FFFFFFFFFFFFFFFFFFFFFFFFFFFFFFFF6A
:10B6F000FFFFFFFFFFFFFFFFFFFFFFFFFFFFFFFF5A
:10B70000FFFFFFFFFFFFFFFFFFFFFFFFFFFFFFFF49
:10B71000FFFFFFFFFFFFFFFFFFFFFFFFFFFFFFFF39
:10B72000FFFFFFFFFFFFFFFFFFFFFFFFFFFFFFFF29
:10B73000FFFFFFFFFFFFFFFFFFFFFFFFFFFFFFFF19
:10B74000FFFFFFFFFFFFFFFFFFFFFFFFFFFFFFFF09
:10B75000FFFFFFFFFFFFFFFFFFFFFFFFFFFFFFFFF9
:10B76000FFFFFFFFFFFFFFFFFFFFFFFFFFFFFFFFE9
:10B77000FFFFFFFFFFFFFFFFFFFFFFFFFFFFFFFFD9
:10B78000FFFFFFFFFFFFFFFFFFFFFFFFFFFFFFFFC9
:10B79000FFFFFFFFFFFFFFFFFFFFFFFFFFFFFFFFB9
:10B7A000FFFFFFFFFFFFFFFFFFFFFFFFFFFFFFFFA9
:10B7B000FFFFFFFFFFFFFFFFFFFFFFFFFFFFFFFF99
:10B7C000FFFFFFFFFFFFFFFFFFFFFFFFFFFFFFFF89
:10B7D000FFFFFFFFFFFFFFFFFFFFFFFFFFFFFFFF79
:10B7E000FFFFFFFFFFFFFFFFFFFFFFFFFFFFFFFF69
:10B7F000FFFFFFFFFFFFFFFFFFFFFFFFFFFFFFFF59
:10B80000FFFFFFFFFFFFFFFFFFFFFFFFFFFFFFFF48
:10B81000FFFFFFFFFFFFFFFFFFFFFFFFFFFFFFFF38
:10B82000FFFFFFFFFFFFFFFFFFFFFFFFFFFFFFFF28
:10B83000FFFFFFFFFFFFFFFFFFFFFFFFFFFFFFFF18
:10B84000FFFFFFFFFFFFFFFFFFFFFFFFFFFFFFFF08
:10B85000FFFFFFFFFFFFFFFFFFFFFFFFFFFFFFFFF8
:10B86000FFFFFFFFFFFFFFFFFFFFFFFFFFFFFFFFE8
:10B87000FFFFFFFFFFFFFFFFFFFFFFFFFFFFFFFFD8
:10B88000FFFFFFFFFFFFFFFFFFFFFFFFFFFFFFFFC8
:10B89000FFFFFFFFFFFFFFFFFFFFFFFFFFFFFFFFB8
:10B8A000FFFFFFFFFFFFFFFFFFFFFFFFFFFFFFFFA8
:10B8B000FFFFFFFFFFFFFFFFFFFFFFFFFFFFFFFF98
:10B8C000FFFFFFFFFFFFFFFFFFFFFFFFFFFFFFFF88
:10B8D000FFFFFFFFFFFFFFFFFFFFFFFFFFFFFFFF78
:10B8E000FFFFFFFFFFFFFFFFFFFFFFFFFFFFFFFF68
:10B8F000FFFFFFFFFFFFFFFFFFFFFFFFFFFFFFFF58
:10B90000FFFFFFFFFFFFFFFFFFFFFFFFFFFFFFFF47
:10B91000FFFFFFFFFFFFFFFFFFFFFFFFFFFFFFFF37
:10B92000FFFFFFFFFFFFFFFFFFFFFFFFFFFFFFFF27
:10B93000FFFFFFFFFFFFFFFFFFFFFFFFFFFFFFFF17
:10B94000FFFFFFFFFFFFFFFFFFFFFFFFFFFFFFFF07
:10B95000FFFFFFFFFFFFFFFFFFFFFFFFFFFFFFFFF7
:10B96000FFFFFFFFFFFFFFFFFFFFFFFFFFFFFFFFE7
:10B97000FFFFFFFFFFFFFFFFFFFFFFFFFFFFFFFFD7
:10B98000FFFFFFFFFFFFFFFFFFFFFFFFFFFFFFFFC7
:10B99000FFFFFFFFFFFFFFFFFFFFFFFFFFFFFFFFB7
:10B9A000FFFFFFFFFFFFFFFFFFFFFFFFFFFFFFFFA7
:10B9B000FFFFFFFFFFFFFFFFFFFFFFFFFFFFFFFF97
:10B9C000FFFFFFFFFFFFFFFFFFFFFFFFFFFFFFFF87
:10B9D000FFFFFFFFFFFFFFFFFFFFFFFFFFFFFFFF77
:10B9E000FFFFFFFFFFFFFFFFFFFFFFFFFFFFFFFF67
:10B9F000FFFFFFFFFFFFFFFFFFFFFFFFFFFFFFFF57
:10BA0000FFFFFFFFFFFFFFFFFFFFFFFFFFFFFFFF46
:10BA1000FFFFFFFFFFFFFFFFFFFFFFFFFFFFFFFF36
:10BA2000FFFFFFFFFFFFFFFFFFFFFFFFFFFFFFFF26
:10BA3000FFFFFFFFFFFFFFFFFFFFFFFFFFFFFFFF16
:10BA4000FFFFFFFFFFFFFFFFFFFFFFFFFFFFFFFF06
:10BA5000FFFFFFFFFFFFFFFFFFFFFFFFFFFFFFFFF6
:10BA6000FFFFFFFFFFFFFFFFFFFFFFFFFFFFFFFFE6
:10BA7000FFFFFFFFFFFFFFFFFFFFFFFFFFFFFFFFD6
:10BA8000FFFFFFFFFFFFFFFFFFFFFFFFFFFFFFFFC6
:10BA9000FFFFFFFFFFFFFFFFFFFFFFFFFFFFFFFFB6
:10BAA000FFFFFFFFFFFFFFFFFFFFFFFFFFFFFFFFA6
:10BAB000FFFFFFFFFFFFFFFFFFFFFFFFFFFFFFFF96
:10BAC000FFFFFFFFFFFFFFFFFFFFFFFFFFFFFFFF86
:10BAD000FFFFFFFFFFFFFFFFFFFFFFFFFFFFFFFF76
:10BAE000FFFFFFFFFFFFFFFFFFFFFFFFFFFFFFFF66
:10BAF000FFFFFFFFFFFFFFFFFFFFFFFFFFFFFFFF56
:10BB0000FFFFFFFFFFFFFFFFFFFFFFFFFFFFFFFF45
:10BB1000FFFFFFFFFFFFFFFFFFFFFFFFFFFFFFFF35
:10BB2000FFFFFFFFFFFFFFFFFFFFFFFFFFFFFFFF25
:10BB3000FFFFFFFFFFFFFFFFFFFFFFFFFFFFFFFF15
:10BB4000FFFFFFFFFFFFFFFFFFFFFFFFFFFFFFFF05
:10BB5000FFFFFFFFFFFFFFFFFFFFFFFFFFFFFFFFF5
:10BB6000FFFFFFFFFFFFFFFFFFFFFFFFFFFFFFFFE5
:10BB7000FFFFFFFFFFFFFFFFFFFFFFFFFFFFFFFFD5
:10BB8000FFFFFFFFFFFFFFFFFFFFFFFFFFFFFFFFC5
:10BB9000FFFFFFFFFFFFFFFFFFFFFFFFFFFFFFFFB5
:10BBA000FFFFFFFFFFFFFFFFFFFFFFFFFFFFFFFFA5
:10BBB000FFFFFFFFFFFFFFFFFFFFFFFFFFFFFFFF95
:10BBC000FFFFFFFFFFFFFFFFFFFFFFFFFFFFFFFF85
:10BBD000FFFFFFFFFFFFFFFFFFFFFFFFFFFFFFFF75
:10BBE000FFFFFFFFFFFFFFFFFFFFFFFFFFFFFFFF65
:10BBF000FFFFFFFFFFFFFFFFFFFFFFFFFFFFFFFF55
:10BC0000FFFFFFFFFFFFFFFFFFFFFFFFFFFFFFFF44
:10BC1000FFFFFFFFFFFFFFFFFFFFFFFFFFFFFFFF34
:10BC2000FFFFFFFFFFFFFFFFFFFFFFFFFFFFFFFF24
:10BC3000FFFFFFFFFFFFFFFFFFFFFFFFFFFFFFFF14
:10BC4000FFFFFFFFFFFFFFFFFFFFFFFFFFFFFFFF04
:10BC5000FFFFFFFFFFFFFFFFFFFFFFFFFFFFFFFFF4
:10BC6000FFFFFFFFFFFFFFFFFFFFFFFFFFFFFFFFE4
:10BC7000FFFFFFFFFFFFFFFFFFFFFFFFFFFFFFFFD4
:10BC8000FFFFFFFFFFFFFFFFFFFFFFFFFFFFFFFFC4
:10BC9000FFFFFFFFFFFFFFFFFFFFFFFFFFFFFFFFB4
:10BCA000FFFFFFFFFFFFFFFFFFFFFFFFFFFFFFFFA4
:10BCB000FFFFFFFFFFFFFFFFFFFFFFFFFFFFFFFF94
:10BCC000FFFFFFFFFFFFFFFFFFFFFFFFFFFFFFFF84
:10BCD000FFFFFFFFFFFFFFFFFFFFFFFFFFFFFFFF74
:10BCE000FFFFFFFFFFFFFFFFFFFFFFFFFFFFFFFF64
:10BCF000FFFFFFFFFFFFFFFFFFFFFFFFFFFFFFFF54
:10BD0000FFFFFFFFFFFFFFFFFFFFFFFFFFFFFFFF43
:10BD1000FFFFFFFFFFFFFFFFFFFFFFFFFFFFFFFF33
:10BD2000FFFFFFFFFFFFFFFFFFFFFFFFFFFFFFFF23
:10BD3000FFFFFFFFFFFFFFFFFFFFFFFFFFFFFFFF13
:10BD4000FFFFFFFFFFFFFFFFFFFFFFFFFFFFFFFF03
:10BD5000FFFFFFFFFFFFFFFFFFFFFFFFFFFFFFFFF3
:10BD6000FFFFFFFFFFFFFFFFFFFFFFFFFFFFFFFFE3
:10BD7000FFFFFFFFFFFFFFFFFFFFFFFFFFFFFFFFD3
:10BD8000FFFFFFFFFFFFFFFFFFFFFFFFFFFFFFFFC3
:10BD9000FFFFFFFFFFFFFFFFFFFFFFFFFFFFFFFFB3
:10BDA000FFFFFFFFFFFFFFFFFFFFFFFFFFFFFFFFA3
:10BDB000FFFFFFFFFFFFFFFFFFFFFFFFFFFFFFFF93
:10BDC000FFFFFFFFFFFFFFFFFFFFFFFFFFFFFFFF83
:10BDD000FFFFFFFFFFFFFFFFFFFFFFFFFFFFFFFF73
:10BDE000FFFFFFFFFFFFFFFFFFFFFFFFFFFFFFFF63
:10BDF000FFFFFFFFFFFFFFFFFFFFFFFFFFFFFFFF53
:10BE0000FFFFFFFFFFFFFFFFFFFFFFFFFFFFFFFF42
:10BE1000FFFFFFFFFFFFFFFFFFFFFFFFFFFFFFFF32
:10BE2000FFFFFFFFFFFFFFFFFFFFFFFFFFFFFFFF22
:10BE3000FFFFFFFFFFFFFFFFFFFFFFFFFFFFFFFF12
:10BE4000FFFFFFFFFFFFFFFFFFFFFFFFFFFFFFFF02
:10BE5000FFFFFFFFFFFFFFFFFFFFFFFFFFFFFFFFF2
:10BE6000FFFFFFFFFFFFFFFFFFFFFFFFFFFFFFFFE2
:10BE7000FFFFFFFFFFFFFFFFFFFFFFFFFFFFFFFFD2
:10BE8000FFFFFFFFFFFFFFFFFFFFFFFFFFFFFFFFC2
:10BE9000FFFFFFFFFFFFFFFFFFFFFFFFFFFFFFFFB2
:10BEA000FFFFFFFFFFFFFFFFFFFFFFFFFFFFFFFFA2
:10BEB000FFFFFFFFFFFFFFFFFFFFFFFFFFFFFFFF92
:10BEC000FFFFFFFFFFFFFFFFFFFFFFFFFFFFFFFF82
:10BED000FFFFFFFFFFFFFFFFFFFFFFFFFFFFFFFF72
:10BEE000FFFFFFFFFFFFFFFFFFFFFFFFFFFFFFFF62
:10BEF000FFFFFFFFFFFFFFFFFFFFFFFFFFFFFFFF52
:10BF0000FFFFFFFFFFFFFFFFFFFFFFFFFFFFFFFF41
:10BF1000FFFFFFFFFFFFFFFFFFFFFFFFFFFFFFFF31
:10BF2000FFFFFFFFFFFFFFFFFFFFFFFFFFFFFFFF21
:10BF3000FFFFFFFFFFFFFFFFFFFFFFFFFFFFFFFF11
:10BF4000FFFFFFFFFFFFFFFFFFFFFFFFFFFFFFFF01
:10BF5000FFFFFFFFFFFFFFFFFFFFFFFFFFFFFFFFF1
:10BF6000FFFFFFFFFFFFFFFFFFFFFFFFFFFFFFFFE1
:10BF7000FFFFFFFFFFFFFFFFFFFFFFFFFFFFFFFFD1
:10BF8000FFFFFFFFFFFFFFFFFFFFFFFFFFFFFFFFC1
:10BF9000FFFFFFFFFFFFFFFFFFFFFFFFFFFFFFFFB1
:10BFA000FFFFFFFFFFFFFFFFFFFFFFFFFFFFFFFFA1
:10BFB000FFFFFFFFFFFFFFFFFFFFFFFFFFFFFFFF91
:10BFC000FFFFFFFFFFFFFFFFFFFFFFFFFFFFFFFF81
:10BFD000FFFFFFFFFFFFFFFFFFFFFFFFFFFFFFFF71
:10BFE000FFFFFFFFFFFFFFFFFFFFFFFFFFFFFFFF61
:10BFF000FFFFFFFFFFFFFFFFFFFFFFFFFFFFFFFF51
:10C00000FFFFFFFFFFFFFFFFFFFFFFFFFFFFFFFF40
:10C01000FFFFFFFFFFFFFFFFFFFFFFFFFFFFFFFF30
:10C02000FFFFFFFFFFFFFFFFFFFFFFFFFFFFFFFF20
:10C03000FFFFFFFFFFFFFFFFFFFFFFFFFFFFFFFF10
:10C04000FFFFFFFFFFFFFFFFFFFFFFFFFFFFFFFF00
:10C05000FFFFFFFFFFFFFFFFFFFFFFFFFFFFFFFFF0
:10C06000FFFFFFFFFFFFFFFFFFFFFFFFFFFFFFFFE0
:10C07000FFFFFFFFFFFFFFFFFFFFFFFFFFFFFFFFD0
:10C08000FFFFFFFFFFFFFFFFFFFFFFFFFFFFFFFFC0
:10C09000FFFFFFFFFFFFFFFFFFFFFFFFFFFFFFFFB0
:10C0A000FFFFFFFFFFFFFFFFFFFFFFFFFFFFFFFFA0
:10C0B000FFFFFFFFFFFFFFFFFFFFFFFFFFFFFFFF90
:10C0C000FFFFFFFFFFFFFFFFFFFFFFFFFFFFFFFF80
:10C0D000FFFFFFFFFFFFFFFFFFFFFFFFFFFFFFFF70
:10C0E000FFFFFFFFFFFFFFFFFFFFFFFFFFFFFFFF60
:10C0F000FFFFFFFFFFFFFFFFFFFFFFFFFFFFFFFF50
:10C10000FFFFFFFFFFFFFFFFFFFFFFFFFFFFFFFF3F
:10C11000FFFFFFFFFFFFFFFFFFFFFFFFFFFFFFFF2F
:10C12000FFFFFFFFFFFFFFFFFFFFFFFFFFFFFFFF1F
:10C13000FFFFFFFFFFFFFFFFFFFFFFFFFFFFFFFF0F
:10C14000FFFFFFFFFFFFFFFFFFFFFFFFFFFFFFFFFF
:10C15000FFFFFFFFFFFFFFFFFFFFFFFFFFFFFFFFEF
:10C16000FFFFFFFFFFFFFFFFFFFFFFFFFFFFFFFFDF
:10C17000FFFFFFFFFFFFFFFFFFFFFFFFFFFFFFFFCF
:10C18000FFFFFFFFFFFFFFFFFFFFFFFFFFFFFFFFBF
:10C19000FFFFFFFFFFFFFFFFFFFFFFFFFFFFFFFFAF
:10C1A000FFFFFFFFFFFFFFFFFFFFFFFFFFFFFFFF9F
:10C1B000FFFFFFFFFFFFFFFFFFFFFFFFFFFFFFFF8F
:10C1C000FFFFFFFFFFFFFFFFFFFFFFFFFFFFFFFF7F
:10C1D000FFFFFFFFFFFFFFFFFFFFFFFFFFFFFFFF6F
:10C1E000FFFFFFFFFFFFFFFFFFFFFFFFFFFFFFFF5F
:10C1F000FFFFFFFFFFFFFFFFFFFFFFFFFFFFFFFF4F
:10C20000FFFFFFFFFFFFFFFFFFFFFFFFFFFFFFFF3E
:10C21000FFFFFFFFFFFFFFFFFFFFFFFFFFFFFFFF2E
:10C22000FFFFFFFFFFFFFFFFFFFFFFFFFFFFFFFF1E
:10C23000FFFFFFFFFFFFFFFFFFFFFFFFFFFFFFFF0E
:10C24000FFFFFFFFFFFFFFFFFFFFFFFFFFFFFFFFFE
:10C25000FFFFFFFFFFFFFFFFFFFFFFFFFFFFFFFFEE
:10C26000FFFFFFFFFFFFFFFFFFFFFFFFFFFFFFFFDE
:10C27000FFFFFFFFFFFFFFFFFFFFFFFFFFFFFFFFCE
:10C28000FFFFFFFFFFFFFFFFFFFFFFFFFFFFFFFFBE
:10C29000FFFFFFFFFFFFFFFFFFFFFFFFFFFFFFFFAE
:10C2A000FFFFFFFFFFFFFFFFFFFFFFFFFFFFFFFF9E
:10C2B000FFFFFFFFFFFFFFFFFFFFFFFFFFFFFFFF8E
:10C2C000FFFFFFFFFFFFFFFFFFFFFFFFFFFFFFFF7E
:10C2D000FFFFFFFFFFFFFFFFFFFFFFFFFFFFFFFF6E
:10C2E000FFFFFFFFFFFFFFFFFFFFFFFFFFFFFFFF5E
:10C2F000FFFFFFFFFFFFFFFFFFFFFFFFFFFFFFFF4E
:10C30000FFFFFFFFFFFFFFFFFFFFFFFFFFFFFFFF3D
:10C31000FFFFFFFFFFFFFFFFFFFFFFFFFFFFFFFF2D
:10C32000FFFFFFFFFFFFFFFFFFFFFFFFFFFFFFFF1D
:10C33000FFFFFFFFFFFFFFFFFFFFFFFFFFFFFFFF0D
:10C34000FFFFFFFFFFFFFFFFFFFFFFFFFFFFFFFFFD
:10C35000FFFFFFFFFFFFFFFFFFFFFFFFFFFFFFFFED
:10C36000FFFFFFFFFFFFFFFFFFFFFFFFFFFFFFFFDD
:10C37000FFFFFFFFFFFFFFFFFFFFFFFFFFFFFFFFCD
:10C38000FFFFFFFFFFFFFFFFFFFFFFFFFFFFFFFFBD
:10C39000FFFFFFFFFFFFFFFFFFFFFFFFFFFFFFFFAD
:10C3A000FFFFFFFFFFFFFFFFFFFFFFFFFFFFFFFF9D
:10C3B000FFFFFFFFFFFFFFFFFFFFFFFFFFFFFFFF8D
:10C3C000FFFFFFFFFFFFFFFFFFFFFFFFFFFFFFFF7D
:10C3D000FFFFFFFFFFFFFFFFFFFFFFFFFFFFFFFF6D
:10C3E000FFFFFFFFFFFFFFFFFFFFFFFFFFFFFFFF5D
:10C3F000FFFFFFFFFFFFFFFFFFFFFFFFFFFFFFFF4D
:10C40000FFFFFFFFFFFFFFFFFFFFFFFFFFFFFFFF3C
:10C41000FFFFFFFFFFFFFFFFFFFFFFFFFFFFFFFF2C
:10C42000FFFFFFFFFFFFFFFFFFFFFFFFFFFFFFFF1C
:10C43000FFFFFFFFFFFFFFFFFFFFFFFFFFFFFFFF0C
:10C44000FFFFFFFFFFFFFFFFFFFFFFFFFFFFFFFFFC
:10C45000FFFFFFFFFFFFFFFFFFFFFFFFFFFFFFFFEC
:10C46000FFFFFFFFFFFFFFFFFFFFFFFFFFFFFFFFDC
:10C47000FFFFFFFFFFFFFFFFFFFFFFFFFFFFFFFFCC
:10C48000FFFFFFFFFFFFFFFFFFFFFFFFFFFFFFFFBC
:10C49000FFFFFFFFFFFFFFFFFFFFFFFFFFFFFFFFAC
:10C4A000FFFFFFFFFFFFFFFFFFFFFFFFFFFFFFFF9C
:10C4B000FFFFFFFFFFFFFFFFFFFFFFFFFFFFFFFF8C
:10C4C000FFFFFFFFFFFFFFFFFFFFFFFFFFFFFFFF7C
:10C4D000FFFFFFFFFFFFFFFFFFFFFFFFFFFFFFFF6C
:10C4E000FFFFFFFFFFFFFFFFFFFFFFFFFFFFFFFF5C
:10C4F000FFFFFFFFFFFFFFFFFFFFFFFFFFFFFFFF4C
:10C50000FFFFFFFFFFFFFFFFFFFFFFFFFFFFFFFF3B
:10C51000FFFFFFFFFFFFFFFFFFFFFFFFFFFFFFFF2B
:10C52000FFFFFFFFFFFFFFFFFFFFFFFFFFFFFFFF1B
:10C53000FFFFFFFFFFFFFFFFFFFFFFFFFFFFFFFF0B
:10C54000FFFFFFFFFFFFFFFFFFFFFFFFFFFFFFFFFB
:10C55000FFFFFFFFFFFFFFFFFFFFFFFFFFFFFFFFEB
:10C56000FFFFFFFFFFFFFFFFFFFFFFFFFFFFFFFFDB
:10C57000FFFFFFFFFFFFFFFFFFFFFFFFFFFFFFFFCB
:10C58000FFFFFFFFFFFFFFFFFFFFFFFFFFFFFFFFBB
:10C59000FFFFFFFFFFFFFFFFFFFFFFFFFFFFFFFFAB
:10C5A000FFFFFFFFFFFFFFFFFFFFFFFFFFFFFFFF9B
:10C5B000FFFFFFFFFFFFFFFFFFFFFFFFFFFFFFFF8B
:10C5C000FFFFFFFFFFFFFFFFFFFFFFFFFFFFFFFF7B
:10C5D000FFFFFFFFFFFFFFFFFFFFFFFFFFFFFFFF6B
:10C5E000FFFFFFFFFFFFFFFFFFFFFFFFFFFFFFFF5B
:10C5F000FFFFFFFFFFFFFFFFFFFFFFFFFFFFFFFF4B
:10C60000FFFFFFFFFFFFFFFFFFFFFFFFFFFFFFFF3A
:10C61000FFFFFFFFFFFFFFFFFFFFFFFFFFFFFFFF2A
:10C62000FFFFFFFFFFFFFFFFFFFFFFFFFFFFFFFF1A
:10C63000FFFFFFFFFFFFFFFFFFFFFFFFFFFFFFFF0A
:10C64000FFFFFFFFFFFFFFFFFFFFFFFFFFFFFFFFFA
:10C65000FFFFFFFFFFFFFFFFFFFFFFFFFFFFFFFFEA
:10C66000FFFFFFFFFFFFFFFFFFFFFFFFFFFFFFFFDA
:10C67000FFFFFFFFFFFFFFFFFFFFFFFFFFFFFFFFCA
:10C68000FFFFFFFFFFFFFFFFFFFFFFFFFFFFFFFFBA
:10C69000FFFFFFFFFFFFFFFFFFFFFFFFFFFFFFFFAA
:10C6A000FFFFFFFFFFFFFFFFFFFFFFFFFFFFFFFF9A
:10C6B000FFFFFFFFFFFFFFFFFFFFFFFFFFFFFFFF8A
:10C6C000FFFFFFFFFFFFFFFFFFFFFFFFFFFFFFFF7A
:10C6D000FFFFFFFFFFFFFFFFFFFFFFFFFFFFFFFF6A
:10C6E000FFFFFFFFFFFFFFFFFFFFFFFFFFFFFFFF5A
:10C6F000FFFFFFFFFFFFFFFFFFFFFFFFFFFFFFFF4A
:10C70000FFFFFFFFFFFFFFFFFFFFFFFFFFFFFFFF39
:10C71000FFFFFFFFFFFFFFFFFFFFFFFFFFFFFFFF29
:10C72000FFFFFFFFFFFFFFFFFFFFFFFFFFFFFFFF19
:10C73000FFFFFFFFFFFFFFFFFFFFFFFFFFFFFFFF09
:10C74000FFFFFFFFFFFFFFFFFFFFFFFFFFFFFFFFF9
:10C75000FFFFFFFFFFFFFFFFFFFFFFFFFFFFFFFFE9
:10C76000FFFFFFFFFFFFFFFFFFFFFFFFFFFFFFFFD9
:10C77000FFFFFFFFFFFFFFFFFFFFFFFFFFFFFFFFC9
:10C78000FFFFFFFFFFFFFFFFFFFFFFFFFFFFFFFFB9
:10C79000FFFFFFFFFFFFFFFFFFFFFFFFFFFFFFFFA9
:10C7A000FFFFFFFFFFFFFFFFFFFFFFFFFFFFFFFF99
:10C7B000FFFFFFFFFFFFFFFFFFFFFFFFFFFFFFFF89
:10C7C000FFFFFFFFFFFFFFFFFFFFFFFFFFFFFFFF79
:10C7D000FFFFFFFFFFFFFFFFFFFFFFFFFFFFFFFF69
:10C7E000FFFFFFFFFFFFFFFFFFFFFFFFFFFFFFFF59
:10C7F000FFFFFFFFFFFFFFFFFFFFFFFFFFFFFFFF49
:10C80000FFFFFFFFFFFFFFFFFFFFFFFFFFFFFFFF38
:10C81000FFFFFFFFFFFFFFFFFFFFFFFFFFFFFFFF28
:10C82000FFFFFFFFFFFFFFFFFFFFFFFFFFFFFFFF18
:10C83000FFFFFFFFFFFFFFFFFFFFFFFFFFFFFFFF08
:10C84000FFFFFFFFFFFFFFFFFFFFFFFFFFFFFFFFF8
:10C85000FFFFFFFFFFFFFFFFFFFFFFFFFFFFFFFFE8
:10C86000FFFFFFFFFFFFFFFFFFFFFFFFFFFFFFFFD8
:10C87000FFFFFFFFFFFFFFFFFFFFFFFFFFFFFFFFC8
:10C88000FFFFFFFFFFFFFFFFFFFFFFFFFFFFFFFFB8
:10C89000FFFFFFFFFFFFFFFFFFFFFFFFFFFFFFFFA8
:10C8A000FFFFFFFFFFFFFFFFFFFFFFFFFFFFFFFF98
:10C8B000FFFFFFFFFFFFFFFFFFFFFFFFFFFFFFFF88
:10C8C000FFFFFFFFFFFFFFFFFFFFFFFFFFFFFFFF78
:10C8D000FFFFFFFFFFFFFFFFFFFFFFFFFFFFFFFF68
:10C8E000FFFFFFFFFFFFFFFFFFFFFFFFFFFFFFFF58
:10C8F000FFFFFFFFFFFFFFFFFFFFFFFFFFFFFFFF48
:10C90000FFFFFFFFFFFFFFFFFFFFFFFFFFFFFFFF37
:10C91000FFFFFFFFFFFFFFFFFFFFFFFFFFFFFFFF27
:10C92000FFFFFFFFFFFFFFFFFFFFFFFFFFFFFFFF17
:10C93000FFFFFFFFFFFFFFFFFFFFFFFFFFFFFFFF07
:10C94000FFFFFFFFFFFFFFFFFFFFFFFFFFFFFFFFF7
:10C95000FFFFFFFFFFFFFFFFFFFFFFFFFFFFFFFFE7
:10C96000FFFFFFFFFFFFFFFFFFFFFFFFFFFFFFFFD7
:10C97000FFFFFFFFFFFFFFFFFFFFFFFFFFFFFFFFC7
:10C98000FFFFFFFFFFFFFFFFFFFFFFFFFFFFFFFFB7
:10C99000FFFFFFFFFFFFFFFFFFFFFFFFFFFFFFFFA7
:10C9A000FFFFFFFFFFFFFFFFFFFFFFFFFFFFFFFF97
:10C9B000FFFFFFFFFFFFFFFFFFFFFFFFFFFFFFFF87
:10C9C000FFFFFFFFFFFFFFFFFFFFFFFFFFFFFFFF77
:10C9D000FFFFFFFFFFFFFFFFFFFFFFFFFFFFFFFF67
:10C9E000FFFFFFFFFFFFFFFFFFFFFFFFFFFFFFFF57
:10C9F000FFFFFFFFFFFFFFFFFFFFFFFFFFFFFFFF47
:10CA0000FFFFFFFFFFFFFFFFFFFFFFFFFFFFFFFF36
:10CA1000FFFFFFFFFFFFFFFFFFFFFFFFFFFFFFFF26
:10CA2000FFFFFFFFFFFFFFFFFFFFFFFFFFFFFFFF16
:10CA3000FFFFFFFFFFFFFFFFFFFFFFFFFFFFFFFF06
:10CA4000FFFFFFFFFFFFFFFFFFFFFFFFFFFFFFFFF6
:10CA5000FFFFFFFFFFFFFFFFFFFFFFFFFFFFFFFFE6
:10CA6000FFFFFFFFFFFFFFFFFFFFFFFFFFFFFFFFD6
:10CA7000FFFFFFFFFFFFFFFFFFFFFFFFFFFFFFFFC6
:10CA8000FFFFFFFFFFFFFFFFFFFFFFFFFFFFFFFFB6
:10CA9000FFFFFFFFFFFFFFFFFFFFFFFFFFFFFFFFA6
:10CAA000FFFFFFFFFFFFFFFFFFFFFFFFFFFFFFFF96
:10CAB000FFFFFFFFFFFFFFFFFFFFFFFFFFFFFFFF86
:10CAC000FFFFFFFFFFFFFFFFFFFFFFFFFFFFFFFF76
:10CAD000FFFFFFFFFFFFFFFFFFFFFFFFFFFFFFFF66
:10CAE000FFFFFFFFFFFFFFFFFFFFFFFFFFFFFFFF56
:10CAF000FFFFFFFFFFFFFFFFFFFFFFFFFFFFFFFF46
:10CB0000FFFFFFFFFFFFFFFFFFFFFFFFFFFFFFFF35
:10CB1000FFFFFFFFFFFFFFFFFFFFFFFFFFFFFFFF25
:10CB2000FFFFFFFFFFFFFFFFFFFFFFFFFFFFFFFF15
:10CB3000FFFFFFFFFFFFFFFFFFFFFFFFFFFFFFFF05
:10CB4000FFFFFFFFFFFFFFFFFFFFFFFFFFFFFFFFF5
:10CB5000FFFFFFFFFFFFFFFFFFFFFFFFFFFFFFFFE5
:10CB6000FFFFFFFFFFFFFFFFFFFFFFFFFFFFFFFFD5
:10CB7000FFFFFFFFFFFFFFFFFFFFFFFFFFFFFFFFC5
:10CB8000FFFFFFFFFFFFFFFFFFFFFFFFFFFFFFFFB5
:10CB9000FFFFFFFFFFFFFFFFFFFFFFFFFFFFFFFFA5
:10CBA000FFFFFFFFFFFFFFFFFFFFFFFFFFFFFFFF95
:10CBB000FFFFFFFFFFFFFFFFFFFFFFFFFFFFFFFF85
:10CBC000FFFFFFFFFFFFFFFFFFFFFFFFFFFFFFFF75
:10CBD000FFFFFFFFFFFFFFFFFFFFFFFFFFFFFFFF65
:10CBE000FFFFFFFFFFFFFFFFFFFFFFFFFFFFFFFF55
:10CBF000FFFFFFFFFFFFFFFFFFFFFFFFFFFFFFFF45
:10CC0000FFFFFFFFFFFFFFFFFFFFFFFFFFFFFFFF34
:10CC1000FFFFFFFFFFFFFFFFFFFFFFFFFFFFFFFF24
:10CC2000FFFFFFFFFFFFFFFFFFFFFFFFFFFFFFFF14
:10CC3000FFFFFFFFFFFFFFFFFFFFFFFFFFFFFFFF04
:10CC4000FFFFFFFFFFFFFFFFFFFFFFFFFFFFFFFFF4
:10CC5000FFFFFFFFFFFFFFFFFFFFFFFFFFFFFFFFE4
:10CC6000FFFFFFFFFFFFFFFFFFFFFFFFFFFFFFFFD4
:10CC7000FFFFFFFFFFFFFFFFFFFFFFFFFFFFFFFFC4
:10CC8000FFFFFFFFFFFFFFFFFFFFFFFFFFFFFFFFB4
:10CC9000FFFFFFFFFFFFFFFFFFFFFFFFFFFFFFFFA4
:10CCA000FFFFFFFFFFFFFFFFFFFFFFFFFFFFFFFF94
:10CCB000FFFFFFFFFFFFFFFFFFFFFFFFFFFFFFFF84
:10CCC000FFFFFFFFFFFFFFFFFFFFFFFFFFFFFFFF74
:10CCD000FFFFFFFFFFFFFFFFFFFFFFFFFFFFFFFF64
:10CCE000FFFFFFFFFFFFFFFFFFFFFFFFFFFFFFFF54
:10CCF000FFFFFFFFFFFFFFFFFFFFFFFFFFFFFFFF44
:10CD0000FFFFFFFFFFFFFFFFFFFFFFFFFFFFFFFF33
:10CD1000FFFFFFFFFFFFFFFFFFFFFFFFFFFFFFFF23
:10CD2000FFFFFFFFFFFFFFFFFFFFFFFFFFFFFFFF13
:10CD3000FFFFFFFFFFFFFFFFFFFFFFFFFFFFFFFF03
:10CD4000FFFFFFFFFFFFFFFFFFFFFFFFFFFFFFFFF3
:10CD5000FFFFFFFFFFFFFFFFFFFFFFFFFFFFFFFFE3
:10CD6000FFFFFFFFFFFFFFFFFFFFFFFFFFFFFFFFD3
:10CD7000FFFFFFFFFFFFFFFFFFFFFFFFFFFFFFFFC3
:10CD8000FFFFFFFFFFFFFFFFFFFFFFFFFFFFFFFFB3
:10CD9000FFFFFFFFFFFFFFFFFFFFFFFFFFFFFFFFA3
:10CDA000FFFFFFFFFFFFFFFFFFFFFFFFFFFFFFFF93
:10CDB000FFFFFFFFFFFFFFFFFFFFFFFFFFFFFFFF83
:10CDC000FFFFFFFFFFFFFFFFFFFFFFFFFFFFFFFF73
:10CDD000FFFFFFFFFFFFFFFFFFFFFFFFFFFFFFFF63
:10CDE000FFFFFFFFFFFFFFFFFFFFFFFFFFFFFFFF53
:10CDF000FFFFFFFFFFFFFFFFFFFFFFFFFFFFFFFF43
:10CE0000FFFFFFFFFFFFFFFFFFFFFFFFFFFFFFFF32
:10CE1000FFFFFFFFFFFFFFFFFFFFFFFFFFFFFFFF22
:10CE2000FFFFFFFFFFFFFFFFFFFFFFFFFFFFFFFF12
:10CE3000FFFFFFFFFFFFFFFFFFFFFFFFFFFFFFFF02
:10CE4000FFFFFFFFFFFFFFFFFFFFFFFFFFFFFFFFF2
:10CE5000FFFFFFFFFFFFFFFFFFFFFFFFFFFFFFFFE2
:10CE6000FFFFFFFFFFFFFFFFFFFFFFFFFFFFFFFFD2
:10CE7000FFFFFFFFFFFFFFFFFFFFFFFFFFFFFFFFC2
:10CE8000FFFFFFFFFFFFFFFFFFFFFFFFFFFFFFFFB2
:10CE9000FFFFFFFFFFFFFFFFFFFFFFFFFFFFFFFFA2
:10CEA000FFFFFFFFFFFFFFFFFFFFFFFFFFFFFFFF92
:10CEB000FFFFFFFFFFFFFFFFFFFFFFFFFFFFFFFF82
:10CEC000FFFFFFFFFFFFFFFFFFFFFFFFFFFFFFFF72
:10CED000FFFFFFFFFFFFFFFFFFFFFFFFFFFFFFFF62
:10CEE000FFFFFFFFFFFFFFFFFFFFFFFFFFFFFFFF52
:10CEF000FFFFFFFFFFFFFFFFFFFFFFFFFFFFFFFF42
:10CF0000FFFFFFFFFFFFFFFFFFFFFFFFFFFFFFFF31
:10CF1000FFFFFFFFFFFFFFFFFFFFFFFFFFFFFFFF21
:10CF2000FFFFFFFFFFFFFFFFFFFFFFFFFFFFFFFF11
:10CF3000FFFFFFFFFFFFFFFFFFFFFFFFFFFFFFFF01
:10CF4000FFFFFFFFFFFFFFFFFFFFFFFFFFFFFFFFF1
:10CF5000FFFFFFFFFFFFFFFFFFFFFFFFFFFFFFFFE1
:10CF6000FFFFFFFFFFFFFFFFFFFFFFFFFFFFFFFFD1
:10CF7000FFFFFFFFFFFFFFFFFFFFFFFFFFFFFFFFC1
:10CF8000FFFFFFFFFFFFFFFFFFFFFFFFFFFFFFFFB1
:10CF9000FFFFFFFFFFFFFFFFFFFFFFFFFFFFFFFFA1
:10CFA000FFFFFFFFFFFFFFFFFFFFFFFFFFFFFFFF91
:10CFB000FFFFFFFFFFFFFFFFFFFFFFFFFFFFFFFF81
:10CFC000FFFFFFFFFFFFFFFFFFFFFFFFFFFFFFFF71
:10CFD000FFFFFFFFFFFFFFFFFFFFFFFFFFFFFFFF61
:10CFE000FFFFFFFFFFFFFFFFFFFFFFFFFFFFFFFF51
:10CFF000FFFFFFFFFFFFFFFFFFFFFFFFFFFFFFFF41
:10D00000FFFFFFFFFFFFFFFFFFFFFFFFFFFFFFFF30
:10D01000FFFFFFFFFFFFFFFFFFFFFFFFFFFFFFFF20
:10D02000FFFFFFFFFFFFFFFFFFFFFFFFFFFFFFFF10
:10D03000FFFFFFFFFFFFFFFFFFFFFFFFFFFFFFFF00
:10D04000FFFFFFFFFFFFFFFFFFFFFFFFFFFFFFFFF0
:10D05000FFFFFFFFFFFFFFFFFFFFFFFFFFFFFFFFE0
:10D06000FFFFFFFFFFFFFFFFFFFFFFFFFFFFFFFFD0
:10D07000FFFFFFFFFFFFFFFFFFFFFFFFFFFFFFFFC0
:10D08000FFFFFFFFFFFFFFFFFFFFFFFFFFFFFFFFB0
:10D09000FFFFFFFFFFFFFFFFFFFFFFFFFFFFFFFFA0
:10D0A000FFFFFFFFFFFFFFFFFFFFFFFFFFFFFFFF90
:10D0B000FFFFFFFFFFFFFFFFFFFFFFFFFFFFFFFF80
:10D0C000FFFFFFFFFFFFFFFFFFFFFFFFFFFFFFFF70
:10D0D000FFFFFFFFFFFFFFFFFFFFFFFFFFFFFFFF60
:10D0E000FFFFFFFFFFFFFFFFFFFFFFFFFFFFFFFF50
:10D0F000FFFFFFFFFFFFFFFFFFFFFFFFFFFFFFFF40
:10D10000FFFFFFFFFFFFFFFFFFFFFFFFFFFFFFFF2F
:10D11000FFFFFFFFFFFFFFFFFFFFFFFFFFFFFFFF1F
:10D12000FFFFFFFFFFFFFFFFFFFFFFFFFFFFFFFF0F
:10D13000FFFFFFFFFFFFFFFFFFFFFFFFFFFFFFFFFF
:10D14000FFFFFFFFFFFFFFFFFFFFFFFFFFFFFFFFEF
:10D15000FFFFFFFFFFFFFFFFFFFFFFFFFFFFFFFFDF
:10D16000FFFFFFFFFFFFFFFFFFFFFFFFFFFFFFFFCF
:10D17000FFFFFFFFFFFFFFFFFFFFFFFFFFFFFFFFBF
:10D18000FFFFFFFFFFFFFFFFFFFFFFFFFFFFFFFFAF
:10D19000FFFFFFFFFFFFFFFFFFFFFFFFFFFFFFFF9F
:10D1A000FFFFFFFFFFFFFFFFFFFFFFFFFFFFFFFF8F
:10D1B000FFFFFFFFFFFFFFFFFFFFFFFFFFFFFFFF7F
:10D1C000FFFFFFFFFFFFFFFFFFFFFFFFFFFFFFFF6F
:10D1D000FFFFFFFFFFFFFFFFFFFFFFFFFFFFFFFF5F
:10D1E000FFFFFFFFFFFFFFFFFFFFFFFFFFFFFFFF4F
:10D1F000FFFFFFFFFFFFFFFFFFFFFFFFFFFFFFFF3F
:10D20000FFFFFFFFFFFFFFFFFFFFFFFFFFFFFFFF2E
:10D21000FFFFFFFFFFFFFFFFFFFFFFFFFFFFFFFF1E
:10D22000FFFFFFFFFFFFFFFFFFFFFFFFFFFFFFFF0E
:10D23000FFFFFFFFFFFFFFFFFFFFFFFFFFFFFFFFFE
:10D24000FFFFFFFFFFFFFFFFFFFFFFFFFFFFFFFFEE
:10D25000FFFFFFFFFFFFFFFFFFFFFFFFFFFFFFFFDE
:10D26000FFFFFFFFFFFFFFFFFFFFFFFFFFFFFFFFCE
:10D27000FFFFFFFFFFFFFFFFFFFFFFFFFFFFFFFFBE
:10D28000FFFFFFFFFFFFFFFFFFFFFFFFFFFFFFFFAE
:10D29000FFFFFFFFFFFFFFFFFFFFFFFFFFFFFFFF9E
:10D2A000FFFFFFFFFFFFFFFFFFFFFFFFFFFFFFFF8E
:10D2B000FFFFFFFFFFFFFFFFFFFFFFFFFFFFFFFF7E
:10D2C000FFFFFFFFFFFFFFFFFFFFFFFFFFFFFFFF6E
:10D2D000FFFFFFFFFFFFFFFFFFFFFFFFFFFFFFFF5E
:10D2E000FFFFFFFFFFFFFFFFFFFFFFFFFFFFFFFF4E
:10D2F000FFFFFFFFFFFFFFFFFFFFFFFFFFFFFFFF3E
:10D30000FFFFFFFFFFFFFFFFFFFFFFFFFFFFFFFF2D
:10D31000FFFFFFFFFFFFFFFFFFFFFFFFFFFFFFFF1D
:10D32000FFFFFFFFFFFFFFFFFFFFFFFFFFFFFFFF0D
:10D33000FFFFFFFFFFFFFFFFFFFFFFFFFFFFFFFFFD
:10D34000FFFFFFFFFFFFFFFFFFFFFFFFFFFFFFFFED
:10D35000FFFFFFFFFFFFFFFFFFFFFFFFFFFFFFFFDD
:10D36000FFFFFFFFFFFFFFFFFFFFFFFFFFFFFFFFCD
:10D37000FFFFFFFFFFFFFFFFFFFFFFFFFFFFFFFFBD
:10D38000FFFFFFFFFFFFFFFFFFFFFFFFFFFFFFFFAD
:10D39000FFFFFFFFFFFFFFFFFFFFFFFFFFFFFFFF9D
:10D3A000FFFFFFFFFFFFFFFFFFFFFFFFFFFFFFFF8D
:10D3B000FFFFFFFFFFFFFFFFFFFFFFFFFFFFFFFF7D
:10D3C000FFFFFFFFFFFFFFFFFFFFFFFFFFFFFFFF6D
:10D3D000FFFFFFFFFFFFFFFFFFFFFFFFFFFFFFFF5D
:10D3E000FFFFFFFFFFFFFFFFFFFFFFFFFFFFFFFF4D
:10D3F000FFFFFFFFFFFFFFFFFFFFFFFFFFFFFFFF3D
:10D40000FFFFFFFFFFFFFFFFFFFFFFFFFFFFFFFF2C
:10D41000FFFFFFFFFFFFFFFFFFFFFFFFFFFFFFFF1C
:10D42000FFFFFFFFFFFFFFFFFFFFFFFFFFFFFFFF0C
:10D43000FFFFFFFFFFFFFFFFFFFFFFFFFFFFFFFFFC
:10D44000FFFFFFFFFFFFFFFFFFFFFFFFFFFFFFFFEC
:10D45000FFFFFFFFFFFFFFFFFFFFFFFFFFFFFFFFDC
:10D46000FFFFFFFFFFFFFFFFFFFFFFFFFFFFFFFFCC
:10D47000FFFFFFFFFFFFFFFFFFFFFFFFFFFFFFFFBC
:10D48000FFFFFFFFFFFFFFFFFFFFFFFFFFFFFFFFAC
:10D49000FFFFFFFFFFFFFFFFFFFFFFFFFFFFFFFF9C
:10D4A000FFFFFFFFFFFFFFFFFFFFFFFFFFFFFFFF8C
:10D4B000FFFFFFFFFFFFFFFFFFFFFFFFFFFFFFFF7C
:10D4C000FFFFFFFFFFFFFFFFFFFFFFFFFFFFFFFF6C
:10D4D000FFFFFFFFFFFFFFFFFFFFFFFFFFFFFFFF5C
:10D4E000FFFFFFFFFFFFFFFFFFFFFFFFFFFFFFFF4C
:10D4F000FFFFFFFFFFFFFFFFFFFFFFFFFFFFFFFF3C
:10D50000FFFFFFFFFFFFFFFFFFFFFFFFFFFFFFFF2B
:10D51000FFFFFFFFFFFFFFFFFFFFFFFFFFFFFFFF1B
:10D52000FFFFFFFFFFFFFFFFFFFFFFFFFFFFFFFF0B
:10D53000FFFFFFFFFFFFFFFFFFFFFFFFFFFFFFFFFB
:10D54000FFFFFFFFFFFFFFFFFFFFFFFFFFFFFFFFEB
:10D55000FFFFFFFFFFFFFFFFFFFFFFFFFFFFFFFFDB
:10D56000FFFFFFFFFFFFFFFFFFFFFFFFFFFFFFFFCB
:10D57000FFFFFFFFFFFFFFFFFFFFFFFFFFFFFFFFBB
:10D58000FFFFFFFFFFFFFFFFFFFFFFFFFFFFFFFFAB
:10D59000FFFFFFFFFFFFFFFFFFFFFFFFFFFFFFFF9B
:10D5A000FFFFFFFFFFFFFFFFFFFFFFFFFFFFFFFF8B
:10D5B000FFFFFFFFFFFFFFFFFFFFFFFFFFFFFFFF7B
:10D5C000FFFFFFFFFFFFFFFFFFFFFFFFFFFFFFFF6B
:10D5D000FFFFFFFFFFFFFFFFFFFFFFFFFFFFFFFF5B
:10D5E000FFFFFFFFFFFFFFFFFFFFFFFFFFFFFFFF4B
:10D5F000FFFFFFFFFFFFFFFFFFFFFFFFFFFFFFFF3B
:10D60000FFFFFFFFFFFFFFFFFFFFFFFFFFFFFFFF2A
:10D61000FFFFFFFFFFFFFFFFFFFFFFFFFFFFFFFF1A
:10D62000FFFFFFFFFFFFFFFFFFFFFFFFFFFFFFFF0A
:10D63000FFFFFFFFFFFFFFFFFFFFFFFFFFFFFFFFFA
:10D64000FFFFFFFFFFFFFFFFFFFFFFFFFFFFFFFFEA
:10D65000FFFFFFFFFFFFFFFFFFFFFFFFFFFFFFFFDA
:10D66000FFFFFFFFFFFFFFFFFFFFFFFFFFFFFFFFCA
:10D67000FFFFFFFFFFFFFFFFFFFFFFFFFFFFFFFFBA
:10D68000FFFFFFFFFFFFFFFFFFFFFFFFFFFFFFFFAA
:10D69000FFFFFFFFFFFFFFFFFFFFFFFFFFFFFFFF9A
:10D6A000FFFFFFFFFFFFFFFFFFFFFFFFFFFFFFFF8A
:10D6B000FFFFFFFFFFFFFFFFFFFFFFFFFFFFFFFF7A
:10D6C000FFFFFFFFFFFFFFFFFFFFFFFFFFFFFFFF6A
:10D6D000FFFFFFFFFFFFFFFFFFFFFFFFFFFFFFFF5A
:10D6E000FFFFFFFFFFFFFFFFFFFFFFFFFFFFFFFF4A
:10D6F000FFFFFFFFFFFFFFFFFFFFFFFFFFFFFFFF3A
:10D70000FFFFFFFFFFFFFFFFFFFFFFFFFFFFFFFF29
:10D71000FFFFFFFFFFFFFFFFFFFFFFFFFFFFFFFF19
:10D72000FFFFFFFFFFFFFFFFFFFFFFFFFFFFFFFF09
:10D73000FFFFFFFFFFFFFFFFFFFFFFFFFFFFFFFFF9
:10D74000FFFFFFFFFFFFFFFFFFFFFFFFFFFFFFFFE9
:10D75000FFFFFFFFFFFFFFFFFFFFFFFFFFFFFFFFD9
:10D76000FFFFFFFFFFFFFFFFFFFFFFFFFFFFFFFFC9
:10D77000FFFFFFFFFFFFFFFFFFFFFFFFFFFFFFFFB9
:10D78000FFFFFFFFFFFFFFFFFFFFFFFFFFFFFFFFA9
:10D79000FFFFFFFFFFFFFFFFFFFFFFFFFFFFFFFF99
:10D7A000FFFFFFFFFFFFFFFFFFFFFFFFFFFFFFFF89
:10D7B000FFFFFFFFFFFFFFFFFFFFFFFFFFFFFFFF79
:10D7C000FFFFFFFFFFFFFFFFFFFFFFFFFFFFFFFF69
:10D7D000FFFFFFFFFFFFFFFFFFFFFFFFFFFFFFFF59
:10D7E000FFFFFFFFFFFFFFFFFFFFFFFFFFFFFFFF49
:10D7F000FFFFFFFFFFFFFFFFFFFFFFFFFFFFFFFF39
:10D80000FFFFFFFFFFFFFFFFFFFFFFFFFFFFFFFF28
:10D81000FFFFFFFFFFFFFFFFFFFFFFFFFFFFFFFF18
:10D82000FFFFFFFFFFFFFFFFFFFFFFFFFFFFFFFF08
:10D83000FFFFFFFFFFFFFFFFFFFFFFFFFFFFFFFFF8
:10D84000FFFFFFFFFFFFFFFFFFFFFFFFFFFFFFFFE8
:10D85000FFFFFFFFFFFFFFFFFFFFFFFFFFFFFFFFD8
:10D86000FFFFFFFFFFFFFFFFFFFFFFFFFFFFFFFFC8
:10D87000FFFFFFFFFFFFFFFFFFFFFFFFFFFFFFFFB8
:10D88000FFFFFFFFFFFFFFFFFFFFFFFFFFFFFFFFA8
:10D89000FFFFFFFFFFFFFFFFFFFFFFFFFFFFFFFF98
:10D8A000FFFFFFFFFFFFFFFFFFFFFFFFFFFFFFFF88
:10D8B000FFFFFFFFFFFFFFFFFFFFFFFFFFFFFFFF78
:10D8C000FFFFFFFFFFFFFFFFFFFFFFFFFFFFFFFF68
:10D8D000FFFFFFFFFFFFFFFFFFFFFFFFFFFFFFFF58
:10D8E000FFFFFFFFFFFFFFFFFFFFFFFFFFFFFFFF48
:10D8F000FFFFFFFFFFFFFFFFFFFFFFFFFFFFFFFF38
:10D90000FFFFFFFFFFFFFFFFFFFFFFFFFFFFFFFF27
:10D91000FFFFFFFFFFFFFFFFFFFFFFFFFFFFFFFF17
:10D92000FFFFFFFFFFFFFFFFFFFFFFFFFFFFFFFF07
:10D93000FFFFFFFFFFFFFFFFFFFFFFFFFFFFFFFFF7
:10D94000FFFFFFFFFFFFFFFFFFFFFFFFFFFFFFFFE7
:10D95000FFFFFFFFFFFFFFFFFFFFFFFFFFFFFFFFD7
:10D96000FFFFFFFFFFFFFFFFFFFFFFFFFFFFFFFFC7
:10D97000FFFFFFFFFFFFFFFFFFFFFFFFFFFFFFFFB7
:10D98000FFFFFFFFFFFFFFFFFFFFFFFFFFFFFFFFA7
:10D99000FFFFFFFFFFFFFFFFFFFFFFFFFFFFFFFF97
:10D9A000FFFFFFFFFFFFFFFFFFFFFFFFFFFFFFFF87
:10D9B000FFFFFFFFFFFFFFFFFFFFFFFFFFFFFFFF77
:10D9C000FFFFFFFFFFFFFFFFFFFFFFFFFFFFFFFF67
:10D9D000FFFFFFFFFFFFFFFFFFFFFFFFFFFFFFFF57
:10D9E000FFFFFFFFFFFFFFFFFFFFFFFFFFFFFFFF47
:10D9F000FFFFFFFFFFFFFFFFFFFFFFFFFFFFFFFF37
:10DA0000FFFFFFFFFFFFFFFFFFFFFFFFFFFFFFFF26
:10DA1000FFFFFFFFFFFFFFFFFFFFFFFFFFFFFFFF16
:10DA2000FFFFFFFFFFFFFFFFFFFFFFFFFFFFFFFF06
:10DA3000FFFFFFFFFFFFFFFFFFFFFFFFFFFFFFFFF6
:10DA4000FFFFFFFFFFFFFFFFFFFFFFFFFFFFFFFFE6
:10DA5000FFFFFFFFFFFFFFFFFFFFFFFFFFFFFFFFD6
:10DA6000FFFFFFFFFFFFFFFFFFFFFFFFFFFFFFFFC6
:10DA7000FFFFFFFFFFFFFFFFFFFFFFFFFFFFFFFFB6
:10DA8000FFFFFFFFFFFFFFFFFFFFFFFFFFFFFFFFA6
:10DA9000FFFFFFFFFFFFFFFFFFFFFFFFFFFFFFFF96
:10DAA000FFFFFFFFFFFFFFFFFFFFFFFFFFFFFFFF86
:10DAB000FFFFFFFFFFFFFFFFFFFFFFFFFFFFFFFF76
:10DAC000FFFFFFFFFFFFFFFFFFFFFFFFFFFFFFFF66
:10DAD000FFFFFFFFFFFFFFFFFFFFFFFFFFFFFFFF56
:10DAE000FFFFFFFFFFFFFFFFFFFFFFFFFFFFFFFF46
:10DAF000FFFFFFFFFFFFFFFFFFFFFFFFFFFFFFFF36
:10DB0000FFFFFFFFFFFFFFFFFFFFFFFFFFFFFFFF25
:10DB1000FFFFFFFFFFFFFFFFFFFFFFFFFFFFFFFF15
:10DB2000FFFFFFFFFFFFFFFFFFFFFFFFFFFFFFFF05
:10DB3000FFFFFFFFFFFFFFFFFFFFFFFFFFFFFFFFF5
:10DB4000FFFFFFFFFFFFFFFFFFFFFFFFFFFFFFFFE5
:10DB5000FFFFFFFFFFFFFFFFFFFFFFFFFFFFFFFFD5
:10DB6000FFFFFFFFFFFFFFFFFFFFFFFFFFFFFFFFC5
:10DB7000FFFFFFFFFFFFFFFFFFFFFFFFFFFFFFFFB5
:10DB8000FFFFFFFFFFFFFFFFFFFFFFFFFFFFFFFFA5
:10DB9000FFFFFFFFFFFFFFFFFFFFFFFFFFFFFFFF95
:10DBA000FFFFFFFFFFFFFFFFFFFFFFFFFFFFFFFF85
:10DBB000FFFFFFFFFFFFFFFFFFFFFFFFFFFFFFFF75
:10DBC000FFFFFFFFFFFFFFFFFFFFFFFFFFFFFFFF65
:10DBD000FFFFFFFFFFFFFFFFFFFFFFFFFFFFFFFF55
:10DBE000FFFFFFFFFFFFFFFFFFFFFFFFFFFFFFFF45
:10DBF000FFFFFFFFFFFFFFFFFFFFFFFFFFFFFFFF35
:10DC0000FFFFFFFFFFFFFFFFFFFFFFFFFFFFFFFF24
:10DC1000FFFFFFFFFFFFFFFFFFFFFFFFFFFFFFFF14
:10DC2000FFFFFFFFFFFFFFFFFFFFFFFFFFFFFFFF04
:10DC3000FFFFFFFFFFFFFFFFFFFFFFFFFFFFFFFFF4
:10DC4000FFFFFFFFFFFFFFFFFFFFFFFFFFFFFFFFE4
:10DC5000FFFFFFFFFFFFFFFFFFFFFFFFFFFFFFFFD4
:10DC6000FFFFFFFFFFFFFFFFFFFFFFFFFFFFFFFFC4
:10DC7000FFFFFFFFFFFFFFFFFFFFFFFFFFFFFFFFB4
:10DC8000FFFFFFFFFFFFFFFFFFFFFFFFFFFFFFFFA4
:10DC9000FFFFFFFFFFFFFFFFFFFFFFFFFFFFFFFF94
:10DCA000FFFFFFFFFFFFFFFFFFFFFFFFFFFFFFFF84
:10DCB000FFFFFFFFFFFFFFFFFFFFFFFFFFFFFFFF74
:10DCC000FFFFFFFFFFFFFFFFFFFFFFFFFFFFFFFF64
:10DCD000FFFFFFFFFFFFFFFFFFFFFFFFFFFFFFFF54
:10DCE000FFFFFFFFFFFFFFFFFFFFFFFFFFFFFFFF44
:10DCF000FFFFFFFFFFFFFFFFFFFFFFFFFFFFFFFF34
:10DD0000FFFFFFFFFFFFFFFFFFFFFFFFFFFFFFFF23
:10DD1000FFFFFFFFFFFFFFFFFFFFFFFFFFFFFFFF13
:10DD2000FFFFFFFFFFFFFFFFFFFFFFFFFFFFFFFF03
:10DD3000FFFFFFFFFFFFFFFFFFFFFFFFFFFFFFFFF3
:10DD4000FFFFFFFFFFFFFFFFFFFFFFFFFFFFFFFFE3
:10DD5000FFFFFFFFFFFFFFFFFFFFFFFFFFFFFFFFD3
:10DD6000FFFFFFFFFFFFFFFFFFFFFFFFFFFFFFFFC3
:10DD7000FFFFFFFFFFFFFFFFFFFFFFFFFFFFFFFFB3
:10DD8000FFFFFFFFFFFFFFFFFFFFFFFFFFFFFFFFA3
:10DD9000FFFFFFFFFFFFFFFFFFFFFFFFFFFFFFFF93
:10DDA000FFFFFFFFFFFFFFFFFFFFFFFFFFFFFFFF83
:10DDB000FFFFFFFFFFFFFFFFFFFFFFFFFFFFFFFF73
:10DDC000FFFFFFFFFFFFFFFFFFFFFFFFFFFFFFFF63
:10DDD000FFFFFFFFFFFFFFFFFFFFFFFFFFFFFFFF53
:10DDE000FFFFFFFFFFFFFFFFFFFFFFFFFFFFFFFF43
:10DDF000FFFFFFFFFFFFFFFFFFFFFFFFFFFFFFFF33
:10DE0000FFFFFFFFFFFFFFFFFFFFFFFFFFFFFFFF22
:10DE1000FFFFFFFFFFFFFFFFFFFFFFFFFFFFFFFF12
:10DE2000FFFFFFFFFFFFFFFFFFFFFFFFFFFFFFFF02
:10DE3000FFFFFFFFFFFFFFFFFFFFFFFFFFFFFFFFF2
:10DE4000FFFFFFFFFFFFFFFFFFFFFFFFFFFFFFFFE2
:10DE5000FFFFFFFFFFFFFFFFFFFFFFFFFFFFFFFFD2
:10DE6000FFFFFFFFFFFFFFFFFFFFFFFFFFFFFFFFC2
:10DE7000FFFFFFFFFFFFFFFFFFFFFFFFFFFFFFFFB2
:10DE8000FFFFFFFFFFFFFFFFFFFFFFFFFFFFFFFFA2
:10DE9000FFFFFFFFFFFFFFFFFFFFFFFFFFFFFFFF92
:10DEA000FFFFFFFFFFFFFFFFFFFFFFFFFFFFFFFF82
:10DEB000FFFFFFFFFFFFFFFFFFFFFFFFFFFFFFFF72
:10DEC000FFFFFFFFFFFFFFFFFFFFFFFFFFFFFFFF62
:10DED000FFFFFFFFFFFFFFFFFFFFFFFFFFFFFFFF52
:10DEE000FFFFFFFFFFFFFFFFFFFFFFFFFFFFFFFF42
:10DEF000FFFFFFFFFFFFFFFFFFFFFFFFFFFFFFFF32
:10DF0000FFFFFFFFFFFFFFFFFFFFFFFFFFFFFFFF21
:10DF1000FFFFFFFFFFFFFFFFFFFFFFFFFFFFFFFF11
:10DF2000FFFFFFFFFFFFFFFFFFFFFFFFFFFFFFFF01
:10DF3000FFFFFFFFFFFFFFFFFFFFFFFFFFFFFFFFF1
:10DF4000FFFFFFFFFFFFFFFFFFFFFFFFFFFFFFFFE1
:10DF5000FFFFFFFFFFFFFFFFFFFFFFFFFFFFFFFFD1
:10DF6000FFFFFFFFFFFFFFFFFFFFFFFFFFFFFFFFC1
:10DF7000FFFFFFFFFFFFFFFFFFFFFFFFFFFFFFFFB1
:10DF8000FFFFFFFFFFFFFFFFFFFFFFFFFFFFFFFFA1
:10DF9000FFFFFFFFFFFFFFFFFFFFFFFFFFFFFFFF91
:10DFA000FFFFFFFFFFFFFFFFFFFFFFFFFFFFFFFF81
:10DFB000FFFFFFFFFFFFFFFFFFFFFFFFFFFFFFFF71
:10DFC000FFFFFFFFFFFFFFFFFFFFFFFFFFFFFFFF61
:10DFD000FFFFFFFFFFFFFFFFFFFFFFFFFFFFFFFF51
:10DFE000FFFFFFFFFFFFFFFFFFFFFFFFFFFFFFFF41
:10DFF000FFFFFFFFFFFFFFFFFFFFFFFFFFFFFFFF31
:10E00000FFFFFFFFFFFFFFFFFFFFFFFFFFFFFFFF20
:10E01000FFFFFFFFFFFFFFFFFFFFFFFFFFFFFFFF10
:10E02000FFFFFFFFFFFFFFFFFFFFFFFFFFFFFFFF00
:10E03000FFFFFFFFFFFFFFFFFFFFFFFFFFFFFFFFF0
:10E04000FFFFFFFFFFFFFFFFFFFFFFFFFFFFFFFFE0
:10E05000FFFFFFFFFFFFFFFFFFFFFFFFFFFFFFFFD0
:10E06000FFFFFFFFFFFFFFFFFFFFFFFFFFFFFFFFC0
:10E07000FFFFFFFFFFFFFFFFFFFFFFFFFFFFFFFFB0
:10E08000FFFFFFFFFFFFFFFFFFFFFFFFFFFFFFFFA0
:10E09000FFFFFFFFFFFFFFFFFFFFFFFFFFFFFFFF90
:10E0A000FFFFFFFFFFFFFFFFFFFFFFFFFFFFFFFF80
:10E0B000FFFFFFFFFFFFFFFFFFFFFFFFFFFFFFFF70
:10E0C000FFFFFFFFFFFFFFFFFFFFFFFFFFFFFFFF60
:10E0D000FFFFFFFFFFFFFFFFFFFFFFFFFFFFFFFF50
:10E0E000FFFFFFFFFFFFFFFFFFFFFFFFFFFFFFFF40
:10E0F000FFFFFFFFFFFFFFFFFFFFFFFFFFFFFFFF30
:10E10000FFFFFFFFFFFFFFFFFFFFFFFFFFFFFFFF1F
:10E11000FFFFFFFFFFFFFFFFFFFFFFFFFFFFFFFF0F
:10E12000FFFFFFFFFFFFFFFFFFFFFFFFFFFFFFFFFF
:10E13000FFFFFFFFFFFFFFFFFFFFFFFFFFFFFFFFEF
:10E14000FFFFFFFFFFFFFFFFFFFFFFFFFFFFFFFFDF
:10E15000FFFFFFFFFFFFFFFFFFFFFFFFFFFFFFFFCF
:10E16000FFFFFFFFFFFFFFFFFFFFFFFFFFFFFFFFBF
:10E17000FFFFFFFFFFFFFFFFFFFFFFFFFFFFFFFFAF
:10E18000FFFFFFFFFFFFFFFFFFFFFFFFFFFFFFFF9F
:10E19000FFFFFFFFFFFFFFFFFFFFFFFFFFFFFFFF8F
:10E1A000FFFFFFFFFFFFFFFFFFFFFFFFFFFFFFFF7F
:10E1B000FFFFFFFFFFFFFFFFFFFFFFFFFFFFFFFF6F
:10E1C000FFFFFFFFFFFFFFFFFFFFFFFFFFFFFFFF5F
:10E1D000FFFFFFFFFFFFFFFFFFFFFFFFFFFFFFFF4F
:10E1E000FFFFFFFFFFFFFFFFFFFFFFFFFFFFFFFF3F
:10E1F000FFFFFFFFFFFFFFFFFFFFFFFFFFFFFFFF2F
:10E20000FFFFFFFFFFFFFFFFFFFFFFFFFFFFFFFF1E
:10E21000FFFFFFFFFFFFFFFFFFFFFFFFFFFFFFFF0E
:10E22000FFFFFFFFFFFFFFFFFFFFFFFFFFFFFFFFFE
:10E23000FFFFFFFFFFFFFFFFFFFFFFFFFFFFFFFFEE
:10E24000FFFFFFFFFFFFFFFFFFFFFFFFFFFFFFFFDE
:10E25000FFFFFFFFFFFFFFFFFFFFFFFFFFFFFFFFCE
:10E26000FFFFFFFFFFFFFFFFFFFFFFFFFFFFFFFFBE
:10E27000FFFFFFFFFFFFFFFFFFFFFFFFFFFFFFFFAE
:10E28000FFFFFFFFFFFFFFFFFFFFFFFFFFFFFFFF9E
:10E29000FFFFFFFFFFFFFFFFFFFFFFFFFFFFFFFF8E
:10E2A000FFFFFFFFFFFFFFFFFFFFFFFFFFFFFFFF7E
:10E2B000FFFFFFFFFFFFFFFFFFFFFFFFFFFFFFFF6E
:10E2C000FFFFFFFFFFFFFFFFFFFFFFFFFFFFFFFF5E
:10E2D000FFFFFFFFFFFFFFFFFFFFFFFFFFFFFFFF4E
:10E2E000FFFFFFFFFFFFFFFFFFFFFFFFFFFFFFFF3E
:10E2F000FFFFFFFFFFFFFFFFFFFFFFFFFFFFFFFF2E
:10E30000FFFFFFFFFFFFFFFFFFFFFFFFFFFFFFFF1D
:10E31000FFFFFFFFFFFFFFFFFFFFFFFFFFFFFFFF0D
:10E32000FFFFFFFFFFFFFFFFFFFFFFFFFFFFFFFFFD
:10E33000FFFFFFFFFFFFFFFFFFFFFFFFFFFFFFFFED
:10E34000FFFFFFFFFFFFFFFFFFFFFFFFFFFFFFFFDD
:10E35000FFFFFFFFFFFFFFFFFFFFFFFFFFFFFFFFCD
:10E36000FFFFFFFFFFFFFFFFFFFFFFFFFFFFFFFFBD
:10E37000FFFFFFFFFFFFFFFFFFFFFFFFFFFFFFFFAD
:10E38000FFFFFFFFFFFFFFFFFFFFFFFFFFFFFFFF9D
:10E39000FFFFFFFFFFFFFFFFFFFFFFFFFFFFFFFF8D
:10E3A000FFFFFFFFFFFFFFFFFFFFFFFFFFFFFFFF7D
:10E3B000FFFFFFFFFFFFFFFFFFFFFFFFFFFFFFFF6D
:10E3C000FFFFFFFFFFFFFFFFFFFFFFFFFFFFFFFF5D
:10E3D000FFFFFFFFFFFFFFFFFFFFFFFFFFFFFFFF4D
:10E3E000FFFFFFFFFFFFFFFFFFFFFFFFFFFFFFFF3D
:10E3F000FFFFFFFFFFFFFFFFFFFFFFFFFFFFFFFF2D
:10E40000FFFFFFFFFFFFFFFFFFFFFFFFFFFFFFFF1C
:10E41000FFFFFFFFFFFFFFFFFFFFFFFFFFFFFFFF0C
:10E42000FFFFFFFFFFFFFFFFFFFFFFFFFFFFFFFFFC
:10E43000FFFFFFFFFFFFFFFFFFFFFFFFFFFFFFFFEC
:10E44000FFFFFFFFFFFFFFFFFFFFFFFFFFFFFFFFDC
:10E45000FFFFFFFFFFFFFFFFFFFFFFFFFFFFFFFFCC
:10E46000FFFFFFFFFFFFFFFFFFFFFFFFFFFFFFFFBC
:10E47000FFFFFFFFFFFFFFFFFFFFFFFFFFFFFFFFAC
:10E48000FFFFFFFFFFFFFFFFFFFFFFFFFFFFFFFF9C
:10E49000FFFFFFFFFFFFFFFFFFFFFFFFFFFFFFFF8C
:10E4A000FFFFFFFFFFFFFFFFFFFFFFFFFFFFFFFF7C
:10E4B000FFFFFFFFFFFFFFFFFFFFFFFFFFFFFFFF6C
:10E4C000FFFFFFFFFFFFFFFFFFFFFFFFFFFFFFFF5C
:10E4D000FFFFFFFFFFFFFFFFFFFFFFFFFFFFFFFF4C
:10E4E000FFFFFFFFFFFFFFFFFFFFFFFFFFFFFFFF3C
:10E4F000FFFFFFFFFFFFFFFFFFFFFFFFFFFFFFFF2C
:10E50000FFFFFFFFFFFFFFFFFFFFFFFFFFFFFFFF1B
:10E51000FFFFFFFFFFFFFFFFFFFFFFFFFFFFFFFF0B
:10E52000FFFFFFFFFFFFFFFFFFFFFFFFFFFFFFFFFB
:10E53000FFFFFFFFFFFFFFFFFFFFFFFFFFFFFFFFEB
:10E54000FFFFFFFFFFFFFFFFFFFFFFFFFFFFFFFFDB
:10E55000FFFFFFFFFFFFFFFFFFFFFFFFFFFFFFFFCB
:10E56000FFFFFFFFFFFFFFFFFFFFFFFFFFFFFFFFBB
:10E57000FFFFFFFFFFFFFFFFFFFFFFFFFFFFFFFFAB
:10E58000FFFFFFFFFFFFFFFFFFFFFFFFFFFFFFFF9B
:10E59000FFFFFFFFFFFFFFFFFFFFFFFFFFFFFFFF8B
:10E5A000FFFFFFFFFFFFFFFFFFFFFFFFFFFFFFFF7B
:10E5B000FFFFFFFFFFFFFFFFFFFFFFFFFFFFFFFF6B
:10E5C000FFFFFFFFFFFFFFFFFFFFFFFFFFFFFFFF5B
:10E5D000FFFFFFFFFFFFFFFFFFFFFFFFFFFFFFFF4B
:10E5E000FFFFFFFFFFFFFFFFFFFFFFFFFFFFFFFF3B
:10E5F000FFFFFFFFFFFFFFFFFFFFFFFFFFFFFFFF2B
:10E60000FFFFFFFFFFFFFFFFFFFFFFFFFFFFFFFF1A
:10E61000FFFFFFFFFFFFFFFFFFFFFFFFFFFFFFFF0A
:10E62000FFFFFFFFFFFFFFFFFFFFFFFFFFFFFFFFFA
:10E63000FFFFFFFFFFFFFFFFFFFFFFFFFFFFFFFFEA
:10E64000FFFFFFFFFFFFFFFFFFFFFFFFFFFFFFFFDA
:10E65000FFFFFFFFFFFFFFFFFFFFFFFFFFFFFFFFCA
:10E66000FFFFFFFFFFFFFFFFFFFFFFFFFFFFFFFFBA
:10E67000FFFFFFFFFFFFFFFFFFFFFFFFFFFFFFFFAA
:10E68000FFFFFFFFFFFFFFFFFFFFFFFFFFFFFFFF9A
:10E69000FFFFFFFFFFFFFFFFFFFFFFFFFFFFFFFF8A
:10E6A000FFFFFFFFFFFFFFFFFFFFFFFFFFFFFFFF7A
:10E6B000FFFFFFFFFFFFFFFFFFFFFFFFFFFFFFFF6A
:10E6C000FFFFFFFFFFFFFFFFFFFFFFFFFFFFFFFF5A
:10E6D000FFFFFFFFFFFFFFFFFFFFFFFFFFFFFFFF4A
:10E6E000FFFFFFFFFFFFFFFFFFFFFFFFFFFFFFFF3A
:10E6F000FFFFFFFFFFFFFFFFFFFFFFFFFFFFFFFF2A
:10E70000FFFFFFFFFFFFFFFFFFFFFFFFFFFFFFFF19
:10E71000FFFFFFFFFFFFFFFFFFFFFFFFFFFFFFFF09
:10E72000FFFFFFFFFFFFFFFFFFFFFFFFFFFFFFFFF9
:10E73000FFFFFFFFFFFFFFFFFFFFFFFFFFFFFFFFE9
:10E74000FFFFFFFFFFFFFFFFFFFFFFFFFFFFFFFFD9
:10E75000FFFFFFFFFFFFFFFFFFFFFFFFFFFFFFFFC9
:10E76000FFFFFFFFFFFFFFFFFFFFFFFFFFFFFFFFB9
:10E77000FFFFFFFFFFFFFFFFFFFFFFFFFFFFFFFFA9
:10E78000FFFFFFFFFFFFFFFFFFFFFFFFFFFFFFFF99
:10E79000FFFFFFFFFFFFFFFFFFFFFFFFFFFFFFFF89
:10E7A000FFFFFFFFFFFFFFFFFFFFFFFFFFFFFFFF79
:10E7B000FFFFFFFFFFFFFFFFFFFFFFFFFFFFFFFF69
:10E7C000FFFFFFFFFFFFFFFFFFFFFFFFFFFFFFFF59
:10E7D000FFFFFFFFFFFFFFFFFFFFFFFFFFFFFFFF49
:10E7E000FFFFFFFFFFFFFFFFFFFFFFFFFFFFFFFF39
:10E7F000FFFFFFFFFFFFFFFFFFFFFFFFFFFFFFFF29
:10E80000FFFFFFFFFFFFFFFFFFFFFFFFFFFFFFFF18
:10E81000FFFFFFFFFFFFFFFFFFFFFFFFFFFFFFFF08
:10E82000FFFFFFFFFFFFFFFFFFFFFFFFFFFFFFFFF8
:10E83000FFFFFFFFFFFFFFFFFFFFFFFFFFFFFFFFE8
:10E84000FFFFFFFFFFFFFFFFFFFFFFFFFFFFFFFFD8
:10E85000FFFFFFFFFFFFFFFFFFFFFFFFFFFFFFFFC8
:10E86000FFFFFFFFFFFFFFFFFFFFFFFFFFFFFFFFB8
:10E87000FFFFFFFFFFFFFFFFFFFFFFFFFFFFFFFFA8
:10E88000FFFFFFFFFFFFFFFFFFFFFFFFFFFFFFFF98
:10E89000FFFFFFFFFFFFFFFFFFFFFFFFFFFFFFFF88
:10E8A000FFFFFFFFFFFFFFFFFFFFFFFFFFFFFFFF78
:10E8B000FFFFFFFFFFFFFFFFFFFFFFFFFFFFFFFF68
:10E8C000FFFFFFFFFFFFFFFFFFFFFFFFFFFFFFFF58
:10E8D000FFFFFFFFFFFFFFFFFFFFFFFFFFFFFFFF48
:10E8E000FFFFFFFFFFFFFFFFFFFFFFFFFFFFFFFF38
:10E8F000FFFFFFFFFFFFFFFFFFFFFFFFFFFFFFFF28
:10E90000FFFFFFFFFFFFFFFFFFFFFFFFFFFFFFFF17
:10E91000FFFFFFFFFFFFFFFFFFFFFFFFFFFFFFFF07
:10E92000FFFFFFFFFFFFFFFFFFFFFFFFFFFFFFFFF7
:10E93000FFFFFFFFFFFFFFFFFFFFFFFFFFFFFFFFE7
:10E94000FFFFFFFFFFFFFFFFFFFFFFFFFFFFFFFFD7
:10E95000FFFFFFFFFFFFFFFFFFFFFFFFFFFFFFFFC7
:10E96000FFFFFFFFFFFFFFFFFFFFFFFFFFFFFFFFB7
:10E97000FFFFFFFFFFFFFFFFFFFFFFFFFFFFFFFFA7
:10E98000FFFFFFFFFFFFFFFFFFFFFFFFFFFFFFFF97
:10E99000FFFFFFFFFFFFFFFFFFFFFFFFFFFFFFFF87
:10E9A000FFFFFFFFFFFFFFFFFFFFFFFFFFFFFFFF77
:10E9B000FFFFFFFFFFFFFFFFFFFFFFFFFFFFFFFF67
:10E9C000FFFFFFFFFFFFFFFFFFFFFFFFFFFFFFFF57
:10E9D000FFFFFFFFFFFFFFFFFFFFFFFFFFFFFFFF47
:10E9E000FFFFFFFFFFFFFFFFFFFFFFFFFFFFFFFF37
:10E9F000FFFFFFFFFFFFFFFFFFFFFFFFFFFFFFFF27
:10EA0000FFFFFFFFFFFFFFFFFFFFFFFFFFFFFFFF16
:10EA1000FFFFFFFFFFFFFFFFFFFFFFFFFFFFFFFF06
:10EA2000FFFFFFFFFFFFFFFFFFFFFFFFFFFFFFFFF6
:10EA3000FFFFFFFFFFFFFFFFFFFFFFFFFFFFFFFFE6
:10EA4000FFFFFFFFFFFFFFFFFFFFFFFFFFFFFFFFD6
:10EA5000FFFFFFFFFFFFFFFFFFFFFFFFFFFFFFFFC6
:10EA6000FFFFFFFFFFFFFFFFFFFFFFFFFFFFFFFFB6
:10EA7000FFFFFFFFFFFFFFFFFFFFFFFFFFFFFFFFA6
:10EA8000FFFFFFFFFFFFFFFFFFFFFFFFFFFFFFFF96
:10EA9000FFFFFFFFFFFFFFFFFFFFFFFFFFFFFFFF86
:10EAA000FFFFFFFFFFFFFFFFFFFFFFFFFFFFFFFF76
:10EAB000FFFFFFFFFFFFFFFFFFFFFFFFFFFFFFFF66
:10EAC000FFFFFFFFFFFFFFFFFFFFFFFFFFFFFFFF56
:10EAD000FFFFFFFFFFFFFFFFFFFFFFFFFFFFFFFF46
:10EAE000FFFFFFFFFFFFFFFFFFFFFFFFFFFFFFFF36
:10EAF000FFFFFFFFFFFFFFFFFFFFFFFFFFFFFFFF26
:10EB0000FFFFFFFFFFFFFFFFFFFFFFFFFFFFFFFF15
:10EB1000FFFFFFFFFFFFFFFFFFFFFFFFFFFFFFFF05
:10EB2000FFFFFFFFFFFFFFFFFFFFFFFFFFFFFFFFF5
:10EB3000FFFFFFFFFFFFFFFFFFFFFFFFFFFFFFFFE5
:10EB4000FFFFFFFFFFFFFFFFFFFFFFFFFFFFFFFFD5
:10EB5000FFFFFFFFFFFFFFFFFFFFFFFFFFFFFFFFC5
:10EB6000FFFFFFFFFFFFFFFFFFFFFFFFFFFFFFFFB5
:10EB7000FFFFFFFFFFFFFFFFFFFFFFFFFFFFFFFFA5
:10EB8000FFFFFFFFFFFFFFFFFFFFFFFFFFFFFFFF95
:10EB9000FFFFFFFFFFFFFFFFFFFFFFFFFFFFFFFF85
:10EBA000FFFFFFFFFFFFFFFFFFFFFFFFFFFFFFFF75
:10EBB000FFFFFFFFFFFFFFFFFFFFFFFFFFFFFFFF65
:10EBC000FFFFFFFFFFFFFFFFFFFFFFFFFFFFFFFF55
:10EBD000FFFFFFFFFFFFFFFFFFFFFFFFFFFFFFFF45
:10EBE000FFFFFFFFFFFFFFFFFFFFFFFFFFFFFFFF35
:10EBF000FFFFFFFFFFFFFFFFFFFFFFFFFFFFFFFF25
:10EC0000FFFFFFFFFFFFFFFFFFFFFFFFFFFFFFFF14
:10EC1000FFFFFFFFFFFFFFFFFFFFFFFFFFFFFFFF04
:10EC2000FFFFFFFFFFFFFFFFFFFFFFFFFFFFFFFFF4
:10EC3000FFFFFFFFFFFFFFFFFFFFFFFFFFFFFFFFE4
:10EC4000FFFFFFFFFFFFFFFFFFFFFFFFFFFFFFFFD4
:10EC5000FFFFFFFFFFFFFFFFFFFFFFFFFFFFFFFFC4
:10EC6000FFFFFFFFFFFFFFFFFFFFFFFFFFFFFFFFB4
:10EC7000FFFFFFFFFFFFFFFFFFFFFFFFFFFFFFFFA4
:10EC8000FFFFFFFFFFFFFFFFFFFFFFFFFFFFFFFF94
:10EC9000FFFFFFFFFFFFFFFFFFFFFFFFFFFFFFFF84
:10ECA000FFFFFFFFFFFFFFFFFFFFFFFFFFFFFFFF74
:10ECB000FFFFFFFFFFFFFFFFFFFFFFFFFFFFFFFF64
:10ECC000FFFFFFFFFFFFFFFFFFFFFFFFFFFFFFFF54
:10ECD000FFFFFFFFFFFFFFFFFFFFFFFFFFFFFFFF44
:10ECE000FFFFFFFFFFFFFFFFFFFFFFFFFFFFFFFF34
:10ECF000FFFFFFFFFFFFFFFFFFFFFFFFFFFFFFFF24
:10ED0000FFFFFFFFFFFFFFFFFFFFFFFFFFFFFFFF13
:10ED1000FFFFFFFFFFFFFFFFFFFFFFFFFFFFFFFF03
:10ED2000FFFFFFFFFFFFFFFFFFFFFFFFFFFFFFFFF3
:10ED3000FFFFFFFFFFFFFFFFFFFFFFFFFFFFFFFFE3
:10ED4000FFFFFFFFFFFFFFFFFFFFFFFFFFFFFFFFD3
:10ED5000FFFFFFFFFFFFFFFFFFFFFFFFFFFFFFFFC3
:10ED6000FFFFFFFFFFFFFFFFFFFFFFFFFFFFFFFFB3
:10ED7000FFFFFFFFFFFFFFFFFFFFFFFFFFFFFFFFA3
:10ED8000FFFFFFFFFFFFFFFFFFFFFFFFFFFFFFFF93
:10ED9000FFFFFFFFFFFFFFFFFFFFFFFFFFFFFFFF83
:10EDA000FFFFFFFFFFFFFFFFFFFFFFFFFFFFFFFF73
:10EDB000FFFFFFFFFFFFFFFFFFFFFFFFFFFFFFFF63
:10EDC000FFFFFFFFFFFFFFFFFFFFFFFFFFFFFFFF53
:10EDD000FFFFFFFFFFFFFFFFFFFFFFFFFFFFFFFF43
:10EDE000FFFFFFFFFFFFFFFFFFFFFFFFFFFFFFFF33
:10EDF000FFFFFFFFFFFFFFFFFFFFFFFFFFFFFFFF23
:10EE0000FFFFFFFFFFFFFFFFFFFFFFFFFFFFFFFF12
:10EE1000FFFFFFFFFFFFFFFFFFFFFFFFFFFFFFFF02
:10EE2000FFFFFFFFFFFFFFFFFFFFFFFFFFFFFFFFF2
:10EE3000FFFFFFFFFFFFFFFFFFFFFFFFFFFFFFFFE2
:10EE4000FFFFFFFFFFFFFFFFFFFFFFFFFFFFFFFFD2
:10EE5000FFFFFFFFFFFFFFFFFFFFFFFFFFFFFFFFC2
:10EE6000FFFFFFFFFFFFFFFFFFFFFFFFFFFFFFFFB2
:10EE7000FFFFFFFFFFFFFFFFFFFFFFFFFFFFFFFFA2
:10EE8000FFFFFFFFFFFFFFFFFFFFFFFFFFFFFFFF92
:10EE9000FFFFFFFFFFFFFFFFFFFFFFFFFFFFFFFF82
:10EEA000FFFFFFFFFFFFFFFFFFFFFFFFFFFFFFFF72
:10EEB000FFFFFFFFFFFFFFFFFFFFFFFFFFFFFFFF62
:10EEC000FFFFFFFFFFFFFFFFFFFFFFFFFFFFFFFF52
:10EED000FFFFFFFFFFFFFFFFFFFFFFFFFFFFFFFF42
:10EEE000FFFFFFFFFFFFFFFFFFFFFFFFFFFFFFFF32
:10EEF000FFFFFFFFFFFFFFFFFFFFFFFFFFFFFFFF22
:10EF0000FFFFFFFFFFFFFFFFFFFFFFFFFFFFFFFF11
:10EF1000FFFFFFFFFFFFFFFFFFFFFFFFFFFFFFFF01
:10EF2000FFFFFFFFFFFFFFFFFFFFFFFFFFFFFFFFF1
:10EF3000FFFFFFFFFFFFFFFFFFFFFFFFFFFFFFFFE1
:10EF4000FFFFFFFFFFFFFFFFFFFFFFFFFFFFFFFFD1
:10EF5000FFFFFFFFFFFFFFFFFFFFFFFFFFFFFFFFC1
:10EF6000FFFFFFFFFFFFFFFFFFFFFFFFFFFFFFFFB1
:10EF7000FFFFFFFFFFFFFFFFFFFFFFFFFFFFFFFFA1
:10EF8000FFFFFFFFFFFFFFFFFFFFFFFFFFFFFFFF91
:10EF9000FFFFFFFFFFFFFFFFFFFFFFFFFFFFFFFF81
:10EFA000FFFFFFFFFFFFFFFFFFFFFFFFFFFFFFFF71
:10EFB000FFFFFFFFFFFFFFFFFFFFFFFFFFFFFFFF61
:10EFC000FFFFFFFFFFFFFFFFFFFFFFFFFFFFFFFF51
:10EFD000FFFFFFFFFFFFFFFFFFFFFFFFFFFFFFFF41
:10EFE000FFFFFFFFFFFFFFFFFFFFFFFFFFFFFFFF31
:10EFF000FFFFFFFFFFFFFFFFFFFFFFFFFFFFFFFF21
:10F00000FFFFFFFFFFFFFFFFFFFFFFFFFFFFFFFF10
:10F01000FFFFFFFFFFFFFFFFFFFFFFFFFFFFFFFF00
:10F02000FFFFFFFFFFFFFFFFFFFFFFFFFFFFFFFFF0
:10F03000FFFFFFFFFFFFFFFFFFFFFFFFFFFFFFFFE0
:10F04000FFFFFFFFFFFFFFFFFFFFFFFFFFFFFFFFD0
:10F05000FFFFFFFFFFFFFFFFFFFFFFFFFFFFFFFFC0
:10F06000FFFFFFFFFFFFFFFFFFFFFFFFFFFFFFFFB0
:10F07000FFFFFFFFFFFFFFFFFFFFFFFFFFFFFFFFA0
:10F08000FFFFFFFFFFFFFFFFFFFFFFFFFFFFFFFF90
:10F09000FFFFFFFFFFFFFFFFFFFFFFFFFFFFFFFF80
:10F0A000FFFFFFFFFFFFFFFFFFFFFFFFFFFFFFFF70
:10F0B000FFFFFFFFFFFFFFFFFFFFFFFFFFFFFFFF60
:10F0C000FFFFFFFFFFFFFFFFFFFFFFFFFFFFFFFF50
:10F0D000FFFFFFFFFFFFFFFFFFFFFFFFFFFFFFFF40
:10F0E000FFFFFFFFFFFFFFFFFFFFFFFFFFFFFFFF30
:10F0F000FFFFFFFFFFFFFFFFFFFFFFFFFFFFFFFF20
:10F10000FFFFFFFFFFFFFFFFFFFFFFFFFFFFFFFF0F
:10F11000FFFFFFFFFFFFFFFFFFFFFFFFFFFFFFFFFF
:10F12000FFFFFFFFFFFFFFFFFFFFFFFFFFFFFFFFEF
:10F13000FFFFFFFFFFFFFFFFFFFFFFFFFFFFFFFFDF
:10F14000FFFFFFFFFFFFFFFFFFFFFFFFFFFFFFFFCF
:10F15000FFFFFFFFFFFFFFFFFFFFFFFFFFFFFFFFBF
:10F16000FFFFFFFFFFFFFFFFFFFFFFFFFFFFFFFFAF
:10F17000FFFFFFFFFFFFFFFFFFFFFFFFFFFFFFFF9F
:10F18000FFFFFFFFFFFFFFFFFFFFFFFFFFFFFFFF8F
:10F19000FFFFFFFFFFFFFFFFFFFFFFFFFFFFFFFF7F
:10F1A000FFFFFFFFFFFFFFFFFFFFFFFFFFFFFFFF6F
:10F1B000FFFFFFFFFFFFFFFFFFFFFFFFFFFFFFFF5F
:10F1C000FFFFFFFFFFFFFFFFFFFFFFFFFFFFFFFF4F
:10F1D000FFFFFFFFFFFFFFFFFFFFFFFFFFFFFFFF3F
:10F1E000FFFFFFFFFFFFFFFFFFFFFFFFFFFFFFFF2F
:10F1F000FFFFFFFFFFFFFFFFFFFFFFFFFFFFFFFF1F
:10F20000FFFFFFFFFFFFFFFFFFFFFFFFFFFFFFFF0E
:10F21000FFFFFFFFFFFFFFFFFFFFFFFFFFFFFFFFFE
:10F22000FFFFFFFFFFFFFFFFFFFFFFFFFFFFFFFFEE
:10F23000FFFFFFFFFFFFFFFFFFFFFFFFFFFFFFFFDE
:10F24000FFFFFFFFFFFFFFFFFFFFFFFFFFFFFFFFCE
:10F25000FFFFFFFFFFFFFFFFFFFFFFFFFFFFFFFFBE
:10F26000FFFFFFFFFFFFFFFFFFFFFFFFFFFFFFFFAE
:10F27000FFFFFFFFFFFFFFFFFFFFFFFFFFFFFFFF9E
:10F28000FFFFFFFFFFFFFFFFFFFFFFFFFFFFFFFF8E
:10F29000FFFFFFFFFFFFFFFFFFFFFFFFFFFFFFFF7E
:10F2A000FFFFFFFFFFFFFFFFFFFFFFFFFFFFFFFF6E
:10F2B000FFFFFFFFFFFFFFFFFFFFFFFFFFFFFFFF5E
:10F2C000FFFFFFFFFFFFFFFFFFFFFFFFFFFFFFFF4E
:10F2D000FFFFFFFFFFFFFFFFFFFFFFFFFFFFFFFF3E
:10F2E000FFFFFFFFFFFFFFFFFFFFFFFFFFFFFFFF2E
:10F2F000FFFFFFFFFFFFFFFFFFFFFFFFFFFFFFFF1E
:10F30000FFFFFFFFFFFFFFFFFFFFFFFFFFFFFFFF0D
:10F31000FFFFFFFFFFFFFFFFFFFFFFFFFFFFFFFFFD
:10F32000FFFFFFFFFFFFFFFFFFFFFFFFFFFFFFFFED
:10F33000FFFFFFFFFFFFFFFFFFFFFFFFFFFFFFFFDD
:10F34000FFFFFFFFFFFFFFFFFFFFFFFFFFFFFFFFCD
:10F35000FFFFFFFFFFFFFFFFFFFFFFFFFFFFFFFFBD
:10F36000FFFFFFFFFFFFFFFFFFFFFFFFFFFFFFFFAD
:10F37000FFFFFFFFFFFFFFFFFFFFFFFFFFFFFFFF9D
:10F38000FFFFFFFFFFFFFFFFFFFFFFFFFFFFFFFF8D
:10F39000FFFFFFFFFFFFFFFFFFFFFFFFFFFFFFFF7D
:10F3A000FFFFFFFFFFFFFFFFFFFFFFFFFFFFFFFF6D
:10F3B000FFFFFFFFFFFFFFFFFFFFFFFFFFFFFFFF5D
:10F3C000FFFFFFFFFFFFFFFFFFFFFFFFFFFFFFFF4D
:10F3D000FFFFFFFFFFFFFFFFFFFFFFFFFFFFFFFF3D
:10F3E000FFFFFFFFFFFFFFFFFFFFFFFFFFFFFFFF2D
:10F3F000FFFFFFFFFFFFFFFFFFFFFFFFFFFFFFFF1D
:10F40000FFFFFFFFFFFFFFFFFFFFFFFFFFFFFFFF0C
:10F41000FFFFFFFFFFFFFFFFFFFFFFFFFFFFFFFFFC
:10F42000FFFFFFFFFFFFFFFFFFFFFFFFFFFFFFFFEC
:10F43000FFFFFFFFFFFFFFFFFFFFFFFFFFFFFFFFDC
:10F44000FFFFFFFFFFFFFFFFFFFFFFFFFFFFFFFFCC
:10F45000FFFFFFFFFFFFFFFFFFFFFFFFFFFFFFFFBC
:10F46000FFFFFFFFFFFFFFFFFFFFFFFFFFFFFFFFAC
:10F47000FFFFFFFFFFFFFFFFFFFFFFFFFFFFFFFF9C
:10F48000FFFFFFFFFFFFFFFFFFFFFFFFFFFFFFFF8C
:10F49000FFFFFFFFFFFFFFFFFFFFFFFFFFFFFFFF7C
:10F4A000FFFFFFFFFFFFFFFFFFFFFFFFFFFFFFFF6C
:10F4B000FFFFFFFFFFFFFFFFFFFFFFFFFFFFFFFF5C
:10F4C000FFFFFFFFFFFFFFFFFFFFFFFFFFFFFFFF4C
:10F4D000FFFFFFFFFFFFFFFFFFFFFFFFFFFFFFFF3C
:10F4E000FFFFFFFFFFFFFFFFFFFFFFFFFFFFFFFF2C
:10F4F000FFFFFFFFFFFFFFFFFFFFFFFFFFFFFFFF1C
:10F50000FFFFFFFFFFFFFFFFFFFFFFFFFFFFFFFF0B
:10F51000FFFFFFFFFFFFFFFFFFFFFFFFFFFFFFFFFB
:10F52000FFFFFFFFFFFFFFFFFFFFFFFFFFFFFFFFEB
:10F53000FFFFFFFFFFFFFFFFFFFFFFFFFFFFFFFFDB
:10F54000FFFFFFFFFFFFFFFFFFFFFFFFFFFFFFFFCB
:10F55000FFFFFFFFFFFFFFFFFFFFFFFFFFFFFFFFBB
:10F56000FFFFFFFFFFFFFFFFFFFFFFFFFFFFFFFFAB
:10F57000FFFFFFFFFFFFFFFFFFFFFFFFFFFFFFFF9B
:10F58000FFFFFFFFFFFFFFFFFFFFFFFFFFFFFFFF8B
:10F59000FFFFFFFFFFFFFFFFFFFFFFFFFFFFFFFF7B
:10F5A000FFFFFFFFFFFFFFFFFFFFFFFFFFFFFFFF6B
:10F5B000FFFFFFFFFFFFFFFFFFFFFFFFFFFFFFFF5B
:10F5C000FFFFFFFFFFFFFFFFFFFFFFFFFFFFFFFF4B
:10F5D000FFFFFFFFFFFFFFFFFFFFFFFFFFFFFFFF3B
:10F5E000FFFFFFFFFFFFFFFFFFFFFFFFFFFFFFFF2B
:10F5F000FFFFFFFFFFFFFFFFFFFFFFFFFFFFFFFF1B
:10F60000FFFFFFFFFFFFFFFFFFFFFFFFFFFFFFFF0A
:10F61000FFFFFFFFFFFFFFFFFFFFFFFFFFFFFFFFFA
:10F62000FFFFFFFFFFFFFFFFFFFFFFFFFFFFFFFFEA
:10F63000FFFFFFFFFFFFFFFFFFFFFFFFFFFFFFFFDA
:10F64000FFFFFFFFFFFFFFFFFFFFFFFFFFFFFFFFCA
:10F65000FFFFFFFFFFFFFFFFFFFFFFFFFFFFFFFFBA
:10F66000FFFFFFFFFFFFFFFFFFFFFFFFFFFFFFFFAA
:10F67000FFFFFFFFFFFFFFFFFFFFFFFFFFFFFFFF9A
:10F68000FFFFFFFFFFFFFFFFFFFFFFFFFFFFFFFF8A
:10F69000FFFFFFFFFFFFFFFFFFFFFFFFFFFFFFFF7A
:10F6A000FFFFFFFFFFFFFFFFFFFFFFFFFFFFFFFF6A
:10F6B000FFFFFFFFFFFFFFFFFFFFFFFFFFFFFFFF5A
:10F6C000FFFFFFFFFFFFFFFFFFFFFFFFFFFFFFFF4A
:10F6D000FFFFFFFFFFFFFFFFFFFFFFFFFFFFFFFF3A
:10F6E000FFFFFFFFFFFFFFFFFFFFFFFFFFFFFFFF2A
:10F6F000FFFFFFFFFFFFFFFFFFFFFFFFFFFFFFFF1A
:10F70000FFFFFFFFFFFFFFFFFFFFFFFFFFFFFFFF09
:10F71000FFFFFFFFFFFFFFFFFFFFFFFFFFFFFFFFF9
:10F72000FFFFFFFFFFFFFFFFFFFFFFFFFFFFFFFFE9
:10F73000FFFFFFFFFFFFFFFFFFFFFFFFFFFFFFFFD9
:10F74000FFFFFFFFFFFFFFFFFFFFFFFFFFFFFFFFC9
:10F75000FFFFFFFFFFFFFFFFFFFFFFFFFFFFFFFFB9
:10F76000FFFFFFFFFFFFFFFFFFFFFFFFFFFFFFFFA9
:10F77000FFFFFFFFFFFFFFFFFFFFFFFFFFFFFFFF99
:10F78000FFFFFFFFFFFFFFFFFFFFFFFFFFFFFFFF89
:10F79000FFFFFFFFFFFFFFFFFFFFFFFFFFFFFFFF79
:10F7A000FFFFFFFFFFFFFFFFFFFFFFFFFFFFFFFF69
:10F7B000FFFFFFFFFFFFFFFFFFFFFFFFFFFFFFFF59
:10F7C000FFFFFFFFFFFFFFFFFFFFFFFFFFFFFFFF49
:10F7D000FFFFFFFFFFFFFFFFFFFFFFFFFFFFFFFF39
:10F7E000FFFFFFFFFFFFFFFFFFFFFFFFFFFFFFFF29
:10F7F000FFFFFFFFFFFFFFFFFFFFFFFFFFFFFFFF19
:10F80000FFFFFFFFFFFFFFFFFFFFFFFFFFFFFFFF08
:10F81000FFFFFFFFFFFFFFFFFFFFFFFFFFFFFFFFF8
:10F82000FFFFFFFFFFFFFFFFFFFFFFFFFFFFFFFFE8
:10F83000FFFFFFFFFFFFFFFFFFFFFFFFFFFFFFFFD8
:10F84000FFFFFFFFFFFFFFFFFFFFFFFFFFFFFFFFC8
:10F85000FFFFFFFFFFFFFFFFFFFFFFFFFFFFFFFFB8
:10F86000FFFFFFFFFFFFFFFFFFFFFFFFFFFFFFFFA8
:10F87000FFFFFFFFFFFFFFFFFFFFFFFFFFFFFFFF98
:10F88000FFFFFFFFFFFFFFFFFFFFFFFFFFFFFFFF88
:10F89000FFFFFFFFFFFFFFFFFFFFFFFFFFFFFFFF78
:10F8A000FFFFFFFFFFFFFFFFFFFFFFFFFFFFFFFF68
:10F8B000FFFFFFFFFFFFFFFFFFFFFFFFFFFFFFFF58
:10F8C000FFFFFFFFFFFFFFFFFFFFFFFFFFFFFFFF48
:10F8D000FFFFFFFFFFFFFFFFFFFFFFFFFFFFFFFF38
:10F8E000FFFFFFFFFFFFFFFFFFFFFFFFFFFFFFFF28
:10F8F000FFFFFFFFFFFFFFFFFFFFFFFFFFFFFFFF18
:10F90000FFFFFFFFFFFFFFFFFFFFFFFFFFFFFFFF07
:10F91000FFFFFFFFFFFFFFFFFFFFFFFFFFFFFFFFF7
:10F92000FFFFFFFFFFFFFFFFFFFFFFFFFFFFFFFFE7
:10F93000FFFFFFFFFFFFFFFFFFFFFFFFFFFFFFFFD7
:10F94000FFFFFFFFFFFFFFFFFFFFFFFFFFFFFFFFC7
:10F95000FFFFFFFFFFFFFFFFFFFFFFFFFFFFFFFFB7
:10F96000FFFFFFFFFFFFFFFFFFFFFFFFFFFFFFFFA7
:10F97000FFFFFFFFFFFFFFFFFFFFFFFFFFFFFFFF97
:10F98000FFFFFFFFFFFFFFFFFFFFFFFFFFFFFFFF87
:10F99000FFFFFFFFFFFFFFFFFFFFFFFFFFFFFFFF77
:10F9A000FFFFFFFFFFFFFFFFFFFFFFFFFFFFFFFF67
:10F9B000FFFFFFFFFFFFFFFFFFFFFFFFFFFFFFFF57
:10F9C000FFFFFFFFFFFFFFFFFFFFFFFFFFFFFFFF47
:10F9D000FFFFFFFFFFFFFFFFFFFFFFFFFFFFFFFF37
:10F9E000FFFFFFFFFFFFFFFFFFFFFFFFFFFFFFFF27
:10F9F000FFFFFFFFFFFFFFFFFFFFFFFFFFFFFFFF17
:10FA0000FFFFFFFFFFFFFFFFFFFFFFFFFFFFFFFF06
:10FA1000FFFFFFFFFFFFFFFFFFFFFFFFFFFFFFFFF6
:10FA2000FFFFFFFFFFFFFFFFFFFFFFFFFFFFFFFFE6
:10FA3000FFFFFFFFFFFFFFFFFFFFFFFFFFFFFFFFD6
:10FA4000FFFFFFFFFFFFFFFFFFFFFFFFFFFFFFFFC6
:10FA5000FFFFFFFFFFFFFFFFFFFFFFFFFFFFFFFFB6
:10FA6000FFFFFFFFFFFFFFFFFFFFFFFFFFFFFFFFA6
:10FA7000FFFFFFFFFFFFFFFFFFFFFFFFFFFFFFFF96
:10FA8000FFFFFFFFFFFFFFFFFFFFFFFFFFFFFFFF86
:10FA9000FFFFFFFFFFFFFFFFFFFFFFFFFFFFFFFF76
:10FAA000FFFFFFFFFFFFFFFFFFFFFFFFFFFFFFFF66
:10FAB000FFFFFFFFFFFFFFFFFFFFFFFFFFFFFFFF56
:10FAC000FFFFFFFFFFFFFFFFFFFFFFFFFFFFFFFF46
:10FAD000FFFFFFFFFFFFFFFFFFFFFFFFFFFFFFFF36
:10FAE000FFFFFFFFFFFFFFFFFFFFFFFFFFFFFFFF26
:10FAF000FFFFFFFFFFFFFFFFFFFFFFFFFFFFFFFF16
:10FB0000FFFFFFFFFFFFFFFFFFFFFFFFFFFFFFFF05
:10FB1000FFFFFFFFFFFFFFFFFFFFFFFFFFFFFFFFF5
:10FB2000FFFFFFFFFFFFFFFFFFFFFFFFFFFFFFFFE5
:10FB3000FFFFFFFFFFFFFFFFFFFFFFFFFFFFFFFFD5
:10FB4000FFFFFFFFFFFFFFFFFFFFFFFFFFFFFFFFC5
:10FB5000FFFFFFFFFFFFFFFFFFFFFFFFFFFFFFFFB5
:10FB6000FFFFFFFFFFFFFFFFFFFFFFFFFFFFFFFFA5
:10FB7000FFFFFFFFFFFFFFFFFFFFFFFFFFFFFFFF95
:10FB8000FFFFFFFFFFFFFFFFFFFFFFFFFFFFFFFF85
:10FB9000FFFFFFFFFFFFFFFFFFFFFFFFFFFFFFFF75
:10FBA000FFFFFFFFFFFFFFFFFFFFFFFFFFFFFFFF65
:10FBB000FFFFFFFFFFFFFFFFFFFFFFFFFFFFFFFF55
:10FBC000FFFFFFFFFFFFFFFFFFFFFFFFFFFFFFFF45
:10FBD000FFFFFFFFFFFFFFFFFFFFFFFFFFFFFFFF35
:10FBE000FFFFFFFFFFFFFFFFFFFFFFFFFFFFFFFF25
:10FBF000FFFFFFFFFFFFFFFFFFFFFFFFFFFFFFFF15
:10FC0000FFFFFFFFFFFFFFFFFFFFFFFFFFFFFFFF04
:10FC1000FFFFFFFFFFFFFFFFFFFFFFFFFFFFFFFFF4
:10FC2000FFFFFFFFFFFFFFFFFFFFFFFFFFFFFFFFE4
:10FC3000FFFFFFFFFFFFFFFFFFFFFFFFFFFFFFFFD4
:10FC4000FFFFFFFFFFFFFFFFFFFFFFFFFFFFFFFFC4
:10FC5000FFFFFFFFFFFFFFFFFFFFFFFFFFFFFFFFB4
:10FC6000FFFFFFFFFFFFFFFFFFFFFFFFFFFFFFFFA4
:10FC7000FFFFFFFFFFFFFFFFFFFFFFFFFFFFFFFF94
:10FC8000FFFFFFFFFFFFFFFFFFFFFFFFFFFFFFFF84
:10FC9000FFFFFFFFFFFFFFFFFFFFFFFFFFFFFFFF74
:10FCA000FFFFFFFFFFFFFFFFFFFFFFFFFFFFFFFF64
:10FCB000FFFFFFFFFFFFFFFFFFFFFFFFFFFFFFFF54
:10FCC000FFFFFFFFFFFFFFFFFFFFFFFFFFFFFFFF44
:10FCD000FFFFFFFFFFFFFFFFFFFFFFFFFFFFFFFF34
:10FCE000FFFFFFFFFFFFFFFFFFFFFFFFFFFFFFFF24
:10FCF000FFFFFFFFFFFFFFFFFFFFFFFFFFFFFFFF14
:10FD0000FFFFFFFFFFFFFFFFFFFFFFFFFFFFFFFF03
:10FD1000FFFFFFFFFFFFFFFFFFFFFFFFFFFFFFFFF3
:10FD2000FFFFFFFFFFFFFFFFFFFFFFFFFFFFFFFFE3
:10FD3000FFFFFFFFFFFFFFFFFFFFFFFFFFFFFFFFD3
:10FD4000FFFFFFFFFFFFFFFFFFFFFFFFFFFFFFFFC3
:10FD5000FFFFFFFFFFFFFFFFFFFFFFFFFFFFFFFFB3
:10FD6000FFFFFFFFFFFFFFFFFFFFFFFFFFFFFFFFA3
:10FD7000FFFFFFFFFFFFFFFFFFFFFFFFFFFFFFFF93
:10FD8000FFFFFFFFFFFFFFFFFFFFFFFFFFFFFFFF83
:10FD9000FFFFFFFFFFFFFFFFFFFFFFFFFFFFFFFF73
:10FDA000FFFFFFFFFFFFFFFFFFFFFFFFFFFFFFFF63
:10FDB000FFFFFFFFFFFFFFFFFFFFFFFFFFFFFFFF53
:10FDC000FFFFFFFFFFFFFFFFFFFFFFFFFFFFFFFF43
:10FDD000FFFFFFFFFFFFFFFFFFFFFFFFFFFFFFFF33
:10FDE000FFFFFFFFFFFFFFFFFFFFFFFFFFFFFFFF23
:10FDF000FFFFFFFFFFFFFFFFFFFFFFFFFFFFFFFF13
:10FE0000FFFFFFFFFFFFFFFFFFFFFFFFFFFFFFFF02
:10FE1000FFFFFFFFFFFFFFFFFFFFFFFFFFFFFFFFF2
:10FE2000FFFFFFFFFFFFFFFFFFFFFFFFFFFFFFFFE2
:10FE3000FFFFFFFFFFFFFFFFFFFFFFFFFFFFFFFFD2
:10FE4000FFFFFFFFFFFFFFFFFFFFFFFFFFFFFFFFC2
:10FE5000FFFFFFFFFFFFFFFFFFFFFFFFFFFFFFFFB2
:10FE6000FFFFFFFFFFFFFFFFFFFFFFFFFFFFFFFFA2
:10FE7000FFFFFFFFFFFFFFFFFFFFFFFFFFFFFFFF92
:10FE8000FFFFFFFFFFFFFFFFFFFFFFFFFFFFFFFF82
:10FE9000FFFFFFFFFFFFFFFFFFFFFFFFFFFFFFFF72
:10FEA000FFFFFFFFFFFFFFFFFFFFFFFFFFFFFFFF62
:10FEB000FFFFFFFFFFFFFFFFFFFFFFFFFFFFFFFF52
:10FEC000FFFFFFFFFFFFFFFFFFFFFFFFFFFFFFFF42
:10FED000FFFFFFFFFFFFFFFFFFFFFFFFFFFFFFFF32
:10FEE000FFFFFFFFFFFFFFFFFFFFFFFFFFFFFFFF22
:10FEF000FFFFFFFFFFFFFFFFFFFFFFFFFFFFFFFF12
:10FF0000FFFFFFFFFFFFFFFFFFFFFFFFFFFFFFFF01
:10FF1000FFFFFFFFFFFFFFFFFFFFFFFFFFFFFFFFF1
:10FF2000FFFFFFFFFFFFFFFFFFFFFFFFFFFFFFFFE1
:10FF3000FFFFFFFFFFFFFFFFFFFFFFFFFFFFFFFFD1
:10FF4000FFFFFFFFFFFFFFFFFFFFFFFFFFFFFFFFC1
:10FF5000FFFFFFFFFFFFFFFFFFFFFFFFFFFFFFFFB1
:10FF6000FFFFFFFFFFFFFFFFFFFFFFFFFFFFFFFFA1
:10FF7000FFFFFFFFFFFFFFFFFFFFFFFFFFFFFFFF91
:10FF8000FFFFFFFFFFFFFFFFFFFFFFFFFFFFFFFF81
:10FF9000FFFFFFFFFFFFFFFFFFFFFFFFFFFFFFFF71
:10FFA000FFFFFFFFFFFFFFFFFFFFFFFFFFFFFFFF61
:10FFB000FFFFFFFFFFFFFFFFFFFFFFFFFFFFFFFF51
:10FFC000FFFFFFFFFFFFFFFFFFFFFFFFFFFFFFFF41
:10FFD000FFFFFFFFFFFFFFFFFFFFFFFFFFFFFFFF31
:10FFE000FFFFFFFFFFFFFFFFFFFFFFFFFFFFFFFF21
:10FFF000FFFFFFFFFFFFFFFFFFFFFFFFFFFFFFFF11
:00000001FF
